DATA_MANAGE_NO,DATA_TITLE_NM,SUMRY_CN,SBJT_NM,MIDDL_SBJT_NM,MAIN_THUMB_URL,CNTNTS_URL,ERA_NM,CTPRVN_NM,SIGNGU_NM,ADDR,CTLSTT_LA,CTLSTT_LO,RELATE_PLACE_NM,REGIST_DE,CORE_KWRD_CN,SEXDSTN_CD,INTRST_REALM_NM,PGE_VIEWS_CO,VISIT_CO,OPN_DE
20231200001,"서울 최초의 근대 백화점, 미츠코시 백화점 경성지점","미츠코시 백화점 경성지점은 서울특별시에 세워진 최초의 근대식 백화점이다. 미츠코시 오복점이 1929년에 지점으로 승격되면서 본격적으로 백화점의 면모를 갖추게 되었다. 대형 백화점의 등장은 정찰제 판매, 박리다매 전략의 등장으로 우리나라 유통에 큰 변화를 불러왔다. 미츠코시 백화점은 일반 시민들에게 일상적인 공간으로 자리 잡았으나 이면에는 일제강점기 소비문화의 모순이 감춰져 있기도 했다. 현재는 서울특별시 중구 신세계백화점 본점 본관으로 사용되고 있다.",공간으로 읽는 근대문화 역사유산,"근대, 한반도에 발을 딛다",https://minio.nculture.org/amsweb-opt/multimedia_assets/125/85820/93650/c/%EA%B5%AC-%EB%AF%B8%EC%93%B0%EC%BD%94%EC%8B%9C-%EA%B2%BD%EC%84%B1%EC%A7%80%EC%A0%90-%281%29_rev-thumb.jpg,https://ncms.nculture.org/legacy/story/7134,근대-일제강점기(1910.8.22~1945.8.14),서울특별시,중구,서울특별시 중구 소공로 63,37.56091902,126.980979,신세계백화점 본점,20230101,"백화점, 미츠코시, 이상, 채만식",M,뉴스 & 정치/열렬한 뉴스 독자/연예 뉴스 매니아,104,90,20231230
20231200002,"서울 최초의 근대 백화점, 미츠코시 백화점 경성지점","미츠코시 백화점 경성지점은 서울특별시에 세워진 최초의 근대식 백화점이다. 미츠코시 오복점이 1929년에 지점으로 승격되면서 본격적으로 백화점의 면모를 갖추게 되었다. 대형 백화점의 등장은 정찰제 판매, 박리다매 전략의 등장으로 우리나라 유통에 큰 변화를 불러왔다. 미츠코시 백화점은 일반 시민들에게 일상적인 공간으로 자리 잡았으나 이면에는 일제강점기 소비문화의 모순이 감춰져 있기도 했다. 현재는 서울특별시 중구 신세계백화점 본점 본관으로 사용되고 있다.",공간으로 읽는 근대문화 역사유산,"근대, 한반도에 발을 딛다",https://minio.nculture.org/amsweb-opt/multimedia_assets/125/85820/93650/c/%EA%B5%AC-%EB%AF%B8%EC%93%B0%EC%BD%94%EC%8B%9C-%EA%B2%BD%EC%84%B1%EC%A7%80%EC%A0%90-%281%29_rev-thumb.jpg,https://ncms.nculture.org/legacy/story/7134,근대-일제강점기(1910.8.22~1945.8.14),서울특별시,중구,서울특별시 중구 소공로 63,37.56091902,126.980979,신세계백화점 본점,20230101,"백화점, 미츠코시, 이상, 채만식",M,미디어 & 엔터테인먼트/TV 대중 시청자,93,79,20231230
20231200003,"서울 최초의 근대 백화점, 미츠코시 백화점 경성지점","미츠코시 백화점 경성지점은 서울특별시에 세워진 최초의 근대식 백화점이다. 미츠코시 오복점이 1929년에 지점으로 승격되면서 본격적으로 백화점의 면모를 갖추게 되었다. 대형 백화점의 등장은 정찰제 판매, 박리다매 전략의 등장으로 우리나라 유통에 큰 변화를 불러왔다. 미츠코시 백화점은 일반 시민들에게 일상적인 공간으로 자리 잡았으나 이면에는 일제강점기 소비문화의 모순이 감춰져 있기도 했다. 현재는 서울특별시 중구 신세계백화점 본점 본관으로 사용되고 있다.",공간으로 읽는 근대문화 역사유산,"근대, 한반도에 발을 딛다",https://minio.nculture.org/amsweb-opt/multimedia_assets/125/85820/93650/c/%EA%B5%AC-%EB%AF%B8%EC%93%B0%EC%BD%94%EC%8B%9C-%EA%B2%BD%EC%84%B1%EC%A7%80%EC%A0%90-%281%29_rev-thumb.jpg,https://ncms.nculture.org/legacy/story/7134,근대-일제강점기(1910.8.22~1945.8.14),서울특별시,중구,서울특별시 중구 소공로 63,37.56091902,126.980979,신세계백화점 본점,20230101,"백화점, 미츠코시, 이상, 채만식",M,뉴스 & 정치/열렬한 뉴스 독자/열렬한 정치 뉴스 독자,91,78,20231230
20231200004,"서울 최초의 근대 백화점, 미츠코시 백화점 경성지점","미츠코시 백화점 경성지점은 서울특별시에 세워진 최초의 근대식 백화점이다. 미츠코시 오복점이 1929년에 지점으로 승격되면서 본격적으로 백화점의 면모를 갖추게 되었다. 대형 백화점의 등장은 정찰제 판매, 박리다매 전략의 등장으로 우리나라 유통에 큰 변화를 불러왔다. 미츠코시 백화점은 일반 시민들에게 일상적인 공간으로 자리 잡았으나 이면에는 일제강점기 소비문화의 모순이 감춰져 있기도 했다. 현재는 서울특별시 중구 신세계백화점 본점 본관으로 사용되고 있다.",공간으로 읽는 근대문화 역사유산,"근대, 한반도에 발을 딛다",https://minio.nculture.org/amsweb-opt/multimedia_assets/125/85820/93650/c/%EA%B5%AC-%EB%AF%B8%EC%93%B0%EC%BD%94%EC%8B%9C-%EA%B2%BD%EC%84%B1%EC%A7%80%EC%A0%90-%281%29_rev-thumb.jpg,https://ncms.nculture.org/legacy/story/7134,근대-일제강점기(1910.8.22~1945.8.14),서울특별시,중구,서울특별시 중구 소공로 63,37.56091902,126.980979,신세계백화점 본점,20230101,"백화점, 미츠코시, 이상, 채만식",F,뉴스 & 정치/열렬한 뉴스 독자/연예 뉴스 매니아,88,77,20231230
20231200005,"서울 최초의 근대 백화점, 미츠코시 백화점 경성지점","미츠코시 백화점 경성지점은 서울특별시에 세워진 최초의 근대식 백화점이다. 미츠코시 오복점이 1929년에 지점으로 승격되면서 본격적으로 백화점의 면모를 갖추게 되었다. 대형 백화점의 등장은 정찰제 판매, 박리다매 전략의 등장으로 우리나라 유통에 큰 변화를 불러왔다. 미츠코시 백화점은 일반 시민들에게 일상적인 공간으로 자리 잡았으나 이면에는 일제강점기 소비문화의 모순이 감춰져 있기도 했다. 현재는 서울특별시 중구 신세계백화점 본점 본관으로 사용되고 있다.",공간으로 읽는 근대문화 역사유산,"근대, 한반도에 발을 딛다",https://minio.nculture.org/amsweb-opt/multimedia_assets/125/85820/93650/c/%EA%B5%AC-%EB%AF%B8%EC%93%B0%EC%BD%94%EC%8B%9C-%EA%B2%BD%EC%84%B1%EC%A7%80%EC%A0%90-%281%29_rev-thumb.jpg,https://ncms.nculture.org/legacy/story/7134,근대-일제강점기(1910.8.22~1945.8.14),서울특별시,중구,서울특별시 중구 소공로 63,37.56091902,126.980979,신세계백화점 본점,20230101,"백화점, 미츠코시, 이상, 채만식",M,미디어 & 엔터테인먼트/영화 애호가,85,79,20231230
20231200006,"서울 최초의 근대 백화점, 미츠코시 백화점 경성지점","미츠코시 백화점 경성지점은 서울특별시에 세워진 최초의 근대식 백화점이다. 미츠코시 오복점이 1929년에 지점으로 승격되면서 본격적으로 백화점의 면모를 갖추게 되었다. 대형 백화점의 등장은 정찰제 판매, 박리다매 전략의 등장으로 우리나라 유통에 큰 변화를 불러왔다. 미츠코시 백화점은 일반 시민들에게 일상적인 공간으로 자리 잡았으나 이면에는 일제강점기 소비문화의 모순이 감춰져 있기도 했다. 현재는 서울특별시 중구 신세계백화점 본점 본관으로 사용되고 있다.",공간으로 읽는 근대문화 역사유산,"근대, 한반도에 발을 딛다",https://minio.nculture.org/amsweb-opt/multimedia_assets/125/85820/93650/c/%EA%B5%AC-%EB%AF%B8%EC%93%B0%EC%BD%94%EC%8B%9C-%EA%B2%BD%EC%84%B1%EC%A7%80%EC%A0%90-%281%29_rev-thumb.jpg,https://ncms.nculture.org/legacy/story/7134,근대-일제강점기(1910.8.22~1945.8.14),서울특별시,중구,서울특별시 중구 소공로 63,37.56091902,126.980979,신세계백화점 본점,20230101,"백화점, 미츠코시, 이상, 채만식",M,테크놀로지/기술애호가,84,72,20231230
20231200007,"서울 최초의 근대 백화점, 미츠코시 백화점 경성지점","미츠코시 백화점 경성지점은 서울특별시에 세워진 최초의 근대식 백화점이다. 미츠코시 오복점이 1929년에 지점으로 승격되면서 본격적으로 백화점의 면모를 갖추게 되었다. 대형 백화점의 등장은 정찰제 판매, 박리다매 전략의 등장으로 우리나라 유통에 큰 변화를 불러왔다. 미츠코시 백화점은 일반 시민들에게 일상적인 공간으로 자리 잡았으나 이면에는 일제강점기 소비문화의 모순이 감춰져 있기도 했다. 현재는 서울특별시 중구 신세계백화점 본점 본관으로 사용되고 있다.",공간으로 읽는 근대문화 역사유산,"근대, 한반도에 발을 딛다",https://minio.nculture.org/amsweb-opt/multimedia_assets/125/85820/93650/c/%EA%B5%AC-%EB%AF%B8%EC%93%B0%EC%BD%94%EC%8B%9C-%EA%B2%BD%EC%84%B1%EC%A7%80%EC%A0%90-%281%29_rev-thumb.jpg,https://ncms.nculture.org/legacy/story/7134,근대-일제강점기(1910.8.22~1945.8.14),서울특별시,중구,서울특별시 중구 소공로 63,37.56091902,126.980979,신세계백화점 본점,20230101,"백화점, 미츠코시, 이상, 채만식",M,미디어 & 엔터테인먼트/TV 애호가,82,71,20231230
20231200008,"서울 최초의 근대 백화점, 미츠코시 백화점 경성지점","미츠코시 백화점 경성지점은 서울특별시에 세워진 최초의 근대식 백화점이다. 미츠코시 오복점이 1929년에 지점으로 승격되면서 본격적으로 백화점의 면모를 갖추게 되었다. 대형 백화점의 등장은 정찰제 판매, 박리다매 전략의 등장으로 우리나라 유통에 큰 변화를 불러왔다. 미츠코시 백화점은 일반 시민들에게 일상적인 공간으로 자리 잡았으나 이면에는 일제강점기 소비문화의 모순이 감춰져 있기도 했다. 현재는 서울특별시 중구 신세계백화점 본점 본관으로 사용되고 있다.",공간으로 읽는 근대문화 역사유산,"근대, 한반도에 발을 딛다",https://minio.nculture.org/amsweb-opt/multimedia_assets/125/85820/93650/c/%EA%B5%AC-%EB%AF%B8%EC%93%B0%EC%BD%94%EC%8B%9C-%EA%B2%BD%EC%84%B1%EC%A7%80%EC%A0%90-%281%29_rev-thumb.jpg,https://ncms.nculture.org/legacy/story/7134,근대-일제강점기(1910.8.22~1945.8.14),서울특별시,중구,서울특별시 중구 소공로 63,37.56091902,126.980979,신세계백화점 본점,20230101,"백화점, 미츠코시, 이상, 채만식",M,미디어 & 엔터테인먼트/음악 애호가/월드 뮤직 팬,81,69,20231230
20231200009,"서울 최초의 근대 백화점, 미츠코시 백화점 경성지점","미츠코시 백화점 경성지점은 서울특별시에 세워진 최초의 근대식 백화점이다. 미츠코시 오복점이 1929년에 지점으로 승격되면서 본격적으로 백화점의 면모를 갖추게 되었다. 대형 백화점의 등장은 정찰제 판매, 박리다매 전략의 등장으로 우리나라 유통에 큰 변화를 불러왔다. 미츠코시 백화점은 일반 시민들에게 일상적인 공간으로 자리 잡았으나 이면에는 일제강점기 소비문화의 모순이 감춰져 있기도 했다. 현재는 서울특별시 중구 신세계백화점 본점 본관으로 사용되고 있다.",공간으로 읽는 근대문화 역사유산,"근대, 한반도에 발을 딛다",https://minio.nculture.org/amsweb-opt/multimedia_assets/125/85820/93650/c/%EA%B5%AC-%EB%AF%B8%EC%93%B0%EC%BD%94%EC%8B%9C-%EA%B2%BD%EC%84%B1%EC%A7%80%EC%A0%90-%281%29_rev-thumb.jpg,https://ncms.nculture.org/legacy/story/7134,근대-일제강점기(1910.8.22~1945.8.14),서울특별시,중구,서울특별시 중구 소공로 63,37.56091902,126.980979,신세계백화점 본점,20230101,"백화점, 미츠코시, 이상, 채만식",M,스포츠 & 피트니스/스포츠 팬/축구 팬,78,68,20231230
20231200010,"서울 최초의 근대 백화점, 미츠코시 백화점 경성지점","미츠코시 백화점 경성지점은 서울특별시에 세워진 최초의 근대식 백화점이다. 미츠코시 오복점이 1929년에 지점으로 승격되면서 본격적으로 백화점의 면모를 갖추게 되었다. 대형 백화점의 등장은 정찰제 판매, 박리다매 전략의 등장으로 우리나라 유통에 큰 변화를 불러왔다. 미츠코시 백화점은 일반 시민들에게 일상적인 공간으로 자리 잡았으나 이면에는 일제강점기 소비문화의 모순이 감춰져 있기도 했다. 현재는 서울특별시 중구 신세계백화점 본점 본관으로 사용되고 있다.",공간으로 읽는 근대문화 역사유산,"근대, 한반도에 발을 딛다",https://minio.nculture.org/amsweb-opt/multimedia_assets/125/85820/93650/c/%EA%B5%AC-%EB%AF%B8%EC%93%B0%EC%BD%94%EC%8B%9C-%EA%B2%BD%EC%84%B1%EC%A7%80%EC%A0%90-%281%29_rev-thumb.jpg,https://ncms.nculture.org/legacy/story/7134,근대-일제강점기(1910.8.22~1945.8.14),서울특별시,중구,서울특별시 중구 소공로 63,37.56091902,126.980979,신세계백화점 본점,20230101,"백화점, 미츠코시, 이상, 채만식",M,은행 및 금융/열렬한 투자자,77,70,20231230
20231200011,"서울 최초의 근대 백화점, 미츠코시 백화점 경성지점","미츠코시 백화점 경성지점은 서울특별시에 세워진 최초의 근대식 백화점이다. 미츠코시 오복점이 1929년에 지점으로 승격되면서 본격적으로 백화점의 면모를 갖추게 되었다. 대형 백화점의 등장은 정찰제 판매, 박리다매 전략의 등장으로 우리나라 유통에 큰 변화를 불러왔다. 미츠코시 백화점은 일반 시민들에게 일상적인 공간으로 자리 잡았으나 이면에는 일제강점기 소비문화의 모순이 감춰져 있기도 했다. 현재는 서울특별시 중구 신세계백화점 본점 본관으로 사용되고 있다.",공간으로 읽는 근대문화 역사유산,"근대, 한반도에 발을 딛다",https://minio.nculture.org/amsweb-opt/multimedia_assets/125/85820/93650/c/%EA%B5%AC-%EB%AF%B8%EC%93%B0%EC%BD%94%EC%8B%9C-%EA%B2%BD%EC%84%B1%EC%A7%80%EC%A0%90-%281%29_rev-thumb.jpg,https://ncms.nculture.org/legacy/story/7134,근대-일제강점기(1910.8.22~1945.8.14),서울특별시,중구,서울특별시 중구 소공로 63,37.56091902,126.980979,신세계백화점 본점,20230101,"백화점, 미츠코시, 이상, 채만식",M,뉴스 & 정치/열렬한 뉴스 독자/열렬한 비즈니스 뉴스 독자,75,68,20231230
20231200012,"서울 최초의 근대 백화점, 미츠코시 백화점 경성지점","미츠코시 백화점 경성지점은 서울특별시에 세워진 최초의 근대식 백화점이다. 미츠코시 오복점이 1929년에 지점으로 승격되면서 본격적으로 백화점의 면모를 갖추게 되었다. 대형 백화점의 등장은 정찰제 판매, 박리다매 전략의 등장으로 우리나라 유통에 큰 변화를 불러왔다. 미츠코시 백화점은 일반 시민들에게 일상적인 공간으로 자리 잡았으나 이면에는 일제강점기 소비문화의 모순이 감춰져 있기도 했다. 현재는 서울특별시 중구 신세계백화점 본점 본관으로 사용되고 있다.",공간으로 읽는 근대문화 역사유산,"근대, 한반도에 발을 딛다",https://minio.nculture.org/amsweb-opt/multimedia_assets/125/85820/93650/c/%EA%B5%AC-%EB%AF%B8%EC%93%B0%EC%BD%94%EC%8B%9C-%EA%B2%BD%EC%84%B1%EC%A7%80%EC%A0%90-%281%29_rev-thumb.jpg,https://ncms.nculture.org/legacy/story/7134,근대-일제강점기(1910.8.22~1945.8.14),서울특별시,중구,서울특별시 중구 소공로 63,37.56091902,126.980979,신세계백화점 본점,20230101,"백화점, 미츠코시, 이상, 채만식",F,뉴스 & 정치/열렬한 뉴스 독자/열렬한 정치 뉴스 독자,75,66,20231230
20231200013,"서울 최초의 근대 백화점, 미츠코시 백화점 경성지점","미츠코시 백화점 경성지점은 서울특별시에 세워진 최초의 근대식 백화점이다. 미츠코시 오복점이 1929년에 지점으로 승격되면서 본격적으로 백화점의 면모를 갖추게 되었다. 대형 백화점의 등장은 정찰제 판매, 박리다매 전략의 등장으로 우리나라 유통에 큰 변화를 불러왔다. 미츠코시 백화점은 일반 시민들에게 일상적인 공간으로 자리 잡았으나 이면에는 일제강점기 소비문화의 모순이 감춰져 있기도 했다. 현재는 서울특별시 중구 신세계백화점 본점 본관으로 사용되고 있다.",공간으로 읽는 근대문화 역사유산,"근대, 한반도에 발을 딛다",https://minio.nculture.org/amsweb-opt/multimedia_assets/125/85820/93650/c/%EA%B5%AC-%EB%AF%B8%EC%93%B0%EC%BD%94%EC%8B%9C-%EA%B2%BD%EC%84%B1%EC%A7%80%EC%A0%90-%281%29_rev-thumb.jpg,https://ncms.nculture.org/legacy/story/7134,근대-일제강점기(1910.8.22~1945.8.14),서울특별시,중구,서울특별시 중구 소공로 63,37.56091902,126.980979,신세계백화점 본점,20230101,"백화점, 미츠코시, 이상, 채만식",M,여행/여행 매니아,74,67,20231230
20231200014,"일제강점기 한국의 우뭇가사리로 만든 일본 과자, 양갱","양갱은 중국에서 일본에 전해져 정착된 과자로 우뭇가사리를 냉동건조시킨 한천에 팥, 설탕 등을 넣고 쪄서 만든 과자다. 양갱은 일제강점기 조선에 들어와 지금도 팔릴만큼 한국인의 과자로 정착되었다. 양갱의 원료인 우뭇가사리는 일제강점기 본격적으로 한반도 바다에서 채취되었는데 우뭇가사리가 양갱 원료 이외에 의약품, 화장품 등의 원료로 쓰였기 때문이다. 일제강점기 우뭇가사리 채취는 주로 제주도 출신 해녀들이 담당하였다. 해방 후에도 한천은 계속 만들어져 주로 외국으로 수출되었다.",근대 신문으로 보는 음식,개항 이후 들어온 음식과 식재료,https://minio.nculture.org/amsweb-opt/multimedia_assets/233/14832/2431/c/14832-thumb.jpg,https://ncms.nculture.org/legacy/story/2876,근대-일제강점기(1910.8.22~1945.8.14),경상남도,밀양시,경상남도 밀양시 산내면 봉의로 58-31,35.591708,128.880929,,20230101,"양갱, 요깡, 우뭇가사리, 한천, 제주해녀, 나카오카제과, 해태제과합명회사",F,뉴스 & 정치/열렬한 뉴스 독자/연예 뉴스 매니아,73,69,20231230
20231200015,"서울 최초의 근대 백화점, 미츠코시 백화점 경성지점","미츠코시 백화점 경성지점은 서울특별시에 세워진 최초의 근대식 백화점이다. 미츠코시 오복점이 1929년에 지점으로 승격되면서 본격적으로 백화점의 면모를 갖추게 되었다. 대형 백화점의 등장은 정찰제 판매, 박리다매 전략의 등장으로 우리나라 유통에 큰 변화를 불러왔다. 미츠코시 백화점은 일반 시민들에게 일상적인 공간으로 자리 잡았으나 이면에는 일제강점기 소비문화의 모순이 감춰져 있기도 했다. 현재는 서울특별시 중구 신세계백화점 본점 본관으로 사용되고 있다.",공간으로 읽는 근대문화 역사유산,"근대, 한반도에 발을 딛다",https://minio.nculture.org/amsweb-opt/multimedia_assets/125/85820/93650/c/%EA%B5%AC-%EB%AF%B8%EC%93%B0%EC%BD%94%EC%8B%9C-%EA%B2%BD%EC%84%B1%EC%A7%80%EC%A0%90-%281%29_rev-thumb.jpg,https://ncms.nculture.org/legacy/story/7134,근대-일제강점기(1910.8.22~1945.8.14),서울특별시,중구,서울특별시 중구 소공로 63,37.56091902,126.980979,신세계백화점 본점,20230101,"백화점, 미츠코시, 이상, 채만식",M,미디어 & 엔터테인먼트/만화 & 애니메이션 팬,72,60,20231230
20231200016,"서울 최초의 근대 백화점, 미츠코시 백화점 경성지점","미츠코시 백화점 경성지점은 서울특별시에 세워진 최초의 근대식 백화점이다. 미츠코시 오복점이 1929년에 지점으로 승격되면서 본격적으로 백화점의 면모를 갖추게 되었다. 대형 백화점의 등장은 정찰제 판매, 박리다매 전략의 등장으로 우리나라 유통에 큰 변화를 불러왔다. 미츠코시 백화점은 일반 시민들에게 일상적인 공간으로 자리 잡았으나 이면에는 일제강점기 소비문화의 모순이 감춰져 있기도 했다. 현재는 서울특별시 중구 신세계백화점 본점 본관으로 사용되고 있다.",공간으로 읽는 근대문화 역사유산,"근대, 한반도에 발을 딛다",https://minio.nculture.org/amsweb-opt/multimedia_assets/125/85820/93650/c/%EA%B5%AC-%EB%AF%B8%EC%93%B0%EC%BD%94%EC%8B%9C-%EA%B2%BD%EC%84%B1%EC%A7%80%EC%A0%90-%281%29_rev-thumb.jpg,https://ncms.nculture.org/legacy/story/7134,근대-일제강점기(1910.8.22~1945.8.14),서울특별시,중구,서울특별시 중구 소공로 63,37.56091902,126.980979,신세계백화점 본점,20230101,"백화점, 미츠코시, 이상, 채만식",M,미디어 & 엔터테인먼트/게이머/하드코어 게이머,71,59,20231230
20231200017,"서울 최초의 근대 백화점, 미츠코시 백화점 경성지점","미츠코시 백화점 경성지점은 서울특별시에 세워진 최초의 근대식 백화점이다. 미츠코시 오복점이 1929년에 지점으로 승격되면서 본격적으로 백화점의 면모를 갖추게 되었다. 대형 백화점의 등장은 정찰제 판매, 박리다매 전략의 등장으로 우리나라 유통에 큰 변화를 불러왔다. 미츠코시 백화점은 일반 시민들에게 일상적인 공간으로 자리 잡았으나 이면에는 일제강점기 소비문화의 모순이 감춰져 있기도 했다. 현재는 서울특별시 중구 신세계백화점 본점 본관으로 사용되고 있다.",공간으로 읽는 근대문화 역사유산,"근대, 한반도에 발을 딛다",https://minio.nculture.org/amsweb-opt/multimedia_assets/125/85820/93650/c/%EA%B5%AC-%EB%AF%B8%EC%93%B0%EC%BD%94%EC%8B%9C-%EA%B2%BD%EC%84%B1%EC%A7%80%EC%A0%90-%281%29_rev-thumb.jpg,https://ncms.nculture.org/legacy/story/7134,근대-일제강점기(1910.8.22~1945.8.14),서울특별시,중구,서울특별시 중구 소공로 63,37.56091902,126.980979,신세계백화점 본점,20230101,"백화점, 미츠코시, 이상, 채만식",F,여행/여행 매니아,68,60,20231230
20231200018,"서울 최초의 근대 백화점, 미츠코시 백화점 경성지점","미츠코시 백화점 경성지점은 서울특별시에 세워진 최초의 근대식 백화점이다. 미츠코시 오복점이 1929년에 지점으로 승격되면서 본격적으로 백화점의 면모를 갖추게 되었다. 대형 백화점의 등장은 정찰제 판매, 박리다매 전략의 등장으로 우리나라 유통에 큰 변화를 불러왔다. 미츠코시 백화점은 일반 시민들에게 일상적인 공간으로 자리 잡았으나 이면에는 일제강점기 소비문화의 모순이 감춰져 있기도 했다. 현재는 서울특별시 중구 신세계백화점 본점 본관으로 사용되고 있다.",공간으로 읽는 근대문화 역사유산,"근대, 한반도에 발을 딛다",https://minio.nculture.org/amsweb-opt/multimedia_assets/125/85820/93650/c/%EA%B5%AC-%EB%AF%B8%EC%93%B0%EC%BD%94%EC%8B%9C-%EA%B2%BD%EC%84%B1%EC%A7%80%EC%A0%90-%281%29_rev-thumb.jpg,https://ncms.nculture.org/legacy/story/7134,근대-일제강점기(1910.8.22~1945.8.14),서울특별시,중구,서울특별시 중구 소공로 63,37.56091902,126.980979,신세계백화점 본점,20230101,"백화점, 미츠코시, 이상, 채만식",F,미디어 & 엔터테인먼트/영화 애호가,67,62,20231230
20231200019,"서울 최초의 근대 백화점, 미츠코시 백화점 경성지점","미츠코시 백화점 경성지점은 서울특별시에 세워진 최초의 근대식 백화점이다. 미츠코시 오복점이 1929년에 지점으로 승격되면서 본격적으로 백화점의 면모를 갖추게 되었다. 대형 백화점의 등장은 정찰제 판매, 박리다매 전략의 등장으로 우리나라 유통에 큰 변화를 불러왔다. 미츠코시 백화점은 일반 시민들에게 일상적인 공간으로 자리 잡았으나 이면에는 일제강점기 소비문화의 모순이 감춰져 있기도 했다. 현재는 서울특별시 중구 신세계백화점 본점 본관으로 사용되고 있다.",공간으로 읽는 근대문화 역사유산,"근대, 한반도에 발을 딛다",https://minio.nculture.org/amsweb-opt/multimedia_assets/125/85820/93650/c/%EA%B5%AC-%EB%AF%B8%EC%93%B0%EC%BD%94%EC%8B%9C-%EA%B2%BD%EC%84%B1%EC%A7%80%EC%A0%90-%281%29_rev-thumb.jpg,https://ncms.nculture.org/legacy/story/7134,근대-일제강점기(1910.8.22~1945.8.14),서울특별시,중구,서울특별시 중구 소공로 63,37.56091902,126.980979,신세계백화점 본점,20230101,"백화점, 미츠코시, 이상, 채만식",F,미디어 & 엔터테인먼트/TV 대중 시청자,65,60,20231230
20231200020,"서울 최초의 근대 백화점, 미츠코시 백화점 경성지점","미츠코시 백화점 경성지점은 서울특별시에 세워진 최초의 근대식 백화점이다. 미츠코시 오복점이 1929년에 지점으로 승격되면서 본격적으로 백화점의 면모를 갖추게 되었다. 대형 백화점의 등장은 정찰제 판매, 박리다매 전략의 등장으로 우리나라 유통에 큰 변화를 불러왔다. 미츠코시 백화점은 일반 시민들에게 일상적인 공간으로 자리 잡았으나 이면에는 일제강점기 소비문화의 모순이 감춰져 있기도 했다. 현재는 서울특별시 중구 신세계백화점 본점 본관으로 사용되고 있다.",공간으로 읽는 근대문화 역사유산,"근대, 한반도에 발을 딛다",https://minio.nculture.org/amsweb-opt/multimedia_assets/125/85820/93650/c/%EA%B5%AC-%EB%AF%B8%EC%93%B0%EC%BD%94%EC%8B%9C-%EA%B2%BD%EC%84%B1%EC%A7%80%EC%A0%90-%281%29_rev-thumb.jpg,https://ncms.nculture.org/legacy/story/7134,근대-일제강점기(1910.8.22~1945.8.14),서울특별시,중구,서울특별시 중구 소공로 63,37.56091902,126.980979,신세계백화점 본점,20230101,"백화점, 미츠코시, 이상, 채만식",M,미디어 & 엔터테인먼트/TV 애호가/드라마 팬,64,52,20231230
20231200021,전통배추를 밀어내고 김치의 원료가 된 결구배추,"배추김치의 주재료인 배추는 조선시대까지 한양과 개성에서 자란 것이 유명했다. 이 배추는 배추잎이 절반정도 뭉친 반결구종으로, 무게는 결구종보다 적고 생육기간도 길었다. 임오군란 이후 중국인들이 한국땅에 살고 중국과 왕래하면서 중국의 결구배추가 들어오게 된다. 결구배추는 배추잎이 서로 감싸 완전히 뭉친 것인데 생육기간이 짧고 크기도 컸다. 일제강점기 반결구배추가 병충해에 시달리면서 결구종 배추가 보급되어 오늘날 김치를 만드는 배추는 결구종배추가 주를 이루게 되었다.",근대 신문으로 보는 음식,전통 음식과 식재료의 변화,,https://ncms.nculture.org/legacy/story/2831,근대-일제강점기(1910.8.22~1945.8.14),,,,,,덕천,20230101,"배추김치, 호배추, 결구배추",M,뉴스 & 정치/열렬한 뉴스 독자/연예 뉴스 매니아,61,61,20231230
20231200022,"서울 최초의 근대 백화점, 미츠코시 백화점 경성지점","미츠코시 백화점 경성지점은 서울특별시에 세워진 최초의 근대식 백화점이다. 미츠코시 오복점이 1929년에 지점으로 승격되면서 본격적으로 백화점의 면모를 갖추게 되었다. 대형 백화점의 등장은 정찰제 판매, 박리다매 전략의 등장으로 우리나라 유통에 큰 변화를 불러왔다. 미츠코시 백화점은 일반 시민들에게 일상적인 공간으로 자리 잡았으나 이면에는 일제강점기 소비문화의 모순이 감춰져 있기도 했다. 현재는 서울특별시 중구 신세계백화점 본점 본관으로 사용되고 있다.",공간으로 읽는 근대문화 역사유산,"근대, 한반도에 발을 딛다",https://minio.nculture.org/amsweb-opt/multimedia_assets/125/85820/93650/c/%EA%B5%AC-%EB%AF%B8%EC%93%B0%EC%BD%94%EC%8B%9C-%EA%B2%BD%EC%84%B1%EC%A7%80%EC%A0%90-%281%29_rev-thumb.jpg,https://ncms.nculture.org/legacy/story/7134,근대-일제강점기(1910.8.22~1945.8.14),서울특별시,중구,서울특별시 중구 소공로 63,37.56091902,126.980979,신세계백화점 본점,20230101,"백화점, 미츠코시, 이상, 채만식",M,미디어 & 엔터테인먼트/음악 애호가/팝 음악 팬,61,52,20231230
20231200023,"서울 최초의 근대 백화점, 미츠코시 백화점 경성지점","미츠코시 백화점 경성지점은 서울특별시에 세워진 최초의 근대식 백화점이다. 미츠코시 오복점이 1929년에 지점으로 승격되면서 본격적으로 백화점의 면모를 갖추게 되었다. 대형 백화점의 등장은 정찰제 판매, 박리다매 전략의 등장으로 우리나라 유통에 큰 변화를 불러왔다. 미츠코시 백화점은 일반 시민들에게 일상적인 공간으로 자리 잡았으나 이면에는 일제강점기 소비문화의 모순이 감춰져 있기도 했다. 현재는 서울특별시 중구 신세계백화점 본점 본관으로 사용되고 있다.",공간으로 읽는 근대문화 역사유산,"근대, 한반도에 발을 딛다",https://minio.nculture.org/amsweb-opt/multimedia_assets/125/85820/93650/c/%EA%B5%AC-%EB%AF%B8%EC%93%B0%EC%BD%94%EC%8B%9C-%EA%B2%BD%EC%84%B1%EC%A7%80%EC%A0%90-%281%29_rev-thumb.jpg,https://ncms.nculture.org/legacy/story/7134,근대-일제강점기(1910.8.22~1945.8.14),서울특별시,중구,서울특별시 중구 소공로 63,37.56091902,126.980979,신세계백화점 본점,20230101,"백화점, 미츠코시, 이상, 채만식",F,미디어 & 엔터테인먼트/음악 애호가/월드 뮤직 팬,61,51,20231230
20231200024,"일제강점기 한국의 우뭇가사리로 만든 일본 과자, 양갱","양갱은 중국에서 일본에 전해져 정착된 과자로 우뭇가사리를 냉동건조시킨 한천에 팥, 설탕 등을 넣고 쪄서 만든 과자다. 양갱은 일제강점기 조선에 들어와 지금도 팔릴만큼 한국인의 과자로 정착되었다. 양갱의 원료인 우뭇가사리는 일제강점기 본격적으로 한반도 바다에서 채취되었는데 우뭇가사리가 양갱 원료 이외에 의약품, 화장품 등의 원료로 쓰였기 때문이다. 일제강점기 우뭇가사리 채취는 주로 제주도 출신 해녀들이 담당하였다. 해방 후에도 한천은 계속 만들어져 주로 외국으로 수출되었다.",근대 신문으로 보는 음식,개항 이후 들어온 음식과 식재료,https://minio.nculture.org/amsweb-opt/multimedia_assets/233/14832/2431/c/14832-thumb.jpg,https://ncms.nculture.org/legacy/story/2876,근대-일제강점기(1910.8.22~1945.8.14),경상남도,밀양시,경상남도 밀양시 산내면 봉의로 58-31,35.591708,128.880929,,20230101,"양갱, 요깡, 우뭇가사리, 한천, 제주해녀, 나카오카제과, 해태제과합명회사",F,미디어 & 엔터테인먼트/영화 애호가,58,57,20231230
20231200025,전통배추를 밀어내고 김치의 원료가 된 결구배추,"배추김치의 주재료인 배추는 조선시대까지 한양과 개성에서 자란 것이 유명했다. 이 배추는 배추잎이 절반정도 뭉친 반결구종으로, 무게는 결구종보다 적고 생육기간도 길었다. 임오군란 이후 중국인들이 한국땅에 살고 중국과 왕래하면서 중국의 결구배추가 들어오게 된다. 결구배추는 배추잎이 서로 감싸 완전히 뭉친 것인데 생육기간이 짧고 크기도 컸다. 일제강점기 반결구배추가 병충해에 시달리면서 결구종 배추가 보급되어 오늘날 김치를 만드는 배추는 결구종배추가 주를 이루게 되었다.",근대 신문으로 보는 음식,전통 음식과 식재료의 변화,,https://ncms.nculture.org/legacy/story/2831,근대-일제강점기(1910.8.22~1945.8.14),,,,,,덕천,20230101,"배추김치, 호배추, 결구배추",F,뉴스 & 정치/열렬한 뉴스 독자/연예 뉴스 매니아,58,56,20231230
20231200026,"일제강점기 한국의 우뭇가사리로 만든 일본 과자, 양갱","양갱은 중국에서 일본에 전해져 정착된 과자로 우뭇가사리를 냉동건조시킨 한천에 팥, 설탕 등을 넣고 쪄서 만든 과자다. 양갱은 일제강점기 조선에 들어와 지금도 팔릴만큼 한국인의 과자로 정착되었다. 양갱의 원료인 우뭇가사리는 일제강점기 본격적으로 한반도 바다에서 채취되었는데 우뭇가사리가 양갱 원료 이외에 의약품, 화장품 등의 원료로 쓰였기 때문이다. 일제강점기 우뭇가사리 채취는 주로 제주도 출신 해녀들이 담당하였다. 해방 후에도 한천은 계속 만들어져 주로 외국으로 수출되었다.",근대 신문으로 보는 음식,개항 이후 들어온 음식과 식재료,https://minio.nculture.org/amsweb-opt/multimedia_assets/233/14832/2431/c/14832-thumb.jpg,https://ncms.nculture.org/legacy/story/2876,근대-일제강점기(1910.8.22~1945.8.14),경상남도,밀양시,경상남도 밀양시 산내면 봉의로 58-31,35.591708,128.880929,,20230101,"양갱, 요깡, 우뭇가사리, 한천, 제주해녀, 나카오카제과, 해태제과합명회사",F,은행 및 금융/열렬한 투자자,58,54,20231230
20231200027,전통배추를 밀어내고 김치의 원료가 된 결구배추,"배추김치의 주재료인 배추는 조선시대까지 한양과 개성에서 자란 것이 유명했다. 이 배추는 배추잎이 절반정도 뭉친 반결구종으로, 무게는 결구종보다 적고 생육기간도 길었다. 임오군란 이후 중국인들이 한국땅에 살고 중국과 왕래하면서 중국의 결구배추가 들어오게 된다. 결구배추는 배추잎이 서로 감싸 완전히 뭉친 것인데 생육기간이 짧고 크기도 컸다. 일제강점기 반결구배추가 병충해에 시달리면서 결구종 배추가 보급되어 오늘날 김치를 만드는 배추는 결구종배추가 주를 이루게 되었다.",근대 신문으로 보는 음식,전통 음식과 식재료의 변화,,https://ncms.nculture.org/legacy/story/2831,근대-일제강점기(1910.8.22~1945.8.14),,,,,,덕천,20230101,"배추김치, 호배추, 결구배추",M,스포츠 & 피트니스/스포츠 팬/축구 팬,57,57,20231230
20231200028,"일제강점기 한국의 우뭇가사리로 만든 일본 과자, 양갱","양갱은 중국에서 일본에 전해져 정착된 과자로 우뭇가사리를 냉동건조시킨 한천에 팥, 설탕 등을 넣고 쪄서 만든 과자다. 양갱은 일제강점기 조선에 들어와 지금도 팔릴만큼 한국인의 과자로 정착되었다. 양갱의 원료인 우뭇가사리는 일제강점기 본격적으로 한반도 바다에서 채취되었는데 우뭇가사리가 양갱 원료 이외에 의약품, 화장품 등의 원료로 쓰였기 때문이다. 일제강점기 우뭇가사리 채취는 주로 제주도 출신 해녀들이 담당하였다. 해방 후에도 한천은 계속 만들어져 주로 외국으로 수출되었다.",근대 신문으로 보는 음식,개항 이후 들어온 음식과 식재료,https://minio.nculture.org/amsweb-opt/multimedia_assets/233/14832/2431/c/14832-thumb.jpg,https://ncms.nculture.org/legacy/story/2876,근대-일제강점기(1910.8.22~1945.8.14),경상남도,밀양시,경상남도 밀양시 산내면 봉의로 58-31,35.591708,128.880929,,20230101,"양갱, 요깡, 우뭇가사리, 한천, 제주해녀, 나카오카제과, 해태제과합명회사",F,미디어 & 엔터테인먼트/TV 대중 시청자,57,56,20231230
20231200029,"일제강점기 한국의 우뭇가사리로 만든 일본 과자, 양갱","양갱은 중국에서 일본에 전해져 정착된 과자로 우뭇가사리를 냉동건조시킨 한천에 팥, 설탕 등을 넣고 쪄서 만든 과자다. 양갱은 일제강점기 조선에 들어와 지금도 팔릴만큼 한국인의 과자로 정착되었다. 양갱의 원료인 우뭇가사리는 일제강점기 본격적으로 한반도 바다에서 채취되었는데 우뭇가사리가 양갱 원료 이외에 의약품, 화장품 등의 원료로 쓰였기 때문이다. 일제강점기 우뭇가사리 채취는 주로 제주도 출신 해녀들이 담당하였다. 해방 후에도 한천은 계속 만들어져 주로 외국으로 수출되었다.",근대 신문으로 보는 음식,개항 이후 들어온 음식과 식재료,https://minio.nculture.org/amsweb-opt/multimedia_assets/233/14832/2431/c/14832-thumb.jpg,https://ncms.nculture.org/legacy/story/2876,근대-일제강점기(1910.8.22~1945.8.14),경상남도,밀양시,경상남도 밀양시 산내면 봉의로 58-31,35.591708,128.880929,,20230101,"양갱, 요깡, 우뭇가사리, 한천, 제주해녀, 나카오카제과, 해태제과합명회사",F,뉴스 & 정치/열렬한 뉴스 독자/열렬한 정치 뉴스 독자,57,53,20231230
20231200030,"서울 최초의 근대 백화점, 미츠코시 백화점 경성지점","미츠코시 백화점 경성지점은 서울특별시에 세워진 최초의 근대식 백화점이다. 미츠코시 오복점이 1929년에 지점으로 승격되면서 본격적으로 백화점의 면모를 갖추게 되었다. 대형 백화점의 등장은 정찰제 판매, 박리다매 전략의 등장으로 우리나라 유통에 큰 변화를 불러왔다. 미츠코시 백화점은 일반 시민들에게 일상적인 공간으로 자리 잡았으나 이면에는 일제강점기 소비문화의 모순이 감춰져 있기도 했다. 현재는 서울특별시 중구 신세계백화점 본점 본관으로 사용되고 있다.",공간으로 읽는 근대문화 역사유산,"근대, 한반도에 발을 딛다",https://minio.nculture.org/amsweb-opt/multimedia_assets/125/85820/93650/c/%EA%B5%AC-%EB%AF%B8%EC%93%B0%EC%BD%94%EC%8B%9C-%EA%B2%BD%EC%84%B1%EC%A7%80%EC%A0%90-%281%29_rev-thumb.jpg,https://ncms.nculture.org/legacy/story/7134,근대-일제강점기(1910.8.22~1945.8.14),서울특별시,중구,서울특별시 중구 소공로 63,37.56091902,126.980979,신세계백화점 본점,20230101,"백화점, 미츠코시, 이상, 채만식",M,미디어 & 엔터테인먼트/음악 애호가,57,52,20231230
20231200031,"서울 최초의 근대 백화점, 미츠코시 백화점 경성지점","미츠코시 백화점 경성지점은 서울특별시에 세워진 최초의 근대식 백화점이다. 미츠코시 오복점이 1929년에 지점으로 승격되면서 본격적으로 백화점의 면모를 갖추게 되었다. 대형 백화점의 등장은 정찰제 판매, 박리다매 전략의 등장으로 우리나라 유통에 큰 변화를 불러왔다. 미츠코시 백화점은 일반 시민들에게 일상적인 공간으로 자리 잡았으나 이면에는 일제강점기 소비문화의 모순이 감춰져 있기도 했다. 현재는 서울특별시 중구 신세계백화점 본점 본관으로 사용되고 있다.",공간으로 읽는 근대문화 역사유산,"근대, 한반도에 발을 딛다",https://minio.nculture.org/amsweb-opt/multimedia_assets/125/85820/93650/c/%EA%B5%AC-%EB%AF%B8%EC%93%B0%EC%BD%94%EC%8B%9C-%EA%B2%BD%EC%84%B1%EC%A7%80%EC%A0%90-%281%29_rev-thumb.jpg,https://ncms.nculture.org/legacy/story/7134,근대-일제강점기(1910.8.22~1945.8.14),서울특별시,중구,서울특별시 중구 소공로 63,37.56091902,126.980979,신세계백화점 본점,20230101,"백화점, 미츠코시, 이상, 채만식",F,은행 및 금융/열렬한 투자자,56,53,20231230
20231200032,"서울 최초의 근대 백화점, 미츠코시 백화점 경성지점","미츠코시 백화점 경성지점은 서울특별시에 세워진 최초의 근대식 백화점이다. 미츠코시 오복점이 1929년에 지점으로 승격되면서 본격적으로 백화점의 면모를 갖추게 되었다. 대형 백화점의 등장은 정찰제 판매, 박리다매 전략의 등장으로 우리나라 유통에 큰 변화를 불러왔다. 미츠코시 백화점은 일반 시민들에게 일상적인 공간으로 자리 잡았으나 이면에는 일제강점기 소비문화의 모순이 감춰져 있기도 했다. 현재는 서울특별시 중구 신세계백화점 본점 본관으로 사용되고 있다.",공간으로 읽는 근대문화 역사유산,"근대, 한반도에 발을 딛다",https://minio.nculture.org/amsweb-opt/multimedia_assets/125/85820/93650/c/%EA%B5%AC-%EB%AF%B8%EC%93%B0%EC%BD%94%EC%8B%9C-%EA%B2%BD%EC%84%B1%EC%A7%80%EC%A0%90-%281%29_rev-thumb.jpg,https://ncms.nculture.org/legacy/story/7134,근대-일제강점기(1910.8.22~1945.8.14),서울특별시,중구,서울특별시 중구 소공로 63,37.56091902,126.980979,신세계백화점 본점,20230101,"백화점, 미츠코시, 이상, 채만식",F,뉴스 & 정치/열렬한 뉴스 독자/열렬한 비즈니스 뉴스 독자,56,52,20231230
20231200033,"서울 최초의 근대 백화점, 미츠코시 백화점 경성지점","미츠코시 백화점 경성지점은 서울특별시에 세워진 최초의 근대식 백화점이다. 미츠코시 오복점이 1929년에 지점으로 승격되면서 본격적으로 백화점의 면모를 갖추게 되었다. 대형 백화점의 등장은 정찰제 판매, 박리다매 전략의 등장으로 우리나라 유통에 큰 변화를 불러왔다. 미츠코시 백화점은 일반 시민들에게 일상적인 공간으로 자리 잡았으나 이면에는 일제강점기 소비문화의 모순이 감춰져 있기도 했다. 현재는 서울특별시 중구 신세계백화점 본점 본관으로 사용되고 있다.",공간으로 읽는 근대문화 역사유산,"근대, 한반도에 발을 딛다",https://minio.nculture.org/amsweb-opt/multimedia_assets/125/85820/93650/c/%EA%B5%AC-%EB%AF%B8%EC%93%B0%EC%BD%94%EC%8B%9C-%EA%B2%BD%EC%84%B1%EC%A7%80%EC%A0%90-%281%29_rev-thumb.jpg,https://ncms.nculture.org/legacy/story/7134,근대-일제강점기(1910.8.22~1945.8.14),서울특별시,중구,서울특별시 중구 소공로 63,37.56091902,126.980979,신세계백화점 본점,20230101,"백화점, 미츠코시, 이상, 채만식",M,음식 & 다이닝/요리 매니아/셰프 지망생,56,46,20231230
20231200034,"일제강점기 한국의 우뭇가사리로 만든 일본 과자, 양갱","양갱은 중국에서 일본에 전해져 정착된 과자로 우뭇가사리를 냉동건조시킨 한천에 팥, 설탕 등을 넣고 쪄서 만든 과자다. 양갱은 일제강점기 조선에 들어와 지금도 팔릴만큼 한국인의 과자로 정착되었다. 양갱의 원료인 우뭇가사리는 일제강점기 본격적으로 한반도 바다에서 채취되었는데 우뭇가사리가 양갱 원료 이외에 의약품, 화장품 등의 원료로 쓰였기 때문이다. 일제강점기 우뭇가사리 채취는 주로 제주도 출신 해녀들이 담당하였다. 해방 후에도 한천은 계속 만들어져 주로 외국으로 수출되었다.",근대 신문으로 보는 음식,개항 이후 들어온 음식과 식재료,https://minio.nculture.org/amsweb-opt/multimedia_assets/233/14832/2431/c/14832-thumb.jpg,https://ncms.nculture.org/legacy/story/2876,근대-일제강점기(1910.8.22~1945.8.14),경상남도,밀양시,경상남도 밀양시 산내면 봉의로 58-31,35.591708,128.880929,,20230101,"양갱, 요깡, 우뭇가사리, 한천, 제주해녀, 나카오카제과, 해태제과합명회사",F,음식 & 다이닝/요리 매니아/셰프 지망생,55,53,20231230
20231200035,"일제강점기 한국의 우뭇가사리로 만든 일본 과자, 양갱","양갱은 중국에서 일본에 전해져 정착된 과자로 우뭇가사리를 냉동건조시킨 한천에 팥, 설탕 등을 넣고 쪄서 만든 과자다. 양갱은 일제강점기 조선에 들어와 지금도 팔릴만큼 한국인의 과자로 정착되었다. 양갱의 원료인 우뭇가사리는 일제강점기 본격적으로 한반도 바다에서 채취되었는데 우뭇가사리가 양갱 원료 이외에 의약품, 화장품 등의 원료로 쓰였기 때문이다. 일제강점기 우뭇가사리 채취는 주로 제주도 출신 해녀들이 담당하였다. 해방 후에도 한천은 계속 만들어져 주로 외국으로 수출되었다.",근대 신문으로 보는 음식,개항 이후 들어온 음식과 식재료,https://minio.nculture.org/amsweb-opt/multimedia_assets/233/14832/2431/c/14832-thumb.jpg,https://ncms.nculture.org/legacy/story/2876,근대-일제강점기(1910.8.22~1945.8.14),경상남도,밀양시,경상남도 밀양시 산내면 봉의로 58-31,35.591708,128.880929,,20230101,"양갱, 요깡, 우뭇가사리, 한천, 제주해녀, 나카오카제과, 해태제과합명회사",F,미디어 & 엔터테인먼트/음악 애호가/월드 뮤직 팬,54,51,20231230
20231200036,전통배추를 밀어내고 김치의 원료가 된 결구배추,"배추김치의 주재료인 배추는 조선시대까지 한양과 개성에서 자란 것이 유명했다. 이 배추는 배추잎이 절반정도 뭉친 반결구종으로, 무게는 결구종보다 적고 생육기간도 길었다. 임오군란 이후 중국인들이 한국땅에 살고 중국과 왕래하면서 중국의 결구배추가 들어오게 된다. 결구배추는 배추잎이 서로 감싸 완전히 뭉친 것인데 생육기간이 짧고 크기도 컸다. 일제강점기 반결구배추가 병충해에 시달리면서 결구종 배추가 보급되어 오늘날 김치를 만드는 배추는 결구종배추가 주를 이루게 되었다.",근대 신문으로 보는 음식,전통 음식과 식재료의 변화,,https://ncms.nculture.org/legacy/story/2831,근대-일제강점기(1910.8.22~1945.8.14),,,,,,덕천,20230101,"배추김치, 호배추, 결구배추",M,미디어 & 엔터테인먼트/영화 애호가,53,53,20231230
20231200037,"서울 최초의 근대 백화점, 미츠코시 백화점 경성지점","미츠코시 백화점 경성지점은 서울특별시에 세워진 최초의 근대식 백화점이다. 미츠코시 오복점이 1929년에 지점으로 승격되면서 본격적으로 백화점의 면모를 갖추게 되었다. 대형 백화점의 등장은 정찰제 판매, 박리다매 전략의 등장으로 우리나라 유통에 큰 변화를 불러왔다. 미츠코시 백화점은 일반 시민들에게 일상적인 공간으로 자리 잡았으나 이면에는 일제강점기 소비문화의 모순이 감춰져 있기도 했다. 현재는 서울특별시 중구 신세계백화점 본점 본관으로 사용되고 있다.",공간으로 읽는 근대문화 역사유산,"근대, 한반도에 발을 딛다",https://minio.nculture.org/amsweb-opt/multimedia_assets/125/85820/93650/c/%EA%B5%AC-%EB%AF%B8%EC%93%B0%EC%BD%94%EC%8B%9C-%EA%B2%BD%EC%84%B1%EC%A7%80%EC%A0%90-%281%29_rev-thumb.jpg,https://ncms.nculture.org/legacy/story/7134,근대-일제강점기(1910.8.22~1945.8.14),서울특별시,중구,서울특별시 중구 소공로 63,37.56091902,126.980979,신세계백화점 본점,20230101,"백화점, 미츠코시, 이상, 채만식",M,테크놀로지/모바일 매니아,53,50,20231230
20231200038,전통배추를 밀어내고 김치의 원료가 된 결구배추,"배추김치의 주재료인 배추는 조선시대까지 한양과 개성에서 자란 것이 유명했다. 이 배추는 배추잎이 절반정도 뭉친 반결구종으로, 무게는 결구종보다 적고 생육기간도 길었다. 임오군란 이후 중국인들이 한국땅에 살고 중국과 왕래하면서 중국의 결구배추가 들어오게 된다. 결구배추는 배추잎이 서로 감싸 완전히 뭉친 것인데 생육기간이 짧고 크기도 컸다. 일제강점기 반결구배추가 병충해에 시달리면서 결구종 배추가 보급되어 오늘날 김치를 만드는 배추는 결구종배추가 주를 이루게 되었다.",근대 신문으로 보는 음식,전통 음식과 식재료의 변화,,https://ncms.nculture.org/legacy/story/2831,근대-일제강점기(1910.8.22~1945.8.14),,,,,,덕천,20230101,"배추김치, 호배추, 결구배추",M,뉴스 & 정치/열렬한 뉴스 독자/열렬한 정치 뉴스 독자,52,52,20231230
20231200039,"서울 최초의 근대 백화점, 미츠코시 백화점 경성지점","미츠코시 백화점 경성지점은 서울특별시에 세워진 최초의 근대식 백화점이다. 미츠코시 오복점이 1929년에 지점으로 승격되면서 본격적으로 백화점의 면모를 갖추게 되었다. 대형 백화점의 등장은 정찰제 판매, 박리다매 전략의 등장으로 우리나라 유통에 큰 변화를 불러왔다. 미츠코시 백화점은 일반 시민들에게 일상적인 공간으로 자리 잡았으나 이면에는 일제강점기 소비문화의 모순이 감춰져 있기도 했다. 현재는 서울특별시 중구 신세계백화점 본점 본관으로 사용되고 있다.",공간으로 읽는 근대문화 역사유산,"근대, 한반도에 발을 딛다",https://minio.nculture.org/amsweb-opt/multimedia_assets/125/85820/93650/c/%EA%B5%AC-%EB%AF%B8%EC%93%B0%EC%BD%94%EC%8B%9C-%EA%B2%BD%EC%84%B1%EC%A7%80%EC%A0%90-%281%29_rev-thumb.jpg,https://ncms.nculture.org/legacy/story/7134,근대-일제강점기(1910.8.22~1945.8.14),서울특별시,중구,서울특별시 중구 소공로 63,37.56091902,126.980979,신세계백화점 본점,20230101,"백화점, 미츠코시, 이상, 채만식",F,스포츠 & 피트니스/스포츠 팬,52,44,20231230
20231200040,"서울 최초의 근대 백화점, 미츠코시 백화점 경성지점","미츠코시 백화점 경성지점은 서울특별시에 세워진 최초의 근대식 백화점이다. 미츠코시 오복점이 1929년에 지점으로 승격되면서 본격적으로 백화점의 면모를 갖추게 되었다. 대형 백화점의 등장은 정찰제 판매, 박리다매 전략의 등장으로 우리나라 유통에 큰 변화를 불러왔다. 미츠코시 백화점은 일반 시민들에게 일상적인 공간으로 자리 잡았으나 이면에는 일제강점기 소비문화의 모순이 감춰져 있기도 했다. 현재는 서울특별시 중구 신세계백화점 본점 본관으로 사용되고 있다.",공간으로 읽는 근대문화 역사유산,"근대, 한반도에 발을 딛다",https://minio.nculture.org/amsweb-opt/multimedia_assets/125/85820/93650/c/%EA%B5%AC-%EB%AF%B8%EC%93%B0%EC%BD%94%EC%8B%9C-%EA%B2%BD%EC%84%B1%EC%A7%80%EC%A0%90-%281%29_rev-thumb.jpg,https://ncms.nculture.org/legacy/story/7134,근대-일제강점기(1910.8.22~1945.8.14),서울특별시,중구,서울특별시 중구 소공로 63,37.56091902,126.980979,신세계백화점 본점,20230101,"백화점, 미츠코시, 이상, 채만식",M,미디어 & 엔터테인먼트/게이머/롤플레잉 게임 팬,52,43,20231230
20231200041,전통배추를 밀어내고 김치의 원료가 된 결구배추,"배추김치의 주재료인 배추는 조선시대까지 한양과 개성에서 자란 것이 유명했다. 이 배추는 배추잎이 절반정도 뭉친 반결구종으로, 무게는 결구종보다 적고 생육기간도 길었다. 임오군란 이후 중국인들이 한국땅에 살고 중국과 왕래하면서 중국의 결구배추가 들어오게 된다. 결구배추는 배추잎이 서로 감싸 완전히 뭉친 것인데 생육기간이 짧고 크기도 컸다. 일제강점기 반결구배추가 병충해에 시달리면서 결구종 배추가 보급되어 오늘날 김치를 만드는 배추는 결구종배추가 주를 이루게 되었다.",근대 신문으로 보는 음식,전통 음식과 식재료의 변화,,https://ncms.nculture.org/legacy/story/2831,근대-일제강점기(1910.8.22~1945.8.14),,,,,,덕천,20230101,"배추김치, 호배추, 결구배추",M,미디어 & 엔터테인먼트/TV 대중 시청자,49,49,20231230
20231200042,전통배추를 밀어내고 김치의 원료가 된 결구배추,"배추김치의 주재료인 배추는 조선시대까지 한양과 개성에서 자란 것이 유명했다. 이 배추는 배추잎이 절반정도 뭉친 반결구종으로, 무게는 결구종보다 적고 생육기간도 길었다. 임오군란 이후 중국인들이 한국땅에 살고 중국과 왕래하면서 중국의 결구배추가 들어오게 된다. 결구배추는 배추잎이 서로 감싸 완전히 뭉친 것인데 생육기간이 짧고 크기도 컸다. 일제강점기 반결구배추가 병충해에 시달리면서 결구종 배추가 보급되어 오늘날 김치를 만드는 배추는 결구종배추가 주를 이루게 되었다.",근대 신문으로 보는 음식,전통 음식과 식재료의 변화,,https://ncms.nculture.org/legacy/story/2831,근대-일제강점기(1910.8.22~1945.8.14),,,,,,덕천,20230101,"배추김치, 호배추, 결구배추",M,미디어 & 엔터테인먼트/음악 애호가/월드 뮤직 팬,49,49,20231230
20231200043,전통배추를 밀어내고 김치의 원료가 된 결구배추,"배추김치의 주재료인 배추는 조선시대까지 한양과 개성에서 자란 것이 유명했다. 이 배추는 배추잎이 절반정도 뭉친 반결구종으로, 무게는 결구종보다 적고 생육기간도 길었다. 임오군란 이후 중국인들이 한국땅에 살고 중국과 왕래하면서 중국의 결구배추가 들어오게 된다. 결구배추는 배추잎이 서로 감싸 완전히 뭉친 것인데 생육기간이 짧고 크기도 컸다. 일제강점기 반결구배추가 병충해에 시달리면서 결구종 배추가 보급되어 오늘날 김치를 만드는 배추는 결구종배추가 주를 이루게 되었다.",근대 신문으로 보는 음식,전통 음식과 식재료의 변화,,https://ncms.nculture.org/legacy/story/2831,근대-일제강점기(1910.8.22~1945.8.14),,,,,,덕천,20230101,"배추김치, 호배추, 결구배추",F,음식 & 다이닝/요리 매니아/셰프 지망생,49,47,20231230
20231200044,"일제강점기 한국의 우뭇가사리로 만든 일본 과자, 양갱","양갱은 중국에서 일본에 전해져 정착된 과자로 우뭇가사리를 냉동건조시킨 한천에 팥, 설탕 등을 넣고 쪄서 만든 과자다. 양갱은 일제강점기 조선에 들어와 지금도 팔릴만큼 한국인의 과자로 정착되었다. 양갱의 원료인 우뭇가사리는 일제강점기 본격적으로 한반도 바다에서 채취되었는데 우뭇가사리가 양갱 원료 이외에 의약품, 화장품 등의 원료로 쓰였기 때문이다. 일제강점기 우뭇가사리 채취는 주로 제주도 출신 해녀들이 담당하였다. 해방 후에도 한천은 계속 만들어져 주로 외국으로 수출되었다.",근대 신문으로 보는 음식,개항 이후 들어온 음식과 식재료,https://minio.nculture.org/amsweb-opt/multimedia_assets/233/14832/2431/c/14832-thumb.jpg,https://ncms.nculture.org/legacy/story/2876,근대-일제강점기(1910.8.22~1945.8.14),경상남도,밀양시,경상남도 밀양시 산내면 봉의로 58-31,35.591708,128.880929,,20230101,"양갱, 요깡, 우뭇가사리, 한천, 제주해녀, 나카오카제과, 해태제과합명회사",F,미디어 & 엔터테인먼트/TV 애호가,49,46,20231230
20231200045,"서울 최초의 근대 백화점, 미츠코시 백화점 경성지점","미츠코시 백화점 경성지점은 서울특별시에 세워진 최초의 근대식 백화점이다. 미츠코시 오복점이 1929년에 지점으로 승격되면서 본격적으로 백화점의 면모를 갖추게 되었다. 대형 백화점의 등장은 정찰제 판매, 박리다매 전략의 등장으로 우리나라 유통에 큰 변화를 불러왔다. 미츠코시 백화점은 일반 시민들에게 일상적인 공간으로 자리 잡았으나 이면에는 일제강점기 소비문화의 모순이 감춰져 있기도 했다. 현재는 서울특별시 중구 신세계백화점 본점 본관으로 사용되고 있다.",공간으로 읽는 근대문화 역사유산,"근대, 한반도에 발을 딛다",https://minio.nculture.org/amsweb-opt/multimedia_assets/125/85820/93650/c/%EA%B5%AC-%EB%AF%B8%EC%93%B0%EC%BD%94%EC%8B%9C-%EA%B2%BD%EC%84%B1%EC%A7%80%EC%A0%90-%281%29_rev-thumb.jpg,https://ncms.nculture.org/legacy/story/7134,근대-일제강점기(1910.8.22~1945.8.14),서울특별시,중구,서울특별시 중구 소공로 63,37.56091902,126.980979,신세계백화점 본점,20230101,"백화점, 미츠코시, 이상, 채만식",F,미디어 & 엔터테인먼트/TV 애호가,49,44,20231230
20231200046,"서울 최초의 근대 백화점, 미츠코시 백화점 경성지점","미츠코시 백화점 경성지점은 서울특별시에 세워진 최초의 근대식 백화점이다. 미츠코시 오복점이 1929년에 지점으로 승격되면서 본격적으로 백화점의 면모를 갖추게 되었다. 대형 백화점의 등장은 정찰제 판매, 박리다매 전략의 등장으로 우리나라 유통에 큰 변화를 불러왔다. 미츠코시 백화점은 일반 시민들에게 일상적인 공간으로 자리 잡았으나 이면에는 일제강점기 소비문화의 모순이 감춰져 있기도 했다. 현재는 서울특별시 중구 신세계백화점 본점 본관으로 사용되고 있다.",공간으로 읽는 근대문화 역사유산,"근대, 한반도에 발을 딛다",https://minio.nculture.org/amsweb-opt/multimedia_assets/125/85820/93650/c/%EA%B5%AC-%EB%AF%B8%EC%93%B0%EC%BD%94%EC%8B%9C-%EA%B2%BD%EC%84%B1%EC%A7%80%EC%A0%90-%281%29_rev-thumb.jpg,https://ncms.nculture.org/legacy/story/7134,근대-일제강점기(1910.8.22~1945.8.14),서울특별시,중구,서울특별시 중구 소공로 63,37.56091902,126.980979,신세계백화점 본점,20230101,"백화점, 미츠코시, 이상, 채만식",M,스포츠 & 피트니스/스포츠 팬,49,39,20231230
20231200047,"일제강점기 한국의 우뭇가사리로 만든 일본 과자, 양갱","양갱은 중국에서 일본에 전해져 정착된 과자로 우뭇가사리를 냉동건조시킨 한천에 팥, 설탕 등을 넣고 쪄서 만든 과자다. 양갱은 일제강점기 조선에 들어와 지금도 팔릴만큼 한국인의 과자로 정착되었다. 양갱의 원료인 우뭇가사리는 일제강점기 본격적으로 한반도 바다에서 채취되었는데 우뭇가사리가 양갱 원료 이외에 의약품, 화장품 등의 원료로 쓰였기 때문이다. 일제강점기 우뭇가사리 채취는 주로 제주도 출신 해녀들이 담당하였다. 해방 후에도 한천은 계속 만들어져 주로 외국으로 수출되었다.",근대 신문으로 보는 음식,개항 이후 들어온 음식과 식재료,https://minio.nculture.org/amsweb-opt/multimedia_assets/233/14832/2431/c/14832-thumb.jpg,https://ncms.nculture.org/legacy/story/2876,근대-일제강점기(1910.8.22~1945.8.14),경상남도,밀양시,경상남도 밀양시 산내면 봉의로 58-31,35.591708,128.880929,,20230101,"양갱, 요깡, 우뭇가사리, 한천, 제주해녀, 나카오카제과, 해태제과합명회사",F,뉴스 & 정치/열렬한 뉴스 독자/열렬한 비즈니스 뉴스 독자,48,45,20231230
20231200048,"일제강점기 한국의 우뭇가사리로 만든 일본 과자, 양갱","양갱은 중국에서 일본에 전해져 정착된 과자로 우뭇가사리를 냉동건조시킨 한천에 팥, 설탕 등을 넣고 쪄서 만든 과자다. 양갱은 일제강점기 조선에 들어와 지금도 팔릴만큼 한국인의 과자로 정착되었다. 양갱의 원료인 우뭇가사리는 일제강점기 본격적으로 한반도 바다에서 채취되었는데 우뭇가사리가 양갱 원료 이외에 의약품, 화장품 등의 원료로 쓰였기 때문이다. 일제강점기 우뭇가사리 채취는 주로 제주도 출신 해녀들이 담당하였다. 해방 후에도 한천은 계속 만들어져 주로 외국으로 수출되었다.",근대 신문으로 보는 음식,개항 이후 들어온 음식과 식재료,https://minio.nculture.org/amsweb-opt/multimedia_assets/233/14832/2431/c/14832-thumb.jpg,https://ncms.nculture.org/legacy/story/2876,근대-일제강점기(1910.8.22~1945.8.14),경상남도,밀양시,경상남도 밀양시 산내면 봉의로 58-31,35.591708,128.880929,,20230101,"양갱, 요깡, 우뭇가사리, 한천, 제주해녀, 나카오카제과, 해태제과합명회사",F,여행/여행 매니아,48,45,20231230
20231200049,전통배추를 밀어내고 김치의 원료가 된 결구배추,"배추김치의 주재료인 배추는 조선시대까지 한양과 개성에서 자란 것이 유명했다. 이 배추는 배추잎이 절반정도 뭉친 반결구종으로, 무게는 결구종보다 적고 생육기간도 길었다. 임오군란 이후 중국인들이 한국땅에 살고 중국과 왕래하면서 중국의 결구배추가 들어오게 된다. 결구배추는 배추잎이 서로 감싸 완전히 뭉친 것인데 생육기간이 짧고 크기도 컸다. 일제강점기 반결구배추가 병충해에 시달리면서 결구종 배추가 보급되어 오늘날 김치를 만드는 배추는 결구종배추가 주를 이루게 되었다.",근대 신문으로 보는 음식,전통 음식과 식재료의 변화,,https://ncms.nculture.org/legacy/story/2831,근대-일제강점기(1910.8.22~1945.8.14),,,,,,덕천,20230101,"배추김치, 호배추, 결구배추",F,미디어 & 엔터테인먼트/TV 대중 시청자,48,44,20231230
20231200050,전통배추를 밀어내고 김치의 원료가 된 결구배추,"배추김치의 주재료인 배추는 조선시대까지 한양과 개성에서 자란 것이 유명했다. 이 배추는 배추잎이 절반정도 뭉친 반결구종으로, 무게는 결구종보다 적고 생육기간도 길었다. 임오군란 이후 중국인들이 한국땅에 살고 중국과 왕래하면서 중국의 결구배추가 들어오게 된다. 결구배추는 배추잎이 서로 감싸 완전히 뭉친 것인데 생육기간이 짧고 크기도 컸다. 일제강점기 반결구배추가 병충해에 시달리면서 결구종 배추가 보급되어 오늘날 김치를 만드는 배추는 결구종배추가 주를 이루게 되었다.",근대 신문으로 보는 음식,전통 음식과 식재료의 변화,,https://ncms.nculture.org/legacy/story/2831,근대-일제강점기(1910.8.22~1945.8.14),,,,,,덕천,20230101,"배추김치, 호배추, 결구배추",F,미디어 & 엔터테인먼트/영화 애호가,48,44,20231230
20231200051,"서울 최초의 근대 백화점, 미츠코시 백화점 경성지점","미츠코시 백화점 경성지점은 서울특별시에 세워진 최초의 근대식 백화점이다. 미츠코시 오복점이 1929년에 지점으로 승격되면서 본격적으로 백화점의 면모를 갖추게 되었다. 대형 백화점의 등장은 정찰제 판매, 박리다매 전략의 등장으로 우리나라 유통에 큰 변화를 불러왔다. 미츠코시 백화점은 일반 시민들에게 일상적인 공간으로 자리 잡았으나 이면에는 일제강점기 소비문화의 모순이 감춰져 있기도 했다. 현재는 서울특별시 중구 신세계백화점 본점 본관으로 사용되고 있다.",공간으로 읽는 근대문화 역사유산,"근대, 한반도에 발을 딛다",https://minio.nculture.org/amsweb-opt/multimedia_assets/125/85820/93650/c/%EA%B5%AC-%EB%AF%B8%EC%93%B0%EC%BD%94%EC%8B%9C-%EA%B2%BD%EC%84%B1%EC%A7%80%EC%A0%90-%281%29_rev-thumb.jpg,https://ncms.nculture.org/legacy/story/7134,근대-일제강점기(1910.8.22~1945.8.14),서울특별시,중구,서울특별시 중구 소공로 63,37.56091902,126.980979,신세계백화점 본점,20230101,"백화점, 미츠코시, 이상, 채만식",M,스포츠 & 피트니스/스포츠 팬/야구 팬,47,44,20231230
20231200052,"서울 최초의 근대 백화점, 미츠코시 백화점 경성지점","미츠코시 백화점 경성지점은 서울특별시에 세워진 최초의 근대식 백화점이다. 미츠코시 오복점이 1929년에 지점으로 승격되면서 본격적으로 백화점의 면모를 갖추게 되었다. 대형 백화점의 등장은 정찰제 판매, 박리다매 전략의 등장으로 우리나라 유통에 큰 변화를 불러왔다. 미츠코시 백화점은 일반 시민들에게 일상적인 공간으로 자리 잡았으나 이면에는 일제강점기 소비문화의 모순이 감춰져 있기도 했다. 현재는 서울특별시 중구 신세계백화점 본점 본관으로 사용되고 있다.",공간으로 읽는 근대문화 역사유산,"근대, 한반도에 발을 딛다",https://minio.nculture.org/amsweb-opt/multimedia_assets/125/85820/93650/c/%EA%B5%AC-%EB%AF%B8%EC%93%B0%EC%BD%94%EC%8B%9C-%EA%B2%BD%EC%84%B1%EC%A7%80%EC%A0%90-%281%29_rev-thumb.jpg,https://ncms.nculture.org/legacy/story/7134,근대-일제강점기(1910.8.22~1945.8.14),서울특별시,중구,서울특별시 중구 소공로 63,37.56091902,126.980979,신세계백화점 본점,20230101,"백화점, 미츠코시, 이상, 채만식",F,테크놀로지/기술애호가,47,44,20231230
20231200053,전통배추를 밀어내고 김치의 원료가 된 결구배추,"배추김치의 주재료인 배추는 조선시대까지 한양과 개성에서 자란 것이 유명했다. 이 배추는 배추잎이 절반정도 뭉친 반결구종으로, 무게는 결구종보다 적고 생육기간도 길었다. 임오군란 이후 중국인들이 한국땅에 살고 중국과 왕래하면서 중국의 결구배추가 들어오게 된다. 결구배추는 배추잎이 서로 감싸 완전히 뭉친 것인데 생육기간이 짧고 크기도 컸다. 일제강점기 반결구배추가 병충해에 시달리면서 결구종 배추가 보급되어 오늘날 김치를 만드는 배추는 결구종배추가 주를 이루게 되었다.",근대 신문으로 보는 음식,전통 음식과 식재료의 변화,,https://ncms.nculture.org/legacy/story/2831,근대-일제강점기(1910.8.22~1945.8.14),,,,,,덕천,20230101,"배추김치, 호배추, 결구배추",F,뉴스 & 정치/열렬한 뉴스 독자/열렬한 정치 뉴스 독자,46,44,20231230
20231200054,"서울 최초의 근대 백화점, 미츠코시 백화점 경성지점","미츠코시 백화점 경성지점은 서울특별시에 세워진 최초의 근대식 백화점이다. 미츠코시 오복점이 1929년에 지점으로 승격되면서 본격적으로 백화점의 면모를 갖추게 되었다. 대형 백화점의 등장은 정찰제 판매, 박리다매 전략의 등장으로 우리나라 유통에 큰 변화를 불러왔다. 미츠코시 백화점은 일반 시민들에게 일상적인 공간으로 자리 잡았으나 이면에는 일제강점기 소비문화의 모순이 감춰져 있기도 했다. 현재는 서울특별시 중구 신세계백화점 본점 본관으로 사용되고 있다.",공간으로 읽는 근대문화 역사유산,"근대, 한반도에 발을 딛다",https://minio.nculture.org/amsweb-opt/multimedia_assets/125/85820/93650/c/%EA%B5%AC-%EB%AF%B8%EC%93%B0%EC%BD%94%EC%8B%9C-%EA%B2%BD%EC%84%B1%EC%A7%80%EC%A0%90-%281%29_rev-thumb.jpg,https://ncms.nculture.org/legacy/story/7134,근대-일제강점기(1910.8.22~1945.8.14),서울특별시,중구,서울특별시 중구 소공로 63,37.56091902,126.980979,신세계백화점 본점,20230101,"백화점, 미츠코시, 이상, 채만식",M,쇼핑객/쇼핑 애호가,46,41,20231230
20231200055,"서울 최초의 근대 백화점, 미츠코시 백화점 경성지점","미츠코시 백화점 경성지점은 서울특별시에 세워진 최초의 근대식 백화점이다. 미츠코시 오복점이 1929년에 지점으로 승격되면서 본격적으로 백화점의 면모를 갖추게 되었다. 대형 백화점의 등장은 정찰제 판매, 박리다매 전략의 등장으로 우리나라 유통에 큰 변화를 불러왔다. 미츠코시 백화점은 일반 시민들에게 일상적인 공간으로 자리 잡았으나 이면에는 일제강점기 소비문화의 모순이 감춰져 있기도 했다. 현재는 서울특별시 중구 신세계백화점 본점 본관으로 사용되고 있다.",공간으로 읽는 근대문화 역사유산,"근대, 한반도에 발을 딛다",https://minio.nculture.org/amsweb-opt/multimedia_assets/125/85820/93650/c/%EA%B5%AC-%EB%AF%B8%EC%93%B0%EC%BD%94%EC%8B%9C-%EA%B2%BD%EC%84%B1%EC%A7%80%EC%A0%90-%281%29_rev-thumb.jpg,https://ncms.nculture.org/legacy/story/7134,근대-일제강점기(1910.8.22~1945.8.14),서울특별시,중구,서울특별시 중구 소공로 63,37.56091902,126.980979,신세계백화점 본점,20230101,"백화점, 미츠코시, 이상, 채만식",F,미디어 & 엔터테인먼트/음악 애호가/팝 음악 팬,46,39,20231230
20231200056,"일제강점기 한국의 우뭇가사리로 만든 일본 과자, 양갱","양갱은 중국에서 일본에 전해져 정착된 과자로 우뭇가사리를 냉동건조시킨 한천에 팥, 설탕 등을 넣고 쪄서 만든 과자다. 양갱은 일제강점기 조선에 들어와 지금도 팔릴만큼 한국인의 과자로 정착되었다. 양갱의 원료인 우뭇가사리는 일제강점기 본격적으로 한반도 바다에서 채취되었는데 우뭇가사리가 양갱 원료 이외에 의약품, 화장품 등의 원료로 쓰였기 때문이다. 일제강점기 우뭇가사리 채취는 주로 제주도 출신 해녀들이 담당하였다. 해방 후에도 한천은 계속 만들어져 주로 외국으로 수출되었다.",근대 신문으로 보는 음식,개항 이후 들어온 음식과 식재료,https://minio.nculture.org/amsweb-opt/multimedia_assets/233/14832/2431/c/14832-thumb.jpg,https://ncms.nculture.org/legacy/story/2876,근대-일제강점기(1910.8.22~1945.8.14),경상남도,밀양시,경상남도 밀양시 산내면 봉의로 58-31,35.591708,128.880929,,20230101,"양갱, 요깡, 우뭇가사리, 한천, 제주해녀, 나카오카제과, 해태제과합명회사",F,미디어 & 엔터테인먼트/TV 애호가/드라마 팬,45,45,20231230
20231200057,전통배추를 밀어내고 김치의 원료가 된 결구배추,"배추김치의 주재료인 배추는 조선시대까지 한양과 개성에서 자란 것이 유명했다. 이 배추는 배추잎이 절반정도 뭉친 반결구종으로, 무게는 결구종보다 적고 생육기간도 길었다. 임오군란 이후 중국인들이 한국땅에 살고 중국과 왕래하면서 중국의 결구배추가 들어오게 된다. 결구배추는 배추잎이 서로 감싸 완전히 뭉친 것인데 생육기간이 짧고 크기도 컸다. 일제강점기 반결구배추가 병충해에 시달리면서 결구종 배추가 보급되어 오늘날 김치를 만드는 배추는 결구종배추가 주를 이루게 되었다.",근대 신문으로 보는 음식,전통 음식과 식재료의 변화,,https://ncms.nculture.org/legacy/story/2831,근대-일제강점기(1910.8.22~1945.8.14),,,,,,덕천,20230101,"배추김치, 호배추, 결구배추",M,은행 및 금융/열렬한 투자자,45,45,20231230
20231200058,"일제강점기 한국의 우뭇가사리로 만든 일본 과자, 양갱","양갱은 중국에서 일본에 전해져 정착된 과자로 우뭇가사리를 냉동건조시킨 한천에 팥, 설탕 등을 넣고 쪄서 만든 과자다. 양갱은 일제강점기 조선에 들어와 지금도 팔릴만큼 한국인의 과자로 정착되었다. 양갱의 원료인 우뭇가사리는 일제강점기 본격적으로 한반도 바다에서 채취되었는데 우뭇가사리가 양갱 원료 이외에 의약품, 화장품 등의 원료로 쓰였기 때문이다. 일제강점기 우뭇가사리 채취는 주로 제주도 출신 해녀들이 담당하였다. 해방 후에도 한천은 계속 만들어져 주로 외국으로 수출되었다.",근대 신문으로 보는 음식,개항 이후 들어온 음식과 식재료,https://minio.nculture.org/amsweb-opt/multimedia_assets/233/14832/2431/c/14832-thumb.jpg,https://ncms.nculture.org/legacy/story/2876,근대-일제강점기(1910.8.22~1945.8.14),경상남도,밀양시,경상남도 밀양시 산내면 봉의로 58-31,35.591708,128.880929,,20230101,"양갱, 요깡, 우뭇가사리, 한천, 제주해녀, 나카오카제과, 해태제과합명회사",F,미디어 & 엔터테인먼트/음악 애호가/팝 음악 팬,45,43,20231230
20231200059,"일제강점기 한국의 우뭇가사리로 만든 일본 과자, 양갱","양갱은 중국에서 일본에 전해져 정착된 과자로 우뭇가사리를 냉동건조시킨 한천에 팥, 설탕 등을 넣고 쪄서 만든 과자다. 양갱은 일제강점기 조선에 들어와 지금도 팔릴만큼 한국인의 과자로 정착되었다. 양갱의 원료인 우뭇가사리는 일제강점기 본격적으로 한반도 바다에서 채취되었는데 우뭇가사리가 양갱 원료 이외에 의약품, 화장품 등의 원료로 쓰였기 때문이다. 일제강점기 우뭇가사리 채취는 주로 제주도 출신 해녀들이 담당하였다. 해방 후에도 한천은 계속 만들어져 주로 외국으로 수출되었다.",근대 신문으로 보는 음식,개항 이후 들어온 음식과 식재료,https://minio.nculture.org/amsweb-opt/multimedia_assets/233/14832/2431/c/14832-thumb.jpg,https://ncms.nculture.org/legacy/story/2876,근대-일제강점기(1910.8.22~1945.8.14),경상남도,밀양시,경상남도 밀양시 산내면 봉의로 58-31,35.591708,128.880929,,20230101,"양갱, 요깡, 우뭇가사리, 한천, 제주해녀, 나카오카제과, 해태제과합명회사",M,뉴스 & 정치/열렬한 뉴스 독자/연예 뉴스 매니아,45,36,20231230
20231200060,전통배추를 밀어내고 김치의 원료가 된 결구배추,"배추김치의 주재료인 배추는 조선시대까지 한양과 개성에서 자란 것이 유명했다. 이 배추는 배추잎이 절반정도 뭉친 반결구종으로, 무게는 결구종보다 적고 생육기간도 길었다. 임오군란 이후 중국인들이 한국땅에 살고 중국과 왕래하면서 중국의 결구배추가 들어오게 된다. 결구배추는 배추잎이 서로 감싸 완전히 뭉친 것인데 생육기간이 짧고 크기도 컸다. 일제강점기 반결구배추가 병충해에 시달리면서 결구종 배추가 보급되어 오늘날 김치를 만드는 배추는 결구종배추가 주를 이루게 되었다.",근대 신문으로 보는 음식,전통 음식과 식재료의 변화,,https://ncms.nculture.org/legacy/story/2831,근대-일제강점기(1910.8.22~1945.8.14),,,,,,덕천,20230101,"배추김치, 호배추, 결구배추",M,미디어 & 엔터테인먼트/TV 애호가,44,44,20231230
20231200061,"서울 최초의 근대 백화점, 미츠코시 백화점 경성지점","미츠코시 백화점 경성지점은 서울특별시에 세워진 최초의 근대식 백화점이다. 미츠코시 오복점이 1929년에 지점으로 승격되면서 본격적으로 백화점의 면모를 갖추게 되었다. 대형 백화점의 등장은 정찰제 판매, 박리다매 전략의 등장으로 우리나라 유통에 큰 변화를 불러왔다. 미츠코시 백화점은 일반 시민들에게 일상적인 공간으로 자리 잡았으나 이면에는 일제강점기 소비문화의 모순이 감춰져 있기도 했다. 현재는 서울특별시 중구 신세계백화점 본점 본관으로 사용되고 있다.",공간으로 읽는 근대문화 역사유산,"근대, 한반도에 발을 딛다",https://minio.nculture.org/amsweb-opt/multimedia_assets/125/85820/93650/c/%EA%B5%AC-%EB%AF%B8%EC%93%B0%EC%BD%94%EC%8B%9C-%EA%B2%BD%EC%84%B1%EC%A7%80%EC%A0%90-%281%29_rev-thumb.jpg,https://ncms.nculture.org/legacy/story/7134,근대-일제강점기(1910.8.22~1945.8.14),서울특별시,중구,서울특별시 중구 소공로 63,37.56091902,126.980979,신세계백화점 본점,20230101,"백화점, 미츠코시, 이상, 채만식",M,음식 & 다이닝/요리 매니아,44,36,20231230
20231200062,"서울 최초의 근대 백화점, 미츠코시 백화점 경성지점","미츠코시 백화점 경성지점은 서울특별시에 세워진 최초의 근대식 백화점이다. 미츠코시 오복점이 1929년에 지점으로 승격되면서 본격적으로 백화점의 면모를 갖추게 되었다. 대형 백화점의 등장은 정찰제 판매, 박리다매 전략의 등장으로 우리나라 유통에 큰 변화를 불러왔다. 미츠코시 백화점은 일반 시민들에게 일상적인 공간으로 자리 잡았으나 이면에는 일제강점기 소비문화의 모순이 감춰져 있기도 했다. 현재는 서울특별시 중구 신세계백화점 본점 본관으로 사용되고 있다.",공간으로 읽는 근대문화 역사유산,"근대, 한반도에 발을 딛다",https://minio.nculture.org/amsweb-opt/multimedia_assets/125/85820/93650/c/%EA%B5%AC-%EB%AF%B8%EC%93%B0%EC%BD%94%EC%8B%9C-%EA%B2%BD%EC%84%B1%EC%A7%80%EC%A0%90-%281%29_rev-thumb.jpg,https://ncms.nculture.org/legacy/story/7134,근대-일제강점기(1910.8.22~1945.8.14),서울특별시,중구,서울특별시 중구 소공로 63,37.56091902,126.980979,신세계백화점 본점,20230101,"백화점, 미츠코시, 이상, 채만식",F,미디어 & 엔터테인먼트/TV 애호가/드라마 팬,43,41,20231230
20231200063,"누룩, 국가가 통제하다.",누룩은 곡식을 발효시켜 술로 만들 때 필요한 발효제이다. 전근대 시기 누룩은 주로 밀로 만들었는데 밀 농사를 지은 농민들이 부업으로 만들어 장에서 팔았다. 일제시대 대규모로 누룩을 제조하는 공장들이 출현하였는데 농촌에서 부업으로 만드는 누룩도 공존하였다. 1930년대 일제는 누룩 제조를 특정 공장에만 허가하고 전매권을 주었다. 다양하게 만들어지던 누룩은 국가에 의해 통제되었다.,근대 신문으로 보는 음식,전통 음식과 식재료의 변화,https://minio.nculture.org/amsweb-opt/multimedia_assets/202/25909/7566/c/25909-thumb.jpg,https://ncms.nculture.org/legacy/story/2727,근대-일제강점기(1910.8.22~1945.8.14),부산광역시,금정구,부산광역시 금정구 금성동 554-1 금정산성 막걸리 찾아가는 양조장,35.250417,129.056476,부산 산성마을,20230101,"곡자화시, 곡자제조장, 산성누룩, 재래종 밀",M,뉴스 & 정치/열렬한 뉴스 독자/연예 뉴스 매니아,43,27,20231230
20231200064,"서울 최초의 근대 백화점, 미츠코시 백화점 경성지점","미츠코시 백화점 경성지점은 서울특별시에 세워진 최초의 근대식 백화점이다. 미츠코시 오복점이 1929년에 지점으로 승격되면서 본격적으로 백화점의 면모를 갖추게 되었다. 대형 백화점의 등장은 정찰제 판매, 박리다매 전략의 등장으로 우리나라 유통에 큰 변화를 불러왔다. 미츠코시 백화점은 일반 시민들에게 일상적인 공간으로 자리 잡았으나 이면에는 일제강점기 소비문화의 모순이 감춰져 있기도 했다. 현재는 서울특별시 중구 신세계백화점 본점 본관으로 사용되고 있다.",공간으로 읽는 근대문화 역사유산,"근대, 한반도에 발을 딛다",https://minio.nculture.org/amsweb-opt/multimedia_assets/125/85820/93650/c/%EA%B5%AC-%EB%AF%B8%EC%93%B0%EC%BD%94%EC%8B%9C-%EA%B2%BD%EC%84%B1%EC%A7%80%EC%A0%90-%281%29_rev-thumb.jpg,https://ncms.nculture.org/legacy/story/7134,근대-일제강점기(1910.8.22~1945.8.14),서울특별시,중구,서울특별시 중구 소공로 63,37.56091902,126.980979,신세계백화점 본점,20230101,"백화점, 미츠코시, 이상, 채만식",F,라이프스타일 & 취미/예술과 연극 애호가,42,34,20231230
20231200065,"누룩, 국가가 통제하다.",누룩은 곡식을 발효시켜 술로 만들 때 필요한 발효제이다. 전근대 시기 누룩은 주로 밀로 만들었는데 밀 농사를 지은 농민들이 부업으로 만들어 장에서 팔았다. 일제시대 대규모로 누룩을 제조하는 공장들이 출현하였는데 농촌에서 부업으로 만드는 누룩도 공존하였다. 1930년대 일제는 누룩 제조를 특정 공장에만 허가하고 전매권을 주었다. 다양하게 만들어지던 누룩은 국가에 의해 통제되었다.,근대 신문으로 보는 음식,전통 음식과 식재료의 변화,https://minio.nculture.org/amsweb-opt/multimedia_assets/202/25909/7566/c/25909-thumb.jpg,https://ncms.nculture.org/legacy/story/2727,근대-일제강점기(1910.8.22~1945.8.14),부산광역시,금정구,부산광역시 금정구 금성동 554-1 금정산성 막걸리 찾아가는 양조장,35.250417,129.056476,부산 산성마을,20230101,"곡자화시, 곡자제조장, 산성누룩, 재래종 밀",M,은행 및 금융/열렬한 투자자,42,26,20231230
20231200066,전통배추를 밀어내고 김치의 원료가 된 결구배추,"배추김치의 주재료인 배추는 조선시대까지 한양과 개성에서 자란 것이 유명했다. 이 배추는 배추잎이 절반정도 뭉친 반결구종으로, 무게는 결구종보다 적고 생육기간도 길었다. 임오군란 이후 중국인들이 한국땅에 살고 중국과 왕래하면서 중국의 결구배추가 들어오게 된다. 결구배추는 배추잎이 서로 감싸 완전히 뭉친 것인데 생육기간이 짧고 크기도 컸다. 일제강점기 반결구배추가 병충해에 시달리면서 결구종 배추가 보급되어 오늘날 김치를 만드는 배추는 결구종배추가 주를 이루게 되었다.",근대 신문으로 보는 음식,전통 음식과 식재료의 변화,,https://ncms.nculture.org/legacy/story/2831,근대-일제강점기(1910.8.22~1945.8.14),,,,,,덕천,20230101,"배추김치, 호배추, 결구배추",F,은행 및 금융/열렬한 투자자,41,39,20231230
20231200067,"일제강점기 한국의 우뭇가사리로 만든 일본 과자, 양갱","양갱은 중국에서 일본에 전해져 정착된 과자로 우뭇가사리를 냉동건조시킨 한천에 팥, 설탕 등을 넣고 쪄서 만든 과자다. 양갱은 일제강점기 조선에 들어와 지금도 팔릴만큼 한국인의 과자로 정착되었다. 양갱의 원료인 우뭇가사리는 일제강점기 본격적으로 한반도 바다에서 채취되었는데 우뭇가사리가 양갱 원료 이외에 의약품, 화장품 등의 원료로 쓰였기 때문이다. 일제강점기 우뭇가사리 채취는 주로 제주도 출신 해녀들이 담당하였다. 해방 후에도 한천은 계속 만들어져 주로 외국으로 수출되었다.",근대 신문으로 보는 음식,개항 이후 들어온 음식과 식재료,https://minio.nculture.org/amsweb-opt/multimedia_assets/233/14832/2431/c/14832-thumb.jpg,https://ncms.nculture.org/legacy/story/2876,근대-일제강점기(1910.8.22~1945.8.14),경상남도,밀양시,경상남도 밀양시 산내면 봉의로 58-31,35.591708,128.880929,,20230101,"양갱, 요깡, 우뭇가사리, 한천, 제주해녀, 나카오카제과, 해태제과합명회사",F,음식 & 다이닝/식도락가,41,38,20231230
20231200068,"일제강점기 한국의 우뭇가사리로 만든 일본 과자, 양갱","양갱은 중국에서 일본에 전해져 정착된 과자로 우뭇가사리를 냉동건조시킨 한천에 팥, 설탕 등을 넣고 쪄서 만든 과자다. 양갱은 일제강점기 조선에 들어와 지금도 팔릴만큼 한국인의 과자로 정착되었다. 양갱의 원료인 우뭇가사리는 일제강점기 본격적으로 한반도 바다에서 채취되었는데 우뭇가사리가 양갱 원료 이외에 의약품, 화장품 등의 원료로 쓰였기 때문이다. 일제강점기 우뭇가사리 채취는 주로 제주도 출신 해녀들이 담당하였다. 해방 후에도 한천은 계속 만들어져 주로 외국으로 수출되었다.",근대 신문으로 보는 음식,개항 이후 들어온 음식과 식재료,https://minio.nculture.org/amsweb-opt/multimedia_assets/233/14832/2431/c/14832-thumb.jpg,https://ncms.nculture.org/legacy/story/2876,근대-일제강점기(1910.8.22~1945.8.14),경상남도,밀양시,경상남도 밀양시 산내면 봉의로 58-31,35.591708,128.880929,,20230101,"양갱, 요깡, 우뭇가사리, 한천, 제주해녀, 나카오카제과, 해태제과합명회사",M,뉴스 & 정치/열렬한 뉴스 독자/열렬한 정치 뉴스 독자,41,31,20231230
20231200069,"누룩, 국가가 통제하다.",누룩은 곡식을 발효시켜 술로 만들 때 필요한 발효제이다. 전근대 시기 누룩은 주로 밀로 만들었는데 밀 농사를 지은 농민들이 부업으로 만들어 장에서 팔았다. 일제시대 대규모로 누룩을 제조하는 공장들이 출현하였는데 농촌에서 부업으로 만드는 누룩도 공존하였다. 1930년대 일제는 누룩 제조를 특정 공장에만 허가하고 전매권을 주었다. 다양하게 만들어지던 누룩은 국가에 의해 통제되었다.,근대 신문으로 보는 음식,전통 음식과 식재료의 변화,https://minio.nculture.org/amsweb-opt/multimedia_assets/202/25909/7566/c/25909-thumb.jpg,https://ncms.nculture.org/legacy/story/2727,근대-일제강점기(1910.8.22~1945.8.14),부산광역시,금정구,부산광역시 금정구 금성동 554-1 금정산성 막걸리 찾아가는 양조장,35.250417,129.056476,부산 산성마을,20230101,"곡자화시, 곡자제조장, 산성누룩, 재래종 밀",M,뉴스 & 정치/열렬한 뉴스 독자/열렬한 정치 뉴스 독자,41,25,20231230
20231200070,"서울 최초의 근대 백화점, 미츠코시 백화점 경성지점","미츠코시 백화점 경성지점은 서울특별시에 세워진 최초의 근대식 백화점이다. 미츠코시 오복점이 1929년에 지점으로 승격되면서 본격적으로 백화점의 면모를 갖추게 되었다. 대형 백화점의 등장은 정찰제 판매, 박리다매 전략의 등장으로 우리나라 유통에 큰 변화를 불러왔다. 미츠코시 백화점은 일반 시민들에게 일상적인 공간으로 자리 잡았으나 이면에는 일제강점기 소비문화의 모순이 감춰져 있기도 했다. 현재는 서울특별시 중구 신세계백화점 본점 본관으로 사용되고 있다.",공간으로 읽는 근대문화 역사유산,"근대, 한반도에 발을 딛다",https://minio.nculture.org/amsweb-opt/multimedia_assets/125/85820/93650/c/%EA%B5%AC-%EB%AF%B8%EC%93%B0%EC%BD%94%EC%8B%9C-%EA%B2%BD%EC%84%B1%EC%A7%80%EC%A0%90-%281%29_rev-thumb.jpg,https://ncms.nculture.org/legacy/story/7134,근대-일제강점기(1910.8.22~1945.8.14),서울특별시,중구,서울특별시 중구 소공로 63,37.56091902,126.980979,신세계백화점 본점,20230101,"백화점, 미츠코시, 이상, 채만식",M,음식 & 다이닝/식도락가,40,36,20231230
20231200071,"일제강점기 한국의 우뭇가사리로 만든 일본 과자, 양갱","양갱은 중국에서 일본에 전해져 정착된 과자로 우뭇가사리를 냉동건조시킨 한천에 팥, 설탕 등을 넣고 쪄서 만든 과자다. 양갱은 일제강점기 조선에 들어와 지금도 팔릴만큼 한국인의 과자로 정착되었다. 양갱의 원료인 우뭇가사리는 일제강점기 본격적으로 한반도 바다에서 채취되었는데 우뭇가사리가 양갱 원료 이외에 의약품, 화장품 등의 원료로 쓰였기 때문이다. 일제강점기 우뭇가사리 채취는 주로 제주도 출신 해녀들이 담당하였다. 해방 후에도 한천은 계속 만들어져 주로 외국으로 수출되었다.",근대 신문으로 보는 음식,개항 이후 들어온 음식과 식재료,https://minio.nculture.org/amsweb-opt/multimedia_assets/233/14832/2431/c/14832-thumb.jpg,https://ncms.nculture.org/legacy/story/2876,근대-일제강점기(1910.8.22~1945.8.14),경상남도,밀양시,경상남도 밀양시 산내면 봉의로 58-31,35.591708,128.880929,,20230101,"양갱, 요깡, 우뭇가사리, 한천, 제주해녀, 나카오카제과, 해태제과합명회사",M,미디어 & 엔터테인먼트/영화 애호가,40,31,20231230
20231200072,"서울 최초의 근대 백화점, 미츠코시 백화점 경성지점","미츠코시 백화점 경성지점은 서울특별시에 세워진 최초의 근대식 백화점이다. 미츠코시 오복점이 1929년에 지점으로 승격되면서 본격적으로 백화점의 면모를 갖추게 되었다. 대형 백화점의 등장은 정찰제 판매, 박리다매 전략의 등장으로 우리나라 유통에 큰 변화를 불러왔다. 미츠코시 백화점은 일반 시민들에게 일상적인 공간으로 자리 잡았으나 이면에는 일제강점기 소비문화의 모순이 감춰져 있기도 했다. 현재는 서울특별시 중구 신세계백화점 본점 본관으로 사용되고 있다.",공간으로 읽는 근대문화 역사유산,"근대, 한반도에 발을 딛다",https://minio.nculture.org/amsweb-opt/multimedia_assets/125/85820/93650/c/%EA%B5%AC-%EB%AF%B8%EC%93%B0%EC%BD%94%EC%8B%9C-%EA%B2%BD%EC%84%B1%EC%A7%80%EC%A0%90-%281%29_rev-thumb.jpg,https://ncms.nculture.org/legacy/story/7134,근대-일제강점기(1910.8.22~1945.8.14),서울특별시,중구,서울특별시 중구 소공로 63,37.56091902,126.980979,신세계백화점 본점,20230101,"백화점, 미츠코시, 이상, 채만식",M,미디어 & 엔터테인먼트/게이머,40,30,20231230
20231200073,"서울 최초의 근대 백화점, 미츠코시 백화점 경성지점","미츠코시 백화점 경성지점은 서울특별시에 세워진 최초의 근대식 백화점이다. 미츠코시 오복점이 1929년에 지점으로 승격되면서 본격적으로 백화점의 면모를 갖추게 되었다. 대형 백화점의 등장은 정찰제 판매, 박리다매 전략의 등장으로 우리나라 유통에 큰 변화를 불러왔다. 미츠코시 백화점은 일반 시민들에게 일상적인 공간으로 자리 잡았으나 이면에는 일제강점기 소비문화의 모순이 감춰져 있기도 했다. 현재는 서울특별시 중구 신세계백화점 본점 본관으로 사용되고 있다.",공간으로 읽는 근대문화 역사유산,"근대, 한반도에 발을 딛다",https://minio.nculture.org/amsweb-opt/multimedia_assets/125/85820/93650/c/%EA%B5%AC-%EB%AF%B8%EC%93%B0%EC%BD%94%EC%8B%9C-%EA%B2%BD%EC%84%B1%EC%A7%80%EC%A0%90-%281%29_rev-thumb.jpg,https://ncms.nculture.org/legacy/story/7134,근대-일제강점기(1910.8.22~1945.8.14),서울특별시,중구,서울특별시 중구 소공로 63,37.56091902,126.980979,신세계백화점 본점,20230101,"백화점, 미츠코시, 이상, 채만식",F,스포츠 & 피트니스/스포츠 팬/축구 팬,39,35,20231230
20231200074,"누룩, 국가가 통제하다.",누룩은 곡식을 발효시켜 술로 만들 때 필요한 발효제이다. 전근대 시기 누룩은 주로 밀로 만들었는데 밀 농사를 지은 농민들이 부업으로 만들어 장에서 팔았다. 일제시대 대규모로 누룩을 제조하는 공장들이 출현하였는데 농촌에서 부업으로 만드는 누룩도 공존하였다. 1930년대 일제는 누룩 제조를 특정 공장에만 허가하고 전매권을 주었다. 다양하게 만들어지던 누룩은 국가에 의해 통제되었다.,근대 신문으로 보는 음식,전통 음식과 식재료의 변화,https://minio.nculture.org/amsweb-opt/multimedia_assets/202/25909/7566/c/25909-thumb.jpg,https://ncms.nculture.org/legacy/story/2727,근대-일제강점기(1910.8.22~1945.8.14),부산광역시,금정구,부산광역시 금정구 금성동 554-1 금정산성 막걸리 찾아가는 양조장,35.250417,129.056476,부산 산성마을,20230101,"곡자화시, 곡자제조장, 산성누룩, 재래종 밀",F,뉴스 & 정치/열렬한 뉴스 독자/연예 뉴스 매니아,39,34,20231230
20231200075,"일제강점기 한국의 우뭇가사리로 만든 일본 과자, 양갱","양갱은 중국에서 일본에 전해져 정착된 과자로 우뭇가사리를 냉동건조시킨 한천에 팥, 설탕 등을 넣고 쪄서 만든 과자다. 양갱은 일제강점기 조선에 들어와 지금도 팔릴만큼 한국인의 과자로 정착되었다. 양갱의 원료인 우뭇가사리는 일제강점기 본격적으로 한반도 바다에서 채취되었는데 우뭇가사리가 양갱 원료 이외에 의약품, 화장품 등의 원료로 쓰였기 때문이다. 일제강점기 우뭇가사리 채취는 주로 제주도 출신 해녀들이 담당하였다. 해방 후에도 한천은 계속 만들어져 주로 외국으로 수출되었다.",근대 신문으로 보는 음식,개항 이후 들어온 음식과 식재료,https://minio.nculture.org/amsweb-opt/multimedia_assets/233/14832/2431/c/14832-thumb.jpg,https://ncms.nculture.org/legacy/story/2876,근대-일제강점기(1910.8.22~1945.8.14),경상남도,밀양시,경상남도 밀양시 산내면 봉의로 58-31,35.591708,128.880929,,20230101,"양갱, 요깡, 우뭇가사리, 한천, 제주해녀, 나카오카제과, 해태제과합명회사",M,미디어 & 엔터테인먼트/TV 대중 시청자,39,30,20231230
20231200076,"일제강점기 한국의 우뭇가사리로 만든 일본 과자, 양갱","양갱은 중국에서 일본에 전해져 정착된 과자로 우뭇가사리를 냉동건조시킨 한천에 팥, 설탕 등을 넣고 쪄서 만든 과자다. 양갱은 일제강점기 조선에 들어와 지금도 팔릴만큼 한국인의 과자로 정착되었다. 양갱의 원료인 우뭇가사리는 일제강점기 본격적으로 한반도 바다에서 채취되었는데 우뭇가사리가 양갱 원료 이외에 의약품, 화장품 등의 원료로 쓰였기 때문이다. 일제강점기 우뭇가사리 채취는 주로 제주도 출신 해녀들이 담당하였다. 해방 후에도 한천은 계속 만들어져 주로 외국으로 수출되었다.",근대 신문으로 보는 음식,개항 이후 들어온 음식과 식재료,https://minio.nculture.org/amsweb-opt/multimedia_assets/233/14832/2431/c/14832-thumb.jpg,https://ncms.nculture.org/legacy/story/2876,근대-일제강점기(1910.8.22~1945.8.14),경상남도,밀양시,경상남도 밀양시 산내면 봉의로 58-31,35.591708,128.880929,,20230101,"양갱, 요깡, 우뭇가사리, 한천, 제주해녀, 나카오카제과, 해태제과합명회사",M,미디어 & 엔터테인먼트/TV 애호가,39,30,20231230
20231200077,전통배추를 밀어내고 김치의 원료가 된 결구배추,"배추김치의 주재료인 배추는 조선시대까지 한양과 개성에서 자란 것이 유명했다. 이 배추는 배추잎이 절반정도 뭉친 반결구종으로, 무게는 결구종보다 적고 생육기간도 길었다. 임오군란 이후 중국인들이 한국땅에 살고 중국과 왕래하면서 중국의 결구배추가 들어오게 된다. 결구배추는 배추잎이 서로 감싸 완전히 뭉친 것인데 생육기간이 짧고 크기도 컸다. 일제강점기 반결구배추가 병충해에 시달리면서 결구종 배추가 보급되어 오늘날 김치를 만드는 배추는 결구종배추가 주를 이루게 되었다.",근대 신문으로 보는 음식,전통 음식과 식재료의 변화,,https://ncms.nculture.org/legacy/story/2831,근대-일제강점기(1910.8.22~1945.8.14),,,,,,덕천,20230101,"배추김치, 호배추, 결구배추",M,뉴스 & 정치/열렬한 뉴스 독자/열렬한 비즈니스 뉴스 독자,38,38,20231230
20231200078,"서울 최초의 근대 백화점, 미츠코시 백화점 경성지점","미츠코시 백화점 경성지점은 서울특별시에 세워진 최초의 근대식 백화점이다. 미츠코시 오복점이 1929년에 지점으로 승격되면서 본격적으로 백화점의 면모를 갖추게 되었다. 대형 백화점의 등장은 정찰제 판매, 박리다매 전략의 등장으로 우리나라 유통에 큰 변화를 불러왔다. 미츠코시 백화점은 일반 시민들에게 일상적인 공간으로 자리 잡았으나 이면에는 일제강점기 소비문화의 모순이 감춰져 있기도 했다. 현재는 서울특별시 중구 신세계백화점 본점 본관으로 사용되고 있다.",공간으로 읽는 근대문화 역사유산,"근대, 한반도에 발을 딛다",https://minio.nculture.org/amsweb-opt/multimedia_assets/125/85820/93650/c/%EA%B5%AC-%EB%AF%B8%EC%93%B0%EC%BD%94%EC%8B%9C-%EA%B2%BD%EC%84%B1%EC%A7%80%EC%A0%90-%281%29_rev-thumb.jpg,https://ncms.nculture.org/legacy/story/7134,근대-일제강점기(1910.8.22~1945.8.14),서울특별시,중구,서울특별시 중구 소공로 63,37.56091902,126.980979,신세계백화점 본점,20230101,"백화점, 미츠코시, 이상, 채만식",F,미디어 & 엔터테인먼트/독서가,38,37,20231230
20231200079,"서울 최초의 근대 백화점, 미츠코시 백화점 경성지점","미츠코시 백화점 경성지점은 서울특별시에 세워진 최초의 근대식 백화점이다. 미츠코시 오복점이 1929년에 지점으로 승격되면서 본격적으로 백화점의 면모를 갖추게 되었다. 대형 백화점의 등장은 정찰제 판매, 박리다매 전략의 등장으로 우리나라 유통에 큰 변화를 불러왔다. 미츠코시 백화점은 일반 시민들에게 일상적인 공간으로 자리 잡았으나 이면에는 일제강점기 소비문화의 모순이 감춰져 있기도 했다. 현재는 서울특별시 중구 신세계백화점 본점 본관으로 사용되고 있다.",공간으로 읽는 근대문화 역사유산,"근대, 한반도에 발을 딛다",https://minio.nculture.org/amsweb-opt/multimedia_assets/125/85820/93650/c/%EA%B5%AC-%EB%AF%B8%EC%93%B0%EC%BD%94%EC%8B%9C-%EA%B2%BD%EC%84%B1%EC%A7%80%EC%A0%90-%281%29_rev-thumb.jpg,https://ncms.nculture.org/legacy/story/7134,근대-일제강점기(1910.8.22~1945.8.14),서울특별시,중구,서울특별시 중구 소공로 63,37.56091902,126.980979,신세계백화점 본점,20230101,"백화점, 미츠코시, 이상, 채만식",F,음식 & 다이닝/요리 매니아/셰프 지망생,38,34,20231230
20231200080,"서울 최초의 근대 백화점, 미츠코시 백화점 경성지점","미츠코시 백화점 경성지점은 서울특별시에 세워진 최초의 근대식 백화점이다. 미츠코시 오복점이 1929년에 지점으로 승격되면서 본격적으로 백화점의 면모를 갖추게 되었다. 대형 백화점의 등장은 정찰제 판매, 박리다매 전략의 등장으로 우리나라 유통에 큰 변화를 불러왔다. 미츠코시 백화점은 일반 시민들에게 일상적인 공간으로 자리 잡았으나 이면에는 일제강점기 소비문화의 모순이 감춰져 있기도 했다. 현재는 서울특별시 중구 신세계백화점 본점 본관으로 사용되고 있다.",공간으로 읽는 근대문화 역사유산,"근대, 한반도에 발을 딛다",https://minio.nculture.org/amsweb-opt/multimedia_assets/125/85820/93650/c/%EA%B5%AC-%EB%AF%B8%EC%93%B0%EC%BD%94%EC%8B%9C-%EA%B2%BD%EC%84%B1%EC%A7%80%EC%A0%90-%281%29_rev-thumb.jpg,https://ncms.nculture.org/legacy/story/7134,근대-일제강점기(1910.8.22~1945.8.14),서울특별시,중구,서울특별시 중구 소공로 63,37.56091902,126.980979,신세계백화점 본점,20230101,"백화점, 미츠코시, 이상, 채만식",M,라이프스타일 & 취미/예술과 연극 애호가,38,28,20231230
20231200081,우리나라 최초의 철근 콘크리트 다리  - 강원 화천 꺼먹다리,"일제강점기 말에 건설된 화천댐과 더불어 만들어진 꺼먹다리는 화천군 간동면 구만리와 화천읍 대이리를 잇는 우리나라 최초의 철근 콘크리트 교량이다. 나무로 된 상판에 검은색 콜타르를 칠한 모습에서 꺼먹다리라는 이름이 붙었다. 1940년대에 일제가 교각을 세웠고, 해방 후에는 화천지역에서 군정을 실시했던 소련이 철골을 올렸으며, 한국전쟁 당시에 남한이 다리 상판을 얹어 뜻하지 않게 3국 합작품이 된 묘한 이력을 가지고 있다. 한국전쟁 당시 파로호 전투로 인해 꺼먹다리에는 아직도 포탄과 총탄 흔적이 남아있다. 당시 전투에서 국군, 유엔군, 북한군, 중공군을 모두 합해 10만여 명이 전사했다. 수많은 전투를 치렀음에도 불구하고 건립 당시의 원형을 비교적 잘 보전하고 있는 꺼먹다리는 산업과 교량의 역사 연구에 중요한 자료로 평가된다. 다리에는 군 입대를 앞둔 남자와 그 애인이 다리 양끝에서 출발해 한가운데서 만나면 남자가 군복무를 마칠 때까지 여자가 ‘고무신을 거꾸로 신지 않는다’는 이야기가 전해지고 있다.",공간으로 읽는 근대문화 역사유산,근대를 떠받친 토목시설과 광산,,https://ncms.nculture.org/legacy/story/1016,근대-일제강점기(1910.8.22~1945.8.14),강원특별자치도,화천군,"강원도 화천군 화천읍 평화로 656 외 1필지, 간동면 구만리 산9-1",38.10342519,127.761732,파로호,20230101,"화천댐, 화천수력발전소, 파로호, 파로호전투, 대붕호, 구만리, 처녀고개, 화천전투",M,뉴스 & 정치/열렬한 뉴스 독자/연예 뉴스 매니아,38,25,20231230
20231200082,"누룩, 국가가 통제하다.",누룩은 곡식을 발효시켜 술로 만들 때 필요한 발효제이다. 전근대 시기 누룩은 주로 밀로 만들었는데 밀 농사를 지은 농민들이 부업으로 만들어 장에서 팔았다. 일제시대 대규모로 누룩을 제조하는 공장들이 출현하였는데 농촌에서 부업으로 만드는 누룩도 공존하였다. 1930년대 일제는 누룩 제조를 특정 공장에만 허가하고 전매권을 주었다. 다양하게 만들어지던 누룩은 국가에 의해 통제되었다.,근대 신문으로 보는 음식,전통 음식과 식재료의 변화,https://minio.nculture.org/amsweb-opt/multimedia_assets/202/25909/7566/c/25909-thumb.jpg,https://ncms.nculture.org/legacy/story/2727,근대-일제강점기(1910.8.22~1945.8.14),부산광역시,금정구,부산광역시 금정구 금성동 554-1 금정산성 막걸리 찾아가는 양조장,35.250417,129.056476,부산 산성마을,20230101,"곡자화시, 곡자제조장, 산성누룩, 재래종 밀",M,뉴스 & 정치/열렬한 뉴스 독자/열렬한 비즈니스 뉴스 독자,38,23,20231230
20231200083,"일제강점기 한국의 우뭇가사리로 만든 일본 과자, 양갱","양갱은 중국에서 일본에 전해져 정착된 과자로 우뭇가사리를 냉동건조시킨 한천에 팥, 설탕 등을 넣고 쪄서 만든 과자다. 양갱은 일제강점기 조선에 들어와 지금도 팔릴만큼 한국인의 과자로 정착되었다. 양갱의 원료인 우뭇가사리는 일제강점기 본격적으로 한반도 바다에서 채취되었는데 우뭇가사리가 양갱 원료 이외에 의약품, 화장품 등의 원료로 쓰였기 때문이다. 일제강점기 우뭇가사리 채취는 주로 제주도 출신 해녀들이 담당하였다. 해방 후에도 한천은 계속 만들어져 주로 외국으로 수출되었다.",근대 신문으로 보는 음식,개항 이후 들어온 음식과 식재료,https://minio.nculture.org/amsweb-opt/multimedia_assets/233/14832/2431/c/14832-thumb.jpg,https://ncms.nculture.org/legacy/story/2876,근대-일제강점기(1910.8.22~1945.8.14),경상남도,밀양시,경상남도 밀양시 산내면 봉의로 58-31,35.591708,128.880929,,20230101,"양갱, 요깡, 우뭇가사리, 한천, 제주해녀, 나카오카제과, 해태제과합명회사",F,스포츠 & 피트니스/스포츠 팬/축구 팬,37,36,20231230
20231200084,전통배추를 밀어내고 김치의 원료가 된 결구배추,"배추김치의 주재료인 배추는 조선시대까지 한양과 개성에서 자란 것이 유명했다. 이 배추는 배추잎이 절반정도 뭉친 반결구종으로, 무게는 결구종보다 적고 생육기간도 길었다. 임오군란 이후 중국인들이 한국땅에 살고 중국과 왕래하면서 중국의 결구배추가 들어오게 된다. 결구배추는 배추잎이 서로 감싸 완전히 뭉친 것인데 생육기간이 짧고 크기도 컸다. 일제강점기 반결구배추가 병충해에 시달리면서 결구종 배추가 보급되어 오늘날 김치를 만드는 배추는 결구종배추가 주를 이루게 되었다.",근대 신문으로 보는 음식,전통 음식과 식재료의 변화,,https://ncms.nculture.org/legacy/story/2831,근대-일제강점기(1910.8.22~1945.8.14),,,,,,덕천,20230101,"배추김치, 호배추, 결구배추",F,스포츠 & 피트니스/건강 및 피트니스,37,35,20231230
20231200085,"서울 최초의 근대 백화점, 미츠코시 백화점 경성지점","미츠코시 백화점 경성지점은 서울특별시에 세워진 최초의 근대식 백화점이다. 미츠코시 오복점이 1929년에 지점으로 승격되면서 본격적으로 백화점의 면모를 갖추게 되었다. 대형 백화점의 등장은 정찰제 판매, 박리다매 전략의 등장으로 우리나라 유통에 큰 변화를 불러왔다. 미츠코시 백화점은 일반 시민들에게 일상적인 공간으로 자리 잡았으나 이면에는 일제강점기 소비문화의 모순이 감춰져 있기도 했다. 현재는 서울특별시 중구 신세계백화점 본점 본관으로 사용되고 있다.",공간으로 읽는 근대문화 역사유산,"근대, 한반도에 발을 딛다",https://minio.nculture.org/amsweb-opt/multimedia_assets/125/85820/93650/c/%EA%B5%AC-%EB%AF%B8%EC%93%B0%EC%BD%94%EC%8B%9C-%EA%B2%BD%EC%84%B1%EC%A7%80%EC%A0%90-%281%29_rev-thumb.jpg,https://ncms.nculture.org/legacy/story/7134,근대-일제강점기(1910.8.22~1945.8.14),서울특별시,중구,서울특별시 중구 소공로 63,37.56091902,126.980979,신세계백화점 본점,20230101,"백화점, 미츠코시, 이상, 채만식",M,미디어 & 엔터테인먼트/독서가,37,33,20231230
20231200086,"일제강점기 한국의 우뭇가사리로 만든 일본 과자, 양갱","양갱은 중국에서 일본에 전해져 정착된 과자로 우뭇가사리를 냉동건조시킨 한천에 팥, 설탕 등을 넣고 쪄서 만든 과자다. 양갱은 일제강점기 조선에 들어와 지금도 팔릴만큼 한국인의 과자로 정착되었다. 양갱의 원료인 우뭇가사리는 일제강점기 본격적으로 한반도 바다에서 채취되었는데 우뭇가사리가 양갱 원료 이외에 의약품, 화장품 등의 원료로 쓰였기 때문이다. 일제강점기 우뭇가사리 채취는 주로 제주도 출신 해녀들이 담당하였다. 해방 후에도 한천은 계속 만들어져 주로 외국으로 수출되었다.",근대 신문으로 보는 음식,개항 이후 들어온 음식과 식재료,https://minio.nculture.org/amsweb-opt/multimedia_assets/233/14832/2431/c/14832-thumb.jpg,https://ncms.nculture.org/legacy/story/2876,근대-일제강점기(1910.8.22~1945.8.14),경상남도,밀양시,경상남도 밀양시 산내면 봉의로 58-31,35.591708,128.880929,,20230101,"양갱, 요깡, 우뭇가사리, 한천, 제주해녀, 나카오카제과, 해태제과합명회사",F,테크놀로지/기술애호가,37,32,20231230
20231200087,"일제강점기 한국의 우뭇가사리로 만든 일본 과자, 양갱","양갱은 중국에서 일본에 전해져 정착된 과자로 우뭇가사리를 냉동건조시킨 한천에 팥, 설탕 등을 넣고 쪄서 만든 과자다. 양갱은 일제강점기 조선에 들어와 지금도 팔릴만큼 한국인의 과자로 정착되었다. 양갱의 원료인 우뭇가사리는 일제강점기 본격적으로 한반도 바다에서 채취되었는데 우뭇가사리가 양갱 원료 이외에 의약품, 화장품 등의 원료로 쓰였기 때문이다. 일제강점기 우뭇가사리 채취는 주로 제주도 출신 해녀들이 담당하였다. 해방 후에도 한천은 계속 만들어져 주로 외국으로 수출되었다.",근대 신문으로 보는 음식,개항 이후 들어온 음식과 식재료,https://minio.nculture.org/amsweb-opt/multimedia_assets/233/14832/2431/c/14832-thumb.jpg,https://ncms.nculture.org/legacy/story/2876,근대-일제강점기(1910.8.22~1945.8.14),경상남도,밀양시,경상남도 밀양시 산내면 봉의로 58-31,35.591708,128.880929,,20230101,"양갱, 요깡, 우뭇가사리, 한천, 제주해녀, 나카오카제과, 해태제과합명회사",M,스포츠 & 피트니스/스포츠 팬/축구 팬,37,28,20231230
20231200088,"일제강점기 한국의 우뭇가사리로 만든 일본 과자, 양갱","양갱은 중국에서 일본에 전해져 정착된 과자로 우뭇가사리를 냉동건조시킨 한천에 팥, 설탕 등을 넣고 쪄서 만든 과자다. 양갱은 일제강점기 조선에 들어와 지금도 팔릴만큼 한국인의 과자로 정착되었다. 양갱의 원료인 우뭇가사리는 일제강점기 본격적으로 한반도 바다에서 채취되었는데 우뭇가사리가 양갱 원료 이외에 의약품, 화장품 등의 원료로 쓰였기 때문이다. 일제강점기 우뭇가사리 채취는 주로 제주도 출신 해녀들이 담당하였다. 해방 후에도 한천은 계속 만들어져 주로 외국으로 수출되었다.",근대 신문으로 보는 음식,개항 이후 들어온 음식과 식재료,https://minio.nculture.org/amsweb-opt/multimedia_assets/233/14832/2431/c/14832-thumb.jpg,https://ncms.nculture.org/legacy/story/2876,근대-일제강점기(1910.8.22~1945.8.14),경상남도,밀양시,경상남도 밀양시 산내면 봉의로 58-31,35.591708,128.880929,,20230101,"양갱, 요깡, 우뭇가사리, 한천, 제주해녀, 나카오카제과, 해태제과합명회사",M,여행/여행 매니아,37,26,20231230
20231200089,전통배추를 밀어내고 김치의 원료가 된 결구배추,"배추김치의 주재료인 배추는 조선시대까지 한양과 개성에서 자란 것이 유명했다. 이 배추는 배추잎이 절반정도 뭉친 반결구종으로, 무게는 결구종보다 적고 생육기간도 길었다. 임오군란 이후 중국인들이 한국땅에 살고 중국과 왕래하면서 중국의 결구배추가 들어오게 된다. 결구배추는 배추잎이 서로 감싸 완전히 뭉친 것인데 생육기간이 짧고 크기도 컸다. 일제강점기 반결구배추가 병충해에 시달리면서 결구종 배추가 보급되어 오늘날 김치를 만드는 배추는 결구종배추가 주를 이루게 되었다.",근대 신문으로 보는 음식,전통 음식과 식재료의 변화,,https://ncms.nculture.org/legacy/story/2831,근대-일제강점기(1910.8.22~1945.8.14),,,,,,덕천,20230101,"배추김치, 호배추, 결구배추",M,음식 & 다이닝/요리 매니아/셰프 지망생,36,36,20231230
20231200090,전통배추를 밀어내고 김치의 원료가 된 결구배추,"배추김치의 주재료인 배추는 조선시대까지 한양과 개성에서 자란 것이 유명했다. 이 배추는 배추잎이 절반정도 뭉친 반결구종으로, 무게는 결구종보다 적고 생육기간도 길었다. 임오군란 이후 중국인들이 한국땅에 살고 중국과 왕래하면서 중국의 결구배추가 들어오게 된다. 결구배추는 배추잎이 서로 감싸 완전히 뭉친 것인데 생육기간이 짧고 크기도 컸다. 일제강점기 반결구배추가 병충해에 시달리면서 결구종 배추가 보급되어 오늘날 김치를 만드는 배추는 결구종배추가 주를 이루게 되었다.",근대 신문으로 보는 음식,전통 음식과 식재료의 변화,,https://ncms.nculture.org/legacy/story/2831,근대-일제강점기(1910.8.22~1945.8.14),,,,,,덕천,20230101,"배추김치, 호배추, 결구배추",M,미디어 & 엔터테인먼트/음악 애호가/팝 음악 팬,36,36,20231230
20231200091,전통배추를 밀어내고 김치의 원료가 된 결구배추,"배추김치의 주재료인 배추는 조선시대까지 한양과 개성에서 자란 것이 유명했다. 이 배추는 배추잎이 절반정도 뭉친 반결구종으로, 무게는 결구종보다 적고 생육기간도 길었다. 임오군란 이후 중국인들이 한국땅에 살고 중국과 왕래하면서 중국의 결구배추가 들어오게 된다. 결구배추는 배추잎이 서로 감싸 완전히 뭉친 것인데 생육기간이 짧고 크기도 컸다. 일제강점기 반결구배추가 병충해에 시달리면서 결구종 배추가 보급되어 오늘날 김치를 만드는 배추는 결구종배추가 주를 이루게 되었다.",근대 신문으로 보는 음식,전통 음식과 식재료의 변화,,https://ncms.nculture.org/legacy/story/2831,근대-일제강점기(1910.8.22~1945.8.14),,,,,,덕천,20230101,"배추김치, 호배추, 결구배추",M,여행/여행 매니아,36,36,20231230
20231200092,"일제강점기 한국의 우뭇가사리로 만든 일본 과자, 양갱","양갱은 중국에서 일본에 전해져 정착된 과자로 우뭇가사리를 냉동건조시킨 한천에 팥, 설탕 등을 넣고 쪄서 만든 과자다. 양갱은 일제강점기 조선에 들어와 지금도 팔릴만큼 한국인의 과자로 정착되었다. 양갱의 원료인 우뭇가사리는 일제강점기 본격적으로 한반도 바다에서 채취되었는데 우뭇가사리가 양갱 원료 이외에 의약품, 화장품 등의 원료로 쓰였기 때문이다. 일제강점기 우뭇가사리 채취는 주로 제주도 출신 해녀들이 담당하였다. 해방 후에도 한천은 계속 만들어져 주로 외국으로 수출되었다.",근대 신문으로 보는 음식,개항 이후 들어온 음식과 식재료,https://minio.nculture.org/amsweb-opt/multimedia_assets/233/14832/2431/c/14832-thumb.jpg,https://ncms.nculture.org/legacy/story/2876,근대-일제강점기(1910.8.22~1945.8.14),경상남도,밀양시,경상남도 밀양시 산내면 봉의로 58-31,35.591708,128.880929,,20230101,"양갱, 요깡, 우뭇가사리, 한천, 제주해녀, 나카오카제과, 해태제과합명회사",F,스포츠 & 피트니스/건강 및 피트니스,36,34,20231230
20231200093,"서울 최초의 근대 백화점, 미츠코시 백화점 경성지점","미츠코시 백화점 경성지점은 서울특별시에 세워진 최초의 근대식 백화점이다. 미츠코시 오복점이 1929년에 지점으로 승격되면서 본격적으로 백화점의 면모를 갖추게 되었다. 대형 백화점의 등장은 정찰제 판매, 박리다매 전략의 등장으로 우리나라 유통에 큰 변화를 불러왔다. 미츠코시 백화점은 일반 시민들에게 일상적인 공간으로 자리 잡았으나 이면에는 일제강점기 소비문화의 모순이 감춰져 있기도 했다. 현재는 서울특별시 중구 신세계백화점 본점 본관으로 사용되고 있다.",공간으로 읽는 근대문화 역사유산,"근대, 한반도에 발을 딛다",https://minio.nculture.org/amsweb-opt/multimedia_assets/125/85820/93650/c/%EA%B5%AC-%EB%AF%B8%EC%93%B0%EC%BD%94%EC%8B%9C-%EA%B2%BD%EC%84%B1%EC%A7%80%EC%A0%90-%281%29_rev-thumb.jpg,https://ncms.nculture.org/legacy/story/7134,근대-일제강점기(1910.8.22~1945.8.14),서울특별시,중구,서울특별시 중구 소공로 63,37.56091902,126.980979,신세계백화점 본점,20230101,"백화점, 미츠코시, 이상, 채만식",M,라이프스타일 & 취미/비즈니스 전문가,36,32,20231230
20231200094,"서울 최초의 근대 백화점, 미츠코시 백화점 경성지점","미츠코시 백화점 경성지점은 서울특별시에 세워진 최초의 근대식 백화점이다. 미츠코시 오복점이 1929년에 지점으로 승격되면서 본격적으로 백화점의 면모를 갖추게 되었다. 대형 백화점의 등장은 정찰제 판매, 박리다매 전략의 등장으로 우리나라 유통에 큰 변화를 불러왔다. 미츠코시 백화점은 일반 시민들에게 일상적인 공간으로 자리 잡았으나 이면에는 일제강점기 소비문화의 모순이 감춰져 있기도 했다. 현재는 서울특별시 중구 신세계백화점 본점 본관으로 사용되고 있다.",공간으로 읽는 근대문화 역사유산,"근대, 한반도에 발을 딛다",https://minio.nculture.org/amsweb-opt/multimedia_assets/125/85820/93650/c/%EA%B5%AC-%EB%AF%B8%EC%93%B0%EC%BD%94%EC%8B%9C-%EA%B2%BD%EC%84%B1%EC%A7%80%EC%A0%90-%281%29_rev-thumb.jpg,https://ncms.nculture.org/legacy/story/7134,근대-일제강점기(1910.8.22~1945.8.14),서울특별시,중구,서울특별시 중구 소공로 63,37.56091902,126.980979,신세계백화점 본점,20230101,"백화점, 미츠코시, 이상, 채만식",F,미디어 & 엔터테인먼트/게이머/하드코어 게이머,36,30,20231230
20231200095,"누룩, 국가가 통제하다.",누룩은 곡식을 발효시켜 술로 만들 때 필요한 발효제이다. 전근대 시기 누룩은 주로 밀로 만들었는데 밀 농사를 지은 농민들이 부업으로 만들어 장에서 팔았다. 일제시대 대규모로 누룩을 제조하는 공장들이 출현하였는데 농촌에서 부업으로 만드는 누룩도 공존하였다. 1930년대 일제는 누룩 제조를 특정 공장에만 허가하고 전매권을 주었다. 다양하게 만들어지던 누룩은 국가에 의해 통제되었다.,근대 신문으로 보는 음식,전통 음식과 식재료의 변화,https://minio.nculture.org/amsweb-opt/multimedia_assets/202/25909/7566/c/25909-thumb.jpg,https://ncms.nculture.org/legacy/story/2727,근대-일제강점기(1910.8.22~1945.8.14),부산광역시,금정구,부산광역시 금정구 금성동 554-1 금정산성 막걸리 찾아가는 양조장,35.250417,129.056476,부산 산성마을,20230101,"곡자화시, 곡자제조장, 산성누룩, 재래종 밀",M,스포츠 & 피트니스/스포츠 팬/축구 팬,36,20,20231230
20231200096,"일제강점기 한국의 우뭇가사리로 만든 일본 과자, 양갱","양갱은 중국에서 일본에 전해져 정착된 과자로 우뭇가사리를 냉동건조시킨 한천에 팥, 설탕 등을 넣고 쪄서 만든 과자다. 양갱은 일제강점기 조선에 들어와 지금도 팔릴만큼 한국인의 과자로 정착되었다. 양갱의 원료인 우뭇가사리는 일제강점기 본격적으로 한반도 바다에서 채취되었는데 우뭇가사리가 양갱 원료 이외에 의약품, 화장품 등의 원료로 쓰였기 때문이다. 일제강점기 우뭇가사리 채취는 주로 제주도 출신 해녀들이 담당하였다. 해방 후에도 한천은 계속 만들어져 주로 외국으로 수출되었다.",근대 신문으로 보는 음식,개항 이후 들어온 음식과 식재료,https://minio.nculture.org/amsweb-opt/multimedia_assets/233/14832/2431/c/14832-thumb.jpg,https://ncms.nculture.org/legacy/story/2876,근대-일제강점기(1910.8.22~1945.8.14),경상남도,밀양시,경상남도 밀양시 산내면 봉의로 58-31,35.591708,128.880929,,20230101,"양갱, 요깡, 우뭇가사리, 한천, 제주해녀, 나카오카제과, 해태제과합명회사",F,미디어 & 엔터테인먼트/만화 & 애니메이션 팬,35,35,20231230
20231200097,"일제강점기 한국의 우뭇가사리로 만든 일본 과자, 양갱","양갱은 중국에서 일본에 전해져 정착된 과자로 우뭇가사리를 냉동건조시킨 한천에 팥, 설탕 등을 넣고 쪄서 만든 과자다. 양갱은 일제강점기 조선에 들어와 지금도 팔릴만큼 한국인의 과자로 정착되었다. 양갱의 원료인 우뭇가사리는 일제강점기 본격적으로 한반도 바다에서 채취되었는데 우뭇가사리가 양갱 원료 이외에 의약품, 화장품 등의 원료로 쓰였기 때문이다. 일제강점기 우뭇가사리 채취는 주로 제주도 출신 해녀들이 담당하였다. 해방 후에도 한천은 계속 만들어져 주로 외국으로 수출되었다.",근대 신문으로 보는 음식,개항 이후 들어온 음식과 식재료,https://minio.nculture.org/amsweb-opt/multimedia_assets/233/14832/2431/c/14832-thumb.jpg,https://ncms.nculture.org/legacy/story/2876,근대-일제강점기(1910.8.22~1945.8.14),경상남도,밀양시,경상남도 밀양시 산내면 봉의로 58-31,35.591708,128.880929,,20230101,"양갱, 요깡, 우뭇가사리, 한천, 제주해녀, 나카오카제과, 해태제과합명회사",F,스포츠 & 피트니스/스포츠 팬,35,34,20231230
20231200098,전통배추를 밀어내고 김치의 원료가 된 결구배추,"배추김치의 주재료인 배추는 조선시대까지 한양과 개성에서 자란 것이 유명했다. 이 배추는 배추잎이 절반정도 뭉친 반결구종으로, 무게는 결구종보다 적고 생육기간도 길었다. 임오군란 이후 중국인들이 한국땅에 살고 중국과 왕래하면서 중국의 결구배추가 들어오게 된다. 결구배추는 배추잎이 서로 감싸 완전히 뭉친 것인데 생육기간이 짧고 크기도 컸다. 일제강점기 반결구배추가 병충해에 시달리면서 결구종 배추가 보급되어 오늘날 김치를 만드는 배추는 결구종배추가 주를 이루게 되었다.",근대 신문으로 보는 음식,전통 음식과 식재료의 변화,,https://ncms.nculture.org/legacy/story/2831,근대-일제강점기(1910.8.22~1945.8.14),,,,,,덕천,20230101,"배추김치, 호배추, 결구배추",F,미디어 & 엔터테인먼트/TV 애호가,35,32,20231230
20231200099,"누룩, 국가가 통제하다.",누룩은 곡식을 발효시켜 술로 만들 때 필요한 발효제이다. 전근대 시기 누룩은 주로 밀로 만들었는데 밀 농사를 지은 농민들이 부업으로 만들어 장에서 팔았다. 일제시대 대규모로 누룩을 제조하는 공장들이 출현하였는데 농촌에서 부업으로 만드는 누룩도 공존하였다. 1930년대 일제는 누룩 제조를 특정 공장에만 허가하고 전매권을 주었다. 다양하게 만들어지던 누룩은 국가에 의해 통제되었다.,근대 신문으로 보는 음식,전통 음식과 식재료의 변화,https://minio.nculture.org/amsweb-opt/multimedia_assets/202/25909/7566/c/25909-thumb.jpg,https://ncms.nculture.org/legacy/story/2727,근대-일제강점기(1910.8.22~1945.8.14),부산광역시,금정구,부산광역시 금정구 금성동 554-1 금정산성 막걸리 찾아가는 양조장,35.250417,129.056476,부산 산성마을,20230101,"곡자화시, 곡자제조장, 산성누룩, 재래종 밀",M,미디어 & 엔터테인먼트/음악 애호가/월드 뮤직 팬,35,20,20231230
20231200100,전통배추를 밀어내고 김치의 원료가 된 결구배추,"배추김치의 주재료인 배추는 조선시대까지 한양과 개성에서 자란 것이 유명했다. 이 배추는 배추잎이 절반정도 뭉친 반결구종으로, 무게는 결구종보다 적고 생육기간도 길었다. 임오군란 이후 중국인들이 한국땅에 살고 중국과 왕래하면서 중국의 결구배추가 들어오게 된다. 결구배추는 배추잎이 서로 감싸 완전히 뭉친 것인데 생육기간이 짧고 크기도 컸다. 일제강점기 반결구배추가 병충해에 시달리면서 결구종 배추가 보급되어 오늘날 김치를 만드는 배추는 결구종배추가 주를 이루게 되었다.",근대 신문으로 보는 음식,전통 음식과 식재료의 변화,,https://ncms.nculture.org/legacy/story/2831,근대-일제강점기(1910.8.22~1945.8.14),,,,,,덕천,20230101,"배추김치, 호배추, 결구배추",M,미디어 & 엔터테인먼트/TV 애호가/드라마 팬,34,34,20231230
20231200101,전통배추를 밀어내고 김치의 원료가 된 결구배추,"배추김치의 주재료인 배추는 조선시대까지 한양과 개성에서 자란 것이 유명했다. 이 배추는 배추잎이 절반정도 뭉친 반결구종으로, 무게는 결구종보다 적고 생육기간도 길었다. 임오군란 이후 중국인들이 한국땅에 살고 중국과 왕래하면서 중국의 결구배추가 들어오게 된다. 결구배추는 배추잎이 서로 감싸 완전히 뭉친 것인데 생육기간이 짧고 크기도 컸다. 일제강점기 반결구배추가 병충해에 시달리면서 결구종 배추가 보급되어 오늘날 김치를 만드는 배추는 결구종배추가 주를 이루게 되었다.",근대 신문으로 보는 음식,전통 음식과 식재료의 변화,,https://ncms.nculture.org/legacy/story/2831,근대-일제강점기(1910.8.22~1945.8.14),,,,,,덕천,20230101,"배추김치, 호배추, 결구배추",F,미디어 & 엔터테인먼트/음악 애호가/월드 뮤직 팬,34,33,20231230
20231200102,"서울 최초의 근대 백화점, 미츠코시 백화점 경성지점","미츠코시 백화점 경성지점은 서울특별시에 세워진 최초의 근대식 백화점이다. 미츠코시 오복점이 1929년에 지점으로 승격되면서 본격적으로 백화점의 면모를 갖추게 되었다. 대형 백화점의 등장은 정찰제 판매, 박리다매 전략의 등장으로 우리나라 유통에 큰 변화를 불러왔다. 미츠코시 백화점은 일반 시민들에게 일상적인 공간으로 자리 잡았으나 이면에는 일제강점기 소비문화의 모순이 감춰져 있기도 했다. 현재는 서울특별시 중구 신세계백화점 본점 본관으로 사용되고 있다.",공간으로 읽는 근대문화 역사유산,"근대, 한반도에 발을 딛다",https://minio.nculture.org/amsweb-opt/multimedia_assets/125/85820/93650/c/%EA%B5%AC-%EB%AF%B8%EC%93%B0%EC%BD%94%EC%8B%9C-%EA%B2%BD%EC%84%B1%EC%A7%80%EC%A0%90-%281%29_rev-thumb.jpg,https://ncms.nculture.org/legacy/story/7134,근대-일제강점기(1910.8.22~1945.8.14),서울특별시,중구,서울특별시 중구 소공로 63,37.56091902,126.980979,신세계백화점 본점,20230101,"백화점, 미츠코시, 이상, 채만식",F,미디어 & 엔터테인먼트/만화 & 애니메이션 팬,34,32,20231230
20231200103,"서울 최초의 근대 백화점, 미츠코시 백화점 경성지점","미츠코시 백화점 경성지점은 서울특별시에 세워진 최초의 근대식 백화점이다. 미츠코시 오복점이 1929년에 지점으로 승격되면서 본격적으로 백화점의 면모를 갖추게 되었다. 대형 백화점의 등장은 정찰제 판매, 박리다매 전략의 등장으로 우리나라 유통에 큰 변화를 불러왔다. 미츠코시 백화점은 일반 시민들에게 일상적인 공간으로 자리 잡았으나 이면에는 일제강점기 소비문화의 모순이 감춰져 있기도 했다. 현재는 서울특별시 중구 신세계백화점 본점 본관으로 사용되고 있다.",공간으로 읽는 근대문화 역사유산,"근대, 한반도에 발을 딛다",https://minio.nculture.org/amsweb-opt/multimedia_assets/125/85820/93650/c/%EA%B5%AC-%EB%AF%B8%EC%93%B0%EC%BD%94%EC%8B%9C-%EA%B2%BD%EC%84%B1%EC%A7%80%EC%A0%90-%281%29_rev-thumb.jpg,https://ncms.nculture.org/legacy/story/7134,근대-일제강점기(1910.8.22~1945.8.14),서울특별시,중구,서울특별시 중구 소공로 63,37.56091902,126.980979,신세계백화점 본점,20230101,"백화점, 미츠코시, 이상, 채만식",F,미디어 & 엔터테인먼트/음악 애호가,34,30,20231230
20231200104,"서울 최초의 근대 백화점, 미츠코시 백화점 경성지점","미츠코시 백화점 경성지점은 서울특별시에 세워진 최초의 근대식 백화점이다. 미츠코시 오복점이 1929년에 지점으로 승격되면서 본격적으로 백화점의 면모를 갖추게 되었다. 대형 백화점의 등장은 정찰제 판매, 박리다매 전략의 등장으로 우리나라 유통에 큰 변화를 불러왔다. 미츠코시 백화점은 일반 시민들에게 일상적인 공간으로 자리 잡았으나 이면에는 일제강점기 소비문화의 모순이 감춰져 있기도 했다. 현재는 서울특별시 중구 신세계백화점 본점 본관으로 사용되고 있다.",공간으로 읽는 근대문화 역사유산,"근대, 한반도에 발을 딛다",https://minio.nculture.org/amsweb-opt/multimedia_assets/125/85820/93650/c/%EA%B5%AC-%EB%AF%B8%EC%93%B0%EC%BD%94%EC%8B%9C-%EA%B2%BD%EC%84%B1%EC%A7%80%EC%A0%90-%281%29_rev-thumb.jpg,https://ncms.nculture.org/legacy/story/7134,근대-일제강점기(1910.8.22~1945.8.14),서울특별시,중구,서울특별시 중구 소공로 63,37.56091902,126.980979,신세계백화점 본점,20230101,"백화점, 미츠코시, 이상, 채만식",M,미디어 & 엔터테인먼트/게이머/액션 게임 팬,34,25,20231230
20231200105,"일제강점기 한국의 우뭇가사리로 만든 일본 과자, 양갱","양갱은 중국에서 일본에 전해져 정착된 과자로 우뭇가사리를 냉동건조시킨 한천에 팥, 설탕 등을 넣고 쪄서 만든 과자다. 양갱은 일제강점기 조선에 들어와 지금도 팔릴만큼 한국인의 과자로 정착되었다. 양갱의 원료인 우뭇가사리는 일제강점기 본격적으로 한반도 바다에서 채취되었는데 우뭇가사리가 양갱 원료 이외에 의약품, 화장품 등의 원료로 쓰였기 때문이다. 일제강점기 우뭇가사리 채취는 주로 제주도 출신 해녀들이 담당하였다. 해방 후에도 한천은 계속 만들어져 주로 외국으로 수출되었다.",근대 신문으로 보는 음식,개항 이후 들어온 음식과 식재료,https://minio.nculture.org/amsweb-opt/multimedia_assets/233/14832/2431/c/14832-thumb.jpg,https://ncms.nculture.org/legacy/story/2876,근대-일제강점기(1910.8.22~1945.8.14),경상남도,밀양시,경상남도 밀양시 산내면 봉의로 58-31,35.591708,128.880929,,20230101,"양갱, 요깡, 우뭇가사리, 한천, 제주해녀, 나카오카제과, 해태제과합명회사",M,테크놀로지/기술애호가,34,25,20231230
20231200106,"누룩, 국가가 통제하다.",누룩은 곡식을 발효시켜 술로 만들 때 필요한 발효제이다. 전근대 시기 누룩은 주로 밀로 만들었는데 밀 농사를 지은 농민들이 부업으로 만들어 장에서 팔았다. 일제시대 대규모로 누룩을 제조하는 공장들이 출현하였는데 농촌에서 부업으로 만드는 누룩도 공존하였다. 1930년대 일제는 누룩 제조를 특정 공장에만 허가하고 전매권을 주었다. 다양하게 만들어지던 누룩은 국가에 의해 통제되었다.,근대 신문으로 보는 음식,전통 음식과 식재료의 변화,https://minio.nculture.org/amsweb-opt/multimedia_assets/202/25909/7566/c/25909-thumb.jpg,https://ncms.nculture.org/legacy/story/2727,근대-일제강점기(1910.8.22~1945.8.14),부산광역시,금정구,부산광역시 금정구 금성동 554-1 금정산성 막걸리 찾아가는 양조장,35.250417,129.056476,부산 산성마을,20230101,"곡자화시, 곡자제조장, 산성누룩, 재래종 밀",M,테크놀로지/기술애호가,34,20,20231230
20231200107,"누룩, 국가가 통제하다.",누룩은 곡식을 발효시켜 술로 만들 때 필요한 발효제이다. 전근대 시기 누룩은 주로 밀로 만들었는데 밀 농사를 지은 농민들이 부업으로 만들어 장에서 팔았다. 일제시대 대규모로 누룩을 제조하는 공장들이 출현하였는데 농촌에서 부업으로 만드는 누룩도 공존하였다. 1930년대 일제는 누룩 제조를 특정 공장에만 허가하고 전매권을 주었다. 다양하게 만들어지던 누룩은 국가에 의해 통제되었다.,근대 신문으로 보는 음식,전통 음식과 식재료의 변화,https://minio.nculture.org/amsweb-opt/multimedia_assets/202/25909/7566/c/25909-thumb.jpg,https://ncms.nculture.org/legacy/story/2727,근대-일제강점기(1910.8.22~1945.8.14),부산광역시,금정구,부산광역시 금정구 금성동 554-1 금정산성 막걸리 찾아가는 양조장,35.250417,129.056476,부산 산성마을,20230101,"곡자화시, 곡자제조장, 산성누룩, 재래종 밀",M,여행/여행 매니아,34,20,20231230
20231200108,전통배추를 밀어내고 김치의 원료가 된 결구배추,"배추김치의 주재료인 배추는 조선시대까지 한양과 개성에서 자란 것이 유명했다. 이 배추는 배추잎이 절반정도 뭉친 반결구종으로, 무게는 결구종보다 적고 생육기간도 길었다. 임오군란 이후 중국인들이 한국땅에 살고 중국과 왕래하면서 중국의 결구배추가 들어오게 된다. 결구배추는 배추잎이 서로 감싸 완전히 뭉친 것인데 생육기간이 짧고 크기도 컸다. 일제강점기 반결구배추가 병충해에 시달리면서 결구종 배추가 보급되어 오늘날 김치를 만드는 배추는 결구종배추가 주를 이루게 되었다.",근대 신문으로 보는 음식,전통 음식과 식재료의 변화,,https://ncms.nculture.org/legacy/story/2831,근대-일제강점기(1910.8.22~1945.8.14),,,,,,덕천,20230101,"배추김치, 호배추, 결구배추",M,미디어 & 엔터테인먼트/음악 애호가,33,33,20231230
20231200109,전통배추를 밀어내고 김치의 원료가 된 결구배추,"배추김치의 주재료인 배추는 조선시대까지 한양과 개성에서 자란 것이 유명했다. 이 배추는 배추잎이 절반정도 뭉친 반결구종으로, 무게는 결구종보다 적고 생육기간도 길었다. 임오군란 이후 중국인들이 한국땅에 살고 중국과 왕래하면서 중국의 결구배추가 들어오게 된다. 결구배추는 배추잎이 서로 감싸 완전히 뭉친 것인데 생육기간이 짧고 크기도 컸다. 일제강점기 반결구배추가 병충해에 시달리면서 결구종 배추가 보급되어 오늘날 김치를 만드는 배추는 결구종배추가 주를 이루게 되었다.",근대 신문으로 보는 음식,전통 음식과 식재료의 변화,,https://ncms.nculture.org/legacy/story/2831,근대-일제강점기(1910.8.22~1945.8.14),,,,,,덕천,20230101,"배추김치, 호배추, 결구배추",M,테크놀로지/기술애호가,33,33,20231230
20231200110,"서울 최초의 근대 백화점, 미츠코시 백화점 경성지점","미츠코시 백화점 경성지점은 서울특별시에 세워진 최초의 근대식 백화점이다. 미츠코시 오복점이 1929년에 지점으로 승격되면서 본격적으로 백화점의 면모를 갖추게 되었다. 대형 백화점의 등장은 정찰제 판매, 박리다매 전략의 등장으로 우리나라 유통에 큰 변화를 불러왔다. 미츠코시 백화점은 일반 시민들에게 일상적인 공간으로 자리 잡았으나 이면에는 일제강점기 소비문화의 모순이 감춰져 있기도 했다. 현재는 서울특별시 중구 신세계백화점 본점 본관으로 사용되고 있다.",공간으로 읽는 근대문화 역사유산,"근대, 한반도에 발을 딛다",https://minio.nculture.org/amsweb-opt/multimedia_assets/125/85820/93650/c/%EA%B5%AC-%EB%AF%B8%EC%93%B0%EC%BD%94%EC%8B%9C-%EA%B2%BD%EC%84%B1%EC%A7%80%EC%A0%90-%281%29_rev-thumb.jpg,https://ncms.nculture.org/legacy/story/7134,근대-일제강점기(1910.8.22~1945.8.14),서울특별시,중구,서울특별시 중구 소공로 63,37.56091902,126.980979,신세계백화점 본점,20230101,"백화점, 미츠코시, 이상, 채만식",F,홈 앤 가든/홈 데코 매니아,33,29,20231230
20231200111,"일제강점기 한국의 우뭇가사리로 만든 일본 과자, 양갱","양갱은 중국에서 일본에 전해져 정착된 과자로 우뭇가사리를 냉동건조시킨 한천에 팥, 설탕 등을 넣고 쪄서 만든 과자다. 양갱은 일제강점기 조선에 들어와 지금도 팔릴만큼 한국인의 과자로 정착되었다. 양갱의 원료인 우뭇가사리는 일제강점기 본격적으로 한반도 바다에서 채취되었는데 우뭇가사리가 양갱 원료 이외에 의약품, 화장품 등의 원료로 쓰였기 때문이다. 일제강점기 우뭇가사리 채취는 주로 제주도 출신 해녀들이 담당하였다. 해방 후에도 한천은 계속 만들어져 주로 외국으로 수출되었다.",근대 신문으로 보는 음식,개항 이후 들어온 음식과 식재료,https://minio.nculture.org/amsweb-opt/multimedia_assets/233/14832/2431/c/14832-thumb.jpg,https://ncms.nculture.org/legacy/story/2876,근대-일제강점기(1910.8.22~1945.8.14),경상남도,밀양시,경상남도 밀양시 산내면 봉의로 58-31,35.591708,128.880929,,20230101,"양갱, 요깡, 우뭇가사리, 한천, 제주해녀, 나카오카제과, 해태제과합명회사",M,은행 및 금융/열렬한 투자자,33,25,20231230
20231200112,"일제강점기 한국의 우뭇가사리로 만든 일본 과자, 양갱","양갱은 중국에서 일본에 전해져 정착된 과자로 우뭇가사리를 냉동건조시킨 한천에 팥, 설탕 등을 넣고 쪄서 만든 과자다. 양갱은 일제강점기 조선에 들어와 지금도 팔릴만큼 한국인의 과자로 정착되었다. 양갱의 원료인 우뭇가사리는 일제강점기 본격적으로 한반도 바다에서 채취되었는데 우뭇가사리가 양갱 원료 이외에 의약품, 화장품 등의 원료로 쓰였기 때문이다. 일제강점기 우뭇가사리 채취는 주로 제주도 출신 해녀들이 담당하였다. 해방 후에도 한천은 계속 만들어져 주로 외국으로 수출되었다.",근대 신문으로 보는 음식,개항 이후 들어온 음식과 식재료,https://minio.nculture.org/amsweb-opt/multimedia_assets/233/14832/2431/c/14832-thumb.jpg,https://ncms.nculture.org/legacy/story/2876,근대-일제강점기(1910.8.22~1945.8.14),경상남도,밀양시,경상남도 밀양시 산내면 봉의로 58-31,35.591708,128.880929,,20230101,"양갱, 요깡, 우뭇가사리, 한천, 제주해녀, 나카오카제과, 해태제과합명회사",M,미디어 & 엔터테인먼트/음악 애호가/월드 뮤직 팬,33,24,20231230
20231200113,"일제강점기 한국의 우뭇가사리로 만든 일본 과자, 양갱","양갱은 중국에서 일본에 전해져 정착된 과자로 우뭇가사리를 냉동건조시킨 한천에 팥, 설탕 등을 넣고 쪄서 만든 과자다. 양갱은 일제강점기 조선에 들어와 지금도 팔릴만큼 한국인의 과자로 정착되었다. 양갱의 원료인 우뭇가사리는 일제강점기 본격적으로 한반도 바다에서 채취되었는데 우뭇가사리가 양갱 원료 이외에 의약품, 화장품 등의 원료로 쓰였기 때문이다. 일제강점기 우뭇가사리 채취는 주로 제주도 출신 해녀들이 담당하였다. 해방 후에도 한천은 계속 만들어져 주로 외국으로 수출되었다.",근대 신문으로 보는 음식,개항 이후 들어온 음식과 식재료,https://minio.nculture.org/amsweb-opt/multimedia_assets/233/14832/2431/c/14832-thumb.jpg,https://ncms.nculture.org/legacy/story/2876,근대-일제강점기(1910.8.22~1945.8.14),경상남도,밀양시,경상남도 밀양시 산내면 봉의로 58-31,35.591708,128.880929,,20230101,"양갱, 요깡, 우뭇가사리, 한천, 제주해녀, 나카오카제과, 해태제과합명회사",M,뉴스 & 정치/열렬한 뉴스 독자/열렬한 비즈니스 뉴스 독자,33,24,20231230
20231200114,전통배추를 밀어내고 김치의 원료가 된 결구배추,"배추김치의 주재료인 배추는 조선시대까지 한양과 개성에서 자란 것이 유명했다. 이 배추는 배추잎이 절반정도 뭉친 반결구종으로, 무게는 결구종보다 적고 생육기간도 길었다. 임오군란 이후 중국인들이 한국땅에 살고 중국과 왕래하면서 중국의 결구배추가 들어오게 된다. 결구배추는 배추잎이 서로 감싸 완전히 뭉친 것인데 생육기간이 짧고 크기도 컸다. 일제강점기 반결구배추가 병충해에 시달리면서 결구종 배추가 보급되어 오늘날 김치를 만드는 배추는 결구종배추가 주를 이루게 되었다.",근대 신문으로 보는 음식,전통 음식과 식재료의 변화,,https://ncms.nculture.org/legacy/story/2831,근대-일제강점기(1910.8.22~1945.8.14),,,,,,덕천,20230101,"배추김치, 호배추, 결구배추",M,스포츠 & 피트니스/스포츠 팬/야구 팬,32,32,20231230
20231200115,"서울 최초의 근대 백화점, 미츠코시 백화점 경성지점","미츠코시 백화점 경성지점은 서울특별시에 세워진 최초의 근대식 백화점이다. 미츠코시 오복점이 1929년에 지점으로 승격되면서 본격적으로 백화점의 면모를 갖추게 되었다. 대형 백화점의 등장은 정찰제 판매, 박리다매 전략의 등장으로 우리나라 유통에 큰 변화를 불러왔다. 미츠코시 백화점은 일반 시민들에게 일상적인 공간으로 자리 잡았으나 이면에는 일제강점기 소비문화의 모순이 감춰져 있기도 했다. 현재는 서울특별시 중구 신세계백화점 본점 본관으로 사용되고 있다.",공간으로 읽는 근대문화 역사유산,"근대, 한반도에 발을 딛다",https://minio.nculture.org/amsweb-opt/multimedia_assets/125/85820/93650/c/%EA%B5%AC-%EB%AF%B8%EC%93%B0%EC%BD%94%EC%8B%9C-%EA%B2%BD%EC%84%B1%EC%A7%80%EC%A0%90-%281%29_rev-thumb.jpg,https://ncms.nculture.org/legacy/story/7134,근대-일제강점기(1910.8.22~1945.8.14),서울특별시,중구,서울특별시 중구 소공로 63,37.56091902,126.980979,신세계백화점 본점,20230101,"백화점, 미츠코시, 이상, 채만식",M,라이프스타일 & 취미/사진광,32,31,20231230
20231200116,전통배추를 밀어내고 김치의 원료가 된 결구배추,"배추김치의 주재료인 배추는 조선시대까지 한양과 개성에서 자란 것이 유명했다. 이 배추는 배추잎이 절반정도 뭉친 반결구종으로, 무게는 결구종보다 적고 생육기간도 길었다. 임오군란 이후 중국인들이 한국땅에 살고 중국과 왕래하면서 중국의 결구배추가 들어오게 된다. 결구배추는 배추잎이 서로 감싸 완전히 뭉친 것인데 생육기간이 짧고 크기도 컸다. 일제강점기 반결구배추가 병충해에 시달리면서 결구종 배추가 보급되어 오늘날 김치를 만드는 배추는 결구종배추가 주를 이루게 되었다.",근대 신문으로 보는 음식,전통 음식과 식재료의 변화,,https://ncms.nculture.org/legacy/story/2831,근대-일제강점기(1910.8.22~1945.8.14),,,,,,덕천,20230101,"배추김치, 호배추, 결구배추",F,뉴스 & 정치/열렬한 뉴스 독자/열렬한 비즈니스 뉴스 독자,32,31,20231230
20231200117,전통배추를 밀어내고 김치의 원료가 된 결구배추,"배추김치의 주재료인 배추는 조선시대까지 한양과 개성에서 자란 것이 유명했다. 이 배추는 배추잎이 절반정도 뭉친 반결구종으로, 무게는 결구종보다 적고 생육기간도 길었다. 임오군란 이후 중국인들이 한국땅에 살고 중국과 왕래하면서 중국의 결구배추가 들어오게 된다. 결구배추는 배추잎이 서로 감싸 완전히 뭉친 것인데 생육기간이 짧고 크기도 컸다. 일제강점기 반결구배추가 병충해에 시달리면서 결구종 배추가 보급되어 오늘날 김치를 만드는 배추는 결구종배추가 주를 이루게 되었다.",근대 신문으로 보는 음식,전통 음식과 식재료의 변화,,https://ncms.nculture.org/legacy/story/2831,근대-일제강점기(1910.8.22~1945.8.14),,,,,,덕천,20230101,"배추김치, 호배추, 결구배추",F,여행/여행 매니아,32,30,20231230
20231200118,"서울 최초의 근대 백화점, 미츠코시 백화점 경성지점","미츠코시 백화점 경성지점은 서울특별시에 세워진 최초의 근대식 백화점이다. 미츠코시 오복점이 1929년에 지점으로 승격되면서 본격적으로 백화점의 면모를 갖추게 되었다. 대형 백화점의 등장은 정찰제 판매, 박리다매 전략의 등장으로 우리나라 유통에 큰 변화를 불러왔다. 미츠코시 백화점은 일반 시민들에게 일상적인 공간으로 자리 잡았으나 이면에는 일제강점기 소비문화의 모순이 감춰져 있기도 했다. 현재는 서울특별시 중구 신세계백화점 본점 본관으로 사용되고 있다.",공간으로 읽는 근대문화 역사유산,"근대, 한반도에 발을 딛다",https://minio.nculture.org/amsweb-opt/multimedia_assets/125/85820/93650/c/%EA%B5%AC-%EB%AF%B8%EC%93%B0%EC%BD%94%EC%8B%9C-%EA%B2%BD%EC%84%B1%EC%A7%80%EC%A0%90-%281%29_rev-thumb.jpg,https://ncms.nculture.org/legacy/story/7134,근대-일제강점기(1910.8.22~1945.8.14),서울특별시,중구,서울특별시 중구 소공로 63,37.56091902,126.980979,신세계백화점 본점,20230101,"백화점, 미츠코시, 이상, 채만식",M,차량 및 운송/자동차 매니아,32,29,20231230
20231200119,"서울 최초의 근대 백화점, 미츠코시 백화점 경성지점","미츠코시 백화점 경성지점은 서울특별시에 세워진 최초의 근대식 백화점이다. 미츠코시 오복점이 1929년에 지점으로 승격되면서 본격적으로 백화점의 면모를 갖추게 되었다. 대형 백화점의 등장은 정찰제 판매, 박리다매 전략의 등장으로 우리나라 유통에 큰 변화를 불러왔다. 미츠코시 백화점은 일반 시민들에게 일상적인 공간으로 자리 잡았으나 이면에는 일제강점기 소비문화의 모순이 감춰져 있기도 했다. 현재는 서울특별시 중구 신세계백화점 본점 본관으로 사용되고 있다.",공간으로 읽는 근대문화 역사유산,"근대, 한반도에 발을 딛다",https://minio.nculture.org/amsweb-opt/multimedia_assets/125/85820/93650/c/%EA%B5%AC-%EB%AF%B8%EC%93%B0%EC%BD%94%EC%8B%9C-%EA%B2%BD%EC%84%B1%EC%A7%80%EC%A0%90-%281%29_rev-thumb.jpg,https://ncms.nculture.org/legacy/story/7134,근대-일제강점기(1910.8.22~1945.8.14),서울특별시,중구,서울특별시 중구 소공로 63,37.56091902,126.980979,신세계백화점 본점,20230101,"백화점, 미츠코시, 이상, 채만식",M,홈 앤 가든/홈 데코 매니아,32,28,20231230
20231200120,인천육군조병창(仁川陸軍造兵廠),"인천육군조병창은 당시 경기도 부천군 부내면 대정리, 현 부평구 산곡동에 건립되었으며 이곳에 본부와 제1제조소가 있었다. 인천육군조병창은 제1제조소 외에도 평양역 인근에 평양제조소를 예하에 두고 있었다. 인천육군조병창의 주요 임무는 99식 소총·총검·군도 등의 생산 및 수리였다. 인천 부평에 병기공장을 건립하게 된 배경에는 1937년 시작된 중일전쟁의 장기화에 따라, “만선(滿鮮) 북지(北)에 대한 수송의 신속 안전 및 조선 내 병기 공업 능력의 비약적 발전”을 기하기 위함이었다.","한반도 유일한, 부평의 인천육군조병창 이야기",,https://minio.nculture.org/amsweb-opt/multimedia_assets/70/86030/95821/c/%EC%9D%B8%EC%B2%9C%EC%9C%A1%EA%B5%B0%EC%A1%B0%EB%B3%91%EC%B0%BD%EC%9D%98-%EB%B3%B8%EB%B6%80%EA%B1%B4%EB%AC%BC%28%EB%B3%91%EC%9B%90%29_%28%EB%B6%80%ED%8F%89%EB%AC%B8%ED%99%94%EC%9B%90%29-thumb.jpg,https://ncms.nculture.org/legacy/story/8764,,인천광역시,부평구,인천광역시 부평구 안남로 146 (부영공원),37.49590926,126.7098147,부평문화원,20230101,"인천육군조병창, 일제강점기, 고쿠라육군조병창, 아시아태평양전쟁",F,뉴스 & 정치/열렬한 뉴스 독자/연예 뉴스 매니아,32,24,20231230
20231200121,"누룩, 국가가 통제하다.",누룩은 곡식을 발효시켜 술로 만들 때 필요한 발효제이다. 전근대 시기 누룩은 주로 밀로 만들었는데 밀 농사를 지은 농민들이 부업으로 만들어 장에서 팔았다. 일제시대 대규모로 누룩을 제조하는 공장들이 출현하였는데 농촌에서 부업으로 만드는 누룩도 공존하였다. 1930년대 일제는 누룩 제조를 특정 공장에만 허가하고 전매권을 주었다. 다양하게 만들어지던 누룩은 국가에 의해 통제되었다.,근대 신문으로 보는 음식,전통 음식과 식재료의 변화,https://minio.nculture.org/amsweb-opt/multimedia_assets/202/25909/7566/c/25909-thumb.jpg,https://ncms.nculture.org/legacy/story/2727,근대-일제강점기(1910.8.22~1945.8.14),부산광역시,금정구,부산광역시 금정구 금성동 554-1 금정산성 막걸리 찾아가는 양조장,35.250417,129.056476,부산 산성마을,20230101,"곡자화시, 곡자제조장, 산성누룩, 재래종 밀",M,미디어 & 엔터테인먼트/음악 애호가,32,17,20231230
20231200122,전통배추를 밀어내고 김치의 원료가 된 결구배추,"배추김치의 주재료인 배추는 조선시대까지 한양과 개성에서 자란 것이 유명했다. 이 배추는 배추잎이 절반정도 뭉친 반결구종으로, 무게는 결구종보다 적고 생육기간도 길었다. 임오군란 이후 중국인들이 한국땅에 살고 중국과 왕래하면서 중국의 결구배추가 들어오게 된다. 결구배추는 배추잎이 서로 감싸 완전히 뭉친 것인데 생육기간이 짧고 크기도 컸다. 일제강점기 반결구배추가 병충해에 시달리면서 결구종 배추가 보급되어 오늘날 김치를 만드는 배추는 결구종배추가 주를 이루게 되었다.",근대 신문으로 보는 음식,전통 음식과 식재료의 변화,,https://ncms.nculture.org/legacy/story/2831,근대-일제강점기(1910.8.22~1945.8.14),,,,,,덕천,20230101,"배추김치, 호배추, 결구배추",M,미디어 & 엔터테인먼트/게이머/하드코어 게이머,31,31,20231230
20231200123,"동양 최초의 바다 밑 터널, 통영 해저터널","통영반도 남단과 미륵도를 연결하는 통영 해저터널은 동양 최초의 해저터널이다. 일제강점기 이전부터 통영으로 이주해온 일본인 이주 어민들은 연안에서 어로 활동을 하며 물고기 떼를 쫓아 빠르게 이동할 필요가 있었는데, 미륵도와 통영 사이의 해협이 너무 좁아 미륵도를 빙 돌아 가야 하는 불편함이 있었다. 그래서 일제는 1932년 통영운하를 완공했다. 통영운하 개통 후 운하를 건너다니도록 하기 위해 교량 대신 만든 것이 해저터널이다. 터널을 만든 지역은 판데목이라는 곳인데, 임진왜란 한산대첩 때 많은 왜군이 이순신의 학익진에 대패해 판데목 부근에서 수장됐다고 한다. 일본인들이 조상의 유해 위로 건너다닐 수 없어서 해저터널을 팠다는 이야기도 전해진다.",공간으로 읽는 근대문화 역사유산,"빼앗긴 들, 뒤틀린 근대",https://minio.nculture.org/amsweb-opt/multimedia_assets/140/85835/93850/c/%ED%86%B5%EC%98%81-%ED%95%B4%EC%A0%80%ED%84%B0%EB%84%90-%281%29_rev-thumb.jpg,https://ncms.nculture.org/legacy/story/2936,근대-일제강점기(1910.8.22~1945.8.14),경상남도,통영시,경상남도 통영시 도남로 57-1,34.834788,128.40991,충무교,20230101,"통영 해저터널, 통영운하, 충무공 이순신, 판데목, 미륵도",M,뉴스 & 정치/열렬한 뉴스 독자/연예 뉴스 매니아,31,31,20231230
20231200124,"일제강점기 한국의 우뭇가사리로 만든 일본 과자, 양갱","양갱은 중국에서 일본에 전해져 정착된 과자로 우뭇가사리를 냉동건조시킨 한천에 팥, 설탕 등을 넣고 쪄서 만든 과자다. 양갱은 일제강점기 조선에 들어와 지금도 팔릴만큼 한국인의 과자로 정착되었다. 양갱의 원료인 우뭇가사리는 일제강점기 본격적으로 한반도 바다에서 채취되었는데 우뭇가사리가 양갱 원료 이외에 의약품, 화장품 등의 원료로 쓰였기 때문이다. 일제강점기 우뭇가사리 채취는 주로 제주도 출신 해녀들이 담당하였다. 해방 후에도 한천은 계속 만들어져 주로 외국으로 수출되었다.",근대 신문으로 보는 음식,개항 이후 들어온 음식과 식재료,https://minio.nculture.org/amsweb-opt/multimedia_assets/233/14832/2431/c/14832-thumb.jpg,https://ncms.nculture.org/legacy/story/2876,근대-일제강점기(1910.8.22~1945.8.14),경상남도,밀양시,경상남도 밀양시 산내면 봉의로 58-31,35.591708,128.880929,,20230101,"양갱, 요깡, 우뭇가사리, 한천, 제주해녀, 나카오카제과, 해태제과합명회사",F,미디어 & 엔터테인먼트/음악 애호가,31,28,20231230
20231200125,"누룩, 국가가 통제하다.",누룩은 곡식을 발효시켜 술로 만들 때 필요한 발효제이다. 전근대 시기 누룩은 주로 밀로 만들었는데 밀 농사를 지은 농민들이 부업으로 만들어 장에서 팔았다. 일제시대 대규모로 누룩을 제조하는 공장들이 출현하였는데 농촌에서 부업으로 만드는 누룩도 공존하였다. 1930년대 일제는 누룩 제조를 특정 공장에만 허가하고 전매권을 주었다. 다양하게 만들어지던 누룩은 국가에 의해 통제되었다.,근대 신문으로 보는 음식,전통 음식과 식재료의 변화,https://minio.nculture.org/amsweb-opt/multimedia_assets/202/25909/7566/c/25909-thumb.jpg,https://ncms.nculture.org/legacy/story/2727,근대-일제강점기(1910.8.22~1945.8.14),부산광역시,금정구,부산광역시 금정구 금성동 554-1 금정산성 막걸리 찾아가는 양조장,35.250417,129.056476,부산 산성마을,20230101,"곡자화시, 곡자제조장, 산성누룩, 재래종 밀",F,음식 & 다이닝/요리 매니아/셰프 지망생,31,27,20231230
20231200126,"누룩, 국가가 통제하다.",누룩은 곡식을 발효시켜 술로 만들 때 필요한 발효제이다. 전근대 시기 누룩은 주로 밀로 만들었는데 밀 농사를 지은 농민들이 부업으로 만들어 장에서 팔았다. 일제시대 대규모로 누룩을 제조하는 공장들이 출현하였는데 농촌에서 부업으로 만드는 누룩도 공존하였다. 1930년대 일제는 누룩 제조를 특정 공장에만 허가하고 전매권을 주었다. 다양하게 만들어지던 누룩은 국가에 의해 통제되었다.,근대 신문으로 보는 음식,전통 음식과 식재료의 변화,https://minio.nculture.org/amsweb-opt/multimedia_assets/202/25909/7566/c/25909-thumb.jpg,https://ncms.nculture.org/legacy/story/2727,근대-일제강점기(1910.8.22~1945.8.14),부산광역시,금정구,부산광역시 금정구 금성동 554-1 금정산성 막걸리 찾아가는 양조장,35.250417,129.056476,부산 산성마을,20230101,"곡자화시, 곡자제조장, 산성누룩, 재래종 밀",F,미디어 & 엔터테인먼트/TV 대중 시청자,31,27,20231230
20231200127,"누룩, 국가가 통제하다.",누룩은 곡식을 발효시켜 술로 만들 때 필요한 발효제이다. 전근대 시기 누룩은 주로 밀로 만들었는데 밀 농사를 지은 농민들이 부업으로 만들어 장에서 팔았다. 일제시대 대규모로 누룩을 제조하는 공장들이 출현하였는데 농촌에서 부업으로 만드는 누룩도 공존하였다. 1930년대 일제는 누룩 제조를 특정 공장에만 허가하고 전매권을 주었다. 다양하게 만들어지던 누룩은 국가에 의해 통제되었다.,근대 신문으로 보는 음식,전통 음식과 식재료의 변화,https://minio.nculture.org/amsweb-opt/multimedia_assets/202/25909/7566/c/25909-thumb.jpg,https://ncms.nculture.org/legacy/story/2727,근대-일제강점기(1910.8.22~1945.8.14),부산광역시,금정구,부산광역시 금정구 금성동 554-1 금정산성 막걸리 찾아가는 양조장,35.250417,129.056476,부산 산성마을,20230101,"곡자화시, 곡자제조장, 산성누룩, 재래종 밀",F,미디어 & 엔터테인먼트/영화 애호가,31,27,20231230
20231200128,인천육군조병창(仁川陸軍造兵廠),"인천육군조병창은 당시 경기도 부천군 부내면 대정리, 현 부평구 산곡동에 건립되었으며 이곳에 본부와 제1제조소가 있었다. 인천육군조병창은 제1제조소 외에도 평양역 인근에 평양제조소를 예하에 두고 있었다. 인천육군조병창의 주요 임무는 99식 소총·총검·군도 등의 생산 및 수리였다. 인천 부평에 병기공장을 건립하게 된 배경에는 1937년 시작된 중일전쟁의 장기화에 따라, “만선(滿鮮) 북지(北)에 대한 수송의 신속 안전 및 조선 내 병기 공업 능력의 비약적 발전”을 기하기 위함이었다.","한반도 유일한, 부평의 인천육군조병창 이야기",,https://minio.nculture.org/amsweb-opt/multimedia_assets/70/86030/95821/c/%EC%9D%B8%EC%B2%9C%EC%9C%A1%EA%B5%B0%EC%A1%B0%EB%B3%91%EC%B0%BD%EC%9D%98-%EB%B3%B8%EB%B6%80%EA%B1%B4%EB%AC%BC%28%EB%B3%91%EC%9B%90%29_%28%EB%B6%80%ED%8F%89%EB%AC%B8%ED%99%94%EC%9B%90%29-thumb.jpg,https://ncms.nculture.org/legacy/story/8764,,인천광역시,부평구,인천광역시 부평구 안남로 146 (부영공원),37.49590926,126.7098147,부평문화원,20230101,"인천육군조병창, 일제강점기, 고쿠라육군조병창, 아시아태평양전쟁",F,뉴스 & 정치/열렬한 뉴스 독자/열렬한 정치 뉴스 독자,31,23,20231230
20231200129,"일제강점기 한국의 우뭇가사리로 만든 일본 과자, 양갱","양갱은 중국에서 일본에 전해져 정착된 과자로 우뭇가사리를 냉동건조시킨 한천에 팥, 설탕 등을 넣고 쪄서 만든 과자다. 양갱은 일제강점기 조선에 들어와 지금도 팔릴만큼 한국인의 과자로 정착되었다. 양갱의 원료인 우뭇가사리는 일제강점기 본격적으로 한반도 바다에서 채취되었는데 우뭇가사리가 양갱 원료 이외에 의약품, 화장품 등의 원료로 쓰였기 때문이다. 일제강점기 우뭇가사리 채취는 주로 제주도 출신 해녀들이 담당하였다. 해방 후에도 한천은 계속 만들어져 주로 외국으로 수출되었다.",근대 신문으로 보는 음식,개항 이후 들어온 음식과 식재료,https://minio.nculture.org/amsweb-opt/multimedia_assets/233/14832/2431/c/14832-thumb.jpg,https://ncms.nculture.org/legacy/story/2876,근대-일제강점기(1910.8.22~1945.8.14),경상남도,밀양시,경상남도 밀양시 산내면 봉의로 58-31,35.591708,128.880929,,20230101,"양갱, 요깡, 우뭇가사리, 한천, 제주해녀, 나카오카제과, 해태제과합명회사",M,미디어 & 엔터테인먼트/음악 애호가,31,22,20231230
20231200130,전통배추를 밀어내고 김치의 원료가 된 결구배추,"배추김치의 주재료인 배추는 조선시대까지 한양과 개성에서 자란 것이 유명했다. 이 배추는 배추잎이 절반정도 뭉친 반결구종으로, 무게는 결구종보다 적고 생육기간도 길었다. 임오군란 이후 중국인들이 한국땅에 살고 중국과 왕래하면서 중국의 결구배추가 들어오게 된다. 결구배추는 배추잎이 서로 감싸 완전히 뭉친 것인데 생육기간이 짧고 크기도 컸다. 일제강점기 반결구배추가 병충해에 시달리면서 결구종 배추가 보급되어 오늘날 김치를 만드는 배추는 결구종배추가 주를 이루게 되었다.",근대 신문으로 보는 음식,전통 음식과 식재료의 변화,,https://ncms.nculture.org/legacy/story/2831,근대-일제강점기(1910.8.22~1945.8.14),,,,,,덕천,20230101,"배추김치, 호배추, 결구배추",M,미디어 & 엔터테인먼트/만화 & 애니메이션 팬,30,30,20231230
20231200131,전통배추를 밀어내고 김치의 원료가 된 결구배추,"배추김치의 주재료인 배추는 조선시대까지 한양과 개성에서 자란 것이 유명했다. 이 배추는 배추잎이 절반정도 뭉친 반결구종으로, 무게는 결구종보다 적고 생육기간도 길었다. 임오군란 이후 중국인들이 한국땅에 살고 중국과 왕래하면서 중국의 결구배추가 들어오게 된다. 결구배추는 배추잎이 서로 감싸 완전히 뭉친 것인데 생육기간이 짧고 크기도 컸다. 일제강점기 반결구배추가 병충해에 시달리면서 결구종 배추가 보급되어 오늘날 김치를 만드는 배추는 결구종배추가 주를 이루게 되었다.",근대 신문으로 보는 음식,전통 음식과 식재료의 변화,,https://ncms.nculture.org/legacy/story/2831,근대-일제강점기(1910.8.22~1945.8.14),,,,,,덕천,20230101,"배추김치, 호배추, 결구배추",F,미디어 & 엔터테인먼트/TV 애호가/드라마 팬,30,29,20231230
20231200132,"동양 최초의 바다 밑 터널, 통영 해저터널","통영반도 남단과 미륵도를 연결하는 통영 해저터널은 동양 최초의 해저터널이다. 일제강점기 이전부터 통영으로 이주해온 일본인 이주 어민들은 연안에서 어로 활동을 하며 물고기 떼를 쫓아 빠르게 이동할 필요가 있었는데, 미륵도와 통영 사이의 해협이 너무 좁아 미륵도를 빙 돌아 가야 하는 불편함이 있었다. 그래서 일제는 1932년 통영운하를 완공했다. 통영운하 개통 후 운하를 건너다니도록 하기 위해 교량 대신 만든 것이 해저터널이다. 터널을 만든 지역은 판데목이라는 곳인데, 임진왜란 한산대첩 때 많은 왜군이 이순신의 학익진에 대패해 판데목 부근에서 수장됐다고 한다. 일본인들이 조상의 유해 위로 건너다닐 수 없어서 해저터널을 팠다는 이야기도 전해진다.",공간으로 읽는 근대문화 역사유산,"빼앗긴 들, 뒤틀린 근대",https://minio.nculture.org/amsweb-opt/multimedia_assets/140/85835/93850/c/%ED%86%B5%EC%98%81-%ED%95%B4%EC%A0%80%ED%84%B0%EB%84%90-%281%29_rev-thumb.jpg,https://ncms.nculture.org/legacy/story/2936,근대-일제강점기(1910.8.22~1945.8.14),경상남도,통영시,경상남도 통영시 도남로 57-1,34.834788,128.40991,충무교,20230101,"통영 해저터널, 통영운하, 충무공 이순신, 판데목, 미륵도",F,뉴스 & 정치/열렬한 뉴스 독자/연예 뉴스 매니아,30,28,20231230
20231200133,"일제강점기 한국의 우뭇가사리로 만든 일본 과자, 양갱","양갱은 중국에서 일본에 전해져 정착된 과자로 우뭇가사리를 냉동건조시킨 한천에 팥, 설탕 등을 넣고 쪄서 만든 과자다. 양갱은 일제강점기 조선에 들어와 지금도 팔릴만큼 한국인의 과자로 정착되었다. 양갱의 원료인 우뭇가사리는 일제강점기 본격적으로 한반도 바다에서 채취되었는데 우뭇가사리가 양갱 원료 이외에 의약품, 화장품 등의 원료로 쓰였기 때문이다. 일제강점기 우뭇가사리 채취는 주로 제주도 출신 해녀들이 담당하였다. 해방 후에도 한천은 계속 만들어져 주로 외국으로 수출되었다.",근대 신문으로 보는 음식,개항 이후 들어온 음식과 식재료,https://minio.nculture.org/amsweb-opt/multimedia_assets/233/14832/2431/c/14832-thumb.jpg,https://ncms.nculture.org/legacy/story/2876,근대-일제강점기(1910.8.22~1945.8.14),경상남도,밀양시,경상남도 밀양시 산내면 봉의로 58-31,35.591708,128.880929,,20230101,"양갱, 요깡, 우뭇가사리, 한천, 제주해녀, 나카오카제과, 해태제과합명회사",F,쇼핑객/쇼핑 애호가,30,27,20231230
20231200134,"일제강점기 한국의 우뭇가사리로 만든 일본 과자, 양갱","양갱은 중국에서 일본에 전해져 정착된 과자로 우뭇가사리를 냉동건조시킨 한천에 팥, 설탕 등을 넣고 쪄서 만든 과자다. 양갱은 일제강점기 조선에 들어와 지금도 팔릴만큼 한국인의 과자로 정착되었다. 양갱의 원료인 우뭇가사리는 일제강점기 본격적으로 한반도 바다에서 채취되었는데 우뭇가사리가 양갱 원료 이외에 의약품, 화장품 등의 원료로 쓰였기 때문이다. 일제강점기 우뭇가사리 채취는 주로 제주도 출신 해녀들이 담당하였다. 해방 후에도 한천은 계속 만들어져 주로 외국으로 수출되었다.",근대 신문으로 보는 음식,개항 이후 들어온 음식과 식재료,https://minio.nculture.org/amsweb-opt/multimedia_assets/233/14832/2431/c/14832-thumb.jpg,https://ncms.nculture.org/legacy/story/2876,근대-일제강점기(1910.8.22~1945.8.14),경상남도,밀양시,경상남도 밀양시 산내면 봉의로 58-31,35.591708,128.880929,,20230101,"양갱, 요깡, 우뭇가사리, 한천, 제주해녀, 나카오카제과, 해태제과합명회사",M,미디어 & 엔터테인먼트/TV 애호가/드라마 팬,30,21,20231230
20231200135,"누룩, 국가가 통제하다.",누룩은 곡식을 발효시켜 술로 만들 때 필요한 발효제이다. 전근대 시기 누룩은 주로 밀로 만들었는데 밀 농사를 지은 농민들이 부업으로 만들어 장에서 팔았다. 일제시대 대규모로 누룩을 제조하는 공장들이 출현하였는데 농촌에서 부업으로 만드는 누룩도 공존하였다. 1930년대 일제는 누룩 제조를 특정 공장에만 허가하고 전매권을 주었다. 다양하게 만들어지던 누룩은 국가에 의해 통제되었다.,근대 신문으로 보는 음식,전통 음식과 식재료의 변화,https://minio.nculture.org/amsweb-opt/multimedia_assets/202/25909/7566/c/25909-thumb.jpg,https://ncms.nculture.org/legacy/story/2727,근대-일제강점기(1910.8.22~1945.8.14),부산광역시,금정구,부산광역시 금정구 금성동 554-1 금정산성 막걸리 찾아가는 양조장,35.250417,129.056476,부산 산성마을,20230101,"곡자화시, 곡자제조장, 산성누룩, 재래종 밀",M,음식 & 다이닝/요리 매니아/셰프 지망생,30,15,20231230
20231200136,"누룩, 국가가 통제하다.",누룩은 곡식을 발효시켜 술로 만들 때 필요한 발효제이다. 전근대 시기 누룩은 주로 밀로 만들었는데 밀 농사를 지은 농민들이 부업으로 만들어 장에서 팔았다. 일제시대 대규모로 누룩을 제조하는 공장들이 출현하였는데 농촌에서 부업으로 만드는 누룩도 공존하였다. 1930년대 일제는 누룩 제조를 특정 공장에만 허가하고 전매권을 주었다. 다양하게 만들어지던 누룩은 국가에 의해 통제되었다.,근대 신문으로 보는 음식,전통 음식과 식재료의 변화,https://minio.nculture.org/amsweb-opt/multimedia_assets/202/25909/7566/c/25909-thumb.jpg,https://ncms.nculture.org/legacy/story/2727,근대-일제강점기(1910.8.22~1945.8.14),부산광역시,금정구,부산광역시 금정구 금성동 554-1 금정산성 막걸리 찾아가는 양조장,35.250417,129.056476,부산 산성마을,20230101,"곡자화시, 곡자제조장, 산성누룩, 재래종 밀",M,스포츠 & 피트니스/건강 및 피트니스,30,14,20231230
20231200137,"누룩, 국가가 통제하다.",누룩은 곡식을 발효시켜 술로 만들 때 필요한 발효제이다. 전근대 시기 누룩은 주로 밀로 만들었는데 밀 농사를 지은 농민들이 부업으로 만들어 장에서 팔았다. 일제시대 대규모로 누룩을 제조하는 공장들이 출현하였는데 농촌에서 부업으로 만드는 누룩도 공존하였다. 1930년대 일제는 누룩 제조를 특정 공장에만 허가하고 전매권을 주었다. 다양하게 만들어지던 누룩은 국가에 의해 통제되었다.,근대 신문으로 보는 음식,전통 음식과 식재료의 변화,https://minio.nculture.org/amsweb-opt/multimedia_assets/202/25909/7566/c/25909-thumb.jpg,https://ncms.nculture.org/legacy/story/2727,근대-일제강점기(1910.8.22~1945.8.14),부산광역시,금정구,부산광역시 금정구 금성동 554-1 금정산성 막걸리 찾아가는 양조장,35.250417,129.056476,부산 산성마을,20230101,"곡자화시, 곡자제조장, 산성누룩, 재래종 밀",F,미디어 & 엔터테인먼트/음악 애호가/월드 뮤직 팬,29,25,20231230
20231200138,"누룩, 국가가 통제하다.",누룩은 곡식을 발효시켜 술로 만들 때 필요한 발효제이다. 전근대 시기 누룩은 주로 밀로 만들었는데 밀 농사를 지은 농민들이 부업으로 만들어 장에서 팔았다. 일제시대 대규모로 누룩을 제조하는 공장들이 출현하였는데 농촌에서 부업으로 만드는 누룩도 공존하였다. 1930년대 일제는 누룩 제조를 특정 공장에만 허가하고 전매권을 주었다. 다양하게 만들어지던 누룩은 국가에 의해 통제되었다.,근대 신문으로 보는 음식,전통 음식과 식재료의 변화,https://minio.nculture.org/amsweb-opt/multimedia_assets/202/25909/7566/c/25909-thumb.jpg,https://ncms.nculture.org/legacy/story/2727,근대-일제강점기(1910.8.22~1945.8.14),부산광역시,금정구,부산광역시 금정구 금성동 554-1 금정산성 막걸리 찾아가는 양조장,35.250417,129.056476,부산 산성마을,20230101,"곡자화시, 곡자제조장, 산성누룩, 재래종 밀",F,여행/여행 매니아,29,25,20231230
20231200139,"서울 최초의 근대 백화점, 미츠코시 백화점 경성지점","미츠코시 백화점 경성지점은 서울특별시에 세워진 최초의 근대식 백화점이다. 미츠코시 오복점이 1929년에 지점으로 승격되면서 본격적으로 백화점의 면모를 갖추게 되었다. 대형 백화점의 등장은 정찰제 판매, 박리다매 전략의 등장으로 우리나라 유통에 큰 변화를 불러왔다. 미츠코시 백화점은 일반 시민들에게 일상적인 공간으로 자리 잡았으나 이면에는 일제강점기 소비문화의 모순이 감춰져 있기도 했다. 현재는 서울특별시 중구 신세계백화점 본점 본관으로 사용되고 있다.",공간으로 읽는 근대문화 역사유산,"근대, 한반도에 발을 딛다",https://minio.nculture.org/amsweb-opt/multimedia_assets/125/85820/93650/c/%EA%B5%AC-%EB%AF%B8%EC%93%B0%EC%BD%94%EC%8B%9C-%EA%B2%BD%EC%84%B1%EC%A7%80%EC%A0%90-%281%29_rev-thumb.jpg,https://ncms.nculture.org/legacy/story/7134,근대-일제강점기(1910.8.22~1945.8.14),서울특별시,중구,서울특별시 중구 소공로 63,37.56091902,126.980979,신세계백화점 본점,20230101,"백화점, 미츠코시, 이상, 채만식",F,스포츠 & 피트니스/건강 및 피트니스,29,23,20231230
20231200140,인천육군조병창(仁川陸軍造兵廠),"인천육군조병창은 당시 경기도 부천군 부내면 대정리, 현 부평구 산곡동에 건립되었으며 이곳에 본부와 제1제조소가 있었다. 인천육군조병창은 제1제조소 외에도 평양역 인근에 평양제조소를 예하에 두고 있었다. 인천육군조병창의 주요 임무는 99식 소총·총검·군도 등의 생산 및 수리였다. 인천 부평에 병기공장을 건립하게 된 배경에는 1937년 시작된 중일전쟁의 장기화에 따라, “만선(滿鮮) 북지(北)에 대한 수송의 신속 안전 및 조선 내 병기 공업 능력의 비약적 발전”을 기하기 위함이었다.","한반도 유일한, 부평의 인천육군조병창 이야기",,https://minio.nculture.org/amsweb-opt/multimedia_assets/70/86030/95821/c/%EC%9D%B8%EC%B2%9C%EC%9C%A1%EA%B5%B0%EC%A1%B0%EB%B3%91%EC%B0%BD%EC%9D%98-%EB%B3%B8%EB%B6%80%EA%B1%B4%EB%AC%BC%28%EB%B3%91%EC%9B%90%29_%28%EB%B6%80%ED%8F%89%EB%AC%B8%ED%99%94%EC%9B%90%29-thumb.jpg,https://ncms.nculture.org/legacy/story/8764,,인천광역시,부평구,인천광역시 부평구 안남로 146 (부영공원),37.49590926,126.7098147,부평문화원,20230101,"인천육군조병창, 일제강점기, 고쿠라육군조병창, 아시아태평양전쟁",F,미디어 & 엔터테인먼트/영화 애호가,29,23,20231230
20231200141,"누룩, 국가가 통제하다.",누룩은 곡식을 발효시켜 술로 만들 때 필요한 발효제이다. 전근대 시기 누룩은 주로 밀로 만들었는데 밀 농사를 지은 농민들이 부업으로 만들어 장에서 팔았다. 일제시대 대규모로 누룩을 제조하는 공장들이 출현하였는데 농촌에서 부업으로 만드는 누룩도 공존하였다. 1930년대 일제는 누룩 제조를 특정 공장에만 허가하고 전매권을 주었다. 다양하게 만들어지던 누룩은 국가에 의해 통제되었다.,근대 신문으로 보는 음식,전통 음식과 식재료의 변화,https://minio.nculture.org/amsweb-opt/multimedia_assets/202/25909/7566/c/25909-thumb.jpg,https://ncms.nculture.org/legacy/story/2727,근대-일제강점기(1910.8.22~1945.8.14),부산광역시,금정구,부산광역시 금정구 금성동 554-1 금정산성 막걸리 찾아가는 양조장,35.250417,129.056476,부산 산성마을,20230101,"곡자화시, 곡자제조장, 산성누룩, 재래종 밀",M,미디어 & 엔터테인먼트/만화 & 애니메이션 팬,29,15,20231230
20231200142,"서울 최초의 근대 백화점, 미츠코시 백화점 경성지점","미츠코시 백화점 경성지점은 서울특별시에 세워진 최초의 근대식 백화점이다. 미츠코시 오복점이 1929년에 지점으로 승격되면서 본격적으로 백화점의 면모를 갖추게 되었다. 대형 백화점의 등장은 정찰제 판매, 박리다매 전략의 등장으로 우리나라 유통에 큰 변화를 불러왔다. 미츠코시 백화점은 일반 시민들에게 일상적인 공간으로 자리 잡았으나 이면에는 일제강점기 소비문화의 모순이 감춰져 있기도 했다. 현재는 서울특별시 중구 신세계백화점 본점 본관으로 사용되고 있다.",공간으로 읽는 근대문화 역사유산,"근대, 한반도에 발을 딛다",https://minio.nculture.org/amsweb-opt/multimedia_assets/125/85820/93650/c/%EA%B5%AC-%EB%AF%B8%EC%93%B0%EC%BD%94%EC%8B%9C-%EA%B2%BD%EC%84%B1%EC%A7%80%EC%A0%90-%281%29_rev-thumb.jpg,https://ncms.nculture.org/legacy/story/7134,근대-일제강점기(1910.8.22~1945.8.14),서울특별시,중구,서울특별시 중구 소공로 63,37.56091902,126.980979,신세계백화점 본점,20230101,"백화점, 미츠코시, 이상, 채만식",M,스포츠 & 피트니스/건강 및 피트니스,28,26,20231230
20231200143,"서울 최초의 근대 백화점, 미츠코시 백화점 경성지점","미츠코시 백화점 경성지점은 서울특별시에 세워진 최초의 근대식 백화점이다. 미츠코시 오복점이 1929년에 지점으로 승격되면서 본격적으로 백화점의 면모를 갖추게 되었다. 대형 백화점의 등장은 정찰제 판매, 박리다매 전략의 등장으로 우리나라 유통에 큰 변화를 불러왔다. 미츠코시 백화점은 일반 시민들에게 일상적인 공간으로 자리 잡았으나 이면에는 일제강점기 소비문화의 모순이 감춰져 있기도 했다. 현재는 서울특별시 중구 신세계백화점 본점 본관으로 사용되고 있다.",공간으로 읽는 근대문화 역사유산,"근대, 한반도에 발을 딛다",https://minio.nculture.org/amsweb-opt/multimedia_assets/125/85820/93650/c/%EA%B5%AC-%EB%AF%B8%EC%93%B0%EC%BD%94%EC%8B%9C-%EA%B2%BD%EC%84%B1%EC%A7%80%EC%A0%90-%281%29_rev-thumb.jpg,https://ncms.nculture.org/legacy/story/7134,근대-일제강점기(1910.8.22~1945.8.14),서울특별시,중구,서울특별시 중구 소공로 63,37.56091902,126.980979,신세계백화점 본점,20230101,"백화점, 미츠코시, 이상, 채만식",F,쇼핑객/쇼핑 애호가,28,25,20231230
20231200144,"서울 최초의 근대 백화점, 미츠코시 백화점 경성지점","미츠코시 백화점 경성지점은 서울특별시에 세워진 최초의 근대식 백화점이다. 미츠코시 오복점이 1929년에 지점으로 승격되면서 본격적으로 백화점의 면모를 갖추게 되었다. 대형 백화점의 등장은 정찰제 판매, 박리다매 전략의 등장으로 우리나라 유통에 큰 변화를 불러왔다. 미츠코시 백화점은 일반 시민들에게 일상적인 공간으로 자리 잡았으나 이면에는 일제강점기 소비문화의 모순이 감춰져 있기도 했다. 현재는 서울특별시 중구 신세계백화점 본점 본관으로 사용되고 있다.",공간으로 읽는 근대문화 역사유산,"근대, 한반도에 발을 딛다",https://minio.nculture.org/amsweb-opt/multimedia_assets/125/85820/93650/c/%EA%B5%AC-%EB%AF%B8%EC%93%B0%EC%BD%94%EC%8B%9C-%EA%B2%BD%EC%84%B1%EC%A7%80%EC%A0%90-%281%29_rev-thumb.jpg,https://ncms.nculture.org/legacy/story/7134,근대-일제강점기(1910.8.22~1945.8.14),서울특별시,중구,서울특별시 중구 소공로 63,37.56091902,126.980979,신세계백화점 본점,20230101,"백화점, 미츠코시, 이상, 채만식",F,테크놀로지/모바일 매니아,28,25,20231230
20231200145,"일제강점기 한국의 우뭇가사리로 만든 일본 과자, 양갱","양갱은 중국에서 일본에 전해져 정착된 과자로 우뭇가사리를 냉동건조시킨 한천에 팥, 설탕 등을 넣고 쪄서 만든 과자다. 양갱은 일제강점기 조선에 들어와 지금도 팔릴만큼 한국인의 과자로 정착되었다. 양갱의 원료인 우뭇가사리는 일제강점기 본격적으로 한반도 바다에서 채취되었는데 우뭇가사리가 양갱 원료 이외에 의약품, 화장품 등의 원료로 쓰였기 때문이다. 일제강점기 우뭇가사리 채취는 주로 제주도 출신 해녀들이 담당하였다. 해방 후에도 한천은 계속 만들어져 주로 외국으로 수출되었다.",근대 신문으로 보는 음식,개항 이후 들어온 음식과 식재료,https://minio.nculture.org/amsweb-opt/multimedia_assets/233/14832/2431/c/14832-thumb.jpg,https://ncms.nculture.org/legacy/story/2876,근대-일제강점기(1910.8.22~1945.8.14),경상남도,밀양시,경상남도 밀양시 산내면 봉의로 58-31,35.591708,128.880929,,20230101,"양갱, 요깡, 우뭇가사리, 한천, 제주해녀, 나카오카제과, 해태제과합명회사",F,음식 & 다이닝/자주 외식/끼니별 외식/저녁 외식을 주로하는 사람,28,25,20231230
20231200146,"일제강점기 한국의 우뭇가사리로 만든 일본 과자, 양갱","양갱은 중국에서 일본에 전해져 정착된 과자로 우뭇가사리를 냉동건조시킨 한천에 팥, 설탕 등을 넣고 쪄서 만든 과자다. 양갱은 일제강점기 조선에 들어와 지금도 팔릴만큼 한국인의 과자로 정착되었다. 양갱의 원료인 우뭇가사리는 일제강점기 본격적으로 한반도 바다에서 채취되었는데 우뭇가사리가 양갱 원료 이외에 의약품, 화장품 등의 원료로 쓰였기 때문이다. 일제강점기 우뭇가사리 채취는 주로 제주도 출신 해녀들이 담당하였다. 해방 후에도 한천은 계속 만들어져 주로 외국으로 수출되었다.",근대 신문으로 보는 음식,개항 이후 들어온 음식과 식재료,https://minio.nculture.org/amsweb-opt/multimedia_assets/233/14832/2431/c/14832-thumb.jpg,https://ncms.nculture.org/legacy/story/2876,근대-일제강점기(1910.8.22~1945.8.14),경상남도,밀양시,경상남도 밀양시 산내면 봉의로 58-31,35.591708,128.880929,,20230101,"양갱, 요깡, 우뭇가사리, 한천, 제주해녀, 나카오카제과, 해태제과합명회사",F,음식 & 다이닝/자주 외식/끼니별 외식/점심 외식을 주로하는 사람,28,25,20231230
20231200147,일본 경찰의 고문으로 숨진 28세 독립운동가 - 예천 윤우식 생가,"경상북도 예천군 지보면 신풍리 남석 윤우식 선생의 생가는 16세기에 지어진 고택이다. 1922년 화재로 예전 집은 불탔고, 같은 자리에 규모를 줄여 지은 집이 현재 남아있는 기와집이다. 안채와 사랑채가 튼 입구 자로 배치되어 있고, 옆에는 사당(죽호당)이 있다. 윤우식은 1920년대 후반부터 농민운동을 벌였고, 1934년 ‘예천 무명당’이 결성될 때 참여하여 지보면의 조직을 책임졌다. ‘예천 무명당’은 농민을 넘어 각계각층의 조직을 통해 항일 독립운동을 벌이려 했던 조직이다. 예천 무명당은 1934년 초 일경에 발각되어 무더기로 체포되었고, 윤우식은 지도부 11인으로 모진 고문을 받다가 순국했다. 낙동강이 바라다 보이는 윤우식 생가는 등록문화재 제571호다.",공간으로 읽는 근대문화 역사유산,근현대 인물들의 공간,https://minio.nculture.org/amsweb-opt/3ds/19/84374/84374_thumbnail.jpg,https://ncms.nculture.org/legacy/story/4539,근대-일제강점기(1910.8.22~1945.8.14),경상북도,예천군,경상북도 예천군 지보면 신풍1리길 25,36.53849413,128.4365732,예천박물관,20230101,"남석 윤우식, 예천 무명당, 죽고서원",F,뉴스 & 정치/열렬한 뉴스 독자/연예 뉴스 매니아,28,23,20231230
20231200148,인천육군조병창(仁川陸軍造兵廠),"인천육군조병창은 당시 경기도 부천군 부내면 대정리, 현 부평구 산곡동에 건립되었으며 이곳에 본부와 제1제조소가 있었다. 인천육군조병창은 제1제조소 외에도 평양역 인근에 평양제조소를 예하에 두고 있었다. 인천육군조병창의 주요 임무는 99식 소총·총검·군도 등의 생산 및 수리였다. 인천 부평에 병기공장을 건립하게 된 배경에는 1937년 시작된 중일전쟁의 장기화에 따라, “만선(滿鮮) 북지(北)에 대한 수송의 신속 안전 및 조선 내 병기 공업 능력의 비약적 발전”을 기하기 위함이었다.","한반도 유일한, 부평의 인천육군조병창 이야기",,https://minio.nculture.org/amsweb-opt/multimedia_assets/70/86030/95821/c/%EC%9D%B8%EC%B2%9C%EC%9C%A1%EA%B5%B0%EC%A1%B0%EB%B3%91%EC%B0%BD%EC%9D%98-%EB%B3%B8%EB%B6%80%EA%B1%B4%EB%AC%BC%28%EB%B3%91%EC%9B%90%29_%28%EB%B6%80%ED%8F%89%EB%AC%B8%ED%99%94%EC%9B%90%29-thumb.jpg,https://ncms.nculture.org/legacy/story/8764,,인천광역시,부평구,인천광역시 부평구 안남로 146 (부영공원),37.49590926,126.7098147,부평문화원,20230101,"인천육군조병창, 일제강점기, 고쿠라육군조병창, 아시아태평양전쟁",F,여행/여행 매니아,28,22,20231230
20231200149,우리나라 최초의 철근 콘크리트 다리  - 강원 화천 꺼먹다리,"일제강점기 말에 건설된 화천댐과 더불어 만들어진 꺼먹다리는 화천군 간동면 구만리와 화천읍 대이리를 잇는 우리나라 최초의 철근 콘크리트 교량이다. 나무로 된 상판에 검은색 콜타르를 칠한 모습에서 꺼먹다리라는 이름이 붙었다. 1940년대에 일제가 교각을 세웠고, 해방 후에는 화천지역에서 군정을 실시했던 소련이 철골을 올렸으며, 한국전쟁 당시에 남한이 다리 상판을 얹어 뜻하지 않게 3국 합작품이 된 묘한 이력을 가지고 있다. 한국전쟁 당시 파로호 전투로 인해 꺼먹다리에는 아직도 포탄과 총탄 흔적이 남아있다. 당시 전투에서 국군, 유엔군, 북한군, 중공군을 모두 합해 10만여 명이 전사했다. 수많은 전투를 치렀음에도 불구하고 건립 당시의 원형을 비교적 잘 보전하고 있는 꺼먹다리는 산업과 교량의 역사 연구에 중요한 자료로 평가된다. 다리에는 군 입대를 앞둔 남자와 그 애인이 다리 양끝에서 출발해 한가운데서 만나면 남자가 군복무를 마칠 때까지 여자가 ‘고무신을 거꾸로 신지 않는다’는 이야기가 전해지고 있다.",공간으로 읽는 근대문화 역사유산,근대를 떠받친 토목시설과 광산,,https://ncms.nculture.org/legacy/story/1016,근대-일제강점기(1910.8.22~1945.8.14),강원특별자치도,화천군,"강원도 화천군 화천읍 평화로 656 외 1필지, 간동면 구만리 산9-1",38.10342519,127.761732,파로호,20230101,"화천댐, 화천수력발전소, 파로호, 파로호전투, 대붕호, 구만리, 처녀고개, 화천전투",M,미디어 & 엔터테인먼트/TV 애호가,28,17,20231230
20231200150,"누룩, 국가가 통제하다.",누룩은 곡식을 발효시켜 술로 만들 때 필요한 발효제이다. 전근대 시기 누룩은 주로 밀로 만들었는데 밀 농사를 지은 농민들이 부업으로 만들어 장에서 팔았다. 일제시대 대규모로 누룩을 제조하는 공장들이 출현하였는데 농촌에서 부업으로 만드는 누룩도 공존하였다. 1930년대 일제는 누룩 제조를 특정 공장에만 허가하고 전매권을 주었다. 다양하게 만들어지던 누룩은 국가에 의해 통제되었다.,근대 신문으로 보는 음식,전통 음식과 식재료의 변화,https://minio.nculture.org/amsweb-opt/multimedia_assets/202/25909/7566/c/25909-thumb.jpg,https://ncms.nculture.org/legacy/story/2727,근대-일제강점기(1910.8.22~1945.8.14),부산광역시,금정구,부산광역시 금정구 금성동 554-1 금정산성 막걸리 찾아가는 양조장,35.250417,129.056476,부산 산성마을,20230101,"곡자화시, 곡자제조장, 산성누룩, 재래종 밀",M,쇼핑객/쇼핑 애호가,28,14,20231230
20231200151,"누룩, 국가가 통제하다.",누룩은 곡식을 발효시켜 술로 만들 때 필요한 발효제이다. 전근대 시기 누룩은 주로 밀로 만들었는데 밀 농사를 지은 농민들이 부업으로 만들어 장에서 팔았다. 일제시대 대규모로 누룩을 제조하는 공장들이 출현하였는데 농촌에서 부업으로 만드는 누룩도 공존하였다. 1930년대 일제는 누룩 제조를 특정 공장에만 허가하고 전매권을 주었다. 다양하게 만들어지던 누룩은 국가에 의해 통제되었다.,근대 신문으로 보는 음식,전통 음식과 식재료의 변화,https://minio.nculture.org/amsweb-opt/multimedia_assets/202/25909/7566/c/25909-thumb.jpg,https://ncms.nculture.org/legacy/story/2727,근대-일제강점기(1910.8.22~1945.8.14),부산광역시,금정구,부산광역시 금정구 금성동 554-1 금정산성 막걸리 찾아가는 양조장,35.250417,129.056476,부산 산성마을,20230101,"곡자화시, 곡자제조장, 산성누룩, 재래종 밀",M,음식 & 다이닝/요리 매니아,28,13,20231230
20231200152,"서울 최초의 근대 백화점, 미츠코시 백화점 경성지점","미츠코시 백화점 경성지점은 서울특별시에 세워진 최초의 근대식 백화점이다. 미츠코시 오복점이 1929년에 지점으로 승격되면서 본격적으로 백화점의 면모를 갖추게 되었다. 대형 백화점의 등장은 정찰제 판매, 박리다매 전략의 등장으로 우리나라 유통에 큰 변화를 불러왔다. 미츠코시 백화점은 일반 시민들에게 일상적인 공간으로 자리 잡았으나 이면에는 일제강점기 소비문화의 모순이 감춰져 있기도 했다. 현재는 서울특별시 중구 신세계백화점 본점 본관으로 사용되고 있다.",공간으로 읽는 근대문화 역사유산,"근대, 한반도에 발을 딛다",https://minio.nculture.org/amsweb-opt/multimedia_assets/125/85820/93650/c/%EA%B5%AC-%EB%AF%B8%EC%93%B0%EC%BD%94%EC%8B%9C-%EA%B2%BD%EC%84%B1%EC%A7%80%EC%A0%90-%281%29_rev-thumb.jpg,https://ncms.nculture.org/legacy/story/7134,근대-일제강점기(1910.8.22~1945.8.14),서울특별시,중구,서울특별시 중구 소공로 63,37.56091902,126.980979,신세계백화점 본점,20230101,"백화점, 미츠코시, 이상, 채만식",F,라이프스타일 & 취미/사진광,27,26,20231230
20231200153,"누룩, 국가가 통제하다.",누룩은 곡식을 발효시켜 술로 만들 때 필요한 발효제이다. 전근대 시기 누룩은 주로 밀로 만들었는데 밀 농사를 지은 농민들이 부업으로 만들어 장에서 팔았다. 일제시대 대규모로 누룩을 제조하는 공장들이 출현하였는데 농촌에서 부업으로 만드는 누룩도 공존하였다. 1930년대 일제는 누룩 제조를 특정 공장에만 허가하고 전매권을 주었다. 다양하게 만들어지던 누룩은 국가에 의해 통제되었다.,근대 신문으로 보는 음식,전통 음식과 식재료의 변화,https://minio.nculture.org/amsweb-opt/multimedia_assets/202/25909/7566/c/25909-thumb.jpg,https://ncms.nculture.org/legacy/story/2727,근대-일제강점기(1910.8.22~1945.8.14),부산광역시,금정구,부산광역시 금정구 금성동 554-1 금정산성 막걸리 찾아가는 양조장,35.250417,129.056476,부산 산성마을,20230101,"곡자화시, 곡자제조장, 산성누룩, 재래종 밀",F,뉴스 & 정치/열렬한 뉴스 독자/열렬한 정치 뉴스 독자,27,24,20231230
20231200154,"서울 최초의 근대 백화점, 미츠코시 백화점 경성지점","미츠코시 백화점 경성지점은 서울특별시에 세워진 최초의 근대식 백화점이다. 미츠코시 오복점이 1929년에 지점으로 승격되면서 본격적으로 백화점의 면모를 갖추게 되었다. 대형 백화점의 등장은 정찰제 판매, 박리다매 전략의 등장으로 우리나라 유통에 큰 변화를 불러왔다. 미츠코시 백화점은 일반 시민들에게 일상적인 공간으로 자리 잡았으나 이면에는 일제강점기 소비문화의 모순이 감춰져 있기도 했다. 현재는 서울특별시 중구 신세계백화점 본점 본관으로 사용되고 있다.",공간으로 읽는 근대문화 역사유산,"근대, 한반도에 발을 딛다",https://minio.nculture.org/amsweb-opt/multimedia_assets/125/85820/93650/c/%EA%B5%AC-%EB%AF%B8%EC%93%B0%EC%BD%94%EC%8B%9C-%EA%B2%BD%EC%84%B1%EC%A7%80%EC%A0%90-%281%29_rev-thumb.jpg,https://ncms.nculture.org/legacy/story/7134,근대-일제강점기(1910.8.22~1945.8.14),서울특별시,중구,서울특별시 중구 소공로 63,37.56091902,126.980979,신세계백화점 본점,20230101,"백화점, 미츠코시, 이상, 채만식",M,미디어 & 엔터테인먼트/영화 애호가/액션 & 어드벤처 영화 팬,27,19,20231230
20231200155,"일제강점기 한국의 우뭇가사리로 만든 일본 과자, 양갱","양갱은 중국에서 일본에 전해져 정착된 과자로 우뭇가사리를 냉동건조시킨 한천에 팥, 설탕 등을 넣고 쪄서 만든 과자다. 양갱은 일제강점기 조선에 들어와 지금도 팔릴만큼 한국인의 과자로 정착되었다. 양갱의 원료인 우뭇가사리는 일제강점기 본격적으로 한반도 바다에서 채취되었는데 우뭇가사리가 양갱 원료 이외에 의약품, 화장품 등의 원료로 쓰였기 때문이다. 일제강점기 우뭇가사리 채취는 주로 제주도 출신 해녀들이 담당하였다. 해방 후에도 한천은 계속 만들어져 주로 외국으로 수출되었다.",근대 신문으로 보는 음식,개항 이후 들어온 음식과 식재료,https://minio.nculture.org/amsweb-opt/multimedia_assets/233/14832/2431/c/14832-thumb.jpg,https://ncms.nculture.org/legacy/story/2876,근대-일제강점기(1910.8.22~1945.8.14),경상남도,밀양시,경상남도 밀양시 산내면 봉의로 58-31,35.591708,128.880929,,20230101,"양갱, 요깡, 우뭇가사리, 한천, 제주해녀, 나카오카제과, 해태제과합명회사",M,스포츠 & 피트니스/건강 및 피트니스,27,18,20231230
20231200156,"일제강점기 한국의 우뭇가사리로 만든 일본 과자, 양갱","양갱은 중국에서 일본에 전해져 정착된 과자로 우뭇가사리를 냉동건조시킨 한천에 팥, 설탕 등을 넣고 쪄서 만든 과자다. 양갱은 일제강점기 조선에 들어와 지금도 팔릴만큼 한국인의 과자로 정착되었다. 양갱의 원료인 우뭇가사리는 일제강점기 본격적으로 한반도 바다에서 채취되었는데 우뭇가사리가 양갱 원료 이외에 의약품, 화장품 등의 원료로 쓰였기 때문이다. 일제강점기 우뭇가사리 채취는 주로 제주도 출신 해녀들이 담당하였다. 해방 후에도 한천은 계속 만들어져 주로 외국으로 수출되었다.",근대 신문으로 보는 음식,개항 이후 들어온 음식과 식재료,https://minio.nculture.org/amsweb-opt/multimedia_assets/233/14832/2431/c/14832-thumb.jpg,https://ncms.nculture.org/legacy/story/2876,근대-일제강점기(1910.8.22~1945.8.14),경상남도,밀양시,경상남도 밀양시 산내면 봉의로 58-31,35.591708,128.880929,,20230101,"양갱, 요깡, 우뭇가사리, 한천, 제주해녀, 나카오카제과, 해태제과합명회사",M,스포츠 & 피트니스/스포츠 팬/야구 팬,27,18,20231230
20231200157,"누룩, 국가가 통제하다.",누룩은 곡식을 발효시켜 술로 만들 때 필요한 발효제이다. 전근대 시기 누룩은 주로 밀로 만들었는데 밀 농사를 지은 농민들이 부업으로 만들어 장에서 팔았다. 일제시대 대규모로 누룩을 제조하는 공장들이 출현하였는데 농촌에서 부업으로 만드는 누룩도 공존하였다. 1930년대 일제는 누룩 제조를 특정 공장에만 허가하고 전매권을 주었다. 다양하게 만들어지던 누룩은 국가에 의해 통제되었다.,근대 신문으로 보는 음식,전통 음식과 식재료의 변화,https://minio.nculture.org/amsweb-opt/multimedia_assets/202/25909/7566/c/25909-thumb.jpg,https://ncms.nculture.org/legacy/story/2727,근대-일제강점기(1910.8.22~1945.8.14),부산광역시,금정구,부산광역시 금정구 금성동 554-1 금정산성 막걸리 찾아가는 양조장,35.250417,129.056476,부산 산성마을,20230101,"곡자화시, 곡자제조장, 산성누룩, 재래종 밀",M,테크놀로지/모바일 매니아,27,14,20231230
20231200158,유달산 자락 다순구미의 현대사 - 조선내화주식회사 구 목포공장,"전라남도 목포시 온금동 조선내화주식회사 옛 공장은 1938년 일제강점기 말기에 설립됐다. 내화란 불에 잘 견디는 성질을 일컫는 말로서, 조선내화에서는 무기용 철을 생산하는 용광로를 짓는데 들어가는 내화벽돌을 생산했다. 조선내화는 해방 후 한국인에게 불하되어 새 출발했다. 1953년에는 이동훈이 인수하여 목포 향토기업으로서 성장했다. 조선내화는 보해양조, 행남사와 더불어 목포 3대 기업으로 꼽혔다. 1960~1980년대 한국경제의 고도 성장기에 제철, 시멘트, 유리 공업에 반드시 필요한 내화제를 생산하여 세계적인 내화제 기업으로 발돋움했다. 목포 공장은 1997년 조선내화 본사가 전라남도 광양으로 옮겨감으로서 가동을 중단했다. 조선내화 노동자들은 다순구미(온금동) 일대에 마을을 이룰 정도로 모여 살았다. 조선내화는 2017년 목포 공장 내 건물 5동, 굴뚝 3기, 공장 설비 5기를 등록문화재로 지정받았다. 조선내화 목포 공장의 설비와 건물은 내화 산업의 일관 공정을 모두 살펴볼 수 있는 소중한 문화유산이다. 목포시 서산·온금지구 재개발과 맞물려 갈등을 빚기도 하였으나, 2019년 현재 추가로 공장 부지를 문화재로 지정해 줄 것을 요청한 상태다.",공간으로 읽는 근대문화 역사유산,산업화의 꿈이 영근 곳들,https://minio.nculture.org/amsweb-opt/3ds/34/84389/84389_thumbnail.jpg,https://ncms.nculture.org/legacy/story/1013,근대-일제강점기(1910.8.22~1945.8.14),전라남도,목포시,전라남도 목포시 해안로 57번길 24,34.78224889,126.3719829,이훈동 정원,20230101,"조선내화, 다순구미, 온금동, 째보선창, 이동훈, 이동훈 정원, 성옥기념관",M,뉴스 & 정치/열렬한 뉴스 독자/열렬한 정치 뉴스 독자,27,13,20231230
20231200159,"동양 최초의 바다 밑 터널, 통영 해저터널","통영반도 남단과 미륵도를 연결하는 통영 해저터널은 동양 최초의 해저터널이다. 일제강점기 이전부터 통영으로 이주해온 일본인 이주 어민들은 연안에서 어로 활동을 하며 물고기 떼를 쫓아 빠르게 이동할 필요가 있었는데, 미륵도와 통영 사이의 해협이 너무 좁아 미륵도를 빙 돌아 가야 하는 불편함이 있었다. 그래서 일제는 1932년 통영운하를 완공했다. 통영운하 개통 후 운하를 건너다니도록 하기 위해 교량 대신 만든 것이 해저터널이다. 터널을 만든 지역은 판데목이라는 곳인데, 임진왜란 한산대첩 때 많은 왜군이 이순신의 학익진에 대패해 판데목 부근에서 수장됐다고 한다. 일본인들이 조상의 유해 위로 건너다닐 수 없어서 해저터널을 팠다는 이야기도 전해진다.",공간으로 읽는 근대문화 역사유산,"빼앗긴 들, 뒤틀린 근대",https://minio.nculture.org/amsweb-opt/multimedia_assets/140/85835/93850/c/%ED%86%B5%EC%98%81-%ED%95%B4%EC%A0%80%ED%84%B0%EB%84%90-%281%29_rev-thumb.jpg,https://ncms.nculture.org/legacy/story/2936,근대-일제강점기(1910.8.22~1945.8.14),경상남도,통영시,경상남도 통영시 도남로 57-1,34.834788,128.40991,충무교,20230101,"통영 해저터널, 통영운하, 충무공 이순신, 판데목, 미륵도",M,미디어 & 엔터테인먼트/영화 애호가,26,26,20231230
20231200160,"일제강점기 한국의 우뭇가사리로 만든 일본 과자, 양갱","양갱은 중국에서 일본에 전해져 정착된 과자로 우뭇가사리를 냉동건조시킨 한천에 팥, 설탕 등을 넣고 쪄서 만든 과자다. 양갱은 일제강점기 조선에 들어와 지금도 팔릴만큼 한국인의 과자로 정착되었다. 양갱의 원료인 우뭇가사리는 일제강점기 본격적으로 한반도 바다에서 채취되었는데 우뭇가사리가 양갱 원료 이외에 의약품, 화장품 등의 원료로 쓰였기 때문이다. 일제강점기 우뭇가사리 채취는 주로 제주도 출신 해녀들이 담당하였다. 해방 후에도 한천은 계속 만들어져 주로 외국으로 수출되었다.",근대 신문으로 보는 음식,개항 이후 들어온 음식과 식재료,https://minio.nculture.org/amsweb-opt/multimedia_assets/233/14832/2431/c/14832-thumb.jpg,https://ncms.nculture.org/legacy/story/2876,근대-일제강점기(1910.8.22~1945.8.14),경상남도,밀양시,경상남도 밀양시 산내면 봉의로 58-31,35.591708,128.880929,,20230101,"양갱, 요깡, 우뭇가사리, 한천, 제주해녀, 나카오카제과, 해태제과합명회사",F,음식 & 다이닝/요리 매니아,26,25,20231230
20231200161,전통배추를 밀어내고 김치의 원료가 된 결구배추,"배추김치의 주재료인 배추는 조선시대까지 한양과 개성에서 자란 것이 유명했다. 이 배추는 배추잎이 절반정도 뭉친 반결구종으로, 무게는 결구종보다 적고 생육기간도 길었다. 임오군란 이후 중국인들이 한국땅에 살고 중국과 왕래하면서 중국의 결구배추가 들어오게 된다. 결구배추는 배추잎이 서로 감싸 완전히 뭉친 것인데 생육기간이 짧고 크기도 컸다. 일제강점기 반결구배추가 병충해에 시달리면서 결구종 배추가 보급되어 오늘날 김치를 만드는 배추는 결구종배추가 주를 이루게 되었다.",근대 신문으로 보는 음식,전통 음식과 식재료의 변화,,https://ncms.nculture.org/legacy/story/2831,근대-일제강점기(1910.8.22~1945.8.14),,,,,,덕천,20230101,"배추김치, 호배추, 결구배추",F,스포츠 & 피트니스/스포츠 팬/축구 팬,26,25,20231230
20231200162,"서울 최초의 근대 백화점, 미츠코시 백화점 경성지점","미츠코시 백화점 경성지점은 서울특별시에 세워진 최초의 근대식 백화점이다. 미츠코시 오복점이 1929년에 지점으로 승격되면서 본격적으로 백화점의 면모를 갖추게 되었다. 대형 백화점의 등장은 정찰제 판매, 박리다매 전략의 등장으로 우리나라 유통에 큰 변화를 불러왔다. 미츠코시 백화점은 일반 시민들에게 일상적인 공간으로 자리 잡았으나 이면에는 일제강점기 소비문화의 모순이 감춰져 있기도 했다. 현재는 서울특별시 중구 신세계백화점 본점 본관으로 사용되고 있다.",공간으로 읽는 근대문화 역사유산,"근대, 한반도에 발을 딛다",https://minio.nculture.org/amsweb-opt/multimedia_assets/125/85820/93650/c/%EA%B5%AC-%EB%AF%B8%EC%93%B0%EC%BD%94%EC%8B%9C-%EA%B2%BD%EC%84%B1%EC%A7%80%EC%A0%90-%281%29_rev-thumb.jpg,https://ncms.nculture.org/legacy/story/7134,근대-일제강점기(1910.8.22~1945.8.14),서울특별시,중구,서울특별시 중구 소공로 63,37.56091902,126.980979,신세계백화점 본점,20230101,"백화점, 미츠코시, 이상, 채만식",F,음식 & 다이닝/식도락가,26,23,20231230
20231200163,"서울 최초의 근대 백화점, 미츠코시 백화점 경성지점","미츠코시 백화점 경성지점은 서울특별시에 세워진 최초의 근대식 백화점이다. 미츠코시 오복점이 1929년에 지점으로 승격되면서 본격적으로 백화점의 면모를 갖추게 되었다. 대형 백화점의 등장은 정찰제 판매, 박리다매 전략의 등장으로 우리나라 유통에 큰 변화를 불러왔다. 미츠코시 백화점은 일반 시민들에게 일상적인 공간으로 자리 잡았으나 이면에는 일제강점기 소비문화의 모순이 감춰져 있기도 했다. 현재는 서울특별시 중구 신세계백화점 본점 본관으로 사용되고 있다.",공간으로 읽는 근대문화 역사유산,"근대, 한반도에 발을 딛다",https://minio.nculture.org/amsweb-opt/multimedia_assets/125/85820/93650/c/%EA%B5%AC-%EB%AF%B8%EC%93%B0%EC%BD%94%EC%8B%9C-%EA%B2%BD%EC%84%B1%EC%A7%80%EC%A0%90-%281%29_rev-thumb.jpg,https://ncms.nculture.org/legacy/story/7134,근대-일제강점기(1910.8.22~1945.8.14),서울특별시,중구,서울특별시 중구 소공로 63,37.56091902,126.980979,신세계백화점 본점,20230101,"백화점, 미츠코시, 이상, 채만식",F,미디어 & 엔터테인먼트/게이머/롤플레잉 게임 팬,26,23,20231230
20231200164,"일제강점기 한국의 우뭇가사리로 만든 일본 과자, 양갱","양갱은 중국에서 일본에 전해져 정착된 과자로 우뭇가사리를 냉동건조시킨 한천에 팥, 설탕 등을 넣고 쪄서 만든 과자다. 양갱은 일제강점기 조선에 들어와 지금도 팔릴만큼 한국인의 과자로 정착되었다. 양갱의 원료인 우뭇가사리는 일제강점기 본격적으로 한반도 바다에서 채취되었는데 우뭇가사리가 양갱 원료 이외에 의약품, 화장품 등의 원료로 쓰였기 때문이다. 일제강점기 우뭇가사리 채취는 주로 제주도 출신 해녀들이 담당하였다. 해방 후에도 한천은 계속 만들어져 주로 외국으로 수출되었다.",근대 신문으로 보는 음식,개항 이후 들어온 음식과 식재료,https://minio.nculture.org/amsweb-opt/multimedia_assets/233/14832/2431/c/14832-thumb.jpg,https://ncms.nculture.org/legacy/story/2876,근대-일제강점기(1910.8.22~1945.8.14),경상남도,밀양시,경상남도 밀양시 산내면 봉의로 58-31,35.591708,128.880929,,20230101,"양갱, 요깡, 우뭇가사리, 한천, 제주해녀, 나카오카제과, 해태제과합명회사",F,홈 앤 가든/홈 데코 매니아,26,23,20231230
20231200165,"누룩, 국가가 통제하다.",누룩은 곡식을 발효시켜 술로 만들 때 필요한 발효제이다. 전근대 시기 누룩은 주로 밀로 만들었는데 밀 농사를 지은 농민들이 부업으로 만들어 장에서 팔았다. 일제시대 대규모로 누룩을 제조하는 공장들이 출현하였는데 농촌에서 부업으로 만드는 누룩도 공존하였다. 1930년대 일제는 누룩 제조를 특정 공장에만 허가하고 전매권을 주었다. 다양하게 만들어지던 누룩은 국가에 의해 통제되었다.,근대 신문으로 보는 음식,전통 음식과 식재료의 변화,https://minio.nculture.org/amsweb-opt/multimedia_assets/202/25909/7566/c/25909-thumb.jpg,https://ncms.nculture.org/legacy/story/2727,근대-일제강점기(1910.8.22~1945.8.14),부산광역시,금정구,부산광역시 금정구 금성동 554-1 금정산성 막걸리 찾아가는 양조장,35.250417,129.056476,부산 산성마을,20230101,"곡자화시, 곡자제조장, 산성누룩, 재래종 밀",F,은행 및 금융/열렬한 투자자,26,23,20231230
20231200166,일본인 거리의 의미를 묻다 - 포항 구룡포 근대문화역사거리,경상북도 포항시 구룡포는 1900년부터 일본 어부들이 어업 근거지로 삼으면서 근대 항구가 되었다. 일본인들은 일제강점기부터 본국의 지원을 받으면서 구룡포로 이주하기 시작했다. 구룡포에 정착한 일본인 가운데는 가가와현 출신이 많았다. 이들은 일본 타 지역 출신들과 경쟁관계에 있었으나 1920년대부터 1930년대 중반까지 2차례에 걸친 축항 공사를 통해 방파제를 쌓고 일본인 거리를 확장했다. 구룡포의 조선인들은 상당수가 일본 선주들에게 고용돼 어로 노동자로 일했다. 구룡포의 조선인과 일본인 거주 공간도 달랐다. 일제강점기 극소수의 일본 선주들은 전체 어획 소득의 절반가량을 가져갔다. 일본인들이 부를 늘려감에 따라 구룡포의 일본인 거리도 계속 확장됐다. 그러나 1945년 갑작스러운 패망으로 일본인은 자신들 나라로 돌아갔다. 포항시는 2011년부터 ‘구룡포 근대역사문화거리’를 조성했다. 가가와 출신 어부들의 중심인물로 구룡포에서 부를 쌓은 하시모토가 1923년 지은 일본식 집은 구룡포 근대역사관이 되었다. 그러나 문화재청은 하시모토의 집과 일본 가옥의 등록문화재 지정 신청을 보류했다. 구룡포 근대역사문화거리는 역사 인식의 측면에서 계속 비판이 제기되고 있다.,공간으로 읽는 근대문화 역사유산,근대 거리를 거닐다,https://minio.nculture.org/amsweb-opt/3ds/234/84339/84339_thumbnail.jpg,https://ncms.nculture.org/legacy/story/4534,근대-일제강점기(1910.8.22~1945.8.14),경상북도,포항시,경북 포항시 남구 구룡포읍 구룡포길 147-2,35.99079907,129.5609111,구룡포 근대 역사관,20230101,"어업, 일제강점기, 근대역사관",F,뉴스 & 정치/열렬한 뉴스 독자/연예 뉴스 매니아,26,18,20231230
20231200167,"시를 품은 집, 윤동주 유고 보존 정병욱 가옥",전라남도 광양의 섬진강변 망덕리 정병욱 가옥은 시인 윤동주의 유고를 보존했던 집이다. 윤동주는 1941년 시집 『하늘과 바람과 별과 시』를 발간하려 했지만 뜻을 이루지 못했다. 민족?한글 탄압이 극심했던 일제의 검열에 걸릴 것이 자명했기 때문이다. 원고를 윤동주의 후배이자 벗인 정병욱이 자기 집의 마루 밑에 몰래 간직했다가 해방이 되자 책으로 펴냈다. 정병욱 가옥은 1925년에 건립된 목조슬레이트 주택이다.,공간으로 읽는 근대문화 역사유산,근현대 인물들의 공간,https://minio.nculture.org/amsweb-opt/pdfs/29/27470/27470_thumbnail.JPG,https://ncms.nculture.org/legacy/story/2916,근대-일제강점기(1910.8.22~1945.8.14),전라남도,광양시,대한민국 전라남도 광양시 진월면 망덕길 249,34.9708272,127.7590793,섬진강,20230101,"윤동주, 정병욱, 하늘과 바람과 별과 시, 후쿠오카 형무소",F,여행/여행 매니아,26,18,20231230
20231200168,바다보다 역동적인 제물포의 근대 - 인천 개항장 근대역사문화지구,"제물포는 1883년 개항 직후부터 일본과 청나라, 영국 미국 독일 프랑스 등 각국이 주도권을 잡기 위해 각축을 벌인 지역이다. 일본이 가장 먼저 조계를 설정하자, 청과 다른 나라들이 뒤따랐다. 초기 모습은 청 조계지가 일본 쪽보다 나았다. 상권에서도 청 상인들이 우세한 편이었으나, 1894년 청일전쟁에서 일본이 승리한 뒤로는 일본이 앞서기 시작했고, 1904년 러일전쟁을 거친 뒤에는 일본의 절대 우세가 확정되었다. 일본은 금융기관을 앞세워 해운업과 화물운송업을 장악했고, 인천은 일본 주도 아래 식민지 근대의 대도시로 변모하기 시작했다. 현재의 자유공원(만국공원)은 일본 조계지와 청국 조계지(훗날 인천 차이나타운)를 비롯해 개항 이후 인천 근현대사의 역동성을 답사하기 적당한 출발점이다.",공간으로 읽는 근대문화 역사유산,근대 거리를 거닐다,https://minio.nculture.org/amsweb-opt/multimedia_assets/79/30457/22671/c/%EC%9D%B8%EC%B2%9C_%EA%B7%BC%EB%8C%80%EB%AC%B8%ED%99%94%EC%9C%A0%EC%82%B0%EA%B1%B0%EB%A6%AC-%283%29-thumb.jpg,https://ncms.nculture.org/legacy/story/4549,근대-개항기(1864~1910),인천광역시,중구,인천광역시 중구 자유공원남로 25,37.47467242,126.6225672,제물포고등학교,20230101,"제물포, 자유공원, 조계지, 만국공원, 차이나타운",F,뉴스 & 정치/열렬한 뉴스 독자/연예 뉴스 매니아,26,18,20231230
20231200169,"일제강점기 한국의 우뭇가사리로 만든 일본 과자, 양갱","양갱은 중국에서 일본에 전해져 정착된 과자로 우뭇가사리를 냉동건조시킨 한천에 팥, 설탕 등을 넣고 쪄서 만든 과자다. 양갱은 일제강점기 조선에 들어와 지금도 팔릴만큼 한국인의 과자로 정착되었다. 양갱의 원료인 우뭇가사리는 일제강점기 본격적으로 한반도 바다에서 채취되었는데 우뭇가사리가 양갱 원료 이외에 의약품, 화장품 등의 원료로 쓰였기 때문이다. 일제강점기 우뭇가사리 채취는 주로 제주도 출신 해녀들이 담당하였다. 해방 후에도 한천은 계속 만들어져 주로 외국으로 수출되었다.",근대 신문으로 보는 음식,개항 이후 들어온 음식과 식재료,https://minio.nculture.org/amsweb-opt/multimedia_assets/233/14832/2431/c/14832-thumb.jpg,https://ncms.nculture.org/legacy/story/2876,근대-일제강점기(1910.8.22~1945.8.14),경상남도,밀양시,경상남도 밀양시 산내면 봉의로 58-31,35.591708,128.880929,,20230101,"양갱, 요깡, 우뭇가사리, 한천, 제주해녀, 나카오카제과, 해태제과합명회사",M,차량 및 운송/자동차 매니아,26,17,20231230
20231200170,우리나라 최초의 철근 콘크리트 다리  - 강원 화천 꺼먹다리,"일제강점기 말에 건설된 화천댐과 더불어 만들어진 꺼먹다리는 화천군 간동면 구만리와 화천읍 대이리를 잇는 우리나라 최초의 철근 콘크리트 교량이다. 나무로 된 상판에 검은색 콜타르를 칠한 모습에서 꺼먹다리라는 이름이 붙었다. 1940년대에 일제가 교각을 세웠고, 해방 후에는 화천지역에서 군정을 실시했던 소련이 철골을 올렸으며, 한국전쟁 당시에 남한이 다리 상판을 얹어 뜻하지 않게 3국 합작품이 된 묘한 이력을 가지고 있다. 한국전쟁 당시 파로호 전투로 인해 꺼먹다리에는 아직도 포탄과 총탄 흔적이 남아있다. 당시 전투에서 국군, 유엔군, 북한군, 중공군을 모두 합해 10만여 명이 전사했다. 수많은 전투를 치렀음에도 불구하고 건립 당시의 원형을 비교적 잘 보전하고 있는 꺼먹다리는 산업과 교량의 역사 연구에 중요한 자료로 평가된다. 다리에는 군 입대를 앞둔 남자와 그 애인이 다리 양끝에서 출발해 한가운데서 만나면 남자가 군복무를 마칠 때까지 여자가 ‘고무신을 거꾸로 신지 않는다’는 이야기가 전해지고 있다.",공간으로 읽는 근대문화 역사유산,근대를 떠받친 토목시설과 광산,,https://ncms.nculture.org/legacy/story/1016,근대-일제강점기(1910.8.22~1945.8.14),강원특별자치도,화천군,"강원도 화천군 화천읍 평화로 656 외 1필지, 간동면 구만리 산9-1",38.10342519,127.761732,파로호,20230101,"화천댐, 화천수력발전소, 파로호, 파로호전투, 대붕호, 구만리, 처녀고개, 화천전투",M,미디어 & 엔터테인먼트/TV 대중 시청자,26,16,20231230
20231200171,유달산 자락 다순구미의 현대사 - 조선내화주식회사 구 목포공장,"전라남도 목포시 온금동 조선내화주식회사 옛 공장은 1938년 일제강점기 말기에 설립됐다. 내화란 불에 잘 견디는 성질을 일컫는 말로서, 조선내화에서는 무기용 철을 생산하는 용광로를 짓는데 들어가는 내화벽돌을 생산했다. 조선내화는 해방 후 한국인에게 불하되어 새 출발했다. 1953년에는 이동훈이 인수하여 목포 향토기업으로서 성장했다. 조선내화는 보해양조, 행남사와 더불어 목포 3대 기업으로 꼽혔다. 1960~1980년대 한국경제의 고도 성장기에 제철, 시멘트, 유리 공업에 반드시 필요한 내화제를 생산하여 세계적인 내화제 기업으로 발돋움했다. 목포 공장은 1997년 조선내화 본사가 전라남도 광양으로 옮겨감으로서 가동을 중단했다. 조선내화 노동자들은 다순구미(온금동) 일대에 마을을 이룰 정도로 모여 살았다. 조선내화는 2017년 목포 공장 내 건물 5동, 굴뚝 3기, 공장 설비 5기를 등록문화재로 지정받았다. 조선내화 목포 공장의 설비와 건물은 내화 산업의 일관 공정을 모두 살펴볼 수 있는 소중한 문화유산이다. 목포시 서산·온금지구 재개발과 맞물려 갈등을 빚기도 하였으나, 2019년 현재 추가로 공장 부지를 문화재로 지정해 줄 것을 요청한 상태다.",공간으로 읽는 근대문화 역사유산,산업화의 꿈이 영근 곳들,https://minio.nculture.org/amsweb-opt/3ds/34/84389/84389_thumbnail.jpg,https://ncms.nculture.org/legacy/story/1013,근대-일제강점기(1910.8.22~1945.8.14),전라남도,목포시,전라남도 목포시 해안로 57번길 24,34.78224889,126.3719829,이훈동 정원,20230101,"조선내화, 다순구미, 온금동, 째보선창, 이동훈, 이동훈 정원, 성옥기념관",M,뉴스 & 정치/열렬한 뉴스 독자/연예 뉴스 매니아,26,15,20231230
20231200172,유달산 자락 다순구미의 현대사 - 조선내화주식회사 구 목포공장,"전라남도 목포시 온금동 조선내화주식회사 옛 공장은 1938년 일제강점기 말기에 설립됐다. 내화란 불에 잘 견디는 성질을 일컫는 말로서, 조선내화에서는 무기용 철을 생산하는 용광로를 짓는데 들어가는 내화벽돌을 생산했다. 조선내화는 해방 후 한국인에게 불하되어 새 출발했다. 1953년에는 이동훈이 인수하여 목포 향토기업으로서 성장했다. 조선내화는 보해양조, 행남사와 더불어 목포 3대 기업으로 꼽혔다. 1960~1980년대 한국경제의 고도 성장기에 제철, 시멘트, 유리 공업에 반드시 필요한 내화제를 생산하여 세계적인 내화제 기업으로 발돋움했다. 목포 공장은 1997년 조선내화 본사가 전라남도 광양으로 옮겨감으로서 가동을 중단했다. 조선내화 노동자들은 다순구미(온금동) 일대에 마을을 이룰 정도로 모여 살았다. 조선내화는 2017년 목포 공장 내 건물 5동, 굴뚝 3기, 공장 설비 5기를 등록문화재로 지정받았다. 조선내화 목포 공장의 설비와 건물은 내화 산업의 일관 공정을 모두 살펴볼 수 있는 소중한 문화유산이다. 목포시 서산·온금지구 재개발과 맞물려 갈등을 빚기도 하였으나, 2019년 현재 추가로 공장 부지를 문화재로 지정해 줄 것을 요청한 상태다.",공간으로 읽는 근대문화 역사유산,산업화의 꿈이 영근 곳들,https://minio.nculture.org/amsweb-opt/3ds/34/84389/84389_thumbnail.jpg,https://ncms.nculture.org/legacy/story/1013,근대-일제강점기(1910.8.22~1945.8.14),전라남도,목포시,전라남도 목포시 해안로 57번길 24,34.78224889,126.3719829,이훈동 정원,20230101,"조선내화, 다순구미, 온금동, 째보선창, 이동훈, 이동훈 정원, 성옥기념관",M,은행 및 금융/열렬한 투자자,26,12,20231230
20231200173,전통배추를 밀어내고 김치의 원료가 된 결구배추,"배추김치의 주재료인 배추는 조선시대까지 한양과 개성에서 자란 것이 유명했다. 이 배추는 배추잎이 절반정도 뭉친 반결구종으로, 무게는 결구종보다 적고 생육기간도 길었다. 임오군란 이후 중국인들이 한국땅에 살고 중국과 왕래하면서 중국의 결구배추가 들어오게 된다. 결구배추는 배추잎이 서로 감싸 완전히 뭉친 것인데 생육기간이 짧고 크기도 컸다. 일제강점기 반결구배추가 병충해에 시달리면서 결구종 배추가 보급되어 오늘날 김치를 만드는 배추는 결구종배추가 주를 이루게 되었다.",근대 신문으로 보는 음식,전통 음식과 식재료의 변화,,https://ncms.nculture.org/legacy/story/2831,근대-일제강점기(1910.8.22~1945.8.14),,,,,,덕천,20230101,"배추김치, 호배추, 결구배추",M,스포츠 & 피트니스/건강 및 피트니스,25,25,20231230
20231200174,"서울 최초의 근대 백화점, 미츠코시 백화점 경성지점","미츠코시 백화점 경성지점은 서울특별시에 세워진 최초의 근대식 백화점이다. 미츠코시 오복점이 1929년에 지점으로 승격되면서 본격적으로 백화점의 면모를 갖추게 되었다. 대형 백화점의 등장은 정찰제 판매, 박리다매 전략의 등장으로 우리나라 유통에 큰 변화를 불러왔다. 미츠코시 백화점은 일반 시민들에게 일상적인 공간으로 자리 잡았으나 이면에는 일제강점기 소비문화의 모순이 감춰져 있기도 했다. 현재는 서울특별시 중구 신세계백화점 본점 본관으로 사용되고 있다.",공간으로 읽는 근대문화 역사유산,"근대, 한반도에 발을 딛다",https://minio.nculture.org/amsweb-opt/multimedia_assets/125/85820/93650/c/%EA%B5%AC-%EB%AF%B8%EC%93%B0%EC%BD%94%EC%8B%9C-%EA%B2%BD%EC%84%B1%EC%A7%80%EC%A0%90-%281%29_rev-thumb.jpg,https://ncms.nculture.org/legacy/story/7134,근대-일제강점기(1910.8.22~1945.8.14),서울특별시,중구,서울특별시 중구 소공로 63,37.56091902,126.980979,신세계백화점 본점,20230101,"백화점, 미츠코시, 이상, 채만식",M,라이프스타일 & 취미/아웃도어 매니아,25,22,20231230
20231200175,"누룩, 국가가 통제하다.",누룩은 곡식을 발효시켜 술로 만들 때 필요한 발효제이다. 전근대 시기 누룩은 주로 밀로 만들었는데 밀 농사를 지은 농민들이 부업으로 만들어 장에서 팔았다. 일제시대 대규모로 누룩을 제조하는 공장들이 출현하였는데 농촌에서 부업으로 만드는 누룩도 공존하였다. 1930년대 일제는 누룩 제조를 특정 공장에만 허가하고 전매권을 주었다. 다양하게 만들어지던 누룩은 국가에 의해 통제되었다.,근대 신문으로 보는 음식,전통 음식과 식재료의 변화,https://minio.nculture.org/amsweb-opt/multimedia_assets/202/25909/7566/c/25909-thumb.jpg,https://ncms.nculture.org/legacy/story/2727,근대-일제강점기(1910.8.22~1945.8.14),부산광역시,금정구,부산광역시 금정구 금성동 554-1 금정산성 막걸리 찾아가는 양조장,35.250417,129.056476,부산 산성마을,20230101,"곡자화시, 곡자제조장, 산성누룩, 재래종 밀",F,미디어 & 엔터테인먼트/TV 애호가,25,21,20231230
20231200176,"서울 최초의 근대 백화점, 미츠코시 백화점 경성지점","미츠코시 백화점 경성지점은 서울특별시에 세워진 최초의 근대식 백화점이다. 미츠코시 오복점이 1929년에 지점으로 승격되면서 본격적으로 백화점의 면모를 갖추게 되었다. 대형 백화점의 등장은 정찰제 판매, 박리다매 전략의 등장으로 우리나라 유통에 큰 변화를 불러왔다. 미츠코시 백화점은 일반 시민들에게 일상적인 공간으로 자리 잡았으나 이면에는 일제강점기 소비문화의 모순이 감춰져 있기도 했다. 현재는 서울특별시 중구 신세계백화점 본점 본관으로 사용되고 있다.",공간으로 읽는 근대문화 역사유산,"근대, 한반도에 발을 딛다",https://minio.nculture.org/amsweb-opt/multimedia_assets/125/85820/93650/c/%EA%B5%AC-%EB%AF%B8%EC%93%B0%EC%BD%94%EC%8B%9C-%EA%B2%BD%EC%84%B1%EC%A7%80%EC%A0%90-%281%29_rev-thumb.jpg,https://ncms.nculture.org/legacy/story/7134,근대-일제강점기(1910.8.22~1945.8.14),서울특별시,중구,서울특별시 중구 소공로 63,37.56091902,126.980979,신세계백화점 본점,20230101,"백화점, 미츠코시, 이상, 채만식",F,미디어 & 엔터테인먼트/게이머,25,19,20231230
20231200177,우리나라 최초의 철근 콘크리트 다리  - 강원 화천 꺼먹다리,"일제강점기 말에 건설된 화천댐과 더불어 만들어진 꺼먹다리는 화천군 간동면 구만리와 화천읍 대이리를 잇는 우리나라 최초의 철근 콘크리트 교량이다. 나무로 된 상판에 검은색 콜타르를 칠한 모습에서 꺼먹다리라는 이름이 붙었다. 1940년대에 일제가 교각을 세웠고, 해방 후에는 화천지역에서 군정을 실시했던 소련이 철골을 올렸으며, 한국전쟁 당시에 남한이 다리 상판을 얹어 뜻하지 않게 3국 합작품이 된 묘한 이력을 가지고 있다. 한국전쟁 당시 파로호 전투로 인해 꺼먹다리에는 아직도 포탄과 총탄 흔적이 남아있다. 당시 전투에서 국군, 유엔군, 북한군, 중공군을 모두 합해 10만여 명이 전사했다. 수많은 전투를 치렀음에도 불구하고 건립 당시의 원형을 비교적 잘 보전하고 있는 꺼먹다리는 산업과 교량의 역사 연구에 중요한 자료로 평가된다. 다리에는 군 입대를 앞둔 남자와 그 애인이 다리 양끝에서 출발해 한가운데서 만나면 남자가 군복무를 마칠 때까지 여자가 ‘고무신을 거꾸로 신지 않는다’는 이야기가 전해지고 있다.",공간으로 읽는 근대문화 역사유산,근대를 떠받친 토목시설과 광산,,https://ncms.nculture.org/legacy/story/1016,근대-일제강점기(1910.8.22~1945.8.14),강원특별자치도,화천군,"강원도 화천군 화천읍 평화로 656 외 1필지, 간동면 구만리 산9-1",38.10342519,127.761732,파로호,20230101,"화천댐, 화천수력발전소, 파로호, 파로호전투, 대붕호, 구만리, 처녀고개, 화천전투",M,뉴스 & 정치/열렬한 뉴스 독자/열렬한 정치 뉴스 독자,25,18,20231230
20231200178,"서울 최초의 근대 백화점, 미츠코시 백화점 경성지점","미츠코시 백화점 경성지점은 서울특별시에 세워진 최초의 근대식 백화점이다. 미츠코시 오복점이 1929년에 지점으로 승격되면서 본격적으로 백화점의 면모를 갖추게 되었다. 대형 백화점의 등장은 정찰제 판매, 박리다매 전략의 등장으로 우리나라 유통에 큰 변화를 불러왔다. 미츠코시 백화점은 일반 시민들에게 일상적인 공간으로 자리 잡았으나 이면에는 일제강점기 소비문화의 모순이 감춰져 있기도 했다. 현재는 서울특별시 중구 신세계백화점 본점 본관으로 사용되고 있다.",공간으로 읽는 근대문화 역사유산,"근대, 한반도에 발을 딛다",https://minio.nculture.org/amsweb-opt/multimedia_assets/125/85820/93650/c/%EA%B5%AC-%EB%AF%B8%EC%93%B0%EC%BD%94%EC%8B%9C-%EA%B2%BD%EC%84%B1%EC%A7%80%EC%A0%90-%281%29_rev-thumb.jpg,https://ncms.nculture.org/legacy/story/7134,근대-일제강점기(1910.8.22~1945.8.14),서울특별시,중구,서울특별시 중구 소공로 63,37.56091902,126.980979,신세계백화점 본점,20230101,"백화점, 미츠코시, 이상, 채만식",M,라이프스타일 & 취미/가족 중심,25,17,20231230
20231200179,"일제강점기 한국의 우뭇가사리로 만든 일본 과자, 양갱","양갱은 중국에서 일본에 전해져 정착된 과자로 우뭇가사리를 냉동건조시킨 한천에 팥, 설탕 등을 넣고 쪄서 만든 과자다. 양갱은 일제강점기 조선에 들어와 지금도 팔릴만큼 한국인의 과자로 정착되었다. 양갱의 원료인 우뭇가사리는 일제강점기 본격적으로 한반도 바다에서 채취되었는데 우뭇가사리가 양갱 원료 이외에 의약품, 화장품 등의 원료로 쓰였기 때문이다. 일제강점기 우뭇가사리 채취는 주로 제주도 출신 해녀들이 담당하였다. 해방 후에도 한천은 계속 만들어져 주로 외국으로 수출되었다.",근대 신문으로 보는 음식,개항 이후 들어온 음식과 식재료,https://minio.nculture.org/amsweb-opt/multimedia_assets/233/14832/2431/c/14832-thumb.jpg,https://ncms.nculture.org/legacy/story/2876,근대-일제강점기(1910.8.22~1945.8.14),경상남도,밀양시,경상남도 밀양시 산내면 봉의로 58-31,35.591708,128.880929,,20230101,"양갱, 요깡, 우뭇가사리, 한천, 제주해녀, 나카오카제과, 해태제과합명회사",M,음식 & 다이닝/요리 매니아/셰프 지망생,25,17,20231230
20231200180,"일제강점기 한국의 우뭇가사리로 만든 일본 과자, 양갱","양갱은 중국에서 일본에 전해져 정착된 과자로 우뭇가사리를 냉동건조시킨 한천에 팥, 설탕 등을 넣고 쪄서 만든 과자다. 양갱은 일제강점기 조선에 들어와 지금도 팔릴만큼 한국인의 과자로 정착되었다. 양갱의 원료인 우뭇가사리는 일제강점기 본격적으로 한반도 바다에서 채취되었는데 우뭇가사리가 양갱 원료 이외에 의약품, 화장품 등의 원료로 쓰였기 때문이다. 일제강점기 우뭇가사리 채취는 주로 제주도 출신 해녀들이 담당하였다. 해방 후에도 한천은 계속 만들어져 주로 외국으로 수출되었다.",근대 신문으로 보는 음식,개항 이후 들어온 음식과 식재료,https://minio.nculture.org/amsweb-opt/multimedia_assets/233/14832/2431/c/14832-thumb.jpg,https://ncms.nculture.org/legacy/story/2876,근대-일제강점기(1910.8.22~1945.8.14),경상남도,밀양시,경상남도 밀양시 산내면 봉의로 58-31,35.591708,128.880929,,20230101,"양갱, 요깡, 우뭇가사리, 한천, 제주해녀, 나카오카제과, 해태제과합명회사",M,미디어 & 엔터테인먼트/음악 애호가/팝 음악 팬,25,16,20231230
20231200181,"일제강점기 한국의 우뭇가사리로 만든 일본 과자, 양갱","양갱은 중국에서 일본에 전해져 정착된 과자로 우뭇가사리를 냉동건조시킨 한천에 팥, 설탕 등을 넣고 쪄서 만든 과자다. 양갱은 일제강점기 조선에 들어와 지금도 팔릴만큼 한국인의 과자로 정착되었다. 양갱의 원료인 우뭇가사리는 일제강점기 본격적으로 한반도 바다에서 채취되었는데 우뭇가사리가 양갱 원료 이외에 의약품, 화장품 등의 원료로 쓰였기 때문이다. 일제강점기 우뭇가사리 채취는 주로 제주도 출신 해녀들이 담당하였다. 해방 후에도 한천은 계속 만들어져 주로 외국으로 수출되었다.",근대 신문으로 보는 음식,개항 이후 들어온 음식과 식재료,https://minio.nculture.org/amsweb-opt/multimedia_assets/233/14832/2431/c/14832-thumb.jpg,https://ncms.nculture.org/legacy/story/2876,근대-일제강점기(1910.8.22~1945.8.14),경상남도,밀양시,경상남도 밀양시 산내면 봉의로 58-31,35.591708,128.880929,,20230101,"양갱, 요깡, 우뭇가사리, 한천, 제주해녀, 나카오카제과, 해태제과합명회사",M,테크놀로지/모바일 매니아,25,16,20231230
20231200182,"일제강점기 한국의 우뭇가사리로 만든 일본 과자, 양갱","양갱은 중국에서 일본에 전해져 정착된 과자로 우뭇가사리를 냉동건조시킨 한천에 팥, 설탕 등을 넣고 쪄서 만든 과자다. 양갱은 일제강점기 조선에 들어와 지금도 팔릴만큼 한국인의 과자로 정착되었다. 양갱의 원료인 우뭇가사리는 일제강점기 본격적으로 한반도 바다에서 채취되었는데 우뭇가사리가 양갱 원료 이외에 의약품, 화장품 등의 원료로 쓰였기 때문이다. 일제강점기 우뭇가사리 채취는 주로 제주도 출신 해녀들이 담당하였다. 해방 후에도 한천은 계속 만들어져 주로 외국으로 수출되었다.",근대 신문으로 보는 음식,개항 이후 들어온 음식과 식재료,https://minio.nculture.org/amsweb-opt/multimedia_assets/233/14832/2431/c/14832-thumb.jpg,https://ncms.nculture.org/legacy/story/2876,근대-일제강점기(1910.8.22~1945.8.14),경상남도,밀양시,경상남도 밀양시 산내면 봉의로 58-31,35.591708,128.880929,,20230101,"양갱, 요깡, 우뭇가사리, 한천, 제주해녀, 나카오카제과, 해태제과합명회사",M,미디어 & 엔터테인먼트/만화 & 애니메이션 팬,25,14,20231230
20231200183,전통배추를 밀어내고 김치의 원료가 된 결구배추,"배추김치의 주재료인 배추는 조선시대까지 한양과 개성에서 자란 것이 유명했다. 이 배추는 배추잎이 절반정도 뭉친 반결구종으로, 무게는 결구종보다 적고 생육기간도 길었다. 임오군란 이후 중국인들이 한국땅에 살고 중국과 왕래하면서 중국의 결구배추가 들어오게 된다. 결구배추는 배추잎이 서로 감싸 완전히 뭉친 것인데 생육기간이 짧고 크기도 컸다. 일제강점기 반결구배추가 병충해에 시달리면서 결구종 배추가 보급되어 오늘날 김치를 만드는 배추는 결구종배추가 주를 이루게 되었다.",근대 신문으로 보는 음식,전통 음식과 식재료의 변화,,https://ncms.nculture.org/legacy/story/2831,근대-일제강점기(1910.8.22~1945.8.14),,,,,,덕천,20230101,"배추김치, 호배추, 결구배추",M,음식 & 다이닝/식도락가,24,24,20231230
20231200184,전통배추를 밀어내고 김치의 원료가 된 결구배추,"배추김치의 주재료인 배추는 조선시대까지 한양과 개성에서 자란 것이 유명했다. 이 배추는 배추잎이 절반정도 뭉친 반결구종으로, 무게는 결구종보다 적고 생육기간도 길었다. 임오군란 이후 중국인들이 한국땅에 살고 중국과 왕래하면서 중국의 결구배추가 들어오게 된다. 결구배추는 배추잎이 서로 감싸 완전히 뭉친 것인데 생육기간이 짧고 크기도 컸다. 일제강점기 반결구배추가 병충해에 시달리면서 결구종 배추가 보급되어 오늘날 김치를 만드는 배추는 결구종배추가 주를 이루게 되었다.",근대 신문으로 보는 음식,전통 음식과 식재료의 변화,,https://ncms.nculture.org/legacy/story/2831,근대-일제강점기(1910.8.22~1945.8.14),,,,,,덕천,20230101,"배추김치, 호배추, 결구배추",M,미디어 & 엔터테인먼트/게이머,24,24,20231230
20231200185,전통배추를 밀어내고 김치의 원료가 된 결구배추,"배추김치의 주재료인 배추는 조선시대까지 한양과 개성에서 자란 것이 유명했다. 이 배추는 배추잎이 절반정도 뭉친 반결구종으로, 무게는 결구종보다 적고 생육기간도 길었다. 임오군란 이후 중국인들이 한국땅에 살고 중국과 왕래하면서 중국의 결구배추가 들어오게 된다. 결구배추는 배추잎이 서로 감싸 완전히 뭉친 것인데 생육기간이 짧고 크기도 컸다. 일제강점기 반결구배추가 병충해에 시달리면서 결구종 배추가 보급되어 오늘날 김치를 만드는 배추는 결구종배추가 주를 이루게 되었다.",근대 신문으로 보는 음식,전통 음식과 식재료의 변화,,https://ncms.nculture.org/legacy/story/2831,근대-일제강점기(1910.8.22~1945.8.14),,,,,,덕천,20230101,"배추김치, 호배추, 결구배추",F,쇼핑객/쇼핑 애호가,24,24,20231230
20231200186,전통배추를 밀어내고 김치의 원료가 된 결구배추,"배추김치의 주재료인 배추는 조선시대까지 한양과 개성에서 자란 것이 유명했다. 이 배추는 배추잎이 절반정도 뭉친 반결구종으로, 무게는 결구종보다 적고 생육기간도 길었다. 임오군란 이후 중국인들이 한국땅에 살고 중국과 왕래하면서 중국의 결구배추가 들어오게 된다. 결구배추는 배추잎이 서로 감싸 완전히 뭉친 것인데 생육기간이 짧고 크기도 컸다. 일제강점기 반결구배추가 병충해에 시달리면서 결구종 배추가 보급되어 오늘날 김치를 만드는 배추는 결구종배추가 주를 이루게 되었다.",근대 신문으로 보는 음식,전통 음식과 식재료의 변화,,https://ncms.nculture.org/legacy/story/2831,근대-일제강점기(1910.8.22~1945.8.14),,,,,,덕천,20230101,"배추김치, 호배추, 결구배추",M,테크놀로지/모바일 매니아,24,24,20231230
20231200187,"동양 최초의 바다 밑 터널, 통영 해저터널","통영반도 남단과 미륵도를 연결하는 통영 해저터널은 동양 최초의 해저터널이다. 일제강점기 이전부터 통영으로 이주해온 일본인 이주 어민들은 연안에서 어로 활동을 하며 물고기 떼를 쫓아 빠르게 이동할 필요가 있었는데, 미륵도와 통영 사이의 해협이 너무 좁아 미륵도를 빙 돌아 가야 하는 불편함이 있었다. 그래서 일제는 1932년 통영운하를 완공했다. 통영운하 개통 후 운하를 건너다니도록 하기 위해 교량 대신 만든 것이 해저터널이다. 터널을 만든 지역은 판데목이라는 곳인데, 임진왜란 한산대첩 때 많은 왜군이 이순신의 학익진에 대패해 판데목 부근에서 수장됐다고 한다. 일본인들이 조상의 유해 위로 건너다닐 수 없어서 해저터널을 팠다는 이야기도 전해진다.",공간으로 읽는 근대문화 역사유산,"빼앗긴 들, 뒤틀린 근대",https://minio.nculture.org/amsweb-opt/multimedia_assets/140/85835/93850/c/%ED%86%B5%EC%98%81-%ED%95%B4%EC%A0%80%ED%84%B0%EB%84%90-%281%29_rev-thumb.jpg,https://ncms.nculture.org/legacy/story/2936,근대-일제강점기(1910.8.22~1945.8.14),경상남도,통영시,경상남도 통영시 도남로 57-1,34.834788,128.40991,충무교,20230101,"통영 해저터널, 통영운하, 충무공 이순신, 판데목, 미륵도",M,은행 및 금융/열렬한 투자자,24,24,20231230
20231200188,"동양 최초의 바다 밑 터널, 통영 해저터널","통영반도 남단과 미륵도를 연결하는 통영 해저터널은 동양 최초의 해저터널이다. 일제강점기 이전부터 통영으로 이주해온 일본인 이주 어민들은 연안에서 어로 활동을 하며 물고기 떼를 쫓아 빠르게 이동할 필요가 있었는데, 미륵도와 통영 사이의 해협이 너무 좁아 미륵도를 빙 돌아 가야 하는 불편함이 있었다. 그래서 일제는 1932년 통영운하를 완공했다. 통영운하 개통 후 운하를 건너다니도록 하기 위해 교량 대신 만든 것이 해저터널이다. 터널을 만든 지역은 판데목이라는 곳인데, 임진왜란 한산대첩 때 많은 왜군이 이순신의 학익진에 대패해 판데목 부근에서 수장됐다고 한다. 일본인들이 조상의 유해 위로 건너다닐 수 없어서 해저터널을 팠다는 이야기도 전해진다.",공간으로 읽는 근대문화 역사유산,"빼앗긴 들, 뒤틀린 근대",https://minio.nculture.org/amsweb-opt/multimedia_assets/140/85835/93850/c/%ED%86%B5%EC%98%81-%ED%95%B4%EC%A0%80%ED%84%B0%EB%84%90-%281%29_rev-thumb.jpg,https://ncms.nculture.org/legacy/story/2936,근대-일제강점기(1910.8.22~1945.8.14),경상남도,통영시,경상남도 통영시 도남로 57-1,34.834788,128.40991,충무교,20230101,"통영 해저터널, 통영운하, 충무공 이순신, 판데목, 미륵도",M,스포츠 & 피트니스/스포츠 팬/축구 팬,24,24,20231230
20231200189,전통배추를 밀어내고 김치의 원료가 된 결구배추,"배추김치의 주재료인 배추는 조선시대까지 한양과 개성에서 자란 것이 유명했다. 이 배추는 배추잎이 절반정도 뭉친 반결구종으로, 무게는 결구종보다 적고 생육기간도 길었다. 임오군란 이후 중국인들이 한국땅에 살고 중국과 왕래하면서 중국의 결구배추가 들어오게 된다. 결구배추는 배추잎이 서로 감싸 완전히 뭉친 것인데 생육기간이 짧고 크기도 컸다. 일제강점기 반결구배추가 병충해에 시달리면서 결구종 배추가 보급되어 오늘날 김치를 만드는 배추는 결구종배추가 주를 이루게 되었다.",근대 신문으로 보는 음식,전통 음식과 식재료의 변화,,https://ncms.nculture.org/legacy/story/2831,근대-일제강점기(1910.8.22~1945.8.14),,,,,,덕천,20230101,"배추김치, 호배추, 결구배추",F,홈 앤 가든/홈 데코 매니아,24,23,20231230
20231200190,전통배추를 밀어내고 김치의 원료가 된 결구배추,"배추김치의 주재료인 배추는 조선시대까지 한양과 개성에서 자란 것이 유명했다. 이 배추는 배추잎이 절반정도 뭉친 반결구종으로, 무게는 결구종보다 적고 생육기간도 길었다. 임오군란 이후 중국인들이 한국땅에 살고 중국과 왕래하면서 중국의 결구배추가 들어오게 된다. 결구배추는 배추잎이 서로 감싸 완전히 뭉친 것인데 생육기간이 짧고 크기도 컸다. 일제강점기 반결구배추가 병충해에 시달리면서 결구종 배추가 보급되어 오늘날 김치를 만드는 배추는 결구종배추가 주를 이루게 되었다.",근대 신문으로 보는 음식,전통 음식과 식재료의 변화,,https://ncms.nculture.org/legacy/story/2831,근대-일제강점기(1910.8.22~1945.8.14),,,,,,덕천,20230101,"배추김치, 호배추, 결구배추",F,음식 & 다이닝/식도락가,24,22,20231230
20231200191,"누룩, 국가가 통제하다.",누룩은 곡식을 발효시켜 술로 만들 때 필요한 발효제이다. 전근대 시기 누룩은 주로 밀로 만들었는데 밀 농사를 지은 농민들이 부업으로 만들어 장에서 팔았다. 일제시대 대규모로 누룩을 제조하는 공장들이 출현하였는데 농촌에서 부업으로 만드는 누룩도 공존하였다. 1930년대 일제는 누룩 제조를 특정 공장에만 허가하고 전매권을 주었다. 다양하게 만들어지던 누룩은 국가에 의해 통제되었다.,근대 신문으로 보는 음식,전통 음식과 식재료의 변화,https://minio.nculture.org/amsweb-opt/multimedia_assets/202/25909/7566/c/25909-thumb.jpg,https://ncms.nculture.org/legacy/story/2727,근대-일제강점기(1910.8.22~1945.8.14),부산광역시,금정구,부산광역시 금정구 금성동 554-1 금정산성 막걸리 찾아가는 양조장,35.250417,129.056476,부산 산성마을,20230101,"곡자화시, 곡자제조장, 산성누룩, 재래종 밀",F,뉴스 & 정치/열렬한 뉴스 독자/열렬한 비즈니스 뉴스 독자,24,21,20231230
20231200192,"일제강점기 한국의 우뭇가사리로 만든 일본 과자, 양갱","양갱은 중국에서 일본에 전해져 정착된 과자로 우뭇가사리를 냉동건조시킨 한천에 팥, 설탕 등을 넣고 쪄서 만든 과자다. 양갱은 일제강점기 조선에 들어와 지금도 팔릴만큼 한국인의 과자로 정착되었다. 양갱의 원료인 우뭇가사리는 일제강점기 본격적으로 한반도 바다에서 채취되었는데 우뭇가사리가 양갱 원료 이외에 의약품, 화장품 등의 원료로 쓰였기 때문이다. 일제강점기 우뭇가사리 채취는 주로 제주도 출신 해녀들이 담당하였다. 해방 후에도 한천은 계속 만들어져 주로 외국으로 수출되었다.",근대 신문으로 보는 음식,개항 이후 들어온 음식과 식재료,https://minio.nculture.org/amsweb-opt/multimedia_assets/233/14832/2431/c/14832-thumb.jpg,https://ncms.nculture.org/legacy/story/2876,근대-일제강점기(1910.8.22~1945.8.14),경상남도,밀양시,경상남도 밀양시 산내면 봉의로 58-31,35.591708,128.880929,,20230101,"양갱, 요깡, 우뭇가사리, 한천, 제주해녀, 나카오카제과, 해태제과합명회사",F,라이프스타일 & 취미/비즈니스 전문가,24,20,20231230
20231200193,인천육군조병창(仁川陸軍造兵廠),"인천육군조병창은 당시 경기도 부천군 부내면 대정리, 현 부평구 산곡동에 건립되었으며 이곳에 본부와 제1제조소가 있었다. 인천육군조병창은 제1제조소 외에도 평양역 인근에 평양제조소를 예하에 두고 있었다. 인천육군조병창의 주요 임무는 99식 소총·총검·군도 등의 생산 및 수리였다. 인천 부평에 병기공장을 건립하게 된 배경에는 1937년 시작된 중일전쟁의 장기화에 따라, “만선(滿鮮) 북지(北)에 대한 수송의 신속 안전 및 조선 내 병기 공업 능력의 비약적 발전”을 기하기 위함이었다.","한반도 유일한, 부평의 인천육군조병창 이야기",,https://minio.nculture.org/amsweb-opt/multimedia_assets/70/86030/95821/c/%EC%9D%B8%EC%B2%9C%EC%9C%A1%EA%B5%B0%EC%A1%B0%EB%B3%91%EC%B0%BD%EC%9D%98-%EB%B3%B8%EB%B6%80%EA%B1%B4%EB%AC%BC%28%EB%B3%91%EC%9B%90%29_%28%EB%B6%80%ED%8F%89%EB%AC%B8%ED%99%94%EC%9B%90%29-thumb.jpg,https://ncms.nculture.org/legacy/story/8764,,인천광역시,부평구,인천광역시 부평구 안남로 146 (부영공원),37.49590926,126.7098147,부평문화원,20230101,"인천육군조병창, 일제강점기, 고쿠라육군조병창, 아시아태평양전쟁",F,미디어 & 엔터테인먼트/TV 대중 시청자,24,20,20231230
20231200194,한센인 격리와 정착의 역사 - 의왕 한국한센복지협회,"경기도 의왕시 한국한센복지협회의 뿌리는 1926년 발족한 조선나병근절책연구회라고 할 수 있다. 한센인은 격리 수용하는 것이 최선이라는 당시의 인식에 따라 대규모 수용소 건설을 추진한 명망가 단체다. 격리 정책은 해방 후에도 계속되다가 1960년대 들어서야 정착촌 정책으로 바뀌었다. 1948년 대한나예방협회 역시 격리에 중점을 두었다. 한국한센복지협회는 과거 문둥병, 나병으로 불리던 질병이 2000년에 한센병으로 공식 명명됨에 따라 새로운 이름을 가지게 되었다. 의왕 한국한센복지협회는 인근 성 나자로 마을에서 50년 무상 대여한 땅에 병원과 사무실을 지었다. 1951년 모락산 자락에 자리 잡은 성 나자로 마을은 1970부터 원장으로 28년 봉직한 이경재 신부 재임 기간에 현재의 모습을 갖추었다. 한국한센복지협회와 성 나자로 마을은 문둥병이라는 차별적인 병명이 한센병으로 바뀌기까지 한센인들이 겪은 고통과 시련의 삶을 간직하고 있다.",공간으로 읽는 근대문화 역사유산,근대 의술과 인술 사이에서,https://minio.nculture.org/amsweb-opt/3ds/28/84383/84383_thumbnail.jpg,https://ncms.nculture.org/legacy/story/778,현대-현대(1945.8.15~현재),경기도,의왕시,경기도 의왕시 원골로 59,37.3619452,126.9711473,소록도 시설 (국립소록도병원),20230101,"한국한센복지협회, 성 나자로 마을, 이경재, 조선나병근절책연구회",M,뉴스 & 정치/열렬한 뉴스 독자/연예 뉴스 매니아,24,18,20231230
20231200195,우리나라 최초의 철근 콘크리트 다리  - 강원 화천 꺼먹다리,"일제강점기 말에 건설된 화천댐과 더불어 만들어진 꺼먹다리는 화천군 간동면 구만리와 화천읍 대이리를 잇는 우리나라 최초의 철근 콘크리트 교량이다. 나무로 된 상판에 검은색 콜타르를 칠한 모습에서 꺼먹다리라는 이름이 붙었다. 1940년대에 일제가 교각을 세웠고, 해방 후에는 화천지역에서 군정을 실시했던 소련이 철골을 올렸으며, 한국전쟁 당시에 남한이 다리 상판을 얹어 뜻하지 않게 3국 합작품이 된 묘한 이력을 가지고 있다. 한국전쟁 당시 파로호 전투로 인해 꺼먹다리에는 아직도 포탄과 총탄 흔적이 남아있다. 당시 전투에서 국군, 유엔군, 북한군, 중공군을 모두 합해 10만여 명이 전사했다. 수많은 전투를 치렀음에도 불구하고 건립 당시의 원형을 비교적 잘 보전하고 있는 꺼먹다리는 산업과 교량의 역사 연구에 중요한 자료로 평가된다. 다리에는 군 입대를 앞둔 남자와 그 애인이 다리 양끝에서 출발해 한가운데서 만나면 남자가 군복무를 마칠 때까지 여자가 ‘고무신을 거꾸로 신지 않는다’는 이야기가 전해지고 있다.",공간으로 읽는 근대문화 역사유산,근대를 떠받친 토목시설과 광산,,https://ncms.nculture.org/legacy/story/1016,근대-일제강점기(1910.8.22~1945.8.14),강원특별자치도,화천군,"강원도 화천군 화천읍 평화로 656 외 1필지, 간동면 구만리 산9-1",38.10342519,127.761732,파로호,20230101,"화천댐, 화천수력발전소, 파로호, 파로호전투, 대붕호, 구만리, 처녀고개, 화천전투",M,여행/여행 매니아,24,15,20231230
20231200196,"시를 품은 집, 윤동주 유고 보존 정병욱 가옥",전라남도 광양의 섬진강변 망덕리 정병욱 가옥은 시인 윤동주의 유고를 보존했던 집이다. 윤동주는 1941년 시집 『하늘과 바람과 별과 시』를 발간하려 했지만 뜻을 이루지 못했다. 민족?한글 탄압이 극심했던 일제의 검열에 걸릴 것이 자명했기 때문이다. 원고를 윤동주의 후배이자 벗인 정병욱이 자기 집의 마루 밑에 몰래 간직했다가 해방이 되자 책으로 펴냈다. 정병욱 가옥은 1925년에 건립된 목조슬레이트 주택이다.,공간으로 읽는 근대문화 역사유산,근현대 인물들의 공간,https://minio.nculture.org/amsweb-opt/pdfs/29/27470/27470_thumbnail.JPG,https://ncms.nculture.org/legacy/story/2916,근대-일제강점기(1910.8.22~1945.8.14),전라남도,광양시,대한민국 전라남도 광양시 진월면 망덕길 249,34.9708272,127.7590793,섬진강,20230101,"윤동주, 정병욱, 하늘과 바람과 별과 시, 후쿠오카 형무소",M,뉴스 & 정치/열렬한 뉴스 독자/열렬한 정치 뉴스 독자,24,15,20231230
20231200197,"시를 품은 집, 윤동주 유고 보존 정병욱 가옥",전라남도 광양의 섬진강변 망덕리 정병욱 가옥은 시인 윤동주의 유고를 보존했던 집이다. 윤동주는 1941년 시집 『하늘과 바람과 별과 시』를 발간하려 했지만 뜻을 이루지 못했다. 민족?한글 탄압이 극심했던 일제의 검열에 걸릴 것이 자명했기 때문이다. 원고를 윤동주의 후배이자 벗인 정병욱이 자기 집의 마루 밑에 몰래 간직했다가 해방이 되자 책으로 펴냈다. 정병욱 가옥은 1925년에 건립된 목조슬레이트 주택이다.,공간으로 읽는 근대문화 역사유산,근현대 인물들의 공간,https://minio.nculture.org/amsweb-opt/pdfs/29/27470/27470_thumbnail.JPG,https://ncms.nculture.org/legacy/story/2916,근대-일제강점기(1910.8.22~1945.8.14),전라남도,광양시,대한민국 전라남도 광양시 진월면 망덕길 249,34.9708272,127.7590793,섬진강,20230101,"윤동주, 정병욱, 하늘과 바람과 별과 시, 후쿠오카 형무소",M,뉴스 & 정치/열렬한 뉴스 독자/연예 뉴스 매니아,24,15,20231230
20231200198,"누룩, 국가가 통제하다.",누룩은 곡식을 발효시켜 술로 만들 때 필요한 발효제이다. 전근대 시기 누룩은 주로 밀로 만들었는데 밀 농사를 지은 농민들이 부업으로 만들어 장에서 팔았다. 일제시대 대규모로 누룩을 제조하는 공장들이 출현하였는데 농촌에서 부업으로 만드는 누룩도 공존하였다. 1930년대 일제는 누룩 제조를 특정 공장에만 허가하고 전매권을 주었다. 다양하게 만들어지던 누룩은 국가에 의해 통제되었다.,근대 신문으로 보는 음식,전통 음식과 식재료의 변화,https://minio.nculture.org/amsweb-opt/multimedia_assets/202/25909/7566/c/25909-thumb.jpg,https://ncms.nculture.org/legacy/story/2727,근대-일제강점기(1910.8.22~1945.8.14),부산광역시,금정구,부산광역시 금정구 금성동 554-1 금정산성 막걸리 찾아가는 양조장,35.250417,129.056476,부산 산성마을,20230101,"곡자화시, 곡자제조장, 산성누룩, 재래종 밀",M,라이프스타일 & 취미/비즈니스 전문가,24,11,20231230
20231200199,전통배추를 밀어내고 김치의 원료가 된 결구배추,"배추김치의 주재료인 배추는 조선시대까지 한양과 개성에서 자란 것이 유명했다. 이 배추는 배추잎이 절반정도 뭉친 반결구종으로, 무게는 결구종보다 적고 생육기간도 길었다. 임오군란 이후 중국인들이 한국땅에 살고 중국과 왕래하면서 중국의 결구배추가 들어오게 된다. 결구배추는 배추잎이 서로 감싸 완전히 뭉친 것인데 생육기간이 짧고 크기도 컸다. 일제강점기 반결구배추가 병충해에 시달리면서 결구종 배추가 보급되어 오늘날 김치를 만드는 배추는 결구종배추가 주를 이루게 되었다.",근대 신문으로 보는 음식,전통 음식과 식재료의 변화,,https://ncms.nculture.org/legacy/story/2831,근대-일제강점기(1910.8.22~1945.8.14),,,,,,덕천,20230101,"배추김치, 호배추, 결구배추",M,쇼핑객/쇼핑 애호가,23,23,20231230
20231200200,전통배추를 밀어내고 김치의 원료가 된 결구배추,"배추김치의 주재료인 배추는 조선시대까지 한양과 개성에서 자란 것이 유명했다. 이 배추는 배추잎이 절반정도 뭉친 반결구종으로, 무게는 결구종보다 적고 생육기간도 길었다. 임오군란 이후 중국인들이 한국땅에 살고 중국과 왕래하면서 중국의 결구배추가 들어오게 된다. 결구배추는 배추잎이 서로 감싸 완전히 뭉친 것인데 생육기간이 짧고 크기도 컸다. 일제강점기 반결구배추가 병충해에 시달리면서 결구종 배추가 보급되어 오늘날 김치를 만드는 배추는 결구종배추가 주를 이루게 되었다.",근대 신문으로 보는 음식,전통 음식과 식재료의 변화,,https://ncms.nculture.org/legacy/story/2831,근대-일제강점기(1910.8.22~1945.8.14),,,,,,덕천,20230101,"배추김치, 호배추, 결구배추",M,차량 및 운송/자동차 매니아,23,23,20231230
20231200201,"동양 최초의 바다 밑 터널, 통영 해저터널","통영반도 남단과 미륵도를 연결하는 통영 해저터널은 동양 최초의 해저터널이다. 일제강점기 이전부터 통영으로 이주해온 일본인 이주 어민들은 연안에서 어로 활동을 하며 물고기 떼를 쫓아 빠르게 이동할 필요가 있었는데, 미륵도와 통영 사이의 해협이 너무 좁아 미륵도를 빙 돌아 가야 하는 불편함이 있었다. 그래서 일제는 1932년 통영운하를 완공했다. 통영운하 개통 후 운하를 건너다니도록 하기 위해 교량 대신 만든 것이 해저터널이다. 터널을 만든 지역은 판데목이라는 곳인데, 임진왜란 한산대첩 때 많은 왜군이 이순신의 학익진에 대패해 판데목 부근에서 수장됐다고 한다. 일본인들이 조상의 유해 위로 건너다닐 수 없어서 해저터널을 팠다는 이야기도 전해진다.",공간으로 읽는 근대문화 역사유산,"빼앗긴 들, 뒤틀린 근대",https://minio.nculture.org/amsweb-opt/multimedia_assets/140/85835/93850/c/%ED%86%B5%EC%98%81-%ED%95%B4%EC%A0%80%ED%84%B0%EB%84%90-%281%29_rev-thumb.jpg,https://ncms.nculture.org/legacy/story/2936,근대-일제강점기(1910.8.22~1945.8.14),경상남도,통영시,경상남도 통영시 도남로 57-1,34.834788,128.40991,충무교,20230101,"통영 해저터널, 통영운하, 충무공 이순신, 판데목, 미륵도",M,미디어 & 엔터테인먼트/TV 대중 시청자,23,23,20231230
20231200202,"동양 최초의 바다 밑 터널, 통영 해저터널","통영반도 남단과 미륵도를 연결하는 통영 해저터널은 동양 최초의 해저터널이다. 일제강점기 이전부터 통영으로 이주해온 일본인 이주 어민들은 연안에서 어로 활동을 하며 물고기 떼를 쫓아 빠르게 이동할 필요가 있었는데, 미륵도와 통영 사이의 해협이 너무 좁아 미륵도를 빙 돌아 가야 하는 불편함이 있었다. 그래서 일제는 1932년 통영운하를 완공했다. 통영운하 개통 후 운하를 건너다니도록 하기 위해 교량 대신 만든 것이 해저터널이다. 터널을 만든 지역은 판데목이라는 곳인데, 임진왜란 한산대첩 때 많은 왜군이 이순신의 학익진에 대패해 판데목 부근에서 수장됐다고 한다. 일본인들이 조상의 유해 위로 건너다닐 수 없어서 해저터널을 팠다는 이야기도 전해진다.",공간으로 읽는 근대문화 역사유산,"빼앗긴 들, 뒤틀린 근대",https://minio.nculture.org/amsweb-opt/multimedia_assets/140/85835/93850/c/%ED%86%B5%EC%98%81-%ED%95%B4%EC%A0%80%ED%84%B0%EB%84%90-%281%29_rev-thumb.jpg,https://ncms.nculture.org/legacy/story/2936,근대-일제강점기(1910.8.22~1945.8.14),경상남도,통영시,경상남도 통영시 도남로 57-1,34.834788,128.40991,충무교,20230101,"통영 해저터널, 통영운하, 충무공 이순신, 판데목, 미륵도",M,미디어 & 엔터테인먼트/TV 애호가,23,23,20231230
20231200203,"동양 최초의 바다 밑 터널, 통영 해저터널","통영반도 남단과 미륵도를 연결하는 통영 해저터널은 동양 최초의 해저터널이다. 일제강점기 이전부터 통영으로 이주해온 일본인 이주 어민들은 연안에서 어로 활동을 하며 물고기 떼를 쫓아 빠르게 이동할 필요가 있었는데, 미륵도와 통영 사이의 해협이 너무 좁아 미륵도를 빙 돌아 가야 하는 불편함이 있었다. 그래서 일제는 1932년 통영운하를 완공했다. 통영운하 개통 후 운하를 건너다니도록 하기 위해 교량 대신 만든 것이 해저터널이다. 터널을 만든 지역은 판데목이라는 곳인데, 임진왜란 한산대첩 때 많은 왜군이 이순신의 학익진에 대패해 판데목 부근에서 수장됐다고 한다. 일본인들이 조상의 유해 위로 건너다닐 수 없어서 해저터널을 팠다는 이야기도 전해진다.",공간으로 읽는 근대문화 역사유산,"빼앗긴 들, 뒤틀린 근대",https://minio.nculture.org/amsweb-opt/multimedia_assets/140/85835/93850/c/%ED%86%B5%EC%98%81-%ED%95%B4%EC%A0%80%ED%84%B0%EB%84%90-%281%29_rev-thumb.jpg,https://ncms.nculture.org/legacy/story/2936,근대-일제강점기(1910.8.22~1945.8.14),경상남도,통영시,경상남도 통영시 도남로 57-1,34.834788,128.40991,충무교,20230101,"통영 해저터널, 통영운하, 충무공 이순신, 판데목, 미륵도",M,뉴스 & 정치/열렬한 뉴스 독자/열렬한 정치 뉴스 독자,23,23,20231230
20231200204,한센인 격리와 정착의 역사 - 의왕 한국한센복지협회,"경기도 의왕시 한국한센복지협회의 뿌리는 1926년 발족한 조선나병근절책연구회라고 할 수 있다. 한센인은 격리 수용하는 것이 최선이라는 당시의 인식에 따라 대규모 수용소 건설을 추진한 명망가 단체다. 격리 정책은 해방 후에도 계속되다가 1960년대 들어서야 정착촌 정책으로 바뀌었다. 1948년 대한나예방협회 역시 격리에 중점을 두었다. 한국한센복지협회는 과거 문둥병, 나병으로 불리던 질병이 2000년에 한센병으로 공식 명명됨에 따라 새로운 이름을 가지게 되었다. 의왕 한국한센복지협회는 인근 성 나자로 마을에서 50년 무상 대여한 땅에 병원과 사무실을 지었다. 1951년 모락산 자락에 자리 잡은 성 나자로 마을은 1970부터 원장으로 28년 봉직한 이경재 신부 재임 기간에 현재의 모습을 갖추었다. 한국한센복지협회와 성 나자로 마을은 문둥병이라는 차별적인 병명이 한센병으로 바뀌기까지 한센인들이 겪은 고통과 시련의 삶을 간직하고 있다.",공간으로 읽는 근대문화 역사유산,근대 의술과 인술 사이에서,https://minio.nculture.org/amsweb-opt/3ds/28/84383/84383_thumbnail.jpg,https://ncms.nculture.org/legacy/story/778,현대-현대(1945.8.15~현재),경기도,의왕시,경기도 의왕시 원골로 59,37.3619452,126.9711473,소록도 시설 (국립소록도병원),20230101,"한국한센복지협회, 성 나자로 마을, 이경재, 조선나병근절책연구회",F,뉴스 & 정치/열렬한 뉴스 독자/연예 뉴스 매니아,23,23,20231230
20231200205,초량 이바구길의 곡절 많은 터줏대감-부산 구 백제병원,"부산역 맞은편 초량 이바구길 초입에 위치한 백제병원 건물은 1927년 지어졌다. 백제병원은 부산 최초의 개인병원으로서, 부산부립병원, 철도병원과 함께 부산 3대 병원으로 꼽혔다. 백제병원 건물은 4층 건물과 잇달아 지은 6층 건물을 이어 붙였는데, 단층과 2~3층이 고작이던 당시 부산에서 우뚝 솟은 건물이었다. 하지만 설립자인 외과의사 최용해가 건축 과정에서 무리하게 빚을 끌어다 쓴데다 행려병자 시신으로 인체 표본을 제작해 보관하다 적발되면서, 급기야 설립자가 병원 문을 닫고 일본으로 도주하였다. 백제병원 건물은 중국인이 인수하여 봉래각이라는 청요릿집으로 개조되었다. 객실을 120개나 설치한 봉래각 또한 부산 명물로 명성을 날렸으나, 중일전쟁 이후 주인이 고국으로 돌아가면서 1942년 폐업했다. 이후 일본군 장교숙소였다가 해방 후에는 부산치안사령부, 전쟁 시기에는 중화민국 임시 대사관으로 쓰였다. 1953년 신라예식장으로 용도가 바뀌었으나, 예식장도 1960년대 중반 문을 닫았다. 1972년에는 이웃 건물에서 발생한 화재로 건물의 3분의 2가 불에 타, 5층 이상은 철거되었다. 다행히 골조와 1~2층은 옛 모습을 모두 잃지는 않았다. 2009년 새 주인이 인수하였고, 복원에 준하는 리모델링을 거쳐 2015년부터 카페 겸 문화예술 공간으로 활용되고 있다.",공간으로 읽는 근대문화 역사유산,근대 의술과 인술 사이에서,https://minio.nculture.org/amsweb-opt/3ds/228/84333/84333_thumbnail.jpg,https://ncms.nculture.org/legacy/story/783,근대-일제강점기(1910.8.22~1945.8.14),부산광역시,동구,부산 동구 초량동 460-2,35.11625252,129.0388649,부산 차이나타운,20230101,"부산 백제병원, 부산 봉래각, 최용해, 부산 신라예식장, 초량 이바구길, 브라운핸즈 카페",F,뉴스 & 정치/열렬한 뉴스 독자/연예 뉴스 매니아,23,23,20231230
20231200206,"누룩, 국가가 통제하다.",누룩은 곡식을 발효시켜 술로 만들 때 필요한 발효제이다. 전근대 시기 누룩은 주로 밀로 만들었는데 밀 농사를 지은 농민들이 부업으로 만들어 장에서 팔았다. 일제시대 대규모로 누룩을 제조하는 공장들이 출현하였는데 농촌에서 부업으로 만드는 누룩도 공존하였다. 1930년대 일제는 누룩 제조를 특정 공장에만 허가하고 전매권을 주었다. 다양하게 만들어지던 누룩은 국가에 의해 통제되었다.,근대 신문으로 보는 음식,전통 음식과 식재료의 변화,https://minio.nculture.org/amsweb-opt/multimedia_assets/202/25909/7566/c/25909-thumb.jpg,https://ncms.nculture.org/legacy/story/2727,근대-일제강점기(1910.8.22~1945.8.14),부산광역시,금정구,부산광역시 금정구 금성동 554-1 금정산성 막걸리 찾아가는 양조장,35.250417,129.056476,부산 산성마을,20230101,"곡자화시, 곡자제조장, 산성누룩, 재래종 밀",M,미디어 & 엔터테인먼트/영화 애호가,23,21,20231230
20231200207,"동양 최초의 바다 밑 터널, 통영 해저터널","통영반도 남단과 미륵도를 연결하는 통영 해저터널은 동양 최초의 해저터널이다. 일제강점기 이전부터 통영으로 이주해온 일본인 이주 어민들은 연안에서 어로 활동을 하며 물고기 떼를 쫓아 빠르게 이동할 필요가 있었는데, 미륵도와 통영 사이의 해협이 너무 좁아 미륵도를 빙 돌아 가야 하는 불편함이 있었다. 그래서 일제는 1932년 통영운하를 완공했다. 통영운하 개통 후 운하를 건너다니도록 하기 위해 교량 대신 만든 것이 해저터널이다. 터널을 만든 지역은 판데목이라는 곳인데, 임진왜란 한산대첩 때 많은 왜군이 이순신의 학익진에 대패해 판데목 부근에서 수장됐다고 한다. 일본인들이 조상의 유해 위로 건너다닐 수 없어서 해저터널을 팠다는 이야기도 전해진다.",공간으로 읽는 근대문화 역사유산,"빼앗긴 들, 뒤틀린 근대",https://minio.nculture.org/amsweb-opt/multimedia_assets/140/85835/93850/c/%ED%86%B5%EC%98%81-%ED%95%B4%EC%A0%80%ED%84%B0%EB%84%90-%281%29_rev-thumb.jpg,https://ncms.nculture.org/legacy/story/2936,근대-일제강점기(1910.8.22~1945.8.14),경상남도,통영시,경상남도 통영시 도남로 57-1,34.834788,128.40991,충무교,20230101,"통영 해저터널, 통영운하, 충무공 이순신, 판데목, 미륵도",F,뉴스 & 정치/열렬한 뉴스 독자/열렬한 정치 뉴스 독자,23,21,20231230
20231200208,"누룩, 국가가 통제하다.",누룩은 곡식을 발효시켜 술로 만들 때 필요한 발효제이다. 전근대 시기 누룩은 주로 밀로 만들었는데 밀 농사를 지은 농민들이 부업으로 만들어 장에서 팔았다. 일제시대 대규모로 누룩을 제조하는 공장들이 출현하였는데 농촌에서 부업으로 만드는 누룩도 공존하였다. 1930년대 일제는 누룩 제조를 특정 공장에만 허가하고 전매권을 주었다. 다양하게 만들어지던 누룩은 국가에 의해 통제되었다.,근대 신문으로 보는 음식,전통 음식과 식재료의 변화,https://minio.nculture.org/amsweb-opt/multimedia_assets/202/25909/7566/c/25909-thumb.jpg,https://ncms.nculture.org/legacy/story/2727,근대-일제강점기(1910.8.22~1945.8.14),부산광역시,금정구,부산광역시 금정구 금성동 554-1 금정산성 막걸리 찾아가는 양조장,35.250417,129.056476,부산 산성마을,20230101,"곡자화시, 곡자제조장, 산성누룩, 재래종 밀",F,음식 & 다이닝/식도락가,23,19,20231230
20231200209,"누룩, 국가가 통제하다.",누룩은 곡식을 발효시켜 술로 만들 때 필요한 발효제이다. 전근대 시기 누룩은 주로 밀로 만들었는데 밀 농사를 지은 농민들이 부업으로 만들어 장에서 팔았다. 일제시대 대규모로 누룩을 제조하는 공장들이 출현하였는데 농촌에서 부업으로 만드는 누룩도 공존하였다. 1930년대 일제는 누룩 제조를 특정 공장에만 허가하고 전매권을 주었다. 다양하게 만들어지던 누룩은 국가에 의해 통제되었다.,근대 신문으로 보는 음식,전통 음식과 식재료의 변화,https://minio.nculture.org/amsweb-opt/multimedia_assets/202/25909/7566/c/25909-thumb.jpg,https://ncms.nculture.org/legacy/story/2727,근대-일제강점기(1910.8.22~1945.8.14),부산광역시,금정구,부산광역시 금정구 금성동 554-1 금정산성 막걸리 찾아가는 양조장,35.250417,129.056476,부산 산성마을,20230101,"곡자화시, 곡자제조장, 산성누룩, 재래종 밀",F,스포츠 & 피트니스/스포츠 팬/축구 팬,23,19,20231230
20231200210,우리나라 최초의 철근 콘크리트 다리  - 강원 화천 꺼먹다리,"일제강점기 말에 건설된 화천댐과 더불어 만들어진 꺼먹다리는 화천군 간동면 구만리와 화천읍 대이리를 잇는 우리나라 최초의 철근 콘크리트 교량이다. 나무로 된 상판에 검은색 콜타르를 칠한 모습에서 꺼먹다리라는 이름이 붙었다. 1940년대에 일제가 교각을 세웠고, 해방 후에는 화천지역에서 군정을 실시했던 소련이 철골을 올렸으며, 한국전쟁 당시에 남한이 다리 상판을 얹어 뜻하지 않게 3국 합작품이 된 묘한 이력을 가지고 있다. 한국전쟁 당시 파로호 전투로 인해 꺼먹다리에는 아직도 포탄과 총탄 흔적이 남아있다. 당시 전투에서 국군, 유엔군, 북한군, 중공군을 모두 합해 10만여 명이 전사했다. 수많은 전투를 치렀음에도 불구하고 건립 당시의 원형을 비교적 잘 보전하고 있는 꺼먹다리는 산업과 교량의 역사 연구에 중요한 자료로 평가된다. 다리에는 군 입대를 앞둔 남자와 그 애인이 다리 양끝에서 출발해 한가운데서 만나면 남자가 군복무를 마칠 때까지 여자가 ‘고무신을 거꾸로 신지 않는다’는 이야기가 전해지고 있다.",공간으로 읽는 근대문화 역사유산,근대를 떠받친 토목시설과 광산,,https://ncms.nculture.org/legacy/story/1016,근대-일제강점기(1910.8.22~1945.8.14),강원특별자치도,화천군,"강원도 화천군 화천읍 평화로 656 외 1필지, 간동면 구만리 산9-1",38.10342519,127.761732,파로호,20230101,"화천댐, 화천수력발전소, 파로호, 파로호전투, 대붕호, 구만리, 처녀고개, 화천전투",M,미디어 & 엔터테인먼트/영화 애호가,23,17,20231230
20231200211,우리나라 최초의 철근 콘크리트 다리  - 강원 화천 꺼먹다리,"일제강점기 말에 건설된 화천댐과 더불어 만들어진 꺼먹다리는 화천군 간동면 구만리와 화천읍 대이리를 잇는 우리나라 최초의 철근 콘크리트 교량이다. 나무로 된 상판에 검은색 콜타르를 칠한 모습에서 꺼먹다리라는 이름이 붙었다. 1940년대에 일제가 교각을 세웠고, 해방 후에는 화천지역에서 군정을 실시했던 소련이 철골을 올렸으며, 한국전쟁 당시에 남한이 다리 상판을 얹어 뜻하지 않게 3국 합작품이 된 묘한 이력을 가지고 있다. 한국전쟁 당시 파로호 전투로 인해 꺼먹다리에는 아직도 포탄과 총탄 흔적이 남아있다. 당시 전투에서 국군, 유엔군, 북한군, 중공군을 모두 합해 10만여 명이 전사했다. 수많은 전투를 치렀음에도 불구하고 건립 당시의 원형을 비교적 잘 보전하고 있는 꺼먹다리는 산업과 교량의 역사 연구에 중요한 자료로 평가된다. 다리에는 군 입대를 앞둔 남자와 그 애인이 다리 양끝에서 출발해 한가운데서 만나면 남자가 군복무를 마칠 때까지 여자가 ‘고무신을 거꾸로 신지 않는다’는 이야기가 전해지고 있다.",공간으로 읽는 근대문화 역사유산,근대를 떠받친 토목시설과 광산,,https://ncms.nculture.org/legacy/story/1016,근대-일제강점기(1910.8.22~1945.8.14),강원특별자치도,화천군,"강원도 화천군 화천읍 평화로 656 외 1필지, 간동면 구만리 산9-1",38.10342519,127.761732,파로호,20230101,"화천댐, 화천수력발전소, 파로호, 파로호전투, 대붕호, 구만리, 처녀고개, 화천전투",M,은행 및 금융/열렬한 투자자,23,16,20231230
20231200212,우리나라 최초의 철근 콘크리트 다리  - 강원 화천 꺼먹다리,"일제강점기 말에 건설된 화천댐과 더불어 만들어진 꺼먹다리는 화천군 간동면 구만리와 화천읍 대이리를 잇는 우리나라 최초의 철근 콘크리트 교량이다. 나무로 된 상판에 검은색 콜타르를 칠한 모습에서 꺼먹다리라는 이름이 붙었다. 1940년대에 일제가 교각을 세웠고, 해방 후에는 화천지역에서 군정을 실시했던 소련이 철골을 올렸으며, 한국전쟁 당시에 남한이 다리 상판을 얹어 뜻하지 않게 3국 합작품이 된 묘한 이력을 가지고 있다. 한국전쟁 당시 파로호 전투로 인해 꺼먹다리에는 아직도 포탄과 총탄 흔적이 남아있다. 당시 전투에서 국군, 유엔군, 북한군, 중공군을 모두 합해 10만여 명이 전사했다. 수많은 전투를 치렀음에도 불구하고 건립 당시의 원형을 비교적 잘 보전하고 있는 꺼먹다리는 산업과 교량의 역사 연구에 중요한 자료로 평가된다. 다리에는 군 입대를 앞둔 남자와 그 애인이 다리 양끝에서 출발해 한가운데서 만나면 남자가 군복무를 마칠 때까지 여자가 ‘고무신을 거꾸로 신지 않는다’는 이야기가 전해지고 있다.",공간으로 읽는 근대문화 역사유산,근대를 떠받친 토목시설과 광산,,https://ncms.nculture.org/legacy/story/1016,근대-일제강점기(1910.8.22~1945.8.14),강원특별자치도,화천군,"강원도 화천군 화천읍 평화로 656 외 1필지, 간동면 구만리 산9-1",38.10342519,127.761732,파로호,20230101,"화천댐, 화천수력발전소, 파로호, 파로호전투, 대붕호, 구만리, 처녀고개, 화천전투",M,스포츠 & 피트니스/스포츠 팬/축구 팬,23,15,20231230
20231200213,대전발 0시50분이 떠나기 전에 - 대전 원도심 근대문화탐방로,"대전광역시는 경부선(1905)와 호남선(1914)이 분기하는 철도의 도시다. 조그마한 한촌이었던 대전은 충청남도 도청이 1932년 충청남도 공주에서 옮겨옴으로써 비약적인 발전을 하게 된다. 대전역을 중심으로 형성되었던 중심가는 충청남도 도청과 대전역을 잇는 도로(현재의 중앙로) 변으로 확장되었다. 대전의 원도심인 중구와 동구 일대에는 일제강점기부터 현대에 이르기까지 다양한 시간의 층위를 가지는 근대유산들이 산재해 있다. 대전시는 2010년대 들어 원도심 활성화에 적극적으로 나서, 2017년부터 근대문화예술 특구 사업을 진행하고 있다. 특구 사업의 일환으로 5㎞가 넘는 근대문화탐방로를 지정했는데, 탐방로를 따라 9곳의 근현대 건축물을 둘러볼 수 있다. 탐방로가 아니더라도 대전 원도심 곳곳에서 근현대사를 배우고 성찰케 하는 근대문화유산들을 만날 수 있다.",공간으로 읽는 근대문화 역사유산,근대 거리를 거닐다,https://minio.nculture.org/amsweb-opt/multimedia_assets/84/30460/22711/c/%EB%8C%80%EC%A0%84_%EB%8C%80%EC%A0%84%EC%9B%90%EB%8F%84%EC%8B%AC%EA%B7%BC%EB%8C%80%EB%AC%B8%ED%99%94%EC%9C%A0%EC%82%B0_20191106_094020-thumb.jpg,https://ncms.nculture.org/legacy/story/4544,근대-일제강점기(1910.8.22~1945.8.14),대전광역시,동구,대전 동구 중앙로 215 대전역,36.33439767,127.43211,대전근현대사 전시관,20230101,"목척교, 대전 철도관사촌, 옛 충청남도 도청, 대전역",F,뉴스 & 정치/열렬한 뉴스 독자/연예 뉴스 매니아,23,15,20231230
20231200214,전통배추를 밀어내고 김치의 원료가 된 결구배추,"배추김치의 주재료인 배추는 조선시대까지 한양과 개성에서 자란 것이 유명했다. 이 배추는 배추잎이 절반정도 뭉친 반결구종으로, 무게는 결구종보다 적고 생육기간도 길었다. 임오군란 이후 중국인들이 한국땅에 살고 중국과 왕래하면서 중국의 결구배추가 들어오게 된다. 결구배추는 배추잎이 서로 감싸 완전히 뭉친 것인데 생육기간이 짧고 크기도 컸다. 일제강점기 반결구배추가 병충해에 시달리면서 결구종 배추가 보급되어 오늘날 김치를 만드는 배추는 결구종배추가 주를 이루게 되었다.",근대 신문으로 보는 음식,전통 음식과 식재료의 변화,,https://ncms.nculture.org/legacy/story/2831,근대-일제강점기(1910.8.22~1945.8.14),,,,,,덕천,20230101,"배추김치, 호배추, 결구배추",M,라이프스타일 & 취미/비즈니스 전문가,22,22,20231230
20231200215,일제시대에도 계속된 인삼전매제,"인삼은 옛날부터 만병통치약으로 먹던 산삼을 인공재배한 것이다. 인삼 밭에서 수확한 인삼을 수삼(水蔘)이라고 한다. 이 수삼을 쪄서 말린 것이 홍삼이고 그냥 말린 것이 백삼이다. 홍삼은 직삼으로 만들고 백삼은 곡삼으로 만드는데, 직삼은 개성인삼, 곡삼은 금산인삼이 대표적이다. 조선시대 홍삼은 국가가 재배부터 판매까지 직접 관리하였는데 백삼은 크게 규제하지 않았다. 백삼은 1934년 지정구역 외의 인삼 경작도 전매국의 허가를 받고, 1943년 백삼의 유통·배급도 총독부가 관리하면서 규제되었다.",근대 신문으로 보는 음식,전통 음식과 식재료의 변화,,https://ncms.nculture.org/legacy/story/2779,근대-일제강점기(1910.8.22~1945.8.14),경상북도,영주시,경상북도 영주시 풍기읍 죽령로 1378 인삼박물관,36.885943,128.479715,금산,20230101,"인삼전매제, 홍삼전매제, 직삼, 곡삼, 홍삼, 백삼",F,뉴스 & 정치/열렬한 뉴스 독자/연예 뉴스 매니아,22,22,20231230
20231200216,일제강점기 나타난 뻥튀기,"오늘날 뻥튀기를 만드는 기계는 일제강점기 일본에서 수입한 것이 시초이다. 이 기계는 과자장수들에게 ‘7홉이 1말이 된다’라는 문구로 광고하여 판매되었다. 백미, 현미, 수수, 조 등을 15배 이상 팽창시키는데 시간은 3분 걸리고 비용은 5리(厘)가 든다고 하였다. 뻥튀기 기계는 곡물을 쉽게 과자로 만들어주었지만 사고의 위험이 늘 있었다. 1980년대까지도 뻥튀기 기계의 사고기사가 종종 보인다. 쌀 5홉으로 뻥튀기를 하면 일반 가정집은 1년 정도 먹을 수 있었다. 1980년대 들어 과자들이 많이 나오면서 뻥튀기는 서서히 자취를 감추게 되었다.",근대 신문으로 보는 음식,개항 이후 들어온 음식과 식재료,https://minio.nculture.org/amsweb-opt/multimedia_assets/180/14779/19965/c/14779-thumb.jpg,https://ncms.nculture.org/legacy/story/2829,근대-일제강점기(1910.8.22~1945.8.14),,,,,,덕천,20230101,"뻥튀기, 곡물팽창기, 폭발",F,뉴스 & 정치/열렬한 뉴스 독자/연예 뉴스 매니아,22,22,20231230
20231200217,"서울 최초의 근대 백화점, 미츠코시 백화점 경성지점","미츠코시 백화점 경성지점은 서울특별시에 세워진 최초의 근대식 백화점이다. 미츠코시 오복점이 1929년에 지점으로 승격되면서 본격적으로 백화점의 면모를 갖추게 되었다. 대형 백화점의 등장은 정찰제 판매, 박리다매 전략의 등장으로 우리나라 유통에 큰 변화를 불러왔다. 미츠코시 백화점은 일반 시민들에게 일상적인 공간으로 자리 잡았으나 이면에는 일제강점기 소비문화의 모순이 감춰져 있기도 했다. 현재는 서울특별시 중구 신세계백화점 본점 본관으로 사용되고 있다.",공간으로 읽는 근대문화 역사유산,"근대, 한반도에 발을 딛다",https://minio.nculture.org/amsweb-opt/multimedia_assets/125/85820/93650/c/%EA%B5%AC-%EB%AF%B8%EC%93%B0%EC%BD%94%EC%8B%9C-%EA%B2%BD%EC%84%B1%EC%A7%80%EC%A0%90-%281%29_rev-thumb.jpg,https://ncms.nculture.org/legacy/story/7134,근대-일제강점기(1910.8.22~1945.8.14),서울특별시,중구,서울특별시 중구 소공로 63,37.56091902,126.980979,신세계백화점 본점,20230101,"백화점, 미츠코시, 이상, 채만식",F,음식 & 다이닝/요리 매니아,22,21,20231230
20231200218,"서울 최초의 근대 백화점, 미츠코시 백화점 경성지점","미츠코시 백화점 경성지점은 서울특별시에 세워진 최초의 근대식 백화점이다. 미츠코시 오복점이 1929년에 지점으로 승격되면서 본격적으로 백화점의 면모를 갖추게 되었다. 대형 백화점의 등장은 정찰제 판매, 박리다매 전략의 등장으로 우리나라 유통에 큰 변화를 불러왔다. 미츠코시 백화점은 일반 시민들에게 일상적인 공간으로 자리 잡았으나 이면에는 일제강점기 소비문화의 모순이 감춰져 있기도 했다. 현재는 서울특별시 중구 신세계백화점 본점 본관으로 사용되고 있다.",공간으로 읽는 근대문화 역사유산,"근대, 한반도에 발을 딛다",https://minio.nculture.org/amsweb-opt/multimedia_assets/125/85820/93650/c/%EA%B5%AC-%EB%AF%B8%EC%93%B0%EC%BD%94%EC%8B%9C-%EA%B2%BD%EC%84%B1%EC%A7%80%EC%A0%90-%281%29_rev-thumb.jpg,https://ncms.nculture.org/legacy/story/7134,근대-일제강점기(1910.8.22~1945.8.14),서울특별시,중구,서울특별시 중구 소공로 63,37.56091902,126.980979,신세계백화점 본점,20230101,"백화점, 미츠코시, 이상, 채만식",F,라이프스타일 & 취미/비즈니스 전문가,22,21,20231230
20231200219,"동양 최초의 바다 밑 터널, 통영 해저터널","통영반도 남단과 미륵도를 연결하는 통영 해저터널은 동양 최초의 해저터널이다. 일제강점기 이전부터 통영으로 이주해온 일본인 이주 어민들은 연안에서 어로 활동을 하며 물고기 떼를 쫓아 빠르게 이동할 필요가 있었는데, 미륵도와 통영 사이의 해협이 너무 좁아 미륵도를 빙 돌아 가야 하는 불편함이 있었다. 그래서 일제는 1932년 통영운하를 완공했다. 통영운하 개통 후 운하를 건너다니도록 하기 위해 교량 대신 만든 것이 해저터널이다. 터널을 만든 지역은 판데목이라는 곳인데, 임진왜란 한산대첩 때 많은 왜군이 이순신의 학익진에 대패해 판데목 부근에서 수장됐다고 한다. 일본인들이 조상의 유해 위로 건너다닐 수 없어서 해저터널을 팠다는 이야기도 전해진다.",공간으로 읽는 근대문화 역사유산,"빼앗긴 들, 뒤틀린 근대",https://minio.nculture.org/amsweb-opt/multimedia_assets/140/85835/93850/c/%ED%86%B5%EC%98%81-%ED%95%B4%EC%A0%80%ED%84%B0%EB%84%90-%281%29_rev-thumb.jpg,https://ncms.nculture.org/legacy/story/2936,근대-일제강점기(1910.8.22~1945.8.14),경상남도,통영시,경상남도 통영시 도남로 57-1,34.834788,128.40991,충무교,20230101,"통영 해저터널, 통영운하, 충무공 이순신, 판데목, 미륵도",F,미디어 & 엔터테인먼트/음악 애호가/월드 뮤직 팬,22,21,20231230
20231200220,"동양 최초의 바다 밑 터널, 통영 해저터널","통영반도 남단과 미륵도를 연결하는 통영 해저터널은 동양 최초의 해저터널이다. 일제강점기 이전부터 통영으로 이주해온 일본인 이주 어민들은 연안에서 어로 활동을 하며 물고기 떼를 쫓아 빠르게 이동할 필요가 있었는데, 미륵도와 통영 사이의 해협이 너무 좁아 미륵도를 빙 돌아 가야 하는 불편함이 있었다. 그래서 일제는 1932년 통영운하를 완공했다. 통영운하 개통 후 운하를 건너다니도록 하기 위해 교량 대신 만든 것이 해저터널이다. 터널을 만든 지역은 판데목이라는 곳인데, 임진왜란 한산대첩 때 많은 왜군이 이순신의 학익진에 대패해 판데목 부근에서 수장됐다고 한다. 일본인들이 조상의 유해 위로 건너다닐 수 없어서 해저터널을 팠다는 이야기도 전해진다.",공간으로 읽는 근대문화 역사유산,"빼앗긴 들, 뒤틀린 근대",https://minio.nculture.org/amsweb-opt/multimedia_assets/140/85835/93850/c/%ED%86%B5%EC%98%81-%ED%95%B4%EC%A0%80%ED%84%B0%EB%84%90-%281%29_rev-thumb.jpg,https://ncms.nculture.org/legacy/story/2936,근대-일제강점기(1910.8.22~1945.8.14),경상남도,통영시,경상남도 통영시 도남로 57-1,34.834788,128.40991,충무교,20230101,"통영 해저터널, 통영운하, 충무공 이순신, 판데목, 미륵도",F,여행/여행 매니아,22,20,20231230
20231200221,일본인 거리의 의미를 묻다 - 포항 구룡포 근대문화역사거리,경상북도 포항시 구룡포는 1900년부터 일본 어부들이 어업 근거지로 삼으면서 근대 항구가 되었다. 일본인들은 일제강점기부터 본국의 지원을 받으면서 구룡포로 이주하기 시작했다. 구룡포에 정착한 일본인 가운데는 가가와현 출신이 많았다. 이들은 일본 타 지역 출신들과 경쟁관계에 있었으나 1920년대부터 1930년대 중반까지 2차례에 걸친 축항 공사를 통해 방파제를 쌓고 일본인 거리를 확장했다. 구룡포의 조선인들은 상당수가 일본 선주들에게 고용돼 어로 노동자로 일했다. 구룡포의 조선인과 일본인 거주 공간도 달랐다. 일제강점기 극소수의 일본 선주들은 전체 어획 소득의 절반가량을 가져갔다. 일본인들이 부를 늘려감에 따라 구룡포의 일본인 거리도 계속 확장됐다. 그러나 1945년 갑작스러운 패망으로 일본인은 자신들 나라로 돌아갔다. 포항시는 2011년부터 ‘구룡포 근대역사문화거리’를 조성했다. 가가와 출신 어부들의 중심인물로 구룡포에서 부를 쌓은 하시모토가 1923년 지은 일본식 집은 구룡포 근대역사관이 되었다. 그러나 문화재청은 하시모토의 집과 일본 가옥의 등록문화재 지정 신청을 보류했다. 구룡포 근대역사문화거리는 역사 인식의 측면에서 계속 비판이 제기되고 있다.,공간으로 읽는 근대문화 역사유산,근대 거리를 거닐다,https://minio.nculture.org/amsweb-opt/3ds/234/84339/84339_thumbnail.jpg,https://ncms.nculture.org/legacy/story/4534,근대-일제강점기(1910.8.22~1945.8.14),경상북도,포항시,경북 포항시 남구 구룡포읍 구룡포길 147-2,35.99079907,129.5609111,구룡포 근대 역사관,20230101,"어업, 일제강점기, 근대역사관",M,뉴스 & 정치/열렬한 뉴스 독자/연예 뉴스 매니아,22,19,20231230
20231200222,"서울 최초의 근대 백화점, 미츠코시 백화점 경성지점","미츠코시 백화점 경성지점은 서울특별시에 세워진 최초의 근대식 백화점이다. 미츠코시 오복점이 1929년에 지점으로 승격되면서 본격적으로 백화점의 면모를 갖추게 되었다. 대형 백화점의 등장은 정찰제 판매, 박리다매 전략의 등장으로 우리나라 유통에 큰 변화를 불러왔다. 미츠코시 백화점은 일반 시민들에게 일상적인 공간으로 자리 잡았으나 이면에는 일제강점기 소비문화의 모순이 감춰져 있기도 했다. 현재는 서울특별시 중구 신세계백화점 본점 본관으로 사용되고 있다.",공간으로 읽는 근대문화 역사유산,"근대, 한반도에 발을 딛다",https://minio.nculture.org/amsweb-opt/multimedia_assets/125/85820/93650/c/%EA%B5%AC-%EB%AF%B8%EC%93%B0%EC%BD%94%EC%8B%9C-%EA%B2%BD%EC%84%B1%EC%A7%80%EC%A0%90-%281%29_rev-thumb.jpg,https://ncms.nculture.org/legacy/story/7134,근대-일제강점기(1910.8.22~1945.8.14),서울특별시,중구,서울특별시 중구 소공로 63,37.56091902,126.980979,신세계백화점 본점,20230101,"백화점, 미츠코시, 이상, 채만식",F,쇼핑객/할인족,22,18,20231230
20231200223,일본 경찰의 고문으로 숨진 28세 독립운동가 - 예천 윤우식 생가,"경상북도 예천군 지보면 신풍리 남석 윤우식 선생의 생가는 16세기에 지어진 고택이다. 1922년 화재로 예전 집은 불탔고, 같은 자리에 규모를 줄여 지은 집이 현재 남아있는 기와집이다. 안채와 사랑채가 튼 입구 자로 배치되어 있고, 옆에는 사당(죽호당)이 있다. 윤우식은 1920년대 후반부터 농민운동을 벌였고, 1934년 ‘예천 무명당’이 결성될 때 참여하여 지보면의 조직을 책임졌다. ‘예천 무명당’은 농민을 넘어 각계각층의 조직을 통해 항일 독립운동을 벌이려 했던 조직이다. 예천 무명당은 1934년 초 일경에 발각되어 무더기로 체포되었고, 윤우식은 지도부 11인으로 모진 고문을 받다가 순국했다. 낙동강이 바라다 보이는 윤우식 생가는 등록문화재 제571호다.",공간으로 읽는 근대문화 역사유산,근현대 인물들의 공간,https://minio.nculture.org/amsweb-opt/3ds/19/84374/84374_thumbnail.jpg,https://ncms.nculture.org/legacy/story/4539,근대-일제강점기(1910.8.22~1945.8.14),경상북도,예천군,경상북도 예천군 지보면 신풍1리길 25,36.53849413,128.4365732,예천박물관,20230101,"남석 윤우식, 예천 무명당, 죽고서원",F,미디어 & 엔터테인먼트/음악 애호가/월드 뮤직 팬,22,18,20231230
20231200224,한센인 격리와 정착의 역사 - 의왕 한국한센복지협회,"경기도 의왕시 한국한센복지협회의 뿌리는 1926년 발족한 조선나병근절책연구회라고 할 수 있다. 한센인은 격리 수용하는 것이 최선이라는 당시의 인식에 따라 대규모 수용소 건설을 추진한 명망가 단체다. 격리 정책은 해방 후에도 계속되다가 1960년대 들어서야 정착촌 정책으로 바뀌었다. 1948년 대한나예방협회 역시 격리에 중점을 두었다. 한국한센복지협회는 과거 문둥병, 나병으로 불리던 질병이 2000년에 한센병으로 공식 명명됨에 따라 새로운 이름을 가지게 되었다. 의왕 한국한센복지협회는 인근 성 나자로 마을에서 50년 무상 대여한 땅에 병원과 사무실을 지었다. 1951년 모락산 자락에 자리 잡은 성 나자로 마을은 1970부터 원장으로 28년 봉직한 이경재 신부 재임 기간에 현재의 모습을 갖추었다. 한국한센복지협회와 성 나자로 마을은 문둥병이라는 차별적인 병명이 한센병으로 바뀌기까지 한센인들이 겪은 고통과 시련의 삶을 간직하고 있다.",공간으로 읽는 근대문화 역사유산,근대 의술과 인술 사이에서,https://minio.nculture.org/amsweb-opt/3ds/28/84383/84383_thumbnail.jpg,https://ncms.nculture.org/legacy/story/778,현대-현대(1945.8.15~현재),경기도,의왕시,경기도 의왕시 원골로 59,37.3619452,126.9711473,소록도 시설 (국립소록도병원),20230101,"한국한센복지협회, 성 나자로 마을, 이경재, 조선나병근절책연구회",M,뉴스 & 정치/열렬한 뉴스 독자/열렬한 정치 뉴스 독자,22,17,20231230
20231200225,바다보다 역동적인 제물포의 근대 - 인천 개항장 근대역사문화지구,"제물포는 1883년 개항 직후부터 일본과 청나라, 영국 미국 독일 프랑스 등 각국이 주도권을 잡기 위해 각축을 벌인 지역이다. 일본이 가장 먼저 조계를 설정하자, 청과 다른 나라들이 뒤따랐다. 초기 모습은 청 조계지가 일본 쪽보다 나았다. 상권에서도 청 상인들이 우세한 편이었으나, 1894년 청일전쟁에서 일본이 승리한 뒤로는 일본이 앞서기 시작했고, 1904년 러일전쟁을 거친 뒤에는 일본의 절대 우세가 확정되었다. 일본은 금융기관을 앞세워 해운업과 화물운송업을 장악했고, 인천은 일본 주도 아래 식민지 근대의 대도시로 변모하기 시작했다. 현재의 자유공원(만국공원)은 일본 조계지와 청국 조계지(훗날 인천 차이나타운)를 비롯해 개항 이후 인천 근현대사의 역동성을 답사하기 적당한 출발점이다.",공간으로 읽는 근대문화 역사유산,근대 거리를 거닐다,https://minio.nculture.org/amsweb-opt/multimedia_assets/79/30457/22671/c/%EC%9D%B8%EC%B2%9C_%EA%B7%BC%EB%8C%80%EB%AC%B8%ED%99%94%EC%9C%A0%EC%82%B0%EA%B1%B0%EB%A6%AC-%283%29-thumb.jpg,https://ncms.nculture.org/legacy/story/4549,근대-개항기(1864~1910),인천광역시,중구,인천광역시 중구 자유공원남로 25,37.47467242,126.6225672,제물포고등학교,20230101,"제물포, 자유공원, 조계지, 만국공원, 차이나타운",F,여행/여행 매니아,22,15,20231230
20231200226,일본 경찰의 고문으로 숨진 28세 독립운동가 - 예천 윤우식 생가,"경상북도 예천군 지보면 신풍리 남석 윤우식 선생의 생가는 16세기에 지어진 고택이다. 1922년 화재로 예전 집은 불탔고, 같은 자리에 규모를 줄여 지은 집이 현재 남아있는 기와집이다. 안채와 사랑채가 튼 입구 자로 배치되어 있고, 옆에는 사당(죽호당)이 있다. 윤우식은 1920년대 후반부터 농민운동을 벌였고, 1934년 ‘예천 무명당’이 결성될 때 참여하여 지보면의 조직을 책임졌다. ‘예천 무명당’은 농민을 넘어 각계각층의 조직을 통해 항일 독립운동을 벌이려 했던 조직이다. 예천 무명당은 1934년 초 일경에 발각되어 무더기로 체포되었고, 윤우식은 지도부 11인으로 모진 고문을 받다가 순국했다. 낙동강이 바라다 보이는 윤우식 생가는 등록문화재 제571호다.",공간으로 읽는 근대문화 역사유산,근현대 인물들의 공간,https://minio.nculture.org/amsweb-opt/3ds/19/84374/84374_thumbnail.jpg,https://ncms.nculture.org/legacy/story/4539,근대-일제강점기(1910.8.22~1945.8.14),경상북도,예천군,경상북도 예천군 지보면 신풍1리길 25,36.53849413,128.4365732,예천박물관,20230101,"남석 윤우식, 예천 무명당, 죽고서원",M,미디어 & 엔터테인먼트/TV 대중 시청자,22,11,20231230
20231200227,전통배추를 밀어내고 김치의 원료가 된 결구배추,"배추김치의 주재료인 배추는 조선시대까지 한양과 개성에서 자란 것이 유명했다. 이 배추는 배추잎이 절반정도 뭉친 반결구종으로, 무게는 결구종보다 적고 생육기간도 길었다. 임오군란 이후 중국인들이 한국땅에 살고 중국과 왕래하면서 중국의 결구배추가 들어오게 된다. 결구배추는 배추잎이 서로 감싸 완전히 뭉친 것인데 생육기간이 짧고 크기도 컸다. 일제강점기 반결구배추가 병충해에 시달리면서 결구종 배추가 보급되어 오늘날 김치를 만드는 배추는 결구종배추가 주를 이루게 되었다.",근대 신문으로 보는 음식,전통 음식과 식재료의 변화,,https://ncms.nculture.org/legacy/story/2831,근대-일제강점기(1910.8.22~1945.8.14),,,,,,덕천,20230101,"배추김치, 호배추, 결구배추",M,음식 & 다이닝/요리 매니아,21,21,20231230
20231200228,전통배추를 밀어내고 김치의 원료가 된 결구배추,"배추김치의 주재료인 배추는 조선시대까지 한양과 개성에서 자란 것이 유명했다. 이 배추는 배추잎이 절반정도 뭉친 반결구종으로, 무게는 결구종보다 적고 생육기간도 길었다. 임오군란 이후 중국인들이 한국땅에 살고 중국과 왕래하면서 중국의 결구배추가 들어오게 된다. 결구배추는 배추잎이 서로 감싸 완전히 뭉친 것인데 생육기간이 짧고 크기도 컸다. 일제강점기 반결구배추가 병충해에 시달리면서 결구종 배추가 보급되어 오늘날 김치를 만드는 배추는 결구종배추가 주를 이루게 되었다.",근대 신문으로 보는 음식,전통 음식과 식재료의 변화,,https://ncms.nculture.org/legacy/story/2831,근대-일제강점기(1910.8.22~1945.8.14),,,,,,덕천,20230101,"배추김치, 호배추, 결구배추",M,홈 앤 가든/홈 데코 매니아,21,21,20231230
20231200229,전통배추를 밀어내고 김치의 원료가 된 결구배추,"배추김치의 주재료인 배추는 조선시대까지 한양과 개성에서 자란 것이 유명했다. 이 배추는 배추잎이 절반정도 뭉친 반결구종으로, 무게는 결구종보다 적고 생육기간도 길었다. 임오군란 이후 중국인들이 한국땅에 살고 중국과 왕래하면서 중국의 결구배추가 들어오게 된다. 결구배추는 배추잎이 서로 감싸 완전히 뭉친 것인데 생육기간이 짧고 크기도 컸다. 일제강점기 반결구배추가 병충해에 시달리면서 결구종 배추가 보급되어 오늘날 김치를 만드는 배추는 결구종배추가 주를 이루게 되었다.",근대 신문으로 보는 음식,전통 음식과 식재료의 변화,,https://ncms.nculture.org/legacy/story/2831,근대-일제강점기(1910.8.22~1945.8.14),,,,,,덕천,20230101,"배추김치, 호배추, 결구배추",M,미디어 & 엔터테인먼트/게이머/롤플레잉 게임 팬,21,21,20231230
20231200230,"동양 최초의 바다 밑 터널, 통영 해저터널","통영반도 남단과 미륵도를 연결하는 통영 해저터널은 동양 최초의 해저터널이다. 일제강점기 이전부터 통영으로 이주해온 일본인 이주 어민들은 연안에서 어로 활동을 하며 물고기 떼를 쫓아 빠르게 이동할 필요가 있었는데, 미륵도와 통영 사이의 해협이 너무 좁아 미륵도를 빙 돌아 가야 하는 불편함이 있었다. 그래서 일제는 1932년 통영운하를 완공했다. 통영운하 개통 후 운하를 건너다니도록 하기 위해 교량 대신 만든 것이 해저터널이다. 터널을 만든 지역은 판데목이라는 곳인데, 임진왜란 한산대첩 때 많은 왜군이 이순신의 학익진에 대패해 판데목 부근에서 수장됐다고 한다. 일본인들이 조상의 유해 위로 건너다닐 수 없어서 해저터널을 팠다는 이야기도 전해진다.",공간으로 읽는 근대문화 역사유산,"빼앗긴 들, 뒤틀린 근대",https://minio.nculture.org/amsweb-opt/multimedia_assets/140/85835/93850/c/%ED%86%B5%EC%98%81-%ED%95%B4%EC%A0%80%ED%84%B0%EB%84%90-%281%29_rev-thumb.jpg,https://ncms.nculture.org/legacy/story/2936,근대-일제강점기(1910.8.22~1945.8.14),경상남도,통영시,경상남도 통영시 도남로 57-1,34.834788,128.40991,충무교,20230101,"통영 해저터널, 통영운하, 충무공 이순신, 판데목, 미륵도",M,뉴스 & 정치/열렬한 뉴스 독자/열렬한 비즈니스 뉴스 독자,21,21,20231230
20231200231,초량 이바구길의 곡절 많은 터줏대감-부산 구 백제병원,"부산역 맞은편 초량 이바구길 초입에 위치한 백제병원 건물은 1927년 지어졌다. 백제병원은 부산 최초의 개인병원으로서, 부산부립병원, 철도병원과 함께 부산 3대 병원으로 꼽혔다. 백제병원 건물은 4층 건물과 잇달아 지은 6층 건물을 이어 붙였는데, 단층과 2~3층이 고작이던 당시 부산에서 우뚝 솟은 건물이었다. 하지만 설립자인 외과의사 최용해가 건축 과정에서 무리하게 빚을 끌어다 쓴데다 행려병자 시신으로 인체 표본을 제작해 보관하다 적발되면서, 급기야 설립자가 병원 문을 닫고 일본으로 도주하였다. 백제병원 건물은 중국인이 인수하여 봉래각이라는 청요릿집으로 개조되었다. 객실을 120개나 설치한 봉래각 또한 부산 명물로 명성을 날렸으나, 중일전쟁 이후 주인이 고국으로 돌아가면서 1942년 폐업했다. 이후 일본군 장교숙소였다가 해방 후에는 부산치안사령부, 전쟁 시기에는 중화민국 임시 대사관으로 쓰였다. 1953년 신라예식장으로 용도가 바뀌었으나, 예식장도 1960년대 중반 문을 닫았다. 1972년에는 이웃 건물에서 발생한 화재로 건물의 3분의 2가 불에 타, 5층 이상은 철거되었다. 다행히 골조와 1~2층은 옛 모습을 모두 잃지는 않았다. 2009년 새 주인이 인수하였고, 복원에 준하는 리모델링을 거쳐 2015년부터 카페 겸 문화예술 공간으로 활용되고 있다.",공간으로 읽는 근대문화 역사유산,근대 의술과 인술 사이에서,https://minio.nculture.org/amsweb-opt/3ds/228/84333/84333_thumbnail.jpg,https://ncms.nculture.org/legacy/story/783,근대-일제강점기(1910.8.22~1945.8.14),부산광역시,동구,부산 동구 초량동 460-2,35.11625252,129.0388649,부산 차이나타운,20230101,"부산 백제병원, 부산 봉래각, 최용해, 부산 신라예식장, 초량 이바구길, 브라운핸즈 카페",F,미디어 & 엔터테인먼트/TV 대중 시청자,21,21,20231230
20231200232,초량 이바구길의 곡절 많은 터줏대감-부산 구 백제병원,"부산역 맞은편 초량 이바구길 초입에 위치한 백제병원 건물은 1927년 지어졌다. 백제병원은 부산 최초의 개인병원으로서, 부산부립병원, 철도병원과 함께 부산 3대 병원으로 꼽혔다. 백제병원 건물은 4층 건물과 잇달아 지은 6층 건물을 이어 붙였는데, 단층과 2~3층이 고작이던 당시 부산에서 우뚝 솟은 건물이었다. 하지만 설립자인 외과의사 최용해가 건축 과정에서 무리하게 빚을 끌어다 쓴데다 행려병자 시신으로 인체 표본을 제작해 보관하다 적발되면서, 급기야 설립자가 병원 문을 닫고 일본으로 도주하였다. 백제병원 건물은 중국인이 인수하여 봉래각이라는 청요릿집으로 개조되었다. 객실을 120개나 설치한 봉래각 또한 부산 명물로 명성을 날렸으나, 중일전쟁 이후 주인이 고국으로 돌아가면서 1942년 폐업했다. 이후 일본군 장교숙소였다가 해방 후에는 부산치안사령부, 전쟁 시기에는 중화민국 임시 대사관으로 쓰였다. 1953년 신라예식장으로 용도가 바뀌었으나, 예식장도 1960년대 중반 문을 닫았다. 1972년에는 이웃 건물에서 발생한 화재로 건물의 3분의 2가 불에 타, 5층 이상은 철거되었다. 다행히 골조와 1~2층은 옛 모습을 모두 잃지는 않았다. 2009년 새 주인이 인수하였고, 복원에 준하는 리모델링을 거쳐 2015년부터 카페 겸 문화예술 공간으로 활용되고 있다.",공간으로 읽는 근대문화 역사유산,근대 의술과 인술 사이에서,https://minio.nculture.org/amsweb-opt/3ds/228/84333/84333_thumbnail.jpg,https://ncms.nculture.org/legacy/story/783,근대-일제강점기(1910.8.22~1945.8.14),부산광역시,동구,부산 동구 초량동 460-2,35.11625252,129.0388649,부산 차이나타운,20230101,"부산 백제병원, 부산 봉래각, 최용해, 부산 신라예식장, 초량 이바구길, 브라운핸즈 카페",F,미디어 & 엔터테인먼트/영화 애호가,21,21,20231230
20231200233,"서울 최초의 근대 백화점, 미츠코시 백화점 경성지점","미츠코시 백화점 경성지점은 서울특별시에 세워진 최초의 근대식 백화점이다. 미츠코시 오복점이 1929년에 지점으로 승격되면서 본격적으로 백화점의 면모를 갖추게 되었다. 대형 백화점의 등장은 정찰제 판매, 박리다매 전략의 등장으로 우리나라 유통에 큰 변화를 불러왔다. 미츠코시 백화점은 일반 시민들에게 일상적인 공간으로 자리 잡았으나 이면에는 일제강점기 소비문화의 모순이 감춰져 있기도 했다. 현재는 서울특별시 중구 신세계백화점 본점 본관으로 사용되고 있다.",공간으로 읽는 근대문화 역사유산,"근대, 한반도에 발을 딛다",https://minio.nculture.org/amsweb-opt/multimedia_assets/125/85820/93650/c/%EA%B5%AC-%EB%AF%B8%EC%93%B0%EC%BD%94%EC%8B%9C-%EA%B2%BD%EC%84%B1%EC%A7%80%EC%A0%90-%281%29_rev-thumb.jpg,https://ncms.nculture.org/legacy/story/7134,근대-일제강점기(1910.8.22~1945.8.14),서울특별시,중구,서울특별시 중구 소공로 63,37.56091902,126.980979,신세계백화점 본점,20230101,"백화점, 미츠코시, 이상, 채만식",M,미디어 & 엔터테인먼트/게이머/어드벤처 & 전략 게임 팬,21,20,20231230
20231200234,"일제강점기 한국의 우뭇가사리로 만든 일본 과자, 양갱","양갱은 중국에서 일본에 전해져 정착된 과자로 우뭇가사리를 냉동건조시킨 한천에 팥, 설탕 등을 넣고 쪄서 만든 과자다. 양갱은 일제강점기 조선에 들어와 지금도 팔릴만큼 한국인의 과자로 정착되었다. 양갱의 원료인 우뭇가사리는 일제강점기 본격적으로 한반도 바다에서 채취되었는데 우뭇가사리가 양갱 원료 이외에 의약품, 화장품 등의 원료로 쓰였기 때문이다. 일제강점기 우뭇가사리 채취는 주로 제주도 출신 해녀들이 담당하였다. 해방 후에도 한천은 계속 만들어져 주로 외국으로 수출되었다.",근대 신문으로 보는 음식,개항 이후 들어온 음식과 식재료,https://minio.nculture.org/amsweb-opt/multimedia_assets/233/14832/2431/c/14832-thumb.jpg,https://ncms.nculture.org/legacy/story/2876,근대-일제강점기(1910.8.22~1945.8.14),경상남도,밀양시,경상남도 밀양시 산내면 봉의로 58-31,35.591708,128.880929,,20230101,"양갱, 요깡, 우뭇가사리, 한천, 제주해녀, 나카오카제과, 해태제과합명회사",F,뷰티 & 웰빙/뷰티 전문가,21,20,20231230
20231200235,전통배추를 밀어내고 김치의 원료가 된 결구배추,"배추김치의 주재료인 배추는 조선시대까지 한양과 개성에서 자란 것이 유명했다. 이 배추는 배추잎이 절반정도 뭉친 반결구종으로, 무게는 결구종보다 적고 생육기간도 길었다. 임오군란 이후 중국인들이 한국땅에 살고 중국과 왕래하면서 중국의 결구배추가 들어오게 된다. 결구배추는 배추잎이 서로 감싸 완전히 뭉친 것인데 생육기간이 짧고 크기도 컸다. 일제강점기 반결구배추가 병충해에 시달리면서 결구종 배추가 보급되어 오늘날 김치를 만드는 배추는 결구종배추가 주를 이루게 되었다.",근대 신문으로 보는 음식,전통 음식과 식재료의 변화,,https://ncms.nculture.org/legacy/story/2831,근대-일제강점기(1910.8.22~1945.8.14),,,,,,덕천,20230101,"배추김치, 호배추, 결구배추",F,테크놀로지/기술애호가,21,20,20231230
20231200236,"서울 최초의 근대 백화점, 미츠코시 백화점 경성지점","미츠코시 백화점 경성지점은 서울특별시에 세워진 최초의 근대식 백화점이다. 미츠코시 오복점이 1929년에 지점으로 승격되면서 본격적으로 백화점의 면모를 갖추게 되었다. 대형 백화점의 등장은 정찰제 판매, 박리다매 전략의 등장으로 우리나라 유통에 큰 변화를 불러왔다. 미츠코시 백화점은 일반 시민들에게 일상적인 공간으로 자리 잡았으나 이면에는 일제강점기 소비문화의 모순이 감춰져 있기도 했다. 현재는 서울특별시 중구 신세계백화점 본점 본관으로 사용되고 있다.",공간으로 읽는 근대문화 역사유산,"근대, 한반도에 발을 딛다",https://minio.nculture.org/amsweb-opt/multimedia_assets/125/85820/93650/c/%EA%B5%AC-%EB%AF%B8%EC%93%B0%EC%BD%94%EC%8B%9C-%EA%B2%BD%EC%84%B1%EC%A7%80%EC%A0%90-%281%29_rev-thumb.jpg,https://ncms.nculture.org/legacy/story/7134,근대-일제강점기(1910.8.22~1945.8.14),서울특별시,중구,서울특별시 중구 소공로 63,37.56091902,126.980979,신세계백화점 본점,20230101,"백화점, 미츠코시, 이상, 채만식",F,라이프스타일 & 취미/반려동물 애호가,21,19,20231230
20231200237,"일제강점기 한국의 우뭇가사리로 만든 일본 과자, 양갱","양갱은 중국에서 일본에 전해져 정착된 과자로 우뭇가사리를 냉동건조시킨 한천에 팥, 설탕 등을 넣고 쪄서 만든 과자다. 양갱은 일제강점기 조선에 들어와 지금도 팔릴만큼 한국인의 과자로 정착되었다. 양갱의 원료인 우뭇가사리는 일제강점기 본격적으로 한반도 바다에서 채취되었는데 우뭇가사리가 양갱 원료 이외에 의약품, 화장품 등의 원료로 쓰였기 때문이다. 일제강점기 우뭇가사리 채취는 주로 제주도 출신 해녀들이 담당하였다. 해방 후에도 한천은 계속 만들어져 주로 외국으로 수출되었다.",근대 신문으로 보는 음식,개항 이후 들어온 음식과 식재료,https://minio.nculture.org/amsweb-opt/multimedia_assets/233/14832/2431/c/14832-thumb.jpg,https://ncms.nculture.org/legacy/story/2876,근대-일제강점기(1910.8.22~1945.8.14),경상남도,밀양시,경상남도 밀양시 산내면 봉의로 58-31,35.591708,128.880929,,20230101,"양갱, 요깡, 우뭇가사리, 한천, 제주해녀, 나카오카제과, 해태제과합명회사",F,테크놀로지/모바일 매니아,21,19,20231230
20231200238,"동양 최초의 바다 밑 터널, 통영 해저터널","통영반도 남단과 미륵도를 연결하는 통영 해저터널은 동양 최초의 해저터널이다. 일제강점기 이전부터 통영으로 이주해온 일본인 이주 어민들은 연안에서 어로 활동을 하며 물고기 떼를 쫓아 빠르게 이동할 필요가 있었는데, 미륵도와 통영 사이의 해협이 너무 좁아 미륵도를 빙 돌아 가야 하는 불편함이 있었다. 그래서 일제는 1932년 통영운하를 완공했다. 통영운하 개통 후 운하를 건너다니도록 하기 위해 교량 대신 만든 것이 해저터널이다. 터널을 만든 지역은 판데목이라는 곳인데, 임진왜란 한산대첩 때 많은 왜군이 이순신의 학익진에 대패해 판데목 부근에서 수장됐다고 한다. 일본인들이 조상의 유해 위로 건너다닐 수 없어서 해저터널을 팠다는 이야기도 전해진다.",공간으로 읽는 근대문화 역사유산,"빼앗긴 들, 뒤틀린 근대",https://minio.nculture.org/amsweb-opt/multimedia_assets/140/85835/93850/c/%ED%86%B5%EC%98%81-%ED%95%B4%EC%A0%80%ED%84%B0%EB%84%90-%281%29_rev-thumb.jpg,https://ncms.nculture.org/legacy/story/2936,근대-일제강점기(1910.8.22~1945.8.14),경상남도,통영시,경상남도 통영시 도남로 57-1,34.834788,128.40991,충무교,20230101,"통영 해저터널, 통영운하, 충무공 이순신, 판데목, 미륵도",F,미디어 & 엔터테인먼트/영화 애호가,21,19,20231230
20231200239,"민주주의가 자라다, 인천 제물포고등학교 강당","인천 제물포고등학교 강당은 1935년 인천 공립중학교의 강당으로 세워졌다. 화강석 기단 위에 적벽돌을 쌓아 지은 건물이다. 지하 1층, 지상 1층인 외관은 간결하며 기능 중심으로 설계되었다. 내부는 너비가 15m에 이르지만, 중간 기둥 없이 하나의 공간을 이루도록 했다. 일본인 학교였던 인천 공립학교는 해방 후 학제 변경으로 1954년 제물포고등학교 강당이 되었다. 제물포고등학교 설립을 주도했고 초대 교장이었던 교육자 길영희 선생은 ‘성덕당’이라고 불리는 강당에서 전교생에게 양심적인 나라의 일꾼이 되라고 열변을 토했다고 한다. 성덕당은 당대 인사들의 특강 장소이자 학생들의 자유로운 토론의 장으로 활용되었다. 1930년대 세워졌던 옛 학교 건물들은 모두 사라졌지만, 성덕당은 남아 제물포고등학교의 역사와 전통을 상징하는 공간으로 꼽힌다.",공간으로 읽는 근대문화 역사유산,근대의 산실 학교,https://minio.nculture.org/amsweb-opt/multimedia_assets/88/14595/20088/c/14595-thumb.jpg,https://ncms.nculture.org/legacy/story/2821,근대-일제강점기(1910.8.22~1945.8.14),인천광역시,중구,인천광역시 중구 자유공원로 58-9,37.476895,126.62402,인천 제물포고등학교,20230101,"제물포고등학교, 성덕당, 길영희, 무감독시험, 등록문화재 제427호, 인천 공립중학교, 제물포고등학교 강당, 망사드르지붕, 인천 자유공원, 무감독 시험, 인천역",F,뉴스 & 정치/열렬한 뉴스 독자/연예 뉴스 매니아,21,19,20231230
20231200240,고종황제를 매혹시킨 커피,커피는 개항이후 조선의 궁궐인 경복궁이나 덕수궁에서 서양인을 접대할 때 사용되었다. 고종은 커피를 상당히 좋아했다. 서양인 선교사들은 커피를 가지고 한국에 왔는데 한국인에게 대접하기도 하였다. 일제시대 커피는 일반인들에게 많이 퍼져서 1930년대 후반에는 다방도 많이 생겼다. 이 시기 커피는 원두를 갈아 주전자에 끓여 체에 받쳐 걸러 먹었다. 1930년대 후반 전쟁으로 수입이 통제되면서 커피의 사용은 줄어들었다.,근대 신문으로 보는 음식,개항 이후 들어온 음식과 식재료,https://minio.nculture.org/amsweb-opt/multimedia_assets/221/14820/2419/c/14820-thumb.jpg,https://ncms.nculture.org/legacy/story/2853,근대-개항기(1864~1910),서울특별시,중구,서울특별시 중구 정동 세종대로 99,37.565807,126.975143,대불호텔,20230101,"고종황제, 다방, 원두, 선교사, 접대",M,뉴스 & 정치/열렬한 뉴스 독자/연예 뉴스 매니아,21,19,20231230
20231200241,"서울 최초의 근대 백화점, 미츠코시 백화점 경성지점","미츠코시 백화점 경성지점은 서울특별시에 세워진 최초의 근대식 백화점이다. 미츠코시 오복점이 1929년에 지점으로 승격되면서 본격적으로 백화점의 면모를 갖추게 되었다. 대형 백화점의 등장은 정찰제 판매, 박리다매 전략의 등장으로 우리나라 유통에 큰 변화를 불러왔다. 미츠코시 백화점은 일반 시민들에게 일상적인 공간으로 자리 잡았으나 이면에는 일제강점기 소비문화의 모순이 감춰져 있기도 했다. 현재는 서울특별시 중구 신세계백화점 본점 본관으로 사용되고 있다.",공간으로 읽는 근대문화 역사유산,"근대, 한반도에 발을 딛다",https://minio.nculture.org/amsweb-opt/multimedia_assets/125/85820/93650/c/%EA%B5%AC-%EB%AF%B8%EC%93%B0%EC%BD%94%EC%8B%9C-%EA%B2%BD%EC%84%B1%EC%A7%80%EC%A0%90-%281%29_rev-thumb.jpg,https://ncms.nculture.org/legacy/story/7134,근대-일제강점기(1910.8.22~1945.8.14),서울특별시,중구,서울특별시 중구 소공로 63,37.56091902,126.980979,신세계백화점 본점,20230101,"백화점, 미츠코시, 이상, 채만식",M,쇼핑객/럭셔리 쇼핑객,21,18,20231230
20231200242,일본인 거리의 의미를 묻다 - 포항 구룡포 근대문화역사거리,경상북도 포항시 구룡포는 1900년부터 일본 어부들이 어업 근거지로 삼으면서 근대 항구가 되었다. 일본인들은 일제강점기부터 본국의 지원을 받으면서 구룡포로 이주하기 시작했다. 구룡포에 정착한 일본인 가운데는 가가와현 출신이 많았다. 이들은 일본 타 지역 출신들과 경쟁관계에 있었으나 1920년대부터 1930년대 중반까지 2차례에 걸친 축항 공사를 통해 방파제를 쌓고 일본인 거리를 확장했다. 구룡포의 조선인들은 상당수가 일본 선주들에게 고용돼 어로 노동자로 일했다. 구룡포의 조선인과 일본인 거주 공간도 달랐다. 일제강점기 극소수의 일본 선주들은 전체 어획 소득의 절반가량을 가져갔다. 일본인들이 부를 늘려감에 따라 구룡포의 일본인 거리도 계속 확장됐다. 그러나 1945년 갑작스러운 패망으로 일본인은 자신들 나라로 돌아갔다. 포항시는 2011년부터 ‘구룡포 근대역사문화거리’를 조성했다. 가가와 출신 어부들의 중심인물로 구룡포에서 부를 쌓은 하시모토가 1923년 지은 일본식 집은 구룡포 근대역사관이 되었다. 그러나 문화재청은 하시모토의 집과 일본 가옥의 등록문화재 지정 신청을 보류했다. 구룡포 근대역사문화거리는 역사 인식의 측면에서 계속 비판이 제기되고 있다.,공간으로 읽는 근대문화 역사유산,근대 거리를 거닐다,https://minio.nculture.org/amsweb-opt/3ds/234/84339/84339_thumbnail.jpg,https://ncms.nculture.org/legacy/story/4534,근대-일제강점기(1910.8.22~1945.8.14),경상북도,포항시,경북 포항시 남구 구룡포읍 구룡포길 147-2,35.99079907,129.5609111,구룡포 근대 역사관,20230101,"어업, 일제강점기, 근대역사관",M,미디어 & 엔터테인먼트/TV 애호가,21,18,20231230
20231200243,인천육군조병창(仁川陸軍造兵廠),"인천육군조병창은 당시 경기도 부천군 부내면 대정리, 현 부평구 산곡동에 건립되었으며 이곳에 본부와 제1제조소가 있었다. 인천육군조병창은 제1제조소 외에도 평양역 인근에 평양제조소를 예하에 두고 있었다. 인천육군조병창의 주요 임무는 99식 소총·총검·군도 등의 생산 및 수리였다. 인천 부평에 병기공장을 건립하게 된 배경에는 1937년 시작된 중일전쟁의 장기화에 따라, “만선(滿鮮) 북지(北)에 대한 수송의 신속 안전 및 조선 내 병기 공업 능력의 비약적 발전”을 기하기 위함이었다.","한반도 유일한, 부평의 인천육군조병창 이야기",,https://minio.nculture.org/amsweb-opt/multimedia_assets/70/86030/95821/c/%EC%9D%B8%EC%B2%9C%EC%9C%A1%EA%B5%B0%EC%A1%B0%EB%B3%91%EC%B0%BD%EC%9D%98-%EB%B3%B8%EB%B6%80%EA%B1%B4%EB%AC%BC%28%EB%B3%91%EC%9B%90%29_%28%EB%B6%80%ED%8F%89%EB%AC%B8%ED%99%94%EC%9B%90%29-thumb.jpg,https://ncms.nculture.org/legacy/story/8764,,인천광역시,부평구,인천광역시 부평구 안남로 146 (부영공원),37.49590926,126.7098147,부평문화원,20230101,"인천육군조병창, 일제강점기, 고쿠라육군조병창, 아시아태평양전쟁",F,미디어 & 엔터테인먼트/TV 애호가,21,17,20231230
20231200244,일본 경찰의 고문으로 숨진 28세 독립운동가 - 예천 윤우식 생가,"경상북도 예천군 지보면 신풍리 남석 윤우식 선생의 생가는 16세기에 지어진 고택이다. 1922년 화재로 예전 집은 불탔고, 같은 자리에 규모를 줄여 지은 집이 현재 남아있는 기와집이다. 안채와 사랑채가 튼 입구 자로 배치되어 있고, 옆에는 사당(죽호당)이 있다. 윤우식은 1920년대 후반부터 농민운동을 벌였고, 1934년 ‘예천 무명당’이 결성될 때 참여하여 지보면의 조직을 책임졌다. ‘예천 무명당’은 농민을 넘어 각계각층의 조직을 통해 항일 독립운동을 벌이려 했던 조직이다. 예천 무명당은 1934년 초 일경에 발각되어 무더기로 체포되었고, 윤우식은 지도부 11인으로 모진 고문을 받다가 순국했다. 낙동강이 바라다 보이는 윤우식 생가는 등록문화재 제571호다.",공간으로 읽는 근대문화 역사유산,근현대 인물들의 공간,https://minio.nculture.org/amsweb-opt/3ds/19/84374/84374_thumbnail.jpg,https://ncms.nculture.org/legacy/story/4539,근대-일제강점기(1910.8.22~1945.8.14),경상북도,예천군,경상북도 예천군 지보면 신풍1리길 25,36.53849413,128.4365732,예천박물관,20230101,"남석 윤우식, 예천 무명당, 죽고서원",F,미디어 & 엔터테인먼트/음악 애호가/팝 음악 팬,21,17,20231230
20231200245,인천육군조병창(仁川陸軍造兵廠),"인천육군조병창은 당시 경기도 부천군 부내면 대정리, 현 부평구 산곡동에 건립되었으며 이곳에 본부와 제1제조소가 있었다. 인천육군조병창은 제1제조소 외에도 평양역 인근에 평양제조소를 예하에 두고 있었다. 인천육군조병창의 주요 임무는 99식 소총·총검·군도 등의 생산 및 수리였다. 인천 부평에 병기공장을 건립하게 된 배경에는 1937년 시작된 중일전쟁의 장기화에 따라, “만선(滿鮮) 북지(北)에 대한 수송의 신속 안전 및 조선 내 병기 공업 능력의 비약적 발전”을 기하기 위함이었다.","한반도 유일한, 부평의 인천육군조병창 이야기",,https://minio.nculture.org/amsweb-opt/multimedia_assets/70/86030/95821/c/%EC%9D%B8%EC%B2%9C%EC%9C%A1%EA%B5%B0%EC%A1%B0%EB%B3%91%EC%B0%BD%EC%9D%98-%EB%B3%B8%EB%B6%80%EA%B1%B4%EB%AC%BC%28%EB%B3%91%EC%9B%90%29_%28%EB%B6%80%ED%8F%89%EB%AC%B8%ED%99%94%EC%9B%90%29-thumb.jpg,https://ncms.nculture.org/legacy/story/8764,,인천광역시,부평구,인천광역시 부평구 안남로 146 (부영공원),37.49590926,126.7098147,부평문화원,20230101,"인천육군조병창, 일제강점기, 고쿠라육군조병창, 아시아태평양전쟁",F,테크놀로지/기술애호가,21,16,20231230
20231200246,"서울 최초의 근대 백화점, 미츠코시 백화점 경성지점","미츠코시 백화점 경성지점은 서울특별시에 세워진 최초의 근대식 백화점이다. 미츠코시 오복점이 1929년에 지점으로 승격되면서 본격적으로 백화점의 면모를 갖추게 되었다. 대형 백화점의 등장은 정찰제 판매, 박리다매 전략의 등장으로 우리나라 유통에 큰 변화를 불러왔다. 미츠코시 백화점은 일반 시민들에게 일상적인 공간으로 자리 잡았으나 이면에는 일제강점기 소비문화의 모순이 감춰져 있기도 했다. 현재는 서울특별시 중구 신세계백화점 본점 본관으로 사용되고 있다.",공간으로 읽는 근대문화 역사유산,"근대, 한반도에 발을 딛다",https://minio.nculture.org/amsweb-opt/multimedia_assets/125/85820/93650/c/%EA%B5%AC-%EB%AF%B8%EC%93%B0%EC%BD%94%EC%8B%9C-%EA%B2%BD%EC%84%B1%EC%A7%80%EC%A0%90-%281%29_rev-thumb.jpg,https://ncms.nculture.org/legacy/story/7134,근대-일제강점기(1910.8.22~1945.8.14),서울특별시,중구,서울특별시 중구 소공로 63,37.56091902,126.980979,신세계백화점 본점,20230101,"백화점, 미츠코시, 이상, 채만식",M,미디어 & 엔터테인먼트/게이머/캐주얼 & 소셜 게이머,21,15,20231230
20231200247,인천육군조병창(仁川陸軍造兵廠),"인천육군조병창은 당시 경기도 부천군 부내면 대정리, 현 부평구 산곡동에 건립되었으며 이곳에 본부와 제1제조소가 있었다. 인천육군조병창은 제1제조소 외에도 평양역 인근에 평양제조소를 예하에 두고 있었다. 인천육군조병창의 주요 임무는 99식 소총·총검·군도 등의 생산 및 수리였다. 인천 부평에 병기공장을 건립하게 된 배경에는 1937년 시작된 중일전쟁의 장기화에 따라, “만선(滿鮮) 북지(北)에 대한 수송의 신속 안전 및 조선 내 병기 공업 능력의 비약적 발전”을 기하기 위함이었다.","한반도 유일한, 부평의 인천육군조병창 이야기",,https://minio.nculture.org/amsweb-opt/multimedia_assets/70/86030/95821/c/%EC%9D%B8%EC%B2%9C%EC%9C%A1%EA%B5%B0%EC%A1%B0%EB%B3%91%EC%B0%BD%EC%9D%98-%EB%B3%B8%EB%B6%80%EA%B1%B4%EB%AC%BC%28%EB%B3%91%EC%9B%90%29_%28%EB%B6%80%ED%8F%89%EB%AC%B8%ED%99%94%EC%9B%90%29-thumb.jpg,https://ncms.nculture.org/legacy/story/8764,,인천광역시,부평구,인천광역시 부평구 안남로 146 (부영공원),37.49590926,126.7098147,부평문화원,20230101,"인천육군조병창, 일제강점기, 고쿠라육군조병창, 아시아태평양전쟁",F,미디어 & 엔터테인먼트/음악 애호가/월드 뮤직 팬,21,15,20231230
20231200248,일본인 거리의 의미를 묻다 - 포항 구룡포 근대문화역사거리,경상북도 포항시 구룡포는 1900년부터 일본 어부들이 어업 근거지로 삼으면서 근대 항구가 되었다. 일본인들은 일제강점기부터 본국의 지원을 받으면서 구룡포로 이주하기 시작했다. 구룡포에 정착한 일본인 가운데는 가가와현 출신이 많았다. 이들은 일본 타 지역 출신들과 경쟁관계에 있었으나 1920년대부터 1930년대 중반까지 2차례에 걸친 축항 공사를 통해 방파제를 쌓고 일본인 거리를 확장했다. 구룡포의 조선인들은 상당수가 일본 선주들에게 고용돼 어로 노동자로 일했다. 구룡포의 조선인과 일본인 거주 공간도 달랐다. 일제강점기 극소수의 일본 선주들은 전체 어획 소득의 절반가량을 가져갔다. 일본인들이 부를 늘려감에 따라 구룡포의 일본인 거리도 계속 확장됐다. 그러나 1945년 갑작스러운 패망으로 일본인은 자신들 나라로 돌아갔다. 포항시는 2011년부터 ‘구룡포 근대역사문화거리’를 조성했다. 가가와 출신 어부들의 중심인물로 구룡포에서 부를 쌓은 하시모토가 1923년 지은 일본식 집은 구룡포 근대역사관이 되었다. 그러나 문화재청은 하시모토의 집과 일본 가옥의 등록문화재 지정 신청을 보류했다. 구룡포 근대역사문화거리는 역사 인식의 측면에서 계속 비판이 제기되고 있다.,공간으로 읽는 근대문화 역사유산,근대 거리를 거닐다,https://minio.nculture.org/amsweb-opt/3ds/234/84339/84339_thumbnail.jpg,https://ncms.nculture.org/legacy/story/4534,근대-일제강점기(1910.8.22~1945.8.14),경상북도,포항시,경북 포항시 남구 구룡포읍 구룡포길 147-2,35.99079907,129.5609111,구룡포 근대 역사관,20230101,"어업, 일제강점기, 근대역사관",F,미디어 & 엔터테인먼트/영화 애호가,21,14,20231230
20231200249,"시를 품은 집, 윤동주 유고 보존 정병욱 가옥",전라남도 광양의 섬진강변 망덕리 정병욱 가옥은 시인 윤동주의 유고를 보존했던 집이다. 윤동주는 1941년 시집 『하늘과 바람과 별과 시』를 발간하려 했지만 뜻을 이루지 못했다. 민족?한글 탄압이 극심했던 일제의 검열에 걸릴 것이 자명했기 때문이다. 원고를 윤동주의 후배이자 벗인 정병욱이 자기 집의 마루 밑에 몰래 간직했다가 해방이 되자 책으로 펴냈다. 정병욱 가옥은 1925년에 건립된 목조슬레이트 주택이다.,공간으로 읽는 근대문화 역사유산,근현대 인물들의 공간,https://minio.nculture.org/amsweb-opt/pdfs/29/27470/27470_thumbnail.JPG,https://ncms.nculture.org/legacy/story/2916,근대-일제강점기(1910.8.22~1945.8.14),전라남도,광양시,대한민국 전라남도 광양시 진월면 망덕길 249,34.9708272,127.7590793,섬진강,20230101,"윤동주, 정병욱, 하늘과 바람과 별과 시, 후쿠오카 형무소",M,미디어 & 엔터테인먼트/TV 대중 시청자,21,14,20231230
20231200250,"시를 품은 집, 윤동주 유고 보존 정병욱 가옥",전라남도 광양의 섬진강변 망덕리 정병욱 가옥은 시인 윤동주의 유고를 보존했던 집이다. 윤동주는 1941년 시집 『하늘과 바람과 별과 시』를 발간하려 했지만 뜻을 이루지 못했다. 민족?한글 탄압이 극심했던 일제의 검열에 걸릴 것이 자명했기 때문이다. 원고를 윤동주의 후배이자 벗인 정병욱이 자기 집의 마루 밑에 몰래 간직했다가 해방이 되자 책으로 펴냈다. 정병욱 가옥은 1925년에 건립된 목조슬레이트 주택이다.,공간으로 읽는 근대문화 역사유산,근현대 인물들의 공간,https://minio.nculture.org/amsweb-opt/pdfs/29/27470/27470_thumbnail.JPG,https://ncms.nculture.org/legacy/story/2916,근대-일제강점기(1910.8.22~1945.8.14),전라남도,광양시,대한민국 전라남도 광양시 진월면 망덕길 249,34.9708272,127.7590793,섬진강,20230101,"윤동주, 정병욱, 하늘과 바람과 별과 시, 후쿠오카 형무소",M,미디어 & 엔터테인먼트/영화 애호가,21,14,20231230
20231200251,"일제강점기 한국의 우뭇가사리로 만든 일본 과자, 양갱","양갱은 중국에서 일본에 전해져 정착된 과자로 우뭇가사리를 냉동건조시킨 한천에 팥, 설탕 등을 넣고 쪄서 만든 과자다. 양갱은 일제강점기 조선에 들어와 지금도 팔릴만큼 한국인의 과자로 정착되었다. 양갱의 원료인 우뭇가사리는 일제강점기 본격적으로 한반도 바다에서 채취되었는데 우뭇가사리가 양갱 원료 이외에 의약품, 화장품 등의 원료로 쓰였기 때문이다. 일제강점기 우뭇가사리 채취는 주로 제주도 출신 해녀들이 담당하였다. 해방 후에도 한천은 계속 만들어져 주로 외국으로 수출되었다.",근대 신문으로 보는 음식,개항 이후 들어온 음식과 식재료,https://minio.nculture.org/amsweb-opt/multimedia_assets/233/14832/2431/c/14832-thumb.jpg,https://ncms.nculture.org/legacy/story/2876,근대-일제강점기(1910.8.22~1945.8.14),경상남도,밀양시,경상남도 밀양시 산내면 봉의로 58-31,35.591708,128.880929,,20230101,"양갱, 요깡, 우뭇가사리, 한천, 제주해녀, 나카오카제과, 해태제과합명회사",M,홈 앤 가든/홈 데코 매니아,21,13,20231230
20231200252,"일제강점기 한국의 우뭇가사리로 만든 일본 과자, 양갱","양갱은 중국에서 일본에 전해져 정착된 과자로 우뭇가사리를 냉동건조시킨 한천에 팥, 설탕 등을 넣고 쪄서 만든 과자다. 양갱은 일제강점기 조선에 들어와 지금도 팔릴만큼 한국인의 과자로 정착되었다. 양갱의 원료인 우뭇가사리는 일제강점기 본격적으로 한반도 바다에서 채취되었는데 우뭇가사리가 양갱 원료 이외에 의약품, 화장품 등의 원료로 쓰였기 때문이다. 일제강점기 우뭇가사리 채취는 주로 제주도 출신 해녀들이 담당하였다. 해방 후에도 한천은 계속 만들어져 주로 외국으로 수출되었다.",근대 신문으로 보는 음식,개항 이후 들어온 음식과 식재료,https://minio.nculture.org/amsweb-opt/multimedia_assets/233/14832/2431/c/14832-thumb.jpg,https://ncms.nculture.org/legacy/story/2876,근대-일제강점기(1910.8.22~1945.8.14),경상남도,밀양시,경상남도 밀양시 산내면 봉의로 58-31,35.591708,128.880929,,20230101,"양갱, 요깡, 우뭇가사리, 한천, 제주해녀, 나카오카제과, 해태제과합명회사",M,쇼핑객/쇼핑 애호가,21,13,20231230
20231200253,대전발 0시50분이 떠나기 전에 - 대전 원도심 근대문화탐방로,"대전광역시는 경부선(1905)와 호남선(1914)이 분기하는 철도의 도시다. 조그마한 한촌이었던 대전은 충청남도 도청이 1932년 충청남도 공주에서 옮겨옴으로써 비약적인 발전을 하게 된다. 대전역을 중심으로 형성되었던 중심가는 충청남도 도청과 대전역을 잇는 도로(현재의 중앙로) 변으로 확장되었다. 대전의 원도심인 중구와 동구 일대에는 일제강점기부터 현대에 이르기까지 다양한 시간의 층위를 가지는 근대유산들이 산재해 있다. 대전시는 2010년대 들어 원도심 활성화에 적극적으로 나서, 2017년부터 근대문화예술 특구 사업을 진행하고 있다. 특구 사업의 일환으로 5㎞가 넘는 근대문화탐방로를 지정했는데, 탐방로를 따라 9곳의 근현대 건축물을 둘러볼 수 있다. 탐방로가 아니더라도 대전 원도심 곳곳에서 근현대사를 배우고 성찰케 하는 근대문화유산들을 만날 수 있다.",공간으로 읽는 근대문화 역사유산,근대 거리를 거닐다,https://minio.nculture.org/amsweb-opt/multimedia_assets/84/30460/22711/c/%EB%8C%80%EC%A0%84_%EB%8C%80%EC%A0%84%EC%9B%90%EB%8F%84%EC%8B%AC%EA%B7%BC%EB%8C%80%EB%AC%B8%ED%99%94%EC%9C%A0%EC%82%B0_20191106_094020-thumb.jpg,https://ncms.nculture.org/legacy/story/4544,근대-일제강점기(1910.8.22~1945.8.14),대전광역시,동구,대전 동구 중앙로 215 대전역,36.33439767,127.43211,대전근현대사 전시관,20230101,"목척교, 대전 철도관사촌, 옛 충청남도 도청, 대전역",F,테크놀로지/기술애호가,21,13,20231230
20231200254,"일제강점기 한국의 우뭇가사리로 만든 일본 과자, 양갱","양갱은 중국에서 일본에 전해져 정착된 과자로 우뭇가사리를 냉동건조시킨 한천에 팥, 설탕 등을 넣고 쪄서 만든 과자다. 양갱은 일제강점기 조선에 들어와 지금도 팔릴만큼 한국인의 과자로 정착되었다. 양갱의 원료인 우뭇가사리는 일제강점기 본격적으로 한반도 바다에서 채취되었는데 우뭇가사리가 양갱 원료 이외에 의약품, 화장품 등의 원료로 쓰였기 때문이다. 일제강점기 우뭇가사리 채취는 주로 제주도 출신 해녀들이 담당하였다. 해방 후에도 한천은 계속 만들어져 주로 외국으로 수출되었다.",근대 신문으로 보는 음식,개항 이후 들어온 음식과 식재료,https://minio.nculture.org/amsweb-opt/multimedia_assets/233/14832/2431/c/14832-thumb.jpg,https://ncms.nculture.org/legacy/story/2876,근대-일제강점기(1910.8.22~1945.8.14),경상남도,밀양시,경상남도 밀양시 산내면 봉의로 58-31,35.591708,128.880929,,20230101,"양갱, 요깡, 우뭇가사리, 한천, 제주해녀, 나카오카제과, 해태제과합명회사",F,미디어 & 엔터테인먼트/게이머/하드코어 게이머,20,20,20231230
20231200255,전통배추를 밀어내고 김치의 원료가 된 결구배추,"배추김치의 주재료인 배추는 조선시대까지 한양과 개성에서 자란 것이 유명했다. 이 배추는 배추잎이 절반정도 뭉친 반결구종으로, 무게는 결구종보다 적고 생육기간도 길었다. 임오군란 이후 중국인들이 한국땅에 살고 중국과 왕래하면서 중국의 결구배추가 들어오게 된다. 결구배추는 배추잎이 서로 감싸 완전히 뭉친 것인데 생육기간이 짧고 크기도 컸다. 일제강점기 반결구배추가 병충해에 시달리면서 결구종 배추가 보급되어 오늘날 김치를 만드는 배추는 결구종배추가 주를 이루게 되었다.",근대 신문으로 보는 음식,전통 음식과 식재료의 변화,,https://ncms.nculture.org/legacy/story/2831,근대-일제강점기(1910.8.22~1945.8.14),,,,,,덕천,20230101,"배추김치, 호배추, 결구배추",M,스포츠 & 피트니스/스포츠 팬,20,20,20231230
20231200256,"동양 최초의 바다 밑 터널, 통영 해저터널","통영반도 남단과 미륵도를 연결하는 통영 해저터널은 동양 최초의 해저터널이다. 일제강점기 이전부터 통영으로 이주해온 일본인 이주 어민들은 연안에서 어로 활동을 하며 물고기 떼를 쫓아 빠르게 이동할 필요가 있었는데, 미륵도와 통영 사이의 해협이 너무 좁아 미륵도를 빙 돌아 가야 하는 불편함이 있었다. 그래서 일제는 1932년 통영운하를 완공했다. 통영운하 개통 후 운하를 건너다니도록 하기 위해 교량 대신 만든 것이 해저터널이다. 터널을 만든 지역은 판데목이라는 곳인데, 임진왜란 한산대첩 때 많은 왜군이 이순신의 학익진에 대패해 판데목 부근에서 수장됐다고 한다. 일본인들이 조상의 유해 위로 건너다닐 수 없어서 해저터널을 팠다는 이야기도 전해진다.",공간으로 읽는 근대문화 역사유산,"빼앗긴 들, 뒤틀린 근대",https://minio.nculture.org/amsweb-opt/multimedia_assets/140/85835/93850/c/%ED%86%B5%EC%98%81-%ED%95%B4%EC%A0%80%ED%84%B0%EB%84%90-%281%29_rev-thumb.jpg,https://ncms.nculture.org/legacy/story/2936,근대-일제강점기(1910.8.22~1945.8.14),경상남도,통영시,경상남도 통영시 도남로 57-1,34.834788,128.40991,충무교,20230101,"통영 해저터널, 통영운하, 충무공 이순신, 판데목, 미륵도",M,테크놀로지/기술애호가,20,20,20231230
20231200257,일제시대에도 계속된 인삼전매제,"인삼은 옛날부터 만병통치약으로 먹던 산삼을 인공재배한 것이다. 인삼 밭에서 수확한 인삼을 수삼(水蔘)이라고 한다. 이 수삼을 쪄서 말린 것이 홍삼이고 그냥 말린 것이 백삼이다. 홍삼은 직삼으로 만들고 백삼은 곡삼으로 만드는데, 직삼은 개성인삼, 곡삼은 금산인삼이 대표적이다. 조선시대 홍삼은 국가가 재배부터 판매까지 직접 관리하였는데 백삼은 크게 규제하지 않았다. 백삼은 1934년 지정구역 외의 인삼 경작도 전매국의 허가를 받고, 1943년 백삼의 유통·배급도 총독부가 관리하면서 규제되었다.",근대 신문으로 보는 음식,전통 음식과 식재료의 변화,,https://ncms.nculture.org/legacy/story/2779,근대-일제강점기(1910.8.22~1945.8.14),경상북도,영주시,경상북도 영주시 풍기읍 죽령로 1378 인삼박물관,36.885943,128.479715,금산,20230101,"인삼전매제, 홍삼전매제, 직삼, 곡삼, 홍삼, 백삼",F,뉴스 & 정치/열렬한 뉴스 독자/열렬한 정치 뉴스 독자,20,20,20231230
20231200258,근대의 슬픔이 오롯이 남은 항구 - 목포 근대역사문화공간,"1897년 개항한 전라남도 목포시는 일제강점기를 거치며 조선 4대 항구이자 6대 도시로 꼽히는 근대도시로 성장했다. 현재 유달동, 만호동에 해당하는 목포의 구 도심은 일본 등 외국자본에 의해서 간척된 계획도시였다. 만호동과 유달동 일대의 번영로에 근대건축 유산이 집중되어 있다. 문화재청은 2018년 8월 6일 이 일대 11만4,038㎡(602필지)를 ‘목포 근대역사문화공간’이라는 이름으로 등록문화재 제718호로 지정했다. 기존 ‘점’(點) 단위 개별 문화재 중심의 보존에서 탈피해 문화재청이 ‘선(線)?면(面)’ 단위 문화재 등록제도를 도입한 첫 사례이다. 등록문화재로 지정된 개별 건축물은 15개로, 일본식 가옥 4곳, 구 목포부립병원 관사, 구 목포 일본기독교회, 상가주택 6곳, 구 동아부인상회 목포지점, 목포 해안로 붉은 벽돌창고, 구 목포 화신연쇄점이 포함되어 있다.",공간으로 읽는 근대문화 역사유산,근대 거리를 거닐다,https://minio.nculture.org/amsweb-opt/multimedia_assets/70/30448/22531/c/%EB%AA%A9%ED%8F%AC-%EA%B7%BC%EB%8C%80%EB%AC%B8%ED%99%94%EC%97%AD%EC%82%AC%EA%B3%B5%EA%B0%84_%EB%AA%A9%ED%8F%AC-%EB%B2%88%ED%99%94%EB%A1%9C-%EC%9D%BC%EB%B3%B8%EC%8B%9D%EA%B0%80%EC%98%A5-12019-12-07-12.45.44-thumb.jpg,https://ncms.nculture.org/legacy/story/4542,근대-일제강점기(1910.8.22~1945.8.14),전라남도,목포시,전라남도 목포시 번화로 25,34.78630756,126.3823141,동아부인상회 목포지점,20230101,"목포 구 도심, 구 동아부인상회 목포지점, 목포의 눈물",M,여행/여행 매니아,20,20,20231230
20231200259,전통배추를 밀어내고 김치의 원료가 된 결구배추,"배추김치의 주재료인 배추는 조선시대까지 한양과 개성에서 자란 것이 유명했다. 이 배추는 배추잎이 절반정도 뭉친 반결구종으로, 무게는 결구종보다 적고 생육기간도 길었다. 임오군란 이후 중국인들이 한국땅에 살고 중국과 왕래하면서 중국의 결구배추가 들어오게 된다. 결구배추는 배추잎이 서로 감싸 완전히 뭉친 것인데 생육기간이 짧고 크기도 컸다. 일제강점기 반결구배추가 병충해에 시달리면서 결구종 배추가 보급되어 오늘날 김치를 만드는 배추는 결구종배추가 주를 이루게 되었다.",근대 신문으로 보는 음식,전통 음식과 식재료의 변화,,https://ncms.nculture.org/legacy/story/2831,근대-일제강점기(1910.8.22~1945.8.14),,,,,,덕천,20230101,"배추김치, 호배추, 결구배추",F,미디어 & 엔터테인먼트/음악 애호가/팝 음악 팬,20,19,20231230
20231200260,"서울 최초의 근대 백화점, 미츠코시 백화점 경성지점","미츠코시 백화점 경성지점은 서울특별시에 세워진 최초의 근대식 백화점이다. 미츠코시 오복점이 1929년에 지점으로 승격되면서 본격적으로 백화점의 면모를 갖추게 되었다. 대형 백화점의 등장은 정찰제 판매, 박리다매 전략의 등장으로 우리나라 유통에 큰 변화를 불러왔다. 미츠코시 백화점은 일반 시민들에게 일상적인 공간으로 자리 잡았으나 이면에는 일제강점기 소비문화의 모순이 감춰져 있기도 했다. 현재는 서울특별시 중구 신세계백화점 본점 본관으로 사용되고 있다.",공간으로 읽는 근대문화 역사유산,"근대, 한반도에 발을 딛다",https://minio.nculture.org/amsweb-opt/multimedia_assets/125/85820/93650/c/%EA%B5%AC-%EB%AF%B8%EC%93%B0%EC%BD%94%EC%8B%9C-%EA%B2%BD%EC%84%B1%EC%A7%80%EC%A0%90-%281%29_rev-thumb.jpg,https://ncms.nculture.org/legacy/story/7134,근대-일제강점기(1910.8.22~1945.8.14),서울특별시,중구,서울특별시 중구 소공로 63,37.56091902,126.980979,신세계백화점 본점,20230101,"백화점, 미츠코시, 이상, 채만식",M,라이프스타일 & 취미/친환경 라이프스타일,20,18,20231230
20231200261,"서울 최초의 근대 백화점, 미츠코시 백화점 경성지점","미츠코시 백화점 경성지점은 서울특별시에 세워진 최초의 근대식 백화점이다. 미츠코시 오복점이 1929년에 지점으로 승격되면서 본격적으로 백화점의 면모를 갖추게 되었다. 대형 백화점의 등장은 정찰제 판매, 박리다매 전략의 등장으로 우리나라 유통에 큰 변화를 불러왔다. 미츠코시 백화점은 일반 시민들에게 일상적인 공간으로 자리 잡았으나 이면에는 일제강점기 소비문화의 모순이 감춰져 있기도 했다. 현재는 서울특별시 중구 신세계백화점 본점 본관으로 사용되고 있다.",공간으로 읽는 근대문화 역사유산,"근대, 한반도에 발을 딛다",https://minio.nculture.org/amsweb-opt/multimedia_assets/125/85820/93650/c/%EA%B5%AC-%EB%AF%B8%EC%93%B0%EC%BD%94%EC%8B%9C-%EA%B2%BD%EC%84%B1%EC%A7%80%EC%A0%90-%281%29_rev-thumb.jpg,https://ncms.nculture.org/legacy/story/7134,근대-일제강점기(1910.8.22~1945.8.14),서울특별시,중구,서울특별시 중구 소공로 63,37.56091902,126.980979,신세계백화점 본점,20230101,"백화점, 미츠코시, 이상, 채만식",M,라이프스타일 & 취미/반려동물 애호가,20,18,20231230
20231200262,"민주주의가 자라다, 인천 제물포고등학교 강당","인천 제물포고등학교 강당은 1935년 인천 공립중학교의 강당으로 세워졌다. 화강석 기단 위에 적벽돌을 쌓아 지은 건물이다. 지하 1층, 지상 1층인 외관은 간결하며 기능 중심으로 설계되었다. 내부는 너비가 15m에 이르지만, 중간 기둥 없이 하나의 공간을 이루도록 했다. 일본인 학교였던 인천 공립학교는 해방 후 학제 변경으로 1954년 제물포고등학교 강당이 되었다. 제물포고등학교 설립을 주도했고 초대 교장이었던 교육자 길영희 선생은 ‘성덕당’이라고 불리는 강당에서 전교생에게 양심적인 나라의 일꾼이 되라고 열변을 토했다고 한다. 성덕당은 당대 인사들의 특강 장소이자 학생들의 자유로운 토론의 장으로 활용되었다. 1930년대 세워졌던 옛 학교 건물들은 모두 사라졌지만, 성덕당은 남아 제물포고등학교의 역사와 전통을 상징하는 공간으로 꼽힌다.",공간으로 읽는 근대문화 역사유산,근대의 산실 학교,https://minio.nculture.org/amsweb-opt/multimedia_assets/88/14595/20088/c/14595-thumb.jpg,https://ncms.nculture.org/legacy/story/2821,근대-일제강점기(1910.8.22~1945.8.14),인천광역시,중구,인천광역시 중구 자유공원로 58-9,37.476895,126.62402,인천 제물포고등학교,20230101,"제물포고등학교, 성덕당, 길영희, 무감독시험, 등록문화재 제427호, 인천 공립중학교, 제물포고등학교 강당, 망사드르지붕, 인천 자유공원, 무감독 시험, 인천역",F,미디어 & 엔터테인먼트/TV 대중 시청자,20,17,20231230
20231200263,고종황제를 매혹시킨 커피,커피는 개항이후 조선의 궁궐인 경복궁이나 덕수궁에서 서양인을 접대할 때 사용되었다. 고종은 커피를 상당히 좋아했다. 서양인 선교사들은 커피를 가지고 한국에 왔는데 한국인에게 대접하기도 하였다. 일제시대 커피는 일반인들에게 많이 퍼져서 1930년대 후반에는 다방도 많이 생겼다. 이 시기 커피는 원두를 갈아 주전자에 끓여 체에 받쳐 걸러 먹었다. 1930년대 후반 전쟁으로 수입이 통제되면서 커피의 사용은 줄어들었다.,근대 신문으로 보는 음식,개항 이후 들어온 음식과 식재료,https://minio.nculture.org/amsweb-opt/multimedia_assets/221/14820/2419/c/14820-thumb.jpg,https://ncms.nculture.org/legacy/story/2853,근대-개항기(1864~1910),서울특별시,중구,서울특별시 중구 정동 세종대로 99,37.565807,126.975143,대불호텔,20230101,"고종황제, 다방, 원두, 선교사, 접대",F,뉴스 & 정치/열렬한 뉴스 독자/연예 뉴스 매니아,20,17,20231230
20231200264,우리나라 최초의 철근 콘크리트 다리  - 강원 화천 꺼먹다리,"일제강점기 말에 건설된 화천댐과 더불어 만들어진 꺼먹다리는 화천군 간동면 구만리와 화천읍 대이리를 잇는 우리나라 최초의 철근 콘크리트 교량이다. 나무로 된 상판에 검은색 콜타르를 칠한 모습에서 꺼먹다리라는 이름이 붙었다. 1940년대에 일제가 교각을 세웠고, 해방 후에는 화천지역에서 군정을 실시했던 소련이 철골을 올렸으며, 한국전쟁 당시에 남한이 다리 상판을 얹어 뜻하지 않게 3국 합작품이 된 묘한 이력을 가지고 있다. 한국전쟁 당시 파로호 전투로 인해 꺼먹다리에는 아직도 포탄과 총탄 흔적이 남아있다. 당시 전투에서 국군, 유엔군, 북한군, 중공군을 모두 합해 10만여 명이 전사했다. 수많은 전투를 치렀음에도 불구하고 건립 당시의 원형을 비교적 잘 보전하고 있는 꺼먹다리는 산업과 교량의 역사 연구에 중요한 자료로 평가된다. 다리에는 군 입대를 앞둔 남자와 그 애인이 다리 양끝에서 출발해 한가운데서 만나면 남자가 군복무를 마칠 때까지 여자가 ‘고무신을 거꾸로 신지 않는다’는 이야기가 전해지고 있다.",공간으로 읽는 근대문화 역사유산,근대를 떠받친 토목시설과 광산,,https://ncms.nculture.org/legacy/story/1016,근대-일제강점기(1910.8.22~1945.8.14),강원특별자치도,화천군,"강원도 화천군 화천읍 평화로 656 외 1필지, 간동면 구만리 산9-1",38.10342519,127.761732,파로호,20230101,"화천댐, 화천수력발전소, 파로호, 파로호전투, 대붕호, 구만리, 처녀고개, 화천전투",F,뉴스 & 정치/열렬한 뉴스 독자/연예 뉴스 매니아,20,16,20231230
20231200265,근대의 슬픔이 오롯이 남은 항구 - 목포 근대역사문화공간,"1897년 개항한 전라남도 목포시는 일제강점기를 거치며 조선 4대 항구이자 6대 도시로 꼽히는 근대도시로 성장했다. 현재 유달동, 만호동에 해당하는 목포의 구 도심은 일본 등 외국자본에 의해서 간척된 계획도시였다. 만호동과 유달동 일대의 번영로에 근대건축 유산이 집중되어 있다. 문화재청은 2018년 8월 6일 이 일대 11만4,038㎡(602필지)를 ‘목포 근대역사문화공간’이라는 이름으로 등록문화재 제718호로 지정했다. 기존 ‘점’(點) 단위 개별 문화재 중심의 보존에서 탈피해 문화재청이 ‘선(線)?면(面)’ 단위 문화재 등록제도를 도입한 첫 사례이다. 등록문화재로 지정된 개별 건축물은 15개로, 일본식 가옥 4곳, 구 목포부립병원 관사, 구 목포 일본기독교회, 상가주택 6곳, 구 동아부인상회 목포지점, 목포 해안로 붉은 벽돌창고, 구 목포 화신연쇄점이 포함되어 있다.",공간으로 읽는 근대문화 역사유산,근대 거리를 거닐다,https://minio.nculture.org/amsweb-opt/multimedia_assets/70/30448/22531/c/%EB%AA%A9%ED%8F%AC-%EA%B7%BC%EB%8C%80%EB%AC%B8%ED%99%94%EC%97%AD%EC%82%AC%EA%B3%B5%EA%B0%84_%EB%AA%A9%ED%8F%AC-%EB%B2%88%ED%99%94%EB%A1%9C-%EC%9D%BC%EB%B3%B8%EC%8B%9D%EA%B0%80%EC%98%A5-12019-12-07-12.45.44-thumb.jpg,https://ncms.nculture.org/legacy/story/4542,근대-일제강점기(1910.8.22~1945.8.14),전라남도,목포시,전라남도 목포시 번화로 25,34.78630756,126.3823141,동아부인상회 목포지점,20230101,"목포 구 도심, 구 동아부인상회 목포지점, 목포의 눈물",F,뉴스 & 정치/열렬한 뉴스 독자/연예 뉴스 매니아,20,16,20231230
20231200266,근대의 슬픔이 오롯이 남은 항구 - 목포 근대역사문화공간,"1897년 개항한 전라남도 목포시는 일제강점기를 거치며 조선 4대 항구이자 6대 도시로 꼽히는 근대도시로 성장했다. 현재 유달동, 만호동에 해당하는 목포의 구 도심은 일본 등 외국자본에 의해서 간척된 계획도시였다. 만호동과 유달동 일대의 번영로에 근대건축 유산이 집중되어 있다. 문화재청은 2018년 8월 6일 이 일대 11만4,038㎡(602필지)를 ‘목포 근대역사문화공간’이라는 이름으로 등록문화재 제718호로 지정했다. 기존 ‘점’(點) 단위 개별 문화재 중심의 보존에서 탈피해 문화재청이 ‘선(線)?면(面)’ 단위 문화재 등록제도를 도입한 첫 사례이다. 등록문화재로 지정된 개별 건축물은 15개로, 일본식 가옥 4곳, 구 목포부립병원 관사, 구 목포 일본기독교회, 상가주택 6곳, 구 동아부인상회 목포지점, 목포 해안로 붉은 벽돌창고, 구 목포 화신연쇄점이 포함되어 있다.",공간으로 읽는 근대문화 역사유산,근대 거리를 거닐다,https://minio.nculture.org/amsweb-opt/multimedia_assets/70/30448/22531/c/%EB%AA%A9%ED%8F%AC-%EA%B7%BC%EB%8C%80%EB%AC%B8%ED%99%94%EC%97%AD%EC%82%AC%EA%B3%B5%EA%B0%84_%EB%AA%A9%ED%8F%AC-%EB%B2%88%ED%99%94%EB%A1%9C-%EC%9D%BC%EB%B3%B8%EC%8B%9D%EA%B0%80%EC%98%A5-12019-12-07-12.45.44-thumb.jpg,https://ncms.nculture.org/legacy/story/4542,근대-일제강점기(1910.8.22~1945.8.14),전라남도,목포시,전라남도 목포시 번화로 25,34.78630756,126.3823141,동아부인상회 목포지점,20230101,"목포 구 도심, 구 동아부인상회 목포지점, 목포의 눈물",F,테크놀로지/기술애호가,20,16,20231230
20231200267,"서울 최초의 근대 백화점, 미츠코시 백화점 경성지점","미츠코시 백화점 경성지점은 서울특별시에 세워진 최초의 근대식 백화점이다. 미츠코시 오복점이 1929년에 지점으로 승격되면서 본격적으로 백화점의 면모를 갖추게 되었다. 대형 백화점의 등장은 정찰제 판매, 박리다매 전략의 등장으로 우리나라 유통에 큰 변화를 불러왔다. 미츠코시 백화점은 일반 시민들에게 일상적인 공간으로 자리 잡았으나 이면에는 일제강점기 소비문화의 모순이 감춰져 있기도 했다. 현재는 서울특별시 중구 신세계백화점 본점 본관으로 사용되고 있다.",공간으로 읽는 근대문화 역사유산,"근대, 한반도에 발을 딛다",https://minio.nculture.org/amsweb-opt/multimedia_assets/125/85820/93650/c/%EA%B5%AC-%EB%AF%B8%EC%93%B0%EC%BD%94%EC%8B%9C-%EA%B2%BD%EC%84%B1%EC%A7%80%EC%A0%90-%281%29_rev-thumb.jpg,https://ncms.nculture.org/legacy/story/7134,근대-일제강점기(1910.8.22~1945.8.14),서울특별시,중구,서울특별시 중구 소공로 63,37.56091902,126.980979,신세계백화점 본점,20230101,"백화점, 미츠코시, 이상, 채만식",F,라이프스타일 & 취미/가족 중심,20,14,20231230
20231200268,우리나라 최초의 철근 콘크리트 다리  - 강원 화천 꺼먹다리,"일제강점기 말에 건설된 화천댐과 더불어 만들어진 꺼먹다리는 화천군 간동면 구만리와 화천읍 대이리를 잇는 우리나라 최초의 철근 콘크리트 교량이다. 나무로 된 상판에 검은색 콜타르를 칠한 모습에서 꺼먹다리라는 이름이 붙었다. 1940년대에 일제가 교각을 세웠고, 해방 후에는 화천지역에서 군정을 실시했던 소련이 철골을 올렸으며, 한국전쟁 당시에 남한이 다리 상판을 얹어 뜻하지 않게 3국 합작품이 된 묘한 이력을 가지고 있다. 한국전쟁 당시 파로호 전투로 인해 꺼먹다리에는 아직도 포탄과 총탄 흔적이 남아있다. 당시 전투에서 국군, 유엔군, 북한군, 중공군을 모두 합해 10만여 명이 전사했다. 수많은 전투를 치렀음에도 불구하고 건립 당시의 원형을 비교적 잘 보전하고 있는 꺼먹다리는 산업과 교량의 역사 연구에 중요한 자료로 평가된다. 다리에는 군 입대를 앞둔 남자와 그 애인이 다리 양끝에서 출발해 한가운데서 만나면 남자가 군복무를 마칠 때까지 여자가 ‘고무신을 거꾸로 신지 않는다’는 이야기가 전해지고 있다.",공간으로 읽는 근대문화 역사유산,근대를 떠받친 토목시설과 광산,,https://ncms.nculture.org/legacy/story/1016,근대-일제강점기(1910.8.22~1945.8.14),강원특별자치도,화천군,"강원도 화천군 화천읍 평화로 656 외 1필지, 간동면 구만리 산9-1",38.10342519,127.761732,파로호,20230101,"화천댐, 화천수력발전소, 파로호, 파로호전투, 대붕호, 구만리, 처녀고개, 화천전투",M,테크놀로지/기술애호가,20,14,20231230
20231200269,인천육군조병창(仁川陸軍造兵廠),"인천육군조병창은 당시 경기도 부천군 부내면 대정리, 현 부평구 산곡동에 건립되었으며 이곳에 본부와 제1제조소가 있었다. 인천육군조병창은 제1제조소 외에도 평양역 인근에 평양제조소를 예하에 두고 있었다. 인천육군조병창의 주요 임무는 99식 소총·총검·군도 등의 생산 및 수리였다. 인천 부평에 병기공장을 건립하게 된 배경에는 1937년 시작된 중일전쟁의 장기화에 따라, “만선(滿鮮) 북지(北)에 대한 수송의 신속 안전 및 조선 내 병기 공업 능력의 비약적 발전”을 기하기 위함이었다.","한반도 유일한, 부평의 인천육군조병창 이야기",,https://minio.nculture.org/amsweb-opt/multimedia_assets/70/86030/95821/c/%EC%9D%B8%EC%B2%9C%EC%9C%A1%EA%B5%B0%EC%A1%B0%EB%B3%91%EC%B0%BD%EC%9D%98-%EB%B3%B8%EB%B6%80%EA%B1%B4%EB%AC%BC%28%EB%B3%91%EC%9B%90%29_%28%EB%B6%80%ED%8F%89%EB%AC%B8%ED%99%94%EC%9B%90%29-thumb.jpg,https://ncms.nculture.org/legacy/story/8764,,인천광역시,부평구,인천광역시 부평구 안남로 146 (부영공원),37.49590926,126.7098147,부평문화원,20230101,"인천육군조병창, 일제강점기, 고쿠라육군조병창, 아시아태평양전쟁",F,미디어 & 엔터테인먼트/음악 애호가/팝 음악 팬,20,14,20231230
20231200270,"일제강점기 한국의 우뭇가사리로 만든 일본 과자, 양갱","양갱은 중국에서 일본에 전해져 정착된 과자로 우뭇가사리를 냉동건조시킨 한천에 팥, 설탕 등을 넣고 쪄서 만든 과자다. 양갱은 일제강점기 조선에 들어와 지금도 팔릴만큼 한국인의 과자로 정착되었다. 양갱의 원료인 우뭇가사리는 일제강점기 본격적으로 한반도 바다에서 채취되었는데 우뭇가사리가 양갱 원료 이외에 의약품, 화장품 등의 원료로 쓰였기 때문이다. 일제강점기 우뭇가사리 채취는 주로 제주도 출신 해녀들이 담당하였다. 해방 후에도 한천은 계속 만들어져 주로 외국으로 수출되었다.",근대 신문으로 보는 음식,개항 이후 들어온 음식과 식재료,https://minio.nculture.org/amsweb-opt/multimedia_assets/233/14832/2431/c/14832-thumb.jpg,https://ncms.nculture.org/legacy/story/2876,근대-일제강점기(1910.8.22~1945.8.14),경상남도,밀양시,경상남도 밀양시 산내면 봉의로 58-31,35.591708,128.880929,,20230101,"양갱, 요깡, 우뭇가사리, 한천, 제주해녀, 나카오카제과, 해태제과합명회사",M,음식 & 다이닝/요리 매니아,20,12,20231230
20231200271,대전발 0시50분이 떠나기 전에 - 대전 원도심 근대문화탐방로,"대전광역시는 경부선(1905)와 호남선(1914)이 분기하는 철도의 도시다. 조그마한 한촌이었던 대전은 충청남도 도청이 1932년 충청남도 공주에서 옮겨옴으로써 비약적인 발전을 하게 된다. 대전역을 중심으로 형성되었던 중심가는 충청남도 도청과 대전역을 잇는 도로(현재의 중앙로) 변으로 확장되었다. 대전의 원도심인 중구와 동구 일대에는 일제강점기부터 현대에 이르기까지 다양한 시간의 층위를 가지는 근대유산들이 산재해 있다. 대전시는 2010년대 들어 원도심 활성화에 적극적으로 나서, 2017년부터 근대문화예술 특구 사업을 진행하고 있다. 특구 사업의 일환으로 5㎞가 넘는 근대문화탐방로를 지정했는데, 탐방로를 따라 9곳의 근현대 건축물을 둘러볼 수 있다. 탐방로가 아니더라도 대전 원도심 곳곳에서 근현대사를 배우고 성찰케 하는 근대문화유산들을 만날 수 있다.",공간으로 읽는 근대문화 역사유산,근대 거리를 거닐다,https://minio.nculture.org/amsweb-opt/multimedia_assets/84/30460/22711/c/%EB%8C%80%EC%A0%84_%EB%8C%80%EC%A0%84%EC%9B%90%EB%8F%84%EC%8B%AC%EA%B7%BC%EB%8C%80%EB%AC%B8%ED%99%94%EC%9C%A0%EC%82%B0_20191106_094020-thumb.jpg,https://ncms.nculture.org/legacy/story/4544,근대-일제강점기(1910.8.22~1945.8.14),대전광역시,동구,대전 동구 중앙로 215 대전역,36.33439767,127.43211,대전근현대사 전시관,20230101,"목척교, 대전 철도관사촌, 옛 충청남도 도청, 대전역",F,미디어 & 엔터테인먼트/TV 대중 시청자,20,12,20231230
20231200272,대전발 0시50분이 떠나기 전에 - 대전 원도심 근대문화탐방로,"대전광역시는 경부선(1905)와 호남선(1914)이 분기하는 철도의 도시다. 조그마한 한촌이었던 대전은 충청남도 도청이 1932년 충청남도 공주에서 옮겨옴으로써 비약적인 발전을 하게 된다. 대전역을 중심으로 형성되었던 중심가는 충청남도 도청과 대전역을 잇는 도로(현재의 중앙로) 변으로 확장되었다. 대전의 원도심인 중구와 동구 일대에는 일제강점기부터 현대에 이르기까지 다양한 시간의 층위를 가지는 근대유산들이 산재해 있다. 대전시는 2010년대 들어 원도심 활성화에 적극적으로 나서, 2017년부터 근대문화예술 특구 사업을 진행하고 있다. 특구 사업의 일환으로 5㎞가 넘는 근대문화탐방로를 지정했는데, 탐방로를 따라 9곳의 근현대 건축물을 둘러볼 수 있다. 탐방로가 아니더라도 대전 원도심 곳곳에서 근현대사를 배우고 성찰케 하는 근대문화유산들을 만날 수 있다.",공간으로 읽는 근대문화 역사유산,근대 거리를 거닐다,https://minio.nculture.org/amsweb-opt/multimedia_assets/84/30460/22711/c/%EB%8C%80%EC%A0%84_%EB%8C%80%EC%A0%84%EC%9B%90%EB%8F%84%EC%8B%AC%EA%B7%BC%EB%8C%80%EB%AC%B8%ED%99%94%EC%9C%A0%EC%82%B0_20191106_094020-thumb.jpg,https://ncms.nculture.org/legacy/story/4544,근대-일제강점기(1910.8.22~1945.8.14),대전광역시,동구,대전 동구 중앙로 215 대전역,36.33439767,127.43211,대전근현대사 전시관,20230101,"목척교, 대전 철도관사촌, 옛 충청남도 도청, 대전역",F,미디어 & 엔터테인먼트/영화 애호가,20,12,20231230
20231200273,전통배추를 밀어내고 김치의 원료가 된 결구배추,"배추김치의 주재료인 배추는 조선시대까지 한양과 개성에서 자란 것이 유명했다. 이 배추는 배추잎이 절반정도 뭉친 반결구종으로, 무게는 결구종보다 적고 생육기간도 길었다. 임오군란 이후 중국인들이 한국땅에 살고 중국과 왕래하면서 중국의 결구배추가 들어오게 된다. 결구배추는 배추잎이 서로 감싸 완전히 뭉친 것인데 생육기간이 짧고 크기도 컸다. 일제강점기 반결구배추가 병충해에 시달리면서 결구종 배추가 보급되어 오늘날 김치를 만드는 배추는 결구종배추가 주를 이루게 되었다.",근대 신문으로 보는 음식,전통 음식과 식재료의 변화,,https://ncms.nculture.org/legacy/story/2831,근대-일제강점기(1910.8.22~1945.8.14),,,,,,덕천,20230101,"배추김치, 호배추, 결구배추",F,미디어 & 엔터테인먼트/음악 애호가,19,19,20231230
20231200274,"동양 최초의 바다 밑 터널, 통영 해저터널","통영반도 남단과 미륵도를 연결하는 통영 해저터널은 동양 최초의 해저터널이다. 일제강점기 이전부터 통영으로 이주해온 일본인 이주 어민들은 연안에서 어로 활동을 하며 물고기 떼를 쫓아 빠르게 이동할 필요가 있었는데, 미륵도와 통영 사이의 해협이 너무 좁아 미륵도를 빙 돌아 가야 하는 불편함이 있었다. 그래서 일제는 1932년 통영운하를 완공했다. 통영운하 개통 후 운하를 건너다니도록 하기 위해 교량 대신 만든 것이 해저터널이다. 터널을 만든 지역은 판데목이라는 곳인데, 임진왜란 한산대첩 때 많은 왜군이 이순신의 학익진에 대패해 판데목 부근에서 수장됐다고 한다. 일본인들이 조상의 유해 위로 건너다닐 수 없어서 해저터널을 팠다는 이야기도 전해진다.",공간으로 읽는 근대문화 역사유산,"빼앗긴 들, 뒤틀린 근대",https://minio.nculture.org/amsweb-opt/multimedia_assets/140/85835/93850/c/%ED%86%B5%EC%98%81-%ED%95%B4%EC%A0%80%ED%84%B0%EB%84%90-%281%29_rev-thumb.jpg,https://ncms.nculture.org/legacy/story/2936,근대-일제강점기(1910.8.22~1945.8.14),경상남도,통영시,경상남도 통영시 도남로 57-1,34.834788,128.40991,충무교,20230101,"통영 해저터널, 통영운하, 충무공 이순신, 판데목, 미륵도",M,쇼핑객/쇼핑 애호가,19,19,20231230
20231200275,한센인 격리와 정착의 역사 - 의왕 한국한센복지협회,"경기도 의왕시 한국한센복지협회의 뿌리는 1926년 발족한 조선나병근절책연구회라고 할 수 있다. 한센인은 격리 수용하는 것이 최선이라는 당시의 인식에 따라 대규모 수용소 건설을 추진한 명망가 단체다. 격리 정책은 해방 후에도 계속되다가 1960년대 들어서야 정착촌 정책으로 바뀌었다. 1948년 대한나예방협회 역시 격리에 중점을 두었다. 한국한센복지협회는 과거 문둥병, 나병으로 불리던 질병이 2000년에 한센병으로 공식 명명됨에 따라 새로운 이름을 가지게 되었다. 의왕 한국한센복지협회는 인근 성 나자로 마을에서 50년 무상 대여한 땅에 병원과 사무실을 지었다. 1951년 모락산 자락에 자리 잡은 성 나자로 마을은 1970부터 원장으로 28년 봉직한 이경재 신부 재임 기간에 현재의 모습을 갖추었다. 한국한센복지협회와 성 나자로 마을은 문둥병이라는 차별적인 병명이 한센병으로 바뀌기까지 한센인들이 겪은 고통과 시련의 삶을 간직하고 있다.",공간으로 읽는 근대문화 역사유산,근대 의술과 인술 사이에서,https://minio.nculture.org/amsweb-opt/3ds/28/84383/84383_thumbnail.jpg,https://ncms.nculture.org/legacy/story/778,현대-현대(1945.8.15~현재),경기도,의왕시,경기도 의왕시 원골로 59,37.3619452,126.9711473,소록도 시설 (국립소록도병원),20230101,"한국한센복지협회, 성 나자로 마을, 이경재, 조선나병근절책연구회",F,뉴스 & 정치/열렬한 뉴스 독자/열렬한 정치 뉴스 독자,19,19,20231230
20231200276,초량 이바구길의 곡절 많은 터줏대감-부산 구 백제병원,"부산역 맞은편 초량 이바구길 초입에 위치한 백제병원 건물은 1927년 지어졌다. 백제병원은 부산 최초의 개인병원으로서, 부산부립병원, 철도병원과 함께 부산 3대 병원으로 꼽혔다. 백제병원 건물은 4층 건물과 잇달아 지은 6층 건물을 이어 붙였는데, 단층과 2~3층이 고작이던 당시 부산에서 우뚝 솟은 건물이었다. 하지만 설립자인 외과의사 최용해가 건축 과정에서 무리하게 빚을 끌어다 쓴데다 행려병자 시신으로 인체 표본을 제작해 보관하다 적발되면서, 급기야 설립자가 병원 문을 닫고 일본으로 도주하였다. 백제병원 건물은 중국인이 인수하여 봉래각이라는 청요릿집으로 개조되었다. 객실을 120개나 설치한 봉래각 또한 부산 명물로 명성을 날렸으나, 중일전쟁 이후 주인이 고국으로 돌아가면서 1942년 폐업했다. 이후 일본군 장교숙소였다가 해방 후에는 부산치안사령부, 전쟁 시기에는 중화민국 임시 대사관으로 쓰였다. 1953년 신라예식장으로 용도가 바뀌었으나, 예식장도 1960년대 중반 문을 닫았다. 1972년에는 이웃 건물에서 발생한 화재로 건물의 3분의 2가 불에 타, 5층 이상은 철거되었다. 다행히 골조와 1~2층은 옛 모습을 모두 잃지는 않았다. 2009년 새 주인이 인수하였고, 복원에 준하는 리모델링을 거쳐 2015년부터 카페 겸 문화예술 공간으로 활용되고 있다.",공간으로 읽는 근대문화 역사유산,근대 의술과 인술 사이에서,https://minio.nculture.org/amsweb-opt/3ds/228/84333/84333_thumbnail.jpg,https://ncms.nculture.org/legacy/story/783,근대-일제강점기(1910.8.22~1945.8.14),부산광역시,동구,부산 동구 초량동 460-2,35.11625252,129.0388649,부산 차이나타운,20230101,"부산 백제병원, 부산 봉래각, 최용해, 부산 신라예식장, 초량 이바구길, 브라운핸즈 카페",F,미디어 & 엔터테인먼트/음악 애호가/월드 뮤직 팬,19,19,20231230
20231200277,근대의 슬픔이 오롯이 남은 항구 - 목포 근대역사문화공간,"1897년 개항한 전라남도 목포시는 일제강점기를 거치며 조선 4대 항구이자 6대 도시로 꼽히는 근대도시로 성장했다. 현재 유달동, 만호동에 해당하는 목포의 구 도심은 일본 등 외국자본에 의해서 간척된 계획도시였다. 만호동과 유달동 일대의 번영로에 근대건축 유산이 집중되어 있다. 문화재청은 2018년 8월 6일 이 일대 11만4,038㎡(602필지)를 ‘목포 근대역사문화공간’이라는 이름으로 등록문화재 제718호로 지정했다. 기존 ‘점’(點) 단위 개별 문화재 중심의 보존에서 탈피해 문화재청이 ‘선(線)?면(面)’ 단위 문화재 등록제도를 도입한 첫 사례이다. 등록문화재로 지정된 개별 건축물은 15개로, 일본식 가옥 4곳, 구 목포부립병원 관사, 구 목포 일본기독교회, 상가주택 6곳, 구 동아부인상회 목포지점, 목포 해안로 붉은 벽돌창고, 구 목포 화신연쇄점이 포함되어 있다.",공간으로 읽는 근대문화 역사유산,근대 거리를 거닐다,https://minio.nculture.org/amsweb-opt/multimedia_assets/70/30448/22531/c/%EB%AA%A9%ED%8F%AC-%EA%B7%BC%EB%8C%80%EB%AC%B8%ED%99%94%EC%97%AD%EC%82%AC%EA%B3%B5%EA%B0%84_%EB%AA%A9%ED%8F%AC-%EB%B2%88%ED%99%94%EB%A1%9C-%EC%9D%BC%EB%B3%B8%EC%8B%9D%EA%B0%80%EC%98%A5-12019-12-07-12.45.44-thumb.jpg,https://ncms.nculture.org/legacy/story/4542,근대-일제강점기(1910.8.22~1945.8.14),전라남도,목포시,전라남도 목포시 번화로 25,34.78630756,126.3823141,동아부인상회 목포지점,20230101,"목포 구 도심, 구 동아부인상회 목포지점, 목포의 눈물",M,뉴스 & 정치/열렬한 뉴스 독자/연예 뉴스 매니아,19,19,20231230
20231200278,"동양 최초의 바다 밑 터널, 통영 해저터널","통영반도 남단과 미륵도를 연결하는 통영 해저터널은 동양 최초의 해저터널이다. 일제강점기 이전부터 통영으로 이주해온 일본인 이주 어민들은 연안에서 어로 활동을 하며 물고기 떼를 쫓아 빠르게 이동할 필요가 있었는데, 미륵도와 통영 사이의 해협이 너무 좁아 미륵도를 빙 돌아 가야 하는 불편함이 있었다. 그래서 일제는 1932년 통영운하를 완공했다. 통영운하 개통 후 운하를 건너다니도록 하기 위해 교량 대신 만든 것이 해저터널이다. 터널을 만든 지역은 판데목이라는 곳인데, 임진왜란 한산대첩 때 많은 왜군이 이순신의 학익진에 대패해 판데목 부근에서 수장됐다고 한다. 일본인들이 조상의 유해 위로 건너다닐 수 없어서 해저터널을 팠다는 이야기도 전해진다.",공간으로 읽는 근대문화 역사유산,"빼앗긴 들, 뒤틀린 근대",https://minio.nculture.org/amsweb-opt/multimedia_assets/140/85835/93850/c/%ED%86%B5%EC%98%81-%ED%95%B4%EC%A0%80%ED%84%B0%EB%84%90-%281%29_rev-thumb.jpg,https://ncms.nculture.org/legacy/story/2936,근대-일제강점기(1910.8.22~1945.8.14),경상남도,통영시,경상남도 통영시 도남로 57-1,34.834788,128.40991,충무교,20230101,"통영 해저터널, 통영운하, 충무공 이순신, 판데목, 미륵도",F,은행 및 금융/열렬한 투자자,19,18,20231230
20231200279,"동양 최초의 바다 밑 터널, 통영 해저터널","통영반도 남단과 미륵도를 연결하는 통영 해저터널은 동양 최초의 해저터널이다. 일제강점기 이전부터 통영으로 이주해온 일본인 이주 어민들은 연안에서 어로 활동을 하며 물고기 떼를 쫓아 빠르게 이동할 필요가 있었는데, 미륵도와 통영 사이의 해협이 너무 좁아 미륵도를 빙 돌아 가야 하는 불편함이 있었다. 그래서 일제는 1932년 통영운하를 완공했다. 통영운하 개통 후 운하를 건너다니도록 하기 위해 교량 대신 만든 것이 해저터널이다. 터널을 만든 지역은 판데목이라는 곳인데, 임진왜란 한산대첩 때 많은 왜군이 이순신의 학익진에 대패해 판데목 부근에서 수장됐다고 한다. 일본인들이 조상의 유해 위로 건너다닐 수 없어서 해저터널을 팠다는 이야기도 전해진다.",공간으로 읽는 근대문화 역사유산,"빼앗긴 들, 뒤틀린 근대",https://minio.nculture.org/amsweb-opt/multimedia_assets/140/85835/93850/c/%ED%86%B5%EC%98%81-%ED%95%B4%EC%A0%80%ED%84%B0%EB%84%90-%281%29_rev-thumb.jpg,https://ncms.nculture.org/legacy/story/2936,근대-일제강점기(1910.8.22~1945.8.14),경상남도,통영시,경상남도 통영시 도남로 57-1,34.834788,128.40991,충무교,20230101,"통영 해저터널, 통영운하, 충무공 이순신, 판데목, 미륵도",F,뉴스 & 정치/열렬한 뉴스 독자/열렬한 비즈니스 뉴스 독자,19,18,20231230
20231200280,"서울 최초의 근대 백화점, 미츠코시 백화점 경성지점","미츠코시 백화점 경성지점은 서울특별시에 세워진 최초의 근대식 백화점이다. 미츠코시 오복점이 1929년에 지점으로 승격되면서 본격적으로 백화점의 면모를 갖추게 되었다. 대형 백화점의 등장은 정찰제 판매, 박리다매 전략의 등장으로 우리나라 유통에 큰 변화를 불러왔다. 미츠코시 백화점은 일반 시민들에게 일상적인 공간으로 자리 잡았으나 이면에는 일제강점기 소비문화의 모순이 감춰져 있기도 했다. 현재는 서울특별시 중구 신세계백화점 본점 본관으로 사용되고 있다.",공간으로 읽는 근대문화 역사유산,"근대, 한반도에 발을 딛다",https://minio.nculture.org/amsweb-opt/multimedia_assets/125/85820/93650/c/%EA%B5%AC-%EB%AF%B8%EC%93%B0%EC%BD%94%EC%8B%9C-%EA%B2%BD%EC%84%B1%EC%A7%80%EC%A0%90-%281%29_rev-thumb.jpg,https://ncms.nculture.org/legacy/story/7134,근대-일제강점기(1910.8.22~1945.8.14),서울특별시,중구,서울특별시 중구 소공로 63,37.56091902,126.980979,신세계백화점 본점,20230101,"백화점, 미츠코시, 이상, 채만식",F,뷰티 & 웰빙/살롱을 자주 방문,19,17,20231230
20231200281,"서울 최초의 근대 백화점, 미츠코시 백화점 경성지점","미츠코시 백화점 경성지점은 서울특별시에 세워진 최초의 근대식 백화점이다. 미츠코시 오복점이 1929년에 지점으로 승격되면서 본격적으로 백화점의 면모를 갖추게 되었다. 대형 백화점의 등장은 정찰제 판매, 박리다매 전략의 등장으로 우리나라 유통에 큰 변화를 불러왔다. 미츠코시 백화점은 일반 시민들에게 일상적인 공간으로 자리 잡았으나 이면에는 일제강점기 소비문화의 모순이 감춰져 있기도 했다. 현재는 서울특별시 중구 신세계백화점 본점 본관으로 사용되고 있다.",공간으로 읽는 근대문화 역사유산,"근대, 한반도에 발을 딛다",https://minio.nculture.org/amsweb-opt/multimedia_assets/125/85820/93650/c/%EA%B5%AC-%EB%AF%B8%EC%93%B0%EC%BD%94%EC%8B%9C-%EA%B2%BD%EC%84%B1%EC%A7%80%EC%A0%90-%281%29_rev-thumb.jpg,https://ncms.nculture.org/legacy/story/7134,근대-일제강점기(1910.8.22~1945.8.14),서울특별시,중구,서울특별시 중구 소공로 63,37.56091902,126.980979,신세계백화점 본점,20230101,"백화점, 미츠코시, 이상, 채만식",F,스포츠 & 피트니스/스포츠 팬/야구 팬,19,17,20231230
20231200282,"누룩, 국가가 통제하다.",누룩은 곡식을 발효시켜 술로 만들 때 필요한 발효제이다. 전근대 시기 누룩은 주로 밀로 만들었는데 밀 농사를 지은 농민들이 부업으로 만들어 장에서 팔았다. 일제시대 대규모로 누룩을 제조하는 공장들이 출현하였는데 농촌에서 부업으로 만드는 누룩도 공존하였다. 1930년대 일제는 누룩 제조를 특정 공장에만 허가하고 전매권을 주었다. 다양하게 만들어지던 누룩은 국가에 의해 통제되었다.,근대 신문으로 보는 음식,전통 음식과 식재료의 변화,https://minio.nculture.org/amsweb-opt/multimedia_assets/202/25909/7566/c/25909-thumb.jpg,https://ncms.nculture.org/legacy/story/2727,근대-일제강점기(1910.8.22~1945.8.14),부산광역시,금정구,부산광역시 금정구 금성동 554-1 금정산성 막걸리 찾아가는 양조장,35.250417,129.056476,부산 산성마을,20230101,"곡자화시, 곡자제조장, 산성누룩, 재래종 밀",M,미디어 & 엔터테인먼트/TV 대중 시청자,19,17,20231230
20231200283,일본 경찰의 고문으로 숨진 28세 독립운동가 - 예천 윤우식 생가,"경상북도 예천군 지보면 신풍리 남석 윤우식 선생의 생가는 16세기에 지어진 고택이다. 1922년 화재로 예전 집은 불탔고, 같은 자리에 규모를 줄여 지은 집이 현재 남아있는 기와집이다. 안채와 사랑채가 튼 입구 자로 배치되어 있고, 옆에는 사당(죽호당)이 있다. 윤우식은 1920년대 후반부터 농민운동을 벌였고, 1934년 ‘예천 무명당’이 결성될 때 참여하여 지보면의 조직을 책임졌다. ‘예천 무명당’은 농민을 넘어 각계각층의 조직을 통해 항일 독립운동을 벌이려 했던 조직이다. 예천 무명당은 1934년 초 일경에 발각되어 무더기로 체포되었고, 윤우식은 지도부 11인으로 모진 고문을 받다가 순국했다. 낙동강이 바라다 보이는 윤우식 생가는 등록문화재 제571호다.",공간으로 읽는 근대문화 역사유산,근현대 인물들의 공간,https://minio.nculture.org/amsweb-opt/3ds/19/84374/84374_thumbnail.jpg,https://ncms.nculture.org/legacy/story/4539,근대-일제강점기(1910.8.22~1945.8.14),경상북도,예천군,경상북도 예천군 지보면 신풍1리길 25,36.53849413,128.4365732,예천박물관,20230101,"남석 윤우식, 예천 무명당, 죽고서원",F,미디어 & 엔터테인먼트/영화 애호가,19,17,20231230
20231200284,"한센인들의 한숨과 눈물, 손양원의 사랑 - 여수 구 애양원교회와 애양병원","전라남도 여수시 율촌면 신풍리 애양원은 1911년 문을 연 광주 나병원이 뿌리다. 한센병 환자가 몰리자, 광주 나병원의 원장 윌슨 선교사는 신풍리로 근거지를 옮기기로 했다. 한센인에 대한 사회적 편견과 차별 때문에 600여 환우는 ‘눈물의 이주’를 해야 했다. 여수에 지어진 애양병원과 애양원교회는 비록 격리정책에 따른 수용시설이지만, 한센인들에게는 의지할 수 있는 공동체의 구심점이 되었다. 특히 애양원교회 2대 목사로 부임한 「사랑의 원자탄」 손양원 목사는 헌신적으로 사랑의 봉사를 실천했다. 한센병 환자는 줄어들고, 한센병은 퇴치되었으나, 한센인의 고통과 한센인을 정성으로 돌보았던 손길들을 되돌아 볼 수 있는 공간으로서 구 애양병원(현 애양 역사박물관)과 애양원교회는 중요한 공간이다.",공간으로 읽는 근대문화 역사유산,근대 의술과 인술 사이에서,https://minio.nculture.org/amsweb-opt/3ds/15/84370/84370_thumbnail.jpg,https://ncms.nculture.org/legacy/story/777,근대-일제강점기(1910.8.22~1945.8.14),전라남도,여수시,전라남도 여수시 율촌면 도성길 30-15,34.84224228,127.6300468,손양원 기념 공원,20230101,"광주 나병원, 우일선, 애양원교회, 한센병, 도성농원, 애양 역사 박물관, 손양원",F,미디어 & 엔터테인먼트/음악 애호가/월드 뮤직 팬,19,17,20231230
20231200285,"한센인들의 한숨과 눈물, 손양원의 사랑 - 여수 구 애양원교회와 애양병원","전라남도 여수시 율촌면 신풍리 애양원은 1911년 문을 연 광주 나병원이 뿌리다. 한센병 환자가 몰리자, 광주 나병원의 원장 윌슨 선교사는 신풍리로 근거지를 옮기기로 했다. 한센인에 대한 사회적 편견과 차별 때문에 600여 환우는 ‘눈물의 이주’를 해야 했다. 여수에 지어진 애양병원과 애양원교회는 비록 격리정책에 따른 수용시설이지만, 한센인들에게는 의지할 수 있는 공동체의 구심점이 되었다. 특히 애양원교회 2대 목사로 부임한 「사랑의 원자탄」 손양원 목사는 헌신적으로 사랑의 봉사를 실천했다. 한센병 환자는 줄어들고, 한센병은 퇴치되었으나, 한센인의 고통과 한센인을 정성으로 돌보았던 손길들을 되돌아 볼 수 있는 공간으로서 구 애양병원(현 애양 역사박물관)과 애양원교회는 중요한 공간이다.",공간으로 읽는 근대문화 역사유산,근대 의술과 인술 사이에서,https://minio.nculture.org/amsweb-opt/3ds/15/84370/84370_thumbnail.jpg,https://ncms.nculture.org/legacy/story/777,근대-일제강점기(1910.8.22~1945.8.14),전라남도,여수시,전라남도 여수시 율촌면 도성길 30-15,34.84224228,127.6300468,손양원 기념 공원,20230101,"광주 나병원, 우일선, 애양원교회, 한센병, 도성농원, 애양 역사 박물관, 손양원",F,뉴스 & 정치/열렬한 뉴스 독자/연예 뉴스 매니아,19,17,20231230
20231200286,"민주주의가 자라다, 인천 제물포고등학교 강당","인천 제물포고등학교 강당은 1935년 인천 공립중학교의 강당으로 세워졌다. 화강석 기단 위에 적벽돌을 쌓아 지은 건물이다. 지하 1층, 지상 1층인 외관은 간결하며 기능 중심으로 설계되었다. 내부는 너비가 15m에 이르지만, 중간 기둥 없이 하나의 공간을 이루도록 했다. 일본인 학교였던 인천 공립학교는 해방 후 학제 변경으로 1954년 제물포고등학교 강당이 되었다. 제물포고등학교 설립을 주도했고 초대 교장이었던 교육자 길영희 선생은 ‘성덕당’이라고 불리는 강당에서 전교생에게 양심적인 나라의 일꾼이 되라고 열변을 토했다고 한다. 성덕당은 당대 인사들의 특강 장소이자 학생들의 자유로운 토론의 장으로 활용되었다. 1930년대 세워졌던 옛 학교 건물들은 모두 사라졌지만, 성덕당은 남아 제물포고등학교의 역사와 전통을 상징하는 공간으로 꼽힌다.",공간으로 읽는 근대문화 역사유산,근대의 산실 학교,https://minio.nculture.org/amsweb-opt/multimedia_assets/88/14595/20088/c/14595-thumb.jpg,https://ncms.nculture.org/legacy/story/2821,근대-일제강점기(1910.8.22~1945.8.14),인천광역시,중구,인천광역시 중구 자유공원로 58-9,37.476895,126.62402,인천 제물포고등학교,20230101,"제물포고등학교, 성덕당, 길영희, 무감독시험, 등록문화재 제427호, 인천 공립중학교, 제물포고등학교 강당, 망사드르지붕, 인천 자유공원, 무감독 시험, 인천역",F,미디어 & 엔터테인먼트/음악 애호가/월드 뮤직 팬,19,16,20231230
20231200287,고종황제를 매혹시킨 커피,커피는 개항이후 조선의 궁궐인 경복궁이나 덕수궁에서 서양인을 접대할 때 사용되었다. 고종은 커피를 상당히 좋아했다. 서양인 선교사들은 커피를 가지고 한국에 왔는데 한국인에게 대접하기도 하였다. 일제시대 커피는 일반인들에게 많이 퍼져서 1930년대 후반에는 다방도 많이 생겼다. 이 시기 커피는 원두를 갈아 주전자에 끓여 체에 받쳐 걸러 먹었다. 1930년대 후반 전쟁으로 수입이 통제되면서 커피의 사용은 줄어들었다.,근대 신문으로 보는 음식,개항 이후 들어온 음식과 식재료,https://minio.nculture.org/amsweb-opt/multimedia_assets/221/14820/2419/c/14820-thumb.jpg,https://ncms.nculture.org/legacy/story/2853,근대-개항기(1864~1910),서울특별시,중구,서울특별시 중구 정동 세종대로 99,37.565807,126.975143,대불호텔,20230101,"고종황제, 다방, 원두, 선교사, 접대",F,미디어 & 엔터테인먼트/영화 애호가,19,16,20231230
20231200288,일본인 거리의 의미를 묻다 - 포항 구룡포 근대문화역사거리,경상북도 포항시 구룡포는 1900년부터 일본 어부들이 어업 근거지로 삼으면서 근대 항구가 되었다. 일본인들은 일제강점기부터 본국의 지원을 받으면서 구룡포로 이주하기 시작했다. 구룡포에 정착한 일본인 가운데는 가가와현 출신이 많았다. 이들은 일본 타 지역 출신들과 경쟁관계에 있었으나 1920년대부터 1930년대 중반까지 2차례에 걸친 축항 공사를 통해 방파제를 쌓고 일본인 거리를 확장했다. 구룡포의 조선인들은 상당수가 일본 선주들에게 고용돼 어로 노동자로 일했다. 구룡포의 조선인과 일본인 거주 공간도 달랐다. 일제강점기 극소수의 일본 선주들은 전체 어획 소득의 절반가량을 가져갔다. 일본인들이 부를 늘려감에 따라 구룡포의 일본인 거리도 계속 확장됐다. 그러나 1945년 갑작스러운 패망으로 일본인은 자신들 나라로 돌아갔다. 포항시는 2011년부터 ‘구룡포 근대역사문화거리’를 조성했다. 가가와 출신 어부들의 중심인물로 구룡포에서 부를 쌓은 하시모토가 1923년 지은 일본식 집은 구룡포 근대역사관이 되었다. 그러나 문화재청은 하시모토의 집과 일본 가옥의 등록문화재 지정 신청을 보류했다. 구룡포 근대역사문화거리는 역사 인식의 측면에서 계속 비판이 제기되고 있다.,공간으로 읽는 근대문화 역사유산,근대 거리를 거닐다,https://minio.nculture.org/amsweb-opt/3ds/234/84339/84339_thumbnail.jpg,https://ncms.nculture.org/legacy/story/4534,근대-일제강점기(1910.8.22~1945.8.14),경상북도,포항시,경북 포항시 남구 구룡포읍 구룡포길 147-2,35.99079907,129.5609111,구룡포 근대 역사관,20230101,"어업, 일제강점기, 근대역사관",M,미디어 & 엔터테인먼트/음악 애호가/월드 뮤직 팬,19,16,20231230
20231200289,일본인 거리의 의미를 묻다 - 포항 구룡포 근대문화역사거리,경상북도 포항시 구룡포는 1900년부터 일본 어부들이 어업 근거지로 삼으면서 근대 항구가 되었다. 일본인들은 일제강점기부터 본국의 지원을 받으면서 구룡포로 이주하기 시작했다. 구룡포에 정착한 일본인 가운데는 가가와현 출신이 많았다. 이들은 일본 타 지역 출신들과 경쟁관계에 있었으나 1920년대부터 1930년대 중반까지 2차례에 걸친 축항 공사를 통해 방파제를 쌓고 일본인 거리를 확장했다. 구룡포의 조선인들은 상당수가 일본 선주들에게 고용돼 어로 노동자로 일했다. 구룡포의 조선인과 일본인 거주 공간도 달랐다. 일제강점기 극소수의 일본 선주들은 전체 어획 소득의 절반가량을 가져갔다. 일본인들이 부를 늘려감에 따라 구룡포의 일본인 거리도 계속 확장됐다. 그러나 1945년 갑작스러운 패망으로 일본인은 자신들 나라로 돌아갔다. 포항시는 2011년부터 ‘구룡포 근대역사문화거리’를 조성했다. 가가와 출신 어부들의 중심인물로 구룡포에서 부를 쌓은 하시모토가 1923년 지은 일본식 집은 구룡포 근대역사관이 되었다. 그러나 문화재청은 하시모토의 집과 일본 가옥의 등록문화재 지정 신청을 보류했다. 구룡포 근대역사문화거리는 역사 인식의 측면에서 계속 비판이 제기되고 있다.,공간으로 읽는 근대문화 역사유산,근대 거리를 거닐다,https://minio.nculture.org/amsweb-opt/3ds/234/84339/84339_thumbnail.jpg,https://ncms.nculture.org/legacy/story/4534,근대-일제강점기(1910.8.22~1945.8.14),경상북도,포항시,경북 포항시 남구 구룡포읍 구룡포길 147-2,35.99079907,129.5609111,구룡포 근대 역사관,20230101,"어업, 일제강점기, 근대역사관",M,뉴스 & 정치/열렬한 뉴스 독자/열렬한 정치 뉴스 독자,19,16,20231230
20231200290,일본인 거리의 의미를 묻다 - 포항 구룡포 근대문화역사거리,경상북도 포항시 구룡포는 1900년부터 일본 어부들이 어업 근거지로 삼으면서 근대 항구가 되었다. 일본인들은 일제강점기부터 본국의 지원을 받으면서 구룡포로 이주하기 시작했다. 구룡포에 정착한 일본인 가운데는 가가와현 출신이 많았다. 이들은 일본 타 지역 출신들과 경쟁관계에 있었으나 1920년대부터 1930년대 중반까지 2차례에 걸친 축항 공사를 통해 방파제를 쌓고 일본인 거리를 확장했다. 구룡포의 조선인들은 상당수가 일본 선주들에게 고용돼 어로 노동자로 일했다. 구룡포의 조선인과 일본인 거주 공간도 달랐다. 일제강점기 극소수의 일본 선주들은 전체 어획 소득의 절반가량을 가져갔다. 일본인들이 부를 늘려감에 따라 구룡포의 일본인 거리도 계속 확장됐다. 그러나 1945년 갑작스러운 패망으로 일본인은 자신들 나라로 돌아갔다. 포항시는 2011년부터 ‘구룡포 근대역사문화거리’를 조성했다. 가가와 출신 어부들의 중심인물로 구룡포에서 부를 쌓은 하시모토가 1923년 지은 일본식 집은 구룡포 근대역사관이 되었다. 그러나 문화재청은 하시모토의 집과 일본 가옥의 등록문화재 지정 신청을 보류했다. 구룡포 근대역사문화거리는 역사 인식의 측면에서 계속 비판이 제기되고 있다.,공간으로 읽는 근대문화 역사유산,근대 거리를 거닐다,https://minio.nculture.org/amsweb-opt/3ds/234/84339/84339_thumbnail.jpg,https://ncms.nculture.org/legacy/story/4534,근대-일제강점기(1910.8.22~1945.8.14),경상북도,포항시,경북 포항시 남구 구룡포읍 구룡포길 147-2,35.99079907,129.5609111,구룡포 근대 역사관,20230101,"어업, 일제강점기, 근대역사관",M,스포츠 & 피트니스/스포츠 팬/축구 팬,19,16,20231230
20231200291,일제강점기 초밥으로 만든 김밥,"김은 조선시대부터 전라도의 특산물로 기록에 남아있지만 김밥에 대한 기록은 일제강점기 밥에 초를 넣고 계란지단, 덴부(도미살을 분홍색으로 물들인 것) 등을 속으로 하여 김에 싼다고 나온다. 식초로 간을 한 김밥은 해방 후의 신문기사에서도 그 조리법이 보인다. 오늘날의 김밥은 식초보다 참기름과 소금으로 간을 한다. 김밥의 대중화는 일제강점기 김이 어느 정도 생산되고 일본의 도시락 문화가 정착되면서 만들어졌다.",근대 신문으로 보는 음식,개항 이후 들어온 음식과 식재료,,https://ncms.nculture.org/legacy/story/2951,시대미상,,,,,,청파동,20230101,"노리마기스시, 통영김밥, 김쌈밥, 초밥, 김밥",M,뉴스 & 정치/열렬한 뉴스 독자/연예 뉴스 매니아,19,16,20231230
20231200292,우리나라 최초의 철근 콘크리트 다리  - 강원 화천 꺼먹다리,"일제강점기 말에 건설된 화천댐과 더불어 만들어진 꺼먹다리는 화천군 간동면 구만리와 화천읍 대이리를 잇는 우리나라 최초의 철근 콘크리트 교량이다. 나무로 된 상판에 검은색 콜타르를 칠한 모습에서 꺼먹다리라는 이름이 붙었다. 1940년대에 일제가 교각을 세웠고, 해방 후에는 화천지역에서 군정을 실시했던 소련이 철골을 올렸으며, 한국전쟁 당시에 남한이 다리 상판을 얹어 뜻하지 않게 3국 합작품이 된 묘한 이력을 가지고 있다. 한국전쟁 당시 파로호 전투로 인해 꺼먹다리에는 아직도 포탄과 총탄 흔적이 남아있다. 당시 전투에서 국군, 유엔군, 북한군, 중공군을 모두 합해 10만여 명이 전사했다. 수많은 전투를 치렀음에도 불구하고 건립 당시의 원형을 비교적 잘 보전하고 있는 꺼먹다리는 산업과 교량의 역사 연구에 중요한 자료로 평가된다. 다리에는 군 입대를 앞둔 남자와 그 애인이 다리 양끝에서 출발해 한가운데서 만나면 남자가 군복무를 마칠 때까지 여자가 ‘고무신을 거꾸로 신지 않는다’는 이야기가 전해지고 있다.",공간으로 읽는 근대문화 역사유산,근대를 떠받친 토목시설과 광산,,https://ncms.nculture.org/legacy/story/1016,근대-일제강점기(1910.8.22~1945.8.14),강원특별자치도,화천군,"강원도 화천군 화천읍 평화로 656 외 1필지, 간동면 구만리 산9-1",38.10342519,127.761732,파로호,20230101,"화천댐, 화천수력발전소, 파로호, 파로호전투, 대붕호, 구만리, 처녀고개, 화천전투",M,미디어 & 엔터테인먼트/만화 & 애니메이션 팬,19,14,20231230
20231200293,우리나라 최초의 철근 콘크리트 다리  - 강원 화천 꺼먹다리,"일제강점기 말에 건설된 화천댐과 더불어 만들어진 꺼먹다리는 화천군 간동면 구만리와 화천읍 대이리를 잇는 우리나라 최초의 철근 콘크리트 교량이다. 나무로 된 상판에 검은색 콜타르를 칠한 모습에서 꺼먹다리라는 이름이 붙었다. 1940년대에 일제가 교각을 세웠고, 해방 후에는 화천지역에서 군정을 실시했던 소련이 철골을 올렸으며, 한국전쟁 당시에 남한이 다리 상판을 얹어 뜻하지 않게 3국 합작품이 된 묘한 이력을 가지고 있다. 한국전쟁 당시 파로호 전투로 인해 꺼먹다리에는 아직도 포탄과 총탄 흔적이 남아있다. 당시 전투에서 국군, 유엔군, 북한군, 중공군을 모두 합해 10만여 명이 전사했다. 수많은 전투를 치렀음에도 불구하고 건립 당시의 원형을 비교적 잘 보전하고 있는 꺼먹다리는 산업과 교량의 역사 연구에 중요한 자료로 평가된다. 다리에는 군 입대를 앞둔 남자와 그 애인이 다리 양끝에서 출발해 한가운데서 만나면 남자가 군복무를 마칠 때까지 여자가 ‘고무신을 거꾸로 신지 않는다’는 이야기가 전해지고 있다.",공간으로 읽는 근대문화 역사유산,근대를 떠받친 토목시설과 광산,,https://ncms.nculture.org/legacy/story/1016,근대-일제강점기(1910.8.22~1945.8.14),강원특별자치도,화천군,"강원도 화천군 화천읍 평화로 656 외 1필지, 간동면 구만리 산9-1",38.10342519,127.761732,파로호,20230101,"화천댐, 화천수력발전소, 파로호, 파로호전투, 대붕호, 구만리, 처녀고개, 화천전투",M,뉴스 & 정치/열렬한 뉴스 독자/열렬한 비즈니스 뉴스 독자,19,14,20231230
20231200294,"서울 최초의 근대 백화점, 미츠코시 백화점 경성지점","미츠코시 백화점 경성지점은 서울특별시에 세워진 최초의 근대식 백화점이다. 미츠코시 오복점이 1929년에 지점으로 승격되면서 본격적으로 백화점의 면모를 갖추게 되었다. 대형 백화점의 등장은 정찰제 판매, 박리다매 전략의 등장으로 우리나라 유통에 큰 변화를 불러왔다. 미츠코시 백화점은 일반 시민들에게 일상적인 공간으로 자리 잡았으나 이면에는 일제강점기 소비문화의 모순이 감춰져 있기도 했다. 현재는 서울특별시 중구 신세계백화점 본점 본관으로 사용되고 있다.",공간으로 읽는 근대문화 역사유산,"근대, 한반도에 발을 딛다",https://minio.nculture.org/amsweb-opt/multimedia_assets/125/85820/93650/c/%EA%B5%AC-%EB%AF%B8%EC%93%B0%EC%BD%94%EC%8B%9C-%EA%B2%BD%EC%84%B1%EC%A7%80%EC%A0%90-%281%29_rev-thumb.jpg,https://ncms.nculture.org/legacy/story/7134,근대-일제강점기(1910.8.22~1945.8.14),서울특별시,중구,서울특별시 중구 소공로 63,37.56091902,126.980979,신세계백화점 본점,20230101,"백화점, 미츠코시, 이상, 채만식",M,미디어 & 엔터테인먼트/TV 애호가/TV 코미디 팬,19,13,20231230
20231200295,"시를 품은 집, 윤동주 유고 보존 정병욱 가옥",전라남도 광양의 섬진강변 망덕리 정병욱 가옥은 시인 윤동주의 유고를 보존했던 집이다. 윤동주는 1941년 시집 『하늘과 바람과 별과 시』를 발간하려 했지만 뜻을 이루지 못했다. 민족?한글 탄압이 극심했던 일제의 검열에 걸릴 것이 자명했기 때문이다. 원고를 윤동주의 후배이자 벗인 정병욱이 자기 집의 마루 밑에 몰래 간직했다가 해방이 되자 책으로 펴냈다. 정병욱 가옥은 1925년에 건립된 목조슬레이트 주택이다.,공간으로 읽는 근대문화 역사유산,근현대 인물들의 공간,https://minio.nculture.org/amsweb-opt/pdfs/29/27470/27470_thumbnail.JPG,https://ncms.nculture.org/legacy/story/2916,근대-일제강점기(1910.8.22~1945.8.14),전라남도,광양시,대한민국 전라남도 광양시 진월면 망덕길 249,34.9708272,127.7590793,섬진강,20230101,"윤동주, 정병욱, 하늘과 바람과 별과 시, 후쿠오카 형무소",M,미디어 & 엔터테인먼트/TV 애호가,19,13,20231230
20231200296,대전발 0시50분이 떠나기 전에 - 대전 원도심 근대문화탐방로,"대전광역시는 경부선(1905)와 호남선(1914)이 분기하는 철도의 도시다. 조그마한 한촌이었던 대전은 충청남도 도청이 1932년 충청남도 공주에서 옮겨옴으로써 비약적인 발전을 하게 된다. 대전역을 중심으로 형성되었던 중심가는 충청남도 도청과 대전역을 잇는 도로(현재의 중앙로) 변으로 확장되었다. 대전의 원도심인 중구와 동구 일대에는 일제강점기부터 현대에 이르기까지 다양한 시간의 층위를 가지는 근대유산들이 산재해 있다. 대전시는 2010년대 들어 원도심 활성화에 적극적으로 나서, 2017년부터 근대문화예술 특구 사업을 진행하고 있다. 특구 사업의 일환으로 5㎞가 넘는 근대문화탐방로를 지정했는데, 탐방로를 따라 9곳의 근현대 건축물을 둘러볼 수 있다. 탐방로가 아니더라도 대전 원도심 곳곳에서 근현대사를 배우고 성찰케 하는 근대문화유산들을 만날 수 있다.",공간으로 읽는 근대문화 역사유산,근대 거리를 거닐다,https://minio.nculture.org/amsweb-opt/multimedia_assets/84/30460/22711/c/%EB%8C%80%EC%A0%84_%EB%8C%80%EC%A0%84%EC%9B%90%EB%8F%84%EC%8B%AC%EA%B7%BC%EB%8C%80%EB%AC%B8%ED%99%94%EC%9C%A0%EC%82%B0_20191106_094020-thumb.jpg,https://ncms.nculture.org/legacy/story/4544,근대-일제강점기(1910.8.22~1945.8.14),대전광역시,동구,대전 동구 중앙로 215 대전역,36.33439767,127.43211,대전근현대사 전시관,20230101,"목척교, 대전 철도관사촌, 옛 충청남도 도청, 대전역",F,미디어 & 엔터테인먼트/TV 애호가,19,11,20231230
20231200297,"일제강점기 한국의 우뭇가사리로 만든 일본 과자, 양갱","양갱은 중국에서 일본에 전해져 정착된 과자로 우뭇가사리를 냉동건조시킨 한천에 팥, 설탕 등을 넣고 쪄서 만든 과자다. 양갱은 일제강점기 조선에 들어와 지금도 팔릴만큼 한국인의 과자로 정착되었다. 양갱의 원료인 우뭇가사리는 일제강점기 본격적으로 한반도 바다에서 채취되었는데 우뭇가사리가 양갱 원료 이외에 의약품, 화장품 등의 원료로 쓰였기 때문이다. 일제강점기 우뭇가사리 채취는 주로 제주도 출신 해녀들이 담당하였다. 해방 후에도 한천은 계속 만들어져 주로 외국으로 수출되었다.",근대 신문으로 보는 음식,개항 이후 들어온 음식과 식재료,https://minio.nculture.org/amsweb-opt/multimedia_assets/233/14832/2431/c/14832-thumb.jpg,https://ncms.nculture.org/legacy/story/2876,근대-일제강점기(1910.8.22~1945.8.14),경상남도,밀양시,경상남도 밀양시 산내면 봉의로 58-31,35.591708,128.880929,,20230101,"양갱, 요깡, 우뭇가사리, 한천, 제주해녀, 나카오카제과, 해태제과합명회사",F,미디어 & 엔터테인먼트/게이머,18,18,20231230
20231200298,전통배추를 밀어내고 김치의 원료가 된 결구배추,"배추김치의 주재료인 배추는 조선시대까지 한양과 개성에서 자란 것이 유명했다. 이 배추는 배추잎이 절반정도 뭉친 반결구종으로, 무게는 결구종보다 적고 생육기간도 길었다. 임오군란 이후 중국인들이 한국땅에 살고 중국과 왕래하면서 중국의 결구배추가 들어오게 된다. 결구배추는 배추잎이 서로 감싸 완전히 뭉친 것인데 생육기간이 짧고 크기도 컸다. 일제강점기 반결구배추가 병충해에 시달리면서 결구종 배추가 보급되어 오늘날 김치를 만드는 배추는 결구종배추가 주를 이루게 되었다.",근대 신문으로 보는 음식,전통 음식과 식재료의 변화,,https://ncms.nculture.org/legacy/story/2831,근대-일제강점기(1910.8.22~1945.8.14),,,,,,덕천,20230101,"배추김치, 호배추, 결구배추",M,라이프스타일 & 취미/아웃도어 매니아,18,18,20231230
20231200299,전통배추를 밀어내고 김치의 원료가 된 결구배추,"배추김치의 주재료인 배추는 조선시대까지 한양과 개성에서 자란 것이 유명했다. 이 배추는 배추잎이 절반정도 뭉친 반결구종으로, 무게는 결구종보다 적고 생육기간도 길었다. 임오군란 이후 중국인들이 한국땅에 살고 중국과 왕래하면서 중국의 결구배추가 들어오게 된다. 결구배추는 배추잎이 서로 감싸 완전히 뭉친 것인데 생육기간이 짧고 크기도 컸다. 일제강점기 반결구배추가 병충해에 시달리면서 결구종 배추가 보급되어 오늘날 김치를 만드는 배추는 결구종배추가 주를 이루게 되었다.",근대 신문으로 보는 음식,전통 음식과 식재료의 변화,,https://ncms.nculture.org/legacy/story/2831,근대-일제강점기(1910.8.22~1945.8.14),,,,,,덕천,20230101,"배추김치, 호배추, 결구배추",F,스포츠 & 피트니스/스포츠 팬,18,18,20231230
20231200300,"동양 최초의 바다 밑 터널, 통영 해저터널","통영반도 남단과 미륵도를 연결하는 통영 해저터널은 동양 최초의 해저터널이다. 일제강점기 이전부터 통영으로 이주해온 일본인 이주 어민들은 연안에서 어로 활동을 하며 물고기 떼를 쫓아 빠르게 이동할 필요가 있었는데, 미륵도와 통영 사이의 해협이 너무 좁아 미륵도를 빙 돌아 가야 하는 불편함이 있었다. 그래서 일제는 1932년 통영운하를 완공했다. 통영운하 개통 후 운하를 건너다니도록 하기 위해 교량 대신 만든 것이 해저터널이다. 터널을 만든 지역은 판데목이라는 곳인데, 임진왜란 한산대첩 때 많은 왜군이 이순신의 학익진에 대패해 판데목 부근에서 수장됐다고 한다. 일본인들이 조상의 유해 위로 건너다닐 수 없어서 해저터널을 팠다는 이야기도 전해진다.",공간으로 읽는 근대문화 역사유산,"빼앗긴 들, 뒤틀린 근대",https://minio.nculture.org/amsweb-opt/multimedia_assets/140/85835/93850/c/%ED%86%B5%EC%98%81-%ED%95%B4%EC%A0%80%ED%84%B0%EB%84%90-%281%29_rev-thumb.jpg,https://ncms.nculture.org/legacy/story/2936,근대-일제강점기(1910.8.22~1945.8.14),경상남도,통영시,경상남도 통영시 도남로 57-1,34.834788,128.40991,충무교,20230101,"통영 해저터널, 통영운하, 충무공 이순신, 판데목, 미륵도",M,미디어 & 엔터테인먼트/음악 애호가/월드 뮤직 팬,18,18,20231230
20231200301,"동양 최초의 바다 밑 터널, 통영 해저터널","통영반도 남단과 미륵도를 연결하는 통영 해저터널은 동양 최초의 해저터널이다. 일제강점기 이전부터 통영으로 이주해온 일본인 이주 어민들은 연안에서 어로 활동을 하며 물고기 떼를 쫓아 빠르게 이동할 필요가 있었는데, 미륵도와 통영 사이의 해협이 너무 좁아 미륵도를 빙 돌아 가야 하는 불편함이 있었다. 그래서 일제는 1932년 통영운하를 완공했다. 통영운하 개통 후 운하를 건너다니도록 하기 위해 교량 대신 만든 것이 해저터널이다. 터널을 만든 지역은 판데목이라는 곳인데, 임진왜란 한산대첩 때 많은 왜군이 이순신의 학익진에 대패해 판데목 부근에서 수장됐다고 한다. 일본인들이 조상의 유해 위로 건너다닐 수 없어서 해저터널을 팠다는 이야기도 전해진다.",공간으로 읽는 근대문화 역사유산,"빼앗긴 들, 뒤틀린 근대",https://minio.nculture.org/amsweb-opt/multimedia_assets/140/85835/93850/c/%ED%86%B5%EC%98%81-%ED%95%B4%EC%A0%80%ED%84%B0%EB%84%90-%281%29_rev-thumb.jpg,https://ncms.nculture.org/legacy/story/2936,근대-일제강점기(1910.8.22~1945.8.14),경상남도,통영시,경상남도 통영시 도남로 57-1,34.834788,128.40991,충무교,20230101,"통영 해저터널, 통영운하, 충무공 이순신, 판데목, 미륵도",M,여행/여행 매니아,18,18,20231230
20231200302,한센인 격리와 정착의 역사 - 의왕 한국한센복지협회,"경기도 의왕시 한국한센복지협회의 뿌리는 1926년 발족한 조선나병근절책연구회라고 할 수 있다. 한센인은 격리 수용하는 것이 최선이라는 당시의 인식에 따라 대규모 수용소 건설을 추진한 명망가 단체다. 격리 정책은 해방 후에도 계속되다가 1960년대 들어서야 정착촌 정책으로 바뀌었다. 1948년 대한나예방협회 역시 격리에 중점을 두었다. 한국한센복지협회는 과거 문둥병, 나병으로 불리던 질병이 2000년에 한센병으로 공식 명명됨에 따라 새로운 이름을 가지게 되었다. 의왕 한국한센복지협회는 인근 성 나자로 마을에서 50년 무상 대여한 땅에 병원과 사무실을 지었다. 1951년 모락산 자락에 자리 잡은 성 나자로 마을은 1970부터 원장으로 28년 봉직한 이경재 신부 재임 기간에 현재의 모습을 갖추었다. 한국한센복지협회와 성 나자로 마을은 문둥병이라는 차별적인 병명이 한센병으로 바뀌기까지 한센인들이 겪은 고통과 시련의 삶을 간직하고 있다.",공간으로 읽는 근대문화 역사유산,근대 의술과 인술 사이에서,https://minio.nculture.org/amsweb-opt/3ds/28/84383/84383_thumbnail.jpg,https://ncms.nculture.org/legacy/story/778,현대-현대(1945.8.15~현재),경기도,의왕시,경기도 의왕시 원골로 59,37.3619452,126.9711473,소록도 시설 (국립소록도병원),20230101,"한국한센복지협회, 성 나자로 마을, 이경재, 조선나병근절책연구회",F,미디어 & 엔터테인먼트/TV 대중 시청자,18,18,20231230
20231200303,한센인 격리와 정착의 역사 - 의왕 한국한센복지협회,"경기도 의왕시 한국한센복지협회의 뿌리는 1926년 발족한 조선나병근절책연구회라고 할 수 있다. 한센인은 격리 수용하는 것이 최선이라는 당시의 인식에 따라 대규모 수용소 건설을 추진한 명망가 단체다. 격리 정책은 해방 후에도 계속되다가 1960년대 들어서야 정착촌 정책으로 바뀌었다. 1948년 대한나예방협회 역시 격리에 중점을 두었다. 한국한센복지협회는 과거 문둥병, 나병으로 불리던 질병이 2000년에 한센병으로 공식 명명됨에 따라 새로운 이름을 가지게 되었다. 의왕 한국한센복지협회는 인근 성 나자로 마을에서 50년 무상 대여한 땅에 병원과 사무실을 지었다. 1951년 모락산 자락에 자리 잡은 성 나자로 마을은 1970부터 원장으로 28년 봉직한 이경재 신부 재임 기간에 현재의 모습을 갖추었다. 한국한센복지협회와 성 나자로 마을은 문둥병이라는 차별적인 병명이 한센병으로 바뀌기까지 한센인들이 겪은 고통과 시련의 삶을 간직하고 있다.",공간으로 읽는 근대문화 역사유산,근대 의술과 인술 사이에서,https://minio.nculture.org/amsweb-opt/3ds/28/84383/84383_thumbnail.jpg,https://ncms.nculture.org/legacy/story/778,현대-현대(1945.8.15~현재),경기도,의왕시,경기도 의왕시 원골로 59,37.3619452,126.9711473,소록도 시설 (국립소록도병원),20230101,"한국한센복지협회, 성 나자로 마을, 이경재, 조선나병근절책연구회",F,미디어 & 엔터테인먼트/영화 애호가,18,18,20231230
20231200304,초량 이바구길의 곡절 많은 터줏대감-부산 구 백제병원,"부산역 맞은편 초량 이바구길 초입에 위치한 백제병원 건물은 1927년 지어졌다. 백제병원은 부산 최초의 개인병원으로서, 부산부립병원, 철도병원과 함께 부산 3대 병원으로 꼽혔다. 백제병원 건물은 4층 건물과 잇달아 지은 6층 건물을 이어 붙였는데, 단층과 2~3층이 고작이던 당시 부산에서 우뚝 솟은 건물이었다. 하지만 설립자인 외과의사 최용해가 건축 과정에서 무리하게 빚을 끌어다 쓴데다 행려병자 시신으로 인체 표본을 제작해 보관하다 적발되면서, 급기야 설립자가 병원 문을 닫고 일본으로 도주하였다. 백제병원 건물은 중국인이 인수하여 봉래각이라는 청요릿집으로 개조되었다. 객실을 120개나 설치한 봉래각 또한 부산 명물로 명성을 날렸으나, 중일전쟁 이후 주인이 고국으로 돌아가면서 1942년 폐업했다. 이후 일본군 장교숙소였다가 해방 후에는 부산치안사령부, 전쟁 시기에는 중화민국 임시 대사관으로 쓰였다. 1953년 신라예식장으로 용도가 바뀌었으나, 예식장도 1960년대 중반 문을 닫았다. 1972년에는 이웃 건물에서 발생한 화재로 건물의 3분의 2가 불에 타, 5층 이상은 철거되었다. 다행히 골조와 1~2층은 옛 모습을 모두 잃지는 않았다. 2009년 새 주인이 인수하였고, 복원에 준하는 리모델링을 거쳐 2015년부터 카페 겸 문화예술 공간으로 활용되고 있다.",공간으로 읽는 근대문화 역사유산,근대 의술과 인술 사이에서,https://minio.nculture.org/amsweb-opt/3ds/228/84333/84333_thumbnail.jpg,https://ncms.nculture.org/legacy/story/783,근대-일제강점기(1910.8.22~1945.8.14),부산광역시,동구,부산 동구 초량동 460-2,35.11625252,129.0388649,부산 차이나타운,20230101,"부산 백제병원, 부산 봉래각, 최용해, 부산 신라예식장, 초량 이바구길, 브라운핸즈 카페",F,미디어 & 엔터테인먼트/TV 애호가/드라마 팬,18,18,20231230
20231200305,근대의 슬픔이 오롯이 남은 항구 - 목포 근대역사문화공간,"1897년 개항한 전라남도 목포시는 일제강점기를 거치며 조선 4대 항구이자 6대 도시로 꼽히는 근대도시로 성장했다. 현재 유달동, 만호동에 해당하는 목포의 구 도심은 일본 등 외국자본에 의해서 간척된 계획도시였다. 만호동과 유달동 일대의 번영로에 근대건축 유산이 집중되어 있다. 문화재청은 2018년 8월 6일 이 일대 11만4,038㎡(602필지)를 ‘목포 근대역사문화공간’이라는 이름으로 등록문화재 제718호로 지정했다. 기존 ‘점’(點) 단위 개별 문화재 중심의 보존에서 탈피해 문화재청이 ‘선(線)?면(面)’ 단위 문화재 등록제도를 도입한 첫 사례이다. 등록문화재로 지정된 개별 건축물은 15개로, 일본식 가옥 4곳, 구 목포부립병원 관사, 구 목포 일본기독교회, 상가주택 6곳, 구 동아부인상회 목포지점, 목포 해안로 붉은 벽돌창고, 구 목포 화신연쇄점이 포함되어 있다.",공간으로 읽는 근대문화 역사유산,근대 거리를 거닐다,https://minio.nculture.org/amsweb-opt/multimedia_assets/70/30448/22531/c/%EB%AA%A9%ED%8F%AC-%EA%B7%BC%EB%8C%80%EB%AC%B8%ED%99%94%EC%97%AD%EC%82%AC%EA%B3%B5%EA%B0%84_%EB%AA%A9%ED%8F%AC-%EB%B2%88%ED%99%94%EB%A1%9C-%EC%9D%BC%EB%B3%B8%EC%8B%9D%EA%B0%80%EC%98%A5-12019-12-07-12.45.44-thumb.jpg,https://ncms.nculture.org/legacy/story/4542,근대-일제강점기(1910.8.22~1945.8.14),전라남도,목포시,전라남도 목포시 번화로 25,34.78630756,126.3823141,동아부인상회 목포지점,20230101,"목포 구 도심, 구 동아부인상회 목포지점, 목포의 눈물",M,뉴스 & 정치/열렬한 뉴스 독자/열렬한 정치 뉴스 독자,18,18,20231230
20231200306,"일제강점기 한국의 우뭇가사리로 만든 일본 과자, 양갱","양갱은 중국에서 일본에 전해져 정착된 과자로 우뭇가사리를 냉동건조시킨 한천에 팥, 설탕 등을 넣고 쪄서 만든 과자다. 양갱은 일제강점기 조선에 들어와 지금도 팔릴만큼 한국인의 과자로 정착되었다. 양갱의 원료인 우뭇가사리는 일제강점기 본격적으로 한반도 바다에서 채취되었는데 우뭇가사리가 양갱 원료 이외에 의약품, 화장품 등의 원료로 쓰였기 때문이다. 일제강점기 우뭇가사리 채취는 주로 제주도 출신 해녀들이 담당하였다. 해방 후에도 한천은 계속 만들어져 주로 외국으로 수출되었다.",근대 신문으로 보는 음식,개항 이후 들어온 음식과 식재료,https://minio.nculture.org/amsweb-opt/multimedia_assets/233/14832/2431/c/14832-thumb.jpg,https://ncms.nculture.org/legacy/story/2876,근대-일제강점기(1910.8.22~1945.8.14),경상남도,밀양시,경상남도 밀양시 산내면 봉의로 58-31,35.591708,128.880929,,20230101,"양갱, 요깡, 우뭇가사리, 한천, 제주해녀, 나카오카제과, 해태제과합명회사",F,뷰티 & 웰빙/살롱을 자주 방문,18,17,20231230
20231200307,"누룩, 국가가 통제하다.",누룩은 곡식을 발효시켜 술로 만들 때 필요한 발효제이다. 전근대 시기 누룩은 주로 밀로 만들었는데 밀 농사를 지은 농민들이 부업으로 만들어 장에서 팔았다. 일제시대 대규모로 누룩을 제조하는 공장들이 출현하였는데 농촌에서 부업으로 만드는 누룩도 공존하였다. 1930년대 일제는 누룩 제조를 특정 공장에만 허가하고 전매권을 주었다. 다양하게 만들어지던 누룩은 국가에 의해 통제되었다.,근대 신문으로 보는 음식,전통 음식과 식재료의 변화,https://minio.nculture.org/amsweb-opt/multimedia_assets/202/25909/7566/c/25909-thumb.jpg,https://ncms.nculture.org/legacy/story/2727,근대-일제강점기(1910.8.22~1945.8.14),부산광역시,금정구,부산광역시 금정구 금성동 554-1 금정산성 막걸리 찾아가는 양조장,35.250417,129.056476,부산 산성마을,20230101,"곡자화시, 곡자제조장, 산성누룩, 재래종 밀",F,미디어 & 엔터테인먼트/음악 애호가/팝 음악 팬,18,17,20231230
20231200308,"동양 최초의 바다 밑 터널, 통영 해저터널","통영반도 남단과 미륵도를 연결하는 통영 해저터널은 동양 최초의 해저터널이다. 일제강점기 이전부터 통영으로 이주해온 일본인 이주 어민들은 연안에서 어로 활동을 하며 물고기 떼를 쫓아 빠르게 이동할 필요가 있었는데, 미륵도와 통영 사이의 해협이 너무 좁아 미륵도를 빙 돌아 가야 하는 불편함이 있었다. 그래서 일제는 1932년 통영운하를 완공했다. 통영운하 개통 후 운하를 건너다니도록 하기 위해 교량 대신 만든 것이 해저터널이다. 터널을 만든 지역은 판데목이라는 곳인데, 임진왜란 한산대첩 때 많은 왜군이 이순신의 학익진에 대패해 판데목 부근에서 수장됐다고 한다. 일본인들이 조상의 유해 위로 건너다닐 수 없어서 해저터널을 팠다는 이야기도 전해진다.",공간으로 읽는 근대문화 역사유산,"빼앗긴 들, 뒤틀린 근대",https://minio.nculture.org/amsweb-opt/multimedia_assets/140/85835/93850/c/%ED%86%B5%EC%98%81-%ED%95%B4%EC%A0%80%ED%84%B0%EB%84%90-%281%29_rev-thumb.jpg,https://ncms.nculture.org/legacy/story/2936,근대-일제강점기(1910.8.22~1945.8.14),경상남도,통영시,경상남도 통영시 도남로 57-1,34.834788,128.40991,충무교,20230101,"통영 해저터널, 통영운하, 충무공 이순신, 판데목, 미륵도",F,미디어 & 엔터테인먼트/음악 애호가/팝 음악 팬,18,17,20231230
20231200309,"일제강점기 한국의 우뭇가사리로 만든 일본 과자, 양갱","양갱은 중국에서 일본에 전해져 정착된 과자로 우뭇가사리를 냉동건조시킨 한천에 팥, 설탕 등을 넣고 쪄서 만든 과자다. 양갱은 일제강점기 조선에 들어와 지금도 팔릴만큼 한국인의 과자로 정착되었다. 양갱의 원료인 우뭇가사리는 일제강점기 본격적으로 한반도 바다에서 채취되었는데 우뭇가사리가 양갱 원료 이외에 의약품, 화장품 등의 원료로 쓰였기 때문이다. 일제강점기 우뭇가사리 채취는 주로 제주도 출신 해녀들이 담당하였다. 해방 후에도 한천은 계속 만들어져 주로 외국으로 수출되었다.",근대 신문으로 보는 음식,개항 이후 들어온 음식과 식재료,https://minio.nculture.org/amsweb-opt/multimedia_assets/233/14832/2431/c/14832-thumb.jpg,https://ncms.nculture.org/legacy/story/2876,근대-일제강점기(1910.8.22~1945.8.14),경상남도,밀양시,경상남도 밀양시 산내면 봉의로 58-31,35.591708,128.880929,,20230101,"양갱, 요깡, 우뭇가사리, 한천, 제주해녀, 나카오카제과, 해태제과합명회사",F,미디어 & 엔터테인먼트/독서가,18,16,20231230
20231200310,"누룩, 국가가 통제하다.",누룩은 곡식을 발효시켜 술로 만들 때 필요한 발효제이다. 전근대 시기 누룩은 주로 밀로 만들었는데 밀 농사를 지은 농민들이 부업으로 만들어 장에서 팔았다. 일제시대 대규모로 누룩을 제조하는 공장들이 출현하였는데 농촌에서 부업으로 만드는 누룩도 공존하였다. 1930년대 일제는 누룩 제조를 특정 공장에만 허가하고 전매권을 주었다. 다양하게 만들어지던 누룩은 국가에 의해 통제되었다.,근대 신문으로 보는 음식,전통 음식과 식재료의 변화,https://minio.nculture.org/amsweb-opt/multimedia_assets/202/25909/7566/c/25909-thumb.jpg,https://ncms.nculture.org/legacy/story/2727,근대-일제강점기(1910.8.22~1945.8.14),부산광역시,금정구,부산광역시 금정구 금성동 554-1 금정산성 막걸리 찾아가는 양조장,35.250417,129.056476,부산 산성마을,20230101,"곡자화시, 곡자제조장, 산성누룩, 재래종 밀",F,미디어 & 엔터테인먼트/TV 애호가/드라마 팬,18,16,20231230
20231200311,초량 이바구길의 곡절 많은 터줏대감-부산 구 백제병원,"부산역 맞은편 초량 이바구길 초입에 위치한 백제병원 건물은 1927년 지어졌다. 백제병원은 부산 최초의 개인병원으로서, 부산부립병원, 철도병원과 함께 부산 3대 병원으로 꼽혔다. 백제병원 건물은 4층 건물과 잇달아 지은 6층 건물을 이어 붙였는데, 단층과 2~3층이 고작이던 당시 부산에서 우뚝 솟은 건물이었다. 하지만 설립자인 외과의사 최용해가 건축 과정에서 무리하게 빚을 끌어다 쓴데다 행려병자 시신으로 인체 표본을 제작해 보관하다 적발되면서, 급기야 설립자가 병원 문을 닫고 일본으로 도주하였다. 백제병원 건물은 중국인이 인수하여 봉래각이라는 청요릿집으로 개조되었다. 객실을 120개나 설치한 봉래각 또한 부산 명물로 명성을 날렸으나, 중일전쟁 이후 주인이 고국으로 돌아가면서 1942년 폐업했다. 이후 일본군 장교숙소였다가 해방 후에는 부산치안사령부, 전쟁 시기에는 중화민국 임시 대사관으로 쓰였다. 1953년 신라예식장으로 용도가 바뀌었으나, 예식장도 1960년대 중반 문을 닫았다. 1972년에는 이웃 건물에서 발생한 화재로 건물의 3분의 2가 불에 타, 5층 이상은 철거되었다. 다행히 골조와 1~2층은 옛 모습을 모두 잃지는 않았다. 2009년 새 주인이 인수하였고, 복원에 준하는 리모델링을 거쳐 2015년부터 카페 겸 문화예술 공간으로 활용되고 있다.",공간으로 읽는 근대문화 역사유산,근대 의술과 인술 사이에서,https://minio.nculture.org/amsweb-opt/3ds/228/84333/84333_thumbnail.jpg,https://ncms.nculture.org/legacy/story/783,근대-일제강점기(1910.8.22~1945.8.14),부산광역시,동구,부산 동구 초량동 460-2,35.11625252,129.0388649,부산 차이나타운,20230101,"부산 백제병원, 부산 봉래각, 최용해, 부산 신라예식장, 초량 이바구길, 브라운핸즈 카페",F,테크놀로지/기술애호가,18,16,20231230
20231200312,고종황제를 매혹시킨 커피,커피는 개항이후 조선의 궁궐인 경복궁이나 덕수궁에서 서양인을 접대할 때 사용되었다. 고종은 커피를 상당히 좋아했다. 서양인 선교사들은 커피를 가지고 한국에 왔는데 한국인에게 대접하기도 하였다. 일제시대 커피는 일반인들에게 많이 퍼져서 1930년대 후반에는 다방도 많이 생겼다. 이 시기 커피는 원두를 갈아 주전자에 끓여 체에 받쳐 걸러 먹었다. 1930년대 후반 전쟁으로 수입이 통제되면서 커피의 사용은 줄어들었다.,근대 신문으로 보는 음식,개항 이후 들어온 음식과 식재료,https://minio.nculture.org/amsweb-opt/multimedia_assets/221/14820/2419/c/14820-thumb.jpg,https://ncms.nculture.org/legacy/story/2853,근대-개항기(1864~1910),서울특별시,중구,서울특별시 중구 정동 세종대로 99,37.565807,126.975143,대불호텔,20230101,"고종황제, 다방, 원두, 선교사, 접대",F,미디어 & 엔터테인먼트/TV 대중 시청자,18,16,20231230
20231200313,일본인 거리의 의미를 묻다 - 포항 구룡포 근대문화역사거리,경상북도 포항시 구룡포는 1900년부터 일본 어부들이 어업 근거지로 삼으면서 근대 항구가 되었다. 일본인들은 일제강점기부터 본국의 지원을 받으면서 구룡포로 이주하기 시작했다. 구룡포에 정착한 일본인 가운데는 가가와현 출신이 많았다. 이들은 일본 타 지역 출신들과 경쟁관계에 있었으나 1920년대부터 1930년대 중반까지 2차례에 걸친 축항 공사를 통해 방파제를 쌓고 일본인 거리를 확장했다. 구룡포의 조선인들은 상당수가 일본 선주들에게 고용돼 어로 노동자로 일했다. 구룡포의 조선인과 일본인 거주 공간도 달랐다. 일제강점기 극소수의 일본 선주들은 전체 어획 소득의 절반가량을 가져갔다. 일본인들이 부를 늘려감에 따라 구룡포의 일본인 거리도 계속 확장됐다. 그러나 1945년 갑작스러운 패망으로 일본인은 자신들 나라로 돌아갔다. 포항시는 2011년부터 ‘구룡포 근대역사문화거리’를 조성했다. 가가와 출신 어부들의 중심인물로 구룡포에서 부를 쌓은 하시모토가 1923년 지은 일본식 집은 구룡포 근대역사관이 되었다. 그러나 문화재청은 하시모토의 집과 일본 가옥의 등록문화재 지정 신청을 보류했다. 구룡포 근대역사문화거리는 역사 인식의 측면에서 계속 비판이 제기되고 있다.,공간으로 읽는 근대문화 역사유산,근대 거리를 거닐다,https://minio.nculture.org/amsweb-opt/3ds/234/84339/84339_thumbnail.jpg,https://ncms.nculture.org/legacy/story/4534,근대-일제강점기(1910.8.22~1945.8.14),경상북도,포항시,경북 포항시 남구 구룡포읍 구룡포길 147-2,35.99079907,129.5609111,구룡포 근대 역사관,20230101,"어업, 일제강점기, 근대역사관",M,미디어 & 엔터테인먼트/TV 대중 시청자,18,16,20231230
20231200314,"일제강점기 한국의 우뭇가사리로 만든 일본 과자, 양갱","양갱은 중국에서 일본에 전해져 정착된 과자로 우뭇가사리를 냉동건조시킨 한천에 팥, 설탕 등을 넣고 쪄서 만든 과자다. 양갱은 일제강점기 조선에 들어와 지금도 팔릴만큼 한국인의 과자로 정착되었다. 양갱의 원료인 우뭇가사리는 일제강점기 본격적으로 한반도 바다에서 채취되었는데 우뭇가사리가 양갱 원료 이외에 의약품, 화장품 등의 원료로 쓰였기 때문이다. 일제강점기 우뭇가사리 채취는 주로 제주도 출신 해녀들이 담당하였다. 해방 후에도 한천은 계속 만들어져 주로 외국으로 수출되었다.",근대 신문으로 보는 음식,개항 이후 들어온 음식과 식재료,https://minio.nculture.org/amsweb-opt/multimedia_assets/233/14832/2431/c/14832-thumb.jpg,https://ncms.nculture.org/legacy/story/2876,근대-일제강점기(1910.8.22~1945.8.14),경상남도,밀양시,경상남도 밀양시 산내면 봉의로 58-31,35.591708,128.880929,,20230101,"양갱, 요깡, 우뭇가사리, 한천, 제주해녀, 나카오카제과, 해태제과합명회사",F,라이프스타일 & 취미/친환경 라이프스타일,18,15,20231230
20231200315,근대의 슬픔이 오롯이 남은 항구 - 목포 근대역사문화공간,"1897년 개항한 전라남도 목포시는 일제강점기를 거치며 조선 4대 항구이자 6대 도시로 꼽히는 근대도시로 성장했다. 현재 유달동, 만호동에 해당하는 목포의 구 도심은 일본 등 외국자본에 의해서 간척된 계획도시였다. 만호동과 유달동 일대의 번영로에 근대건축 유산이 집중되어 있다. 문화재청은 2018년 8월 6일 이 일대 11만4,038㎡(602필지)를 ‘목포 근대역사문화공간’이라는 이름으로 등록문화재 제718호로 지정했다. 기존 ‘점’(點) 단위 개별 문화재 중심의 보존에서 탈피해 문화재청이 ‘선(線)?면(面)’ 단위 문화재 등록제도를 도입한 첫 사례이다. 등록문화재로 지정된 개별 건축물은 15개로, 일본식 가옥 4곳, 구 목포부립병원 관사, 구 목포 일본기독교회, 상가주택 6곳, 구 동아부인상회 목포지점, 목포 해안로 붉은 벽돌창고, 구 목포 화신연쇄점이 포함되어 있다.",공간으로 읽는 근대문화 역사유산,근대 거리를 거닐다,https://minio.nculture.org/amsweb-opt/multimedia_assets/70/30448/22531/c/%EB%AA%A9%ED%8F%AC-%EA%B7%BC%EB%8C%80%EB%AC%B8%ED%99%94%EC%97%AD%EC%82%AC%EA%B3%B5%EA%B0%84_%EB%AA%A9%ED%8F%AC-%EB%B2%88%ED%99%94%EB%A1%9C-%EC%9D%BC%EB%B3%B8%EC%8B%9D%EA%B0%80%EC%98%A5-12019-12-07-12.45.44-thumb.jpg,https://ncms.nculture.org/legacy/story/4542,근대-일제강점기(1910.8.22~1945.8.14),전라남도,목포시,전라남도 목포시 번화로 25,34.78630756,126.3823141,동아부인상회 목포지점,20230101,"목포 구 도심, 구 동아부인상회 목포지점, 목포의 눈물",F,미디어 & 엔터테인먼트/TV 대중 시청자,18,15,20231230
20231200316,근대의 슬픔이 오롯이 남은 항구 - 목포 근대역사문화공간,"1897년 개항한 전라남도 목포시는 일제강점기를 거치며 조선 4대 항구이자 6대 도시로 꼽히는 근대도시로 성장했다. 현재 유달동, 만호동에 해당하는 목포의 구 도심은 일본 등 외국자본에 의해서 간척된 계획도시였다. 만호동과 유달동 일대의 번영로에 근대건축 유산이 집중되어 있다. 문화재청은 2018년 8월 6일 이 일대 11만4,038㎡(602필지)를 ‘목포 근대역사문화공간’이라는 이름으로 등록문화재 제718호로 지정했다. 기존 ‘점’(點) 단위 개별 문화재 중심의 보존에서 탈피해 문화재청이 ‘선(線)?면(面)’ 단위 문화재 등록제도를 도입한 첫 사례이다. 등록문화재로 지정된 개별 건축물은 15개로, 일본식 가옥 4곳, 구 목포부립병원 관사, 구 목포 일본기독교회, 상가주택 6곳, 구 동아부인상회 목포지점, 목포 해안로 붉은 벽돌창고, 구 목포 화신연쇄점이 포함되어 있다.",공간으로 읽는 근대문화 역사유산,근대 거리를 거닐다,https://minio.nculture.org/amsweb-opt/multimedia_assets/70/30448/22531/c/%EB%AA%A9%ED%8F%AC-%EA%B7%BC%EB%8C%80%EB%AC%B8%ED%99%94%EC%97%AD%EC%82%AC%EA%B3%B5%EA%B0%84_%EB%AA%A9%ED%8F%AC-%EB%B2%88%ED%99%94%EB%A1%9C-%EC%9D%BC%EB%B3%B8%EC%8B%9D%EA%B0%80%EC%98%A5-12019-12-07-12.45.44-thumb.jpg,https://ncms.nculture.org/legacy/story/4542,근대-일제강점기(1910.8.22~1945.8.14),전라남도,목포시,전라남도 목포시 번화로 25,34.78630756,126.3823141,동아부인상회 목포지점,20230101,"목포 구 도심, 구 동아부인상회 목포지점, 목포의 눈물",F,미디어 & 엔터테인먼트/영화 애호가,18,15,20231230
20231200317,근대의 슬픔이 오롯이 남은 항구 - 목포 근대역사문화공간,"1897년 개항한 전라남도 목포시는 일제강점기를 거치며 조선 4대 항구이자 6대 도시로 꼽히는 근대도시로 성장했다. 현재 유달동, 만호동에 해당하는 목포의 구 도심은 일본 등 외국자본에 의해서 간척된 계획도시였다. 만호동과 유달동 일대의 번영로에 근대건축 유산이 집중되어 있다. 문화재청은 2018년 8월 6일 이 일대 11만4,038㎡(602필지)를 ‘목포 근대역사문화공간’이라는 이름으로 등록문화재 제718호로 지정했다. 기존 ‘점’(點) 단위 개별 문화재 중심의 보존에서 탈피해 문화재청이 ‘선(線)?면(面)’ 단위 문화재 등록제도를 도입한 첫 사례이다. 등록문화재로 지정된 개별 건축물은 15개로, 일본식 가옥 4곳, 구 목포부립병원 관사, 구 목포 일본기독교회, 상가주택 6곳, 구 동아부인상회 목포지점, 목포 해안로 붉은 벽돌창고, 구 목포 화신연쇄점이 포함되어 있다.",공간으로 읽는 근대문화 역사유산,근대 거리를 거닐다,https://minio.nculture.org/amsweb-opt/multimedia_assets/70/30448/22531/c/%EB%AA%A9%ED%8F%AC-%EA%B7%BC%EB%8C%80%EB%AC%B8%ED%99%94%EC%97%AD%EC%82%AC%EA%B3%B5%EA%B0%84_%EB%AA%A9%ED%8F%AC-%EB%B2%88%ED%99%94%EB%A1%9C-%EC%9D%BC%EB%B3%B8%EC%8B%9D%EA%B0%80%EC%98%A5-12019-12-07-12.45.44-thumb.jpg,https://ncms.nculture.org/legacy/story/4542,근대-일제강점기(1910.8.22~1945.8.14),전라남도,목포시,전라남도 목포시 번화로 25,34.78630756,126.3823141,동아부인상회 목포지점,20230101,"목포 구 도심, 구 동아부인상회 목포지점, 목포의 눈물",F,뉴스 & 정치/열렬한 뉴스 독자/열렬한 정치 뉴스 독자,18,15,20231230
20231200318,"민주주의가 자라다, 인천 제물포고등학교 강당","인천 제물포고등학교 강당은 1935년 인천 공립중학교의 강당으로 세워졌다. 화강석 기단 위에 적벽돌을 쌓아 지은 건물이다. 지하 1층, 지상 1층인 외관은 간결하며 기능 중심으로 설계되었다. 내부는 너비가 15m에 이르지만, 중간 기둥 없이 하나의 공간을 이루도록 했다. 일본인 학교였던 인천 공립학교는 해방 후 학제 변경으로 1954년 제물포고등학교 강당이 되었다. 제물포고등학교 설립을 주도했고 초대 교장이었던 교육자 길영희 선생은 ‘성덕당’이라고 불리는 강당에서 전교생에게 양심적인 나라의 일꾼이 되라고 열변을 토했다고 한다. 성덕당은 당대 인사들의 특강 장소이자 학생들의 자유로운 토론의 장으로 활용되었다. 1930년대 세워졌던 옛 학교 건물들은 모두 사라졌지만, 성덕당은 남아 제물포고등학교의 역사와 전통을 상징하는 공간으로 꼽힌다.",공간으로 읽는 근대문화 역사유산,근대의 산실 학교,https://minio.nculture.org/amsweb-opt/multimedia_assets/88/14595/20088/c/14595-thumb.jpg,https://ncms.nculture.org/legacy/story/2821,근대-일제강점기(1910.8.22~1945.8.14),인천광역시,중구,인천광역시 중구 자유공원로 58-9,37.476895,126.62402,인천 제물포고등학교,20230101,"제물포고등학교, 성덕당, 길영희, 무감독시험, 등록문화재 제427호, 인천 공립중학교, 제물포고등학교 강당, 망사드르지붕, 인천 자유공원, 무감독 시험, 인천역",F,미디어 & 엔터테인먼트/영화 애호가,18,15,20231230
20231200319,일본인 거리의 의미를 묻다 - 포항 구룡포 근대문화역사거리,경상북도 포항시 구룡포는 1900년부터 일본 어부들이 어업 근거지로 삼으면서 근대 항구가 되었다. 일본인들은 일제강점기부터 본국의 지원을 받으면서 구룡포로 이주하기 시작했다. 구룡포에 정착한 일본인 가운데는 가가와현 출신이 많았다. 이들은 일본 타 지역 출신들과 경쟁관계에 있었으나 1920년대부터 1930년대 중반까지 2차례에 걸친 축항 공사를 통해 방파제를 쌓고 일본인 거리를 확장했다. 구룡포의 조선인들은 상당수가 일본 선주들에게 고용돼 어로 노동자로 일했다. 구룡포의 조선인과 일본인 거주 공간도 달랐다. 일제강점기 극소수의 일본 선주들은 전체 어획 소득의 절반가량을 가져갔다. 일본인들이 부를 늘려감에 따라 구룡포의 일본인 거리도 계속 확장됐다. 그러나 1945년 갑작스러운 패망으로 일본인은 자신들 나라로 돌아갔다. 포항시는 2011년부터 ‘구룡포 근대역사문화거리’를 조성했다. 가가와 출신 어부들의 중심인물로 구룡포에서 부를 쌓은 하시모토가 1923년 지은 일본식 집은 구룡포 근대역사관이 되었다. 그러나 문화재청은 하시모토의 집과 일본 가옥의 등록문화재 지정 신청을 보류했다. 구룡포 근대역사문화거리는 역사 인식의 측면에서 계속 비판이 제기되고 있다.,공간으로 읽는 근대문화 역사유산,근대 거리를 거닐다,https://minio.nculture.org/amsweb-opt/3ds/234/84339/84339_thumbnail.jpg,https://ncms.nculture.org/legacy/story/4534,근대-일제강점기(1910.8.22~1945.8.14),경상북도,포항시,경북 포항시 남구 구룡포읍 구룡포길 147-2,35.99079907,129.5609111,구룡포 근대 역사관,20230101,"어업, 일제강점기, 근대역사관",M,미디어 & 엔터테인먼트/음악 애호가,18,15,20231230
20231200320,바다보다 역동적인 제물포의 근대 - 인천 개항장 근대역사문화지구,"제물포는 1883년 개항 직후부터 일본과 청나라, 영국 미국 독일 프랑스 등 각국이 주도권을 잡기 위해 각축을 벌인 지역이다. 일본이 가장 먼저 조계를 설정하자, 청과 다른 나라들이 뒤따랐다. 초기 모습은 청 조계지가 일본 쪽보다 나았다. 상권에서도 청 상인들이 우세한 편이었으나, 1894년 청일전쟁에서 일본이 승리한 뒤로는 일본이 앞서기 시작했고, 1904년 러일전쟁을 거친 뒤에는 일본의 절대 우세가 확정되었다. 일본은 금융기관을 앞세워 해운업과 화물운송업을 장악했고, 인천은 일본 주도 아래 식민지 근대의 대도시로 변모하기 시작했다. 현재의 자유공원(만국공원)은 일본 조계지와 청국 조계지(훗날 인천 차이나타운)를 비롯해 개항 이후 인천 근현대사의 역동성을 답사하기 적당한 출발점이다.",공간으로 읽는 근대문화 역사유산,근대 거리를 거닐다,https://minio.nculture.org/amsweb-opt/multimedia_assets/79/30457/22671/c/%EC%9D%B8%EC%B2%9C_%EA%B7%BC%EB%8C%80%EB%AC%B8%ED%99%94%EC%9C%A0%EC%82%B0%EA%B1%B0%EB%A6%AC-%283%29-thumb.jpg,https://ncms.nculture.org/legacy/story/4549,근대-개항기(1864~1910),인천광역시,중구,인천광역시 중구 자유공원남로 25,37.47467242,126.6225672,제물포고등학교,20230101,"제물포, 자유공원, 조계지, 만국공원, 차이나타운",F,뉴스 & 정치/열렬한 뉴스 독자/열렬한 정치 뉴스 독자,18,15,20231230
20231200321,일제강점기 초밥으로 만든 김밥,"김은 조선시대부터 전라도의 특산물로 기록에 남아있지만 김밥에 대한 기록은 일제강점기 밥에 초를 넣고 계란지단, 덴부(도미살을 분홍색으로 물들인 것) 등을 속으로 하여 김에 싼다고 나온다. 식초로 간을 한 김밥은 해방 후의 신문기사에서도 그 조리법이 보인다. 오늘날의 김밥은 식초보다 참기름과 소금으로 간을 한다. 김밥의 대중화는 일제강점기 김이 어느 정도 생산되고 일본의 도시락 문화가 정착되면서 만들어졌다.",근대 신문으로 보는 음식,개항 이후 들어온 음식과 식재료,,https://ncms.nculture.org/legacy/story/2951,시대미상,,,,,,청파동,20230101,"노리마기스시, 통영김밥, 김쌈밥, 초밥, 김밥",M,뉴스 & 정치/열렬한 뉴스 독자/열렬한 정치 뉴스 독자,18,15,20231230
20231200322,"서울 최초의 근대 백화점, 미츠코시 백화점 경성지점","미츠코시 백화점 경성지점은 서울특별시에 세워진 최초의 근대식 백화점이다. 미츠코시 오복점이 1929년에 지점으로 승격되면서 본격적으로 백화점의 면모를 갖추게 되었다. 대형 백화점의 등장은 정찰제 판매, 박리다매 전략의 등장으로 우리나라 유통에 큰 변화를 불러왔다. 미츠코시 백화점은 일반 시민들에게 일상적인 공간으로 자리 잡았으나 이면에는 일제강점기 소비문화의 모순이 감춰져 있기도 했다. 현재는 서울특별시 중구 신세계백화점 본점 본관으로 사용되고 있다.",공간으로 읽는 근대문화 역사유산,"근대, 한반도에 발을 딛다",https://minio.nculture.org/amsweb-opt/multimedia_assets/125/85820/93650/c/%EA%B5%AC-%EB%AF%B8%EC%93%B0%EC%BD%94%EC%8B%9C-%EA%B2%BD%EC%84%B1%EC%A7%80%EC%A0%90-%281%29_rev-thumb.jpg,https://ncms.nculture.org/legacy/story/7134,근대-일제강점기(1910.8.22~1945.8.14),서울특별시,중구,서울특별시 중구 소공로 63,37.56091902,126.980979,신세계백화점 본점,20230101,"백화점, 미츠코시, 이상, 채만식",M,뷰티 & 웰빙/뷰티 전문가,18,14,20231230
20231200323,"누룩, 국가가 통제하다.",누룩은 곡식을 발효시켜 술로 만들 때 필요한 발효제이다. 전근대 시기 누룩은 주로 밀로 만들었는데 밀 농사를 지은 농민들이 부업으로 만들어 장에서 팔았다. 일제시대 대규모로 누룩을 제조하는 공장들이 출현하였는데 농촌에서 부업으로 만드는 누룩도 공존하였다. 1930년대 일제는 누룩 제조를 특정 공장에만 허가하고 전매권을 주었다. 다양하게 만들어지던 누룩은 국가에 의해 통제되었다.,근대 신문으로 보는 음식,전통 음식과 식재료의 변화,https://minio.nculture.org/amsweb-opt/multimedia_assets/202/25909/7566/c/25909-thumb.jpg,https://ncms.nculture.org/legacy/story/2727,근대-일제강점기(1910.8.22~1945.8.14),부산광역시,금정구,부산광역시 금정구 금성동 554-1 금정산성 막걸리 찾아가는 양조장,35.250417,129.056476,부산 산성마을,20230101,"곡자화시, 곡자제조장, 산성누룩, 재래종 밀",F,미디어 & 엔터테인먼트/음악 애호가,18,14,20231230
20231200324,우리나라 최초의 철근 콘크리트 다리  - 강원 화천 꺼먹다리,"일제강점기 말에 건설된 화천댐과 더불어 만들어진 꺼먹다리는 화천군 간동면 구만리와 화천읍 대이리를 잇는 우리나라 최초의 철근 콘크리트 교량이다. 나무로 된 상판에 검은색 콜타르를 칠한 모습에서 꺼먹다리라는 이름이 붙었다. 1940년대에 일제가 교각을 세웠고, 해방 후에는 화천지역에서 군정을 실시했던 소련이 철골을 올렸으며, 한국전쟁 당시에 남한이 다리 상판을 얹어 뜻하지 않게 3국 합작품이 된 묘한 이력을 가지고 있다. 한국전쟁 당시 파로호 전투로 인해 꺼먹다리에는 아직도 포탄과 총탄 흔적이 남아있다. 당시 전투에서 국군, 유엔군, 북한군, 중공군을 모두 합해 10만여 명이 전사했다. 수많은 전투를 치렀음에도 불구하고 건립 당시의 원형을 비교적 잘 보전하고 있는 꺼먹다리는 산업과 교량의 역사 연구에 중요한 자료로 평가된다. 다리에는 군 입대를 앞둔 남자와 그 애인이 다리 양끝에서 출발해 한가운데서 만나면 남자가 군복무를 마칠 때까지 여자가 ‘고무신을 거꾸로 신지 않는다’는 이야기가 전해지고 있다.",공간으로 읽는 근대문화 역사유산,근대를 떠받친 토목시설과 광산,,https://ncms.nculture.org/legacy/story/1016,근대-일제강점기(1910.8.22~1945.8.14),강원특별자치도,화천군,"강원도 화천군 화천읍 평화로 656 외 1필지, 간동면 구만리 산9-1",38.10342519,127.761732,파로호,20230101,"화천댐, 화천수력발전소, 파로호, 파로호전투, 대붕호, 구만리, 처녀고개, 화천전투",M,미디어 & 엔터테인먼트/음악 애호가,18,13,20231230
20231200325,인천육군조병창(仁川陸軍造兵廠),"인천육군조병창은 당시 경기도 부천군 부내면 대정리, 현 부평구 산곡동에 건립되었으며 이곳에 본부와 제1제조소가 있었다. 인천육군조병창은 제1제조소 외에도 평양역 인근에 평양제조소를 예하에 두고 있었다. 인천육군조병창의 주요 임무는 99식 소총·총검·군도 등의 생산 및 수리였다. 인천 부평에 병기공장을 건립하게 된 배경에는 1937년 시작된 중일전쟁의 장기화에 따라, “만선(滿鮮) 북지(北)에 대한 수송의 신속 안전 및 조선 내 병기 공업 능력의 비약적 발전”을 기하기 위함이었다.","한반도 유일한, 부평의 인천육군조병창 이야기",,https://minio.nculture.org/amsweb-opt/multimedia_assets/70/86030/95821/c/%EC%9D%B8%EC%B2%9C%EC%9C%A1%EA%B5%B0%EC%A1%B0%EB%B3%91%EC%B0%BD%EC%9D%98-%EB%B3%B8%EB%B6%80%EA%B1%B4%EB%AC%BC%28%EB%B3%91%EC%9B%90%29_%28%EB%B6%80%ED%8F%89%EB%AC%B8%ED%99%94%EC%9B%90%29-thumb.jpg,https://ncms.nculture.org/legacy/story/8764,,인천광역시,부평구,인천광역시 부평구 안남로 146 (부영공원),37.49590926,126.7098147,부평문화원,20230101,"인천육군조병창, 일제강점기, 고쿠라육군조병창, 아시아태평양전쟁",F,은행 및 금융/열렬한 투자자,18,13,20231230
20231200326,일본인 거리의 의미를 묻다 - 포항 구룡포 근대문화역사거리,경상북도 포항시 구룡포는 1900년부터 일본 어부들이 어업 근거지로 삼으면서 근대 항구가 되었다. 일본인들은 일제강점기부터 본국의 지원을 받으면서 구룡포로 이주하기 시작했다. 구룡포에 정착한 일본인 가운데는 가가와현 출신이 많았다. 이들은 일본 타 지역 출신들과 경쟁관계에 있었으나 1920년대부터 1930년대 중반까지 2차례에 걸친 축항 공사를 통해 방파제를 쌓고 일본인 거리를 확장했다. 구룡포의 조선인들은 상당수가 일본 선주들에게 고용돼 어로 노동자로 일했다. 구룡포의 조선인과 일본인 거주 공간도 달랐다. 일제강점기 극소수의 일본 선주들은 전체 어획 소득의 절반가량을 가져갔다. 일본인들이 부를 늘려감에 따라 구룡포의 일본인 거리도 계속 확장됐다. 그러나 1945년 갑작스러운 패망으로 일본인은 자신들 나라로 돌아갔다. 포항시는 2011년부터 ‘구룡포 근대역사문화거리’를 조성했다. 가가와 출신 어부들의 중심인물로 구룡포에서 부를 쌓은 하시모토가 1923년 지은 일본식 집은 구룡포 근대역사관이 되었다. 그러나 문화재청은 하시모토의 집과 일본 가옥의 등록문화재 지정 신청을 보류했다. 구룡포 근대역사문화거리는 역사 인식의 측면에서 계속 비판이 제기되고 있다.,공간으로 읽는 근대문화 역사유산,근대 거리를 거닐다,https://minio.nculture.org/amsweb-opt/3ds/234/84339/84339_thumbnail.jpg,https://ncms.nculture.org/legacy/story/4534,근대-일제강점기(1910.8.22~1945.8.14),경상북도,포항시,경북 포항시 남구 구룡포읍 구룡포길 147-2,35.99079907,129.5609111,구룡포 근대 역사관,20230101,"어업, 일제강점기, 근대역사관",F,미디어 & 엔터테인먼트/TV 대중 시청자,18,12,20231230
20231200327,일본인 거리의 의미를 묻다 - 포항 구룡포 근대문화역사거리,경상북도 포항시 구룡포는 1900년부터 일본 어부들이 어업 근거지로 삼으면서 근대 항구가 되었다. 일본인들은 일제강점기부터 본국의 지원을 받으면서 구룡포로 이주하기 시작했다. 구룡포에 정착한 일본인 가운데는 가가와현 출신이 많았다. 이들은 일본 타 지역 출신들과 경쟁관계에 있었으나 1920년대부터 1930년대 중반까지 2차례에 걸친 축항 공사를 통해 방파제를 쌓고 일본인 거리를 확장했다. 구룡포의 조선인들은 상당수가 일본 선주들에게 고용돼 어로 노동자로 일했다. 구룡포의 조선인과 일본인 거주 공간도 달랐다. 일제강점기 극소수의 일본 선주들은 전체 어획 소득의 절반가량을 가져갔다. 일본인들이 부를 늘려감에 따라 구룡포의 일본인 거리도 계속 확장됐다. 그러나 1945년 갑작스러운 패망으로 일본인은 자신들 나라로 돌아갔다. 포항시는 2011년부터 ‘구룡포 근대역사문화거리’를 조성했다. 가가와 출신 어부들의 중심인물로 구룡포에서 부를 쌓은 하시모토가 1923년 지은 일본식 집은 구룡포 근대역사관이 되었다. 그러나 문화재청은 하시모토의 집과 일본 가옥의 등록문화재 지정 신청을 보류했다. 구룡포 근대역사문화거리는 역사 인식의 측면에서 계속 비판이 제기되고 있다.,공간으로 읽는 근대문화 역사유산,근대 거리를 거닐다,https://minio.nculture.org/amsweb-opt/3ds/234/84339/84339_thumbnail.jpg,https://ncms.nculture.org/legacy/story/4534,근대-일제강점기(1910.8.22~1945.8.14),경상북도,포항시,경북 포항시 남구 구룡포읍 구룡포길 147-2,35.99079907,129.5609111,구룡포 근대 역사관,20230101,"어업, 일제강점기, 근대역사관",F,미디어 & 엔터테인먼트/음악 애호가/월드 뮤직 팬,18,12,20231230
20231200328,일본인 거리의 의미를 묻다 - 포항 구룡포 근대문화역사거리,경상북도 포항시 구룡포는 1900년부터 일본 어부들이 어업 근거지로 삼으면서 근대 항구가 되었다. 일본인들은 일제강점기부터 본국의 지원을 받으면서 구룡포로 이주하기 시작했다. 구룡포에 정착한 일본인 가운데는 가가와현 출신이 많았다. 이들은 일본 타 지역 출신들과 경쟁관계에 있었으나 1920년대부터 1930년대 중반까지 2차례에 걸친 축항 공사를 통해 방파제를 쌓고 일본인 거리를 확장했다. 구룡포의 조선인들은 상당수가 일본 선주들에게 고용돼 어로 노동자로 일했다. 구룡포의 조선인과 일본인 거주 공간도 달랐다. 일제강점기 극소수의 일본 선주들은 전체 어획 소득의 절반가량을 가져갔다. 일본인들이 부를 늘려감에 따라 구룡포의 일본인 거리도 계속 확장됐다. 그러나 1945년 갑작스러운 패망으로 일본인은 자신들 나라로 돌아갔다. 포항시는 2011년부터 ‘구룡포 근대역사문화거리’를 조성했다. 가가와 출신 어부들의 중심인물로 구룡포에서 부를 쌓은 하시모토가 1923년 지은 일본식 집은 구룡포 근대역사관이 되었다. 그러나 문화재청은 하시모토의 집과 일본 가옥의 등록문화재 지정 신청을 보류했다. 구룡포 근대역사문화거리는 역사 인식의 측면에서 계속 비판이 제기되고 있다.,공간으로 읽는 근대문화 역사유산,근대 거리를 거닐다,https://minio.nculture.org/amsweb-opt/3ds/234/84339/84339_thumbnail.jpg,https://ncms.nculture.org/legacy/story/4534,근대-일제강점기(1910.8.22~1945.8.14),경상북도,포항시,경북 포항시 남구 구룡포읍 구룡포길 147-2,35.99079907,129.5609111,구룡포 근대 역사관,20230101,"어업, 일제강점기, 근대역사관",F,뉴스 & 정치/열렬한 뉴스 독자/열렬한 정치 뉴스 독자,18,12,20231230
20231200329,"시를 품은 집, 윤동주 유고 보존 정병욱 가옥",전라남도 광양의 섬진강변 망덕리 정병욱 가옥은 시인 윤동주의 유고를 보존했던 집이다. 윤동주는 1941년 시집 『하늘과 바람과 별과 시』를 발간하려 했지만 뜻을 이루지 못했다. 민족?한글 탄압이 극심했던 일제의 검열에 걸릴 것이 자명했기 때문이다. 원고를 윤동주의 후배이자 벗인 정병욱이 자기 집의 마루 밑에 몰래 간직했다가 해방이 되자 책으로 펴냈다. 정병욱 가옥은 1925년에 건립된 목조슬레이트 주택이다.,공간으로 읽는 근대문화 역사유산,근현대 인물들의 공간,https://minio.nculture.org/amsweb-opt/pdfs/29/27470/27470_thumbnail.JPG,https://ncms.nculture.org/legacy/story/2916,근대-일제강점기(1910.8.22~1945.8.14),전라남도,광양시,대한민국 전라남도 광양시 진월면 망덕길 249,34.9708272,127.7590793,섬진강,20230101,"윤동주, 정병욱, 하늘과 바람과 별과 시, 후쿠오카 형무소",F,음식 & 다이닝/요리 매니아/셰프 지망생,18,12,20231230
20231200330,"시를 품은 집, 윤동주 유고 보존 정병욱 가옥",전라남도 광양의 섬진강변 망덕리 정병욱 가옥은 시인 윤동주의 유고를 보존했던 집이다. 윤동주는 1941년 시집 『하늘과 바람과 별과 시』를 발간하려 했지만 뜻을 이루지 못했다. 민족?한글 탄압이 극심했던 일제의 검열에 걸릴 것이 자명했기 때문이다. 원고를 윤동주의 후배이자 벗인 정병욱이 자기 집의 마루 밑에 몰래 간직했다가 해방이 되자 책으로 펴냈다. 정병욱 가옥은 1925년에 건립된 목조슬레이트 주택이다.,공간으로 읽는 근대문화 역사유산,근현대 인물들의 공간,https://minio.nculture.org/amsweb-opt/pdfs/29/27470/27470_thumbnail.JPG,https://ncms.nculture.org/legacy/story/2916,근대-일제강점기(1910.8.22~1945.8.14),전라남도,광양시,대한민국 전라남도 광양시 진월면 망덕길 249,34.9708272,127.7590793,섬진강,20230101,"윤동주, 정병욱, 하늘과 바람과 별과 시, 후쿠오카 형무소",M,뉴스 & 정치/열렬한 뉴스 독자/열렬한 비즈니스 뉴스 독자,18,12,20231230
20231200331,"시를 품은 집, 윤동주 유고 보존 정병욱 가옥",전라남도 광양의 섬진강변 망덕리 정병욱 가옥은 시인 윤동주의 유고를 보존했던 집이다. 윤동주는 1941년 시집 『하늘과 바람과 별과 시』를 발간하려 했지만 뜻을 이루지 못했다. 민족?한글 탄압이 극심했던 일제의 검열에 걸릴 것이 자명했기 때문이다. 원고를 윤동주의 후배이자 벗인 정병욱이 자기 집의 마루 밑에 몰래 간직했다가 해방이 되자 책으로 펴냈다. 정병욱 가옥은 1925년에 건립된 목조슬레이트 주택이다.,공간으로 읽는 근대문화 역사유산,근현대 인물들의 공간,https://minio.nculture.org/amsweb-opt/pdfs/29/27470/27470_thumbnail.JPG,https://ncms.nculture.org/legacy/story/2916,근대-일제강점기(1910.8.22~1945.8.14),전라남도,광양시,대한민국 전라남도 광양시 진월면 망덕길 249,34.9708272,127.7590793,섬진강,20230101,"윤동주, 정병욱, 하늘과 바람과 별과 시, 후쿠오카 형무소",F,뉴스 & 정치/열렬한 뉴스 독자/열렬한 정치 뉴스 독자,18,12,20231230
20231200332,"시를 품은 집, 윤동주 유고 보존 정병욱 가옥",전라남도 광양의 섬진강변 망덕리 정병욱 가옥은 시인 윤동주의 유고를 보존했던 집이다. 윤동주는 1941년 시집 『하늘과 바람과 별과 시』를 발간하려 했지만 뜻을 이루지 못했다. 민족?한글 탄압이 극심했던 일제의 검열에 걸릴 것이 자명했기 때문이다. 원고를 윤동주의 후배이자 벗인 정병욱이 자기 집의 마루 밑에 몰래 간직했다가 해방이 되자 책으로 펴냈다. 정병욱 가옥은 1925년에 건립된 목조슬레이트 주택이다.,공간으로 읽는 근대문화 역사유산,근현대 인물들의 공간,https://minio.nculture.org/amsweb-opt/pdfs/29/27470/27470_thumbnail.JPG,https://ncms.nculture.org/legacy/story/2916,근대-일제강점기(1910.8.22~1945.8.14),전라남도,광양시,대한민국 전라남도 광양시 진월면 망덕길 249,34.9708272,127.7590793,섬진강,20230101,"윤동주, 정병욱, 하늘과 바람과 별과 시, 후쿠오카 형무소",M,스포츠 & 피트니스/스포츠 팬/축구 팬,18,12,20231230
20231200333,일본 경찰의 고문으로 숨진 28세 독립운동가 - 예천 윤우식 생가,"경상북도 예천군 지보면 신풍리 남석 윤우식 선생의 생가는 16세기에 지어진 고택이다. 1922년 화재로 예전 집은 불탔고, 같은 자리에 규모를 줄여 지은 집이 현재 남아있는 기와집이다. 안채와 사랑채가 튼 입구 자로 배치되어 있고, 옆에는 사당(죽호당)이 있다. 윤우식은 1920년대 후반부터 농민운동을 벌였고, 1934년 ‘예천 무명당’이 결성될 때 참여하여 지보면의 조직을 책임졌다. ‘예천 무명당’은 농민을 넘어 각계각층의 조직을 통해 항일 독립운동을 벌이려 했던 조직이다. 예천 무명당은 1934년 초 일경에 발각되어 무더기로 체포되었고, 윤우식은 지도부 11인으로 모진 고문을 받다가 순국했다. 낙동강이 바라다 보이는 윤우식 생가는 등록문화재 제571호다.",공간으로 읽는 근대문화 역사유산,근현대 인물들의 공간,https://minio.nculture.org/amsweb-opt/3ds/19/84374/84374_thumbnail.jpg,https://ncms.nculture.org/legacy/story/4539,근대-일제강점기(1910.8.22~1945.8.14),경상북도,예천군,경상북도 예천군 지보면 신풍1리길 25,36.53849413,128.4365732,예천박물관,20230101,"남석 윤우식, 예천 무명당, 죽고서원",M,뉴스 & 정치/열렬한 뉴스 독자/연예 뉴스 매니아,18,11,20231230
20231200334,"시를 품은 집, 윤동주 유고 보존 정병욱 가옥",전라남도 광양의 섬진강변 망덕리 정병욱 가옥은 시인 윤동주의 유고를 보존했던 집이다. 윤동주는 1941년 시집 『하늘과 바람과 별과 시』를 발간하려 했지만 뜻을 이루지 못했다. 민족?한글 탄압이 극심했던 일제의 검열에 걸릴 것이 자명했기 때문이다. 원고를 윤동주의 후배이자 벗인 정병욱이 자기 집의 마루 밑에 몰래 간직했다가 해방이 되자 책으로 펴냈다. 정병욱 가옥은 1925년에 건립된 목조슬레이트 주택이다.,공간으로 읽는 근대문화 역사유산,근현대 인물들의 공간,https://minio.nculture.org/amsweb-opt/pdfs/29/27470/27470_thumbnail.JPG,https://ncms.nculture.org/legacy/story/2916,근대-일제강점기(1910.8.22~1945.8.14),전라남도,광양시,대한민국 전라남도 광양시 진월면 망덕길 249,34.9708272,127.7590793,섬진강,20230101,"윤동주, 정병욱, 하늘과 바람과 별과 시, 후쿠오카 형무소",F,미디어 & 엔터테인먼트/영화 애호가,18,11,20231230
20231200335,"일제강점기 한국의 우뭇가사리로 만든 일본 과자, 양갱","양갱은 중국에서 일본에 전해져 정착된 과자로 우뭇가사리를 냉동건조시킨 한천에 팥, 설탕 등을 넣고 쪄서 만든 과자다. 양갱은 일제강점기 조선에 들어와 지금도 팔릴만큼 한국인의 과자로 정착되었다. 양갱의 원료인 우뭇가사리는 일제강점기 본격적으로 한반도 바다에서 채취되었는데 우뭇가사리가 양갱 원료 이외에 의약품, 화장품 등의 원료로 쓰였기 때문이다. 일제강점기 우뭇가사리 채취는 주로 제주도 출신 해녀들이 담당하였다. 해방 후에도 한천은 계속 만들어져 주로 외국으로 수출되었다.",근대 신문으로 보는 음식,개항 이후 들어온 음식과 식재료,https://minio.nculture.org/amsweb-opt/multimedia_assets/233/14832/2431/c/14832-thumb.jpg,https://ncms.nculture.org/legacy/story/2876,근대-일제강점기(1910.8.22~1945.8.14),경상남도,밀양시,경상남도 밀양시 산내면 봉의로 58-31,35.591708,128.880929,,20230101,"양갱, 요깡, 우뭇가사리, 한천, 제주해녀, 나카오카제과, 해태제과합명회사",F,쇼핑객/할인족,17,17,20231230
20231200336,전통배추를 밀어내고 김치의 원료가 된 결구배추,"배추김치의 주재료인 배추는 조선시대까지 한양과 개성에서 자란 것이 유명했다. 이 배추는 배추잎이 절반정도 뭉친 반결구종으로, 무게는 결구종보다 적고 생육기간도 길었다. 임오군란 이후 중국인들이 한국땅에 살고 중국과 왕래하면서 중국의 결구배추가 들어오게 된다. 결구배추는 배추잎이 서로 감싸 완전히 뭉친 것인데 생육기간이 짧고 크기도 컸다. 일제강점기 반결구배추가 병충해에 시달리면서 결구종 배추가 보급되어 오늘날 김치를 만드는 배추는 결구종배추가 주를 이루게 되었다.",근대 신문으로 보는 음식,전통 음식과 식재료의 변화,,https://ncms.nculture.org/legacy/story/2831,근대-일제강점기(1910.8.22~1945.8.14),,,,,,덕천,20230101,"배추김치, 호배추, 결구배추",F,미디어 & 엔터테인먼트/만화 & 애니메이션 팬,17,17,20231230
20231200337,한센인 격리와 정착의 역사 - 의왕 한국한센복지협회,"경기도 의왕시 한국한센복지협회의 뿌리는 1926년 발족한 조선나병근절책연구회라고 할 수 있다. 한센인은 격리 수용하는 것이 최선이라는 당시의 인식에 따라 대규모 수용소 건설을 추진한 명망가 단체다. 격리 정책은 해방 후에도 계속되다가 1960년대 들어서야 정착촌 정책으로 바뀌었다. 1948년 대한나예방협회 역시 격리에 중점을 두었다. 한국한센복지협회는 과거 문둥병, 나병으로 불리던 질병이 2000년에 한센병으로 공식 명명됨에 따라 새로운 이름을 가지게 되었다. 의왕 한국한센복지협회는 인근 성 나자로 마을에서 50년 무상 대여한 땅에 병원과 사무실을 지었다. 1951년 모락산 자락에 자리 잡은 성 나자로 마을은 1970부터 원장으로 28년 봉직한 이경재 신부 재임 기간에 현재의 모습을 갖추었다. 한국한센복지협회와 성 나자로 마을은 문둥병이라는 차별적인 병명이 한센병으로 바뀌기까지 한센인들이 겪은 고통과 시련의 삶을 간직하고 있다.",공간으로 읽는 근대문화 역사유산,근대 의술과 인술 사이에서,https://minio.nculture.org/amsweb-opt/3ds/28/84383/84383_thumbnail.jpg,https://ncms.nculture.org/legacy/story/778,현대-현대(1945.8.15~현재),경기도,의왕시,경기도 의왕시 원골로 59,37.3619452,126.9711473,소록도 시설 (국립소록도병원),20230101,"한국한센복지협회, 성 나자로 마을, 이경재, 조선나병근절책연구회",F,음식 & 다이닝/요리 매니아/셰프 지망생,17,17,20231230
20231200338,한센인 격리와 정착의 역사 - 의왕 한국한센복지협회,"경기도 의왕시 한국한센복지협회의 뿌리는 1926년 발족한 조선나병근절책연구회라고 할 수 있다. 한센인은 격리 수용하는 것이 최선이라는 당시의 인식에 따라 대규모 수용소 건설을 추진한 명망가 단체다. 격리 정책은 해방 후에도 계속되다가 1960년대 들어서야 정착촌 정책으로 바뀌었다. 1948년 대한나예방협회 역시 격리에 중점을 두었다. 한국한센복지협회는 과거 문둥병, 나병으로 불리던 질병이 2000년에 한센병으로 공식 명명됨에 따라 새로운 이름을 가지게 되었다. 의왕 한국한센복지협회는 인근 성 나자로 마을에서 50년 무상 대여한 땅에 병원과 사무실을 지었다. 1951년 모락산 자락에 자리 잡은 성 나자로 마을은 1970부터 원장으로 28년 봉직한 이경재 신부 재임 기간에 현재의 모습을 갖추었다. 한국한센복지협회와 성 나자로 마을은 문둥병이라는 차별적인 병명이 한센병으로 바뀌기까지 한센인들이 겪은 고통과 시련의 삶을 간직하고 있다.",공간으로 읽는 근대문화 역사유산,근대 의술과 인술 사이에서,https://minio.nculture.org/amsweb-opt/3ds/28/84383/84383_thumbnail.jpg,https://ncms.nculture.org/legacy/story/778,현대-현대(1945.8.15~현재),경기도,의왕시,경기도 의왕시 원골로 59,37.3619452,126.9711473,소록도 시설 (국립소록도병원),20230101,"한국한센복지협회, 성 나자로 마을, 이경재, 조선나병근절책연구회",F,여행/여행 매니아,17,17,20231230
20231200339,초량 이바구길의 곡절 많은 터줏대감-부산 구 백제병원,"부산역 맞은편 초량 이바구길 초입에 위치한 백제병원 건물은 1927년 지어졌다. 백제병원은 부산 최초의 개인병원으로서, 부산부립병원, 철도병원과 함께 부산 3대 병원으로 꼽혔다. 백제병원 건물은 4층 건물과 잇달아 지은 6층 건물을 이어 붙였는데, 단층과 2~3층이 고작이던 당시 부산에서 우뚝 솟은 건물이었다. 하지만 설립자인 외과의사 최용해가 건축 과정에서 무리하게 빚을 끌어다 쓴데다 행려병자 시신으로 인체 표본을 제작해 보관하다 적발되면서, 급기야 설립자가 병원 문을 닫고 일본으로 도주하였다. 백제병원 건물은 중국인이 인수하여 봉래각이라는 청요릿집으로 개조되었다. 객실을 120개나 설치한 봉래각 또한 부산 명물로 명성을 날렸으나, 중일전쟁 이후 주인이 고국으로 돌아가면서 1942년 폐업했다. 이후 일본군 장교숙소였다가 해방 후에는 부산치안사령부, 전쟁 시기에는 중화민국 임시 대사관으로 쓰였다. 1953년 신라예식장으로 용도가 바뀌었으나, 예식장도 1960년대 중반 문을 닫았다. 1972년에는 이웃 건물에서 발생한 화재로 건물의 3분의 2가 불에 타, 5층 이상은 철거되었다. 다행히 골조와 1~2층은 옛 모습을 모두 잃지는 않았다. 2009년 새 주인이 인수하였고, 복원에 준하는 리모델링을 거쳐 2015년부터 카페 겸 문화예술 공간으로 활용되고 있다.",공간으로 읽는 근대문화 역사유산,근대 의술과 인술 사이에서,https://minio.nculture.org/amsweb-opt/3ds/228/84333/84333_thumbnail.jpg,https://ncms.nculture.org/legacy/story/783,근대-일제강점기(1910.8.22~1945.8.14),부산광역시,동구,부산 동구 초량동 460-2,35.11625252,129.0388649,부산 차이나타운,20230101,"부산 백제병원, 부산 봉래각, 최용해, 부산 신라예식장, 초량 이바구길, 브라운핸즈 카페",F,미디어 & 엔터테인먼트/음악 애호가/팝 음악 팬,17,17,20231230
20231200340,초량 이바구길의 곡절 많은 터줏대감-부산 구 백제병원,"부산역 맞은편 초량 이바구길 초입에 위치한 백제병원 건물은 1927년 지어졌다. 백제병원은 부산 최초의 개인병원으로서, 부산부립병원, 철도병원과 함께 부산 3대 병원으로 꼽혔다. 백제병원 건물은 4층 건물과 잇달아 지은 6층 건물을 이어 붙였는데, 단층과 2~3층이 고작이던 당시 부산에서 우뚝 솟은 건물이었다. 하지만 설립자인 외과의사 최용해가 건축 과정에서 무리하게 빚을 끌어다 쓴데다 행려병자 시신으로 인체 표본을 제작해 보관하다 적발되면서, 급기야 설립자가 병원 문을 닫고 일본으로 도주하였다. 백제병원 건물은 중국인이 인수하여 봉래각이라는 청요릿집으로 개조되었다. 객실을 120개나 설치한 봉래각 또한 부산 명물로 명성을 날렸으나, 중일전쟁 이후 주인이 고국으로 돌아가면서 1942년 폐업했다. 이후 일본군 장교숙소였다가 해방 후에는 부산치안사령부, 전쟁 시기에는 중화민국 임시 대사관으로 쓰였다. 1953년 신라예식장으로 용도가 바뀌었으나, 예식장도 1960년대 중반 문을 닫았다. 1972년에는 이웃 건물에서 발생한 화재로 건물의 3분의 2가 불에 타, 5층 이상은 철거되었다. 다행히 골조와 1~2층은 옛 모습을 모두 잃지는 않았다. 2009년 새 주인이 인수하였고, 복원에 준하는 리모델링을 거쳐 2015년부터 카페 겸 문화예술 공간으로 활용되고 있다.",공간으로 읽는 근대문화 역사유산,근대 의술과 인술 사이에서,https://minio.nculture.org/amsweb-opt/3ds/228/84333/84333_thumbnail.jpg,https://ncms.nculture.org/legacy/story/783,근대-일제강점기(1910.8.22~1945.8.14),부산광역시,동구,부산 동구 초량동 460-2,35.11625252,129.0388649,부산 차이나타운,20230101,"부산 백제병원, 부산 봉래각, 최용해, 부산 신라예식장, 초량 이바구길, 브라운핸즈 카페",F,뉴스 & 정치/열렬한 뉴스 독자/열렬한 정치 뉴스 독자,17,17,20231230
20231200341,일제시대에도 계속된 인삼전매제,"인삼은 옛날부터 만병통치약으로 먹던 산삼을 인공재배한 것이다. 인삼 밭에서 수확한 인삼을 수삼(水蔘)이라고 한다. 이 수삼을 쪄서 말린 것이 홍삼이고 그냥 말린 것이 백삼이다. 홍삼은 직삼으로 만들고 백삼은 곡삼으로 만드는데, 직삼은 개성인삼, 곡삼은 금산인삼이 대표적이다. 조선시대 홍삼은 국가가 재배부터 판매까지 직접 관리하였는데 백삼은 크게 규제하지 않았다. 백삼은 1934년 지정구역 외의 인삼 경작도 전매국의 허가를 받고, 1943년 백삼의 유통·배급도 총독부가 관리하면서 규제되었다.",근대 신문으로 보는 음식,전통 음식과 식재료의 변화,,https://ncms.nculture.org/legacy/story/2779,근대-일제강점기(1910.8.22~1945.8.14),경상북도,영주시,경상북도 영주시 풍기읍 죽령로 1378 인삼박물관,36.885943,128.479715,금산,20230101,"인삼전매제, 홍삼전매제, 직삼, 곡삼, 홍삼, 백삼",F,미디어 & 엔터테인먼트/TV 대중 시청자,17,17,20231230
20231200342,일제시대에도 계속된 인삼전매제,"인삼은 옛날부터 만병통치약으로 먹던 산삼을 인공재배한 것이다. 인삼 밭에서 수확한 인삼을 수삼(水蔘)이라고 한다. 이 수삼을 쪄서 말린 것이 홍삼이고 그냥 말린 것이 백삼이다. 홍삼은 직삼으로 만들고 백삼은 곡삼으로 만드는데, 직삼은 개성인삼, 곡삼은 금산인삼이 대표적이다. 조선시대 홍삼은 국가가 재배부터 판매까지 직접 관리하였는데 백삼은 크게 규제하지 않았다. 백삼은 1934년 지정구역 외의 인삼 경작도 전매국의 허가를 받고, 1943년 백삼의 유통·배급도 총독부가 관리하면서 규제되었다.",근대 신문으로 보는 음식,전통 음식과 식재료의 변화,,https://ncms.nculture.org/legacy/story/2779,근대-일제강점기(1910.8.22~1945.8.14),경상북도,영주시,경상북도 영주시 풍기읍 죽령로 1378 인삼박물관,36.885943,128.479715,금산,20230101,"인삼전매제, 홍삼전매제, 직삼, 곡삼, 홍삼, 백삼",F,미디어 & 엔터테인먼트/영화 애호가,17,17,20231230
20231200343,일제강점기 나타난 뻥튀기,"오늘날 뻥튀기를 만드는 기계는 일제강점기 일본에서 수입한 것이 시초이다. 이 기계는 과자장수들에게 ‘7홉이 1말이 된다’라는 문구로 광고하여 판매되었다. 백미, 현미, 수수, 조 등을 15배 이상 팽창시키는데 시간은 3분 걸리고 비용은 5리(厘)가 든다고 하였다. 뻥튀기 기계는 곡물을 쉽게 과자로 만들어주었지만 사고의 위험이 늘 있었다. 1980년대까지도 뻥튀기 기계의 사고기사가 종종 보인다. 쌀 5홉으로 뻥튀기를 하면 일반 가정집은 1년 정도 먹을 수 있었다. 1980년대 들어 과자들이 많이 나오면서 뻥튀기는 서서히 자취를 감추게 되었다.",근대 신문으로 보는 음식,개항 이후 들어온 음식과 식재료,https://minio.nculture.org/amsweb-opt/multimedia_assets/180/14779/19965/c/14779-thumb.jpg,https://ncms.nculture.org/legacy/story/2829,근대-일제강점기(1910.8.22~1945.8.14),,,,,,덕천,20230101,"뻥튀기, 곡물팽창기, 폭발",F,미디어 & 엔터테인먼트/TV 대중 시청자,17,17,20231230
20231200344,일제강점기 나타난 뻥튀기,"오늘날 뻥튀기를 만드는 기계는 일제강점기 일본에서 수입한 것이 시초이다. 이 기계는 과자장수들에게 ‘7홉이 1말이 된다’라는 문구로 광고하여 판매되었다. 백미, 현미, 수수, 조 등을 15배 이상 팽창시키는데 시간은 3분 걸리고 비용은 5리(厘)가 든다고 하였다. 뻥튀기 기계는 곡물을 쉽게 과자로 만들어주었지만 사고의 위험이 늘 있었다. 1980년대까지도 뻥튀기 기계의 사고기사가 종종 보인다. 쌀 5홉으로 뻥튀기를 하면 일반 가정집은 1년 정도 먹을 수 있었다. 1980년대 들어 과자들이 많이 나오면서 뻥튀기는 서서히 자취를 감추게 되었다.",근대 신문으로 보는 음식,개항 이후 들어온 음식과 식재료,https://minio.nculture.org/amsweb-opt/multimedia_assets/180/14779/19965/c/14779-thumb.jpg,https://ncms.nculture.org/legacy/story/2829,근대-일제강점기(1910.8.22~1945.8.14),,,,,,덕천,20230101,"뻥튀기, 곡물팽창기, 폭발",F,미디어 & 엔터테인먼트/영화 애호가,17,17,20231230
20231200345,근대의 슬픔이 오롯이 남은 항구 - 목포 근대역사문화공간,"1897년 개항한 전라남도 목포시는 일제강점기를 거치며 조선 4대 항구이자 6대 도시로 꼽히는 근대도시로 성장했다. 현재 유달동, 만호동에 해당하는 목포의 구 도심은 일본 등 외국자본에 의해서 간척된 계획도시였다. 만호동과 유달동 일대의 번영로에 근대건축 유산이 집중되어 있다. 문화재청은 2018년 8월 6일 이 일대 11만4,038㎡(602필지)를 ‘목포 근대역사문화공간’이라는 이름으로 등록문화재 제718호로 지정했다. 기존 ‘점’(點) 단위 개별 문화재 중심의 보존에서 탈피해 문화재청이 ‘선(線)?면(面)’ 단위 문화재 등록제도를 도입한 첫 사례이다. 등록문화재로 지정된 개별 건축물은 15개로, 일본식 가옥 4곳, 구 목포부립병원 관사, 구 목포 일본기독교회, 상가주택 6곳, 구 동아부인상회 목포지점, 목포 해안로 붉은 벽돌창고, 구 목포 화신연쇄점이 포함되어 있다.",공간으로 읽는 근대문화 역사유산,근대 거리를 거닐다,https://minio.nculture.org/amsweb-opt/multimedia_assets/70/30448/22531/c/%EB%AA%A9%ED%8F%AC-%EA%B7%BC%EB%8C%80%EB%AC%B8%ED%99%94%EC%97%AD%EC%82%AC%EA%B3%B5%EA%B0%84_%EB%AA%A9%ED%8F%AC-%EB%B2%88%ED%99%94%EB%A1%9C-%EC%9D%BC%EB%B3%B8%EC%8B%9D%EA%B0%80%EC%98%A5-12019-12-07-12.45.44-thumb.jpg,https://ncms.nculture.org/legacy/story/4542,근대-일제강점기(1910.8.22~1945.8.14),전라남도,목포시,전라남도 목포시 번화로 25,34.78630756,126.3823141,동아부인상회 목포지점,20230101,"목포 구 도심, 구 동아부인상회 목포지점, 목포의 눈물",M,미디어 & 엔터테인먼트/영화 애호가,17,17,20231230
20231200346,근대의 슬픔이 오롯이 남은 항구 - 목포 근대역사문화공간,"1897년 개항한 전라남도 목포시는 일제강점기를 거치며 조선 4대 항구이자 6대 도시로 꼽히는 근대도시로 성장했다. 현재 유달동, 만호동에 해당하는 목포의 구 도심은 일본 등 외국자본에 의해서 간척된 계획도시였다. 만호동과 유달동 일대의 번영로에 근대건축 유산이 집중되어 있다. 문화재청은 2018년 8월 6일 이 일대 11만4,038㎡(602필지)를 ‘목포 근대역사문화공간’이라는 이름으로 등록문화재 제718호로 지정했다. 기존 ‘점’(點) 단위 개별 문화재 중심의 보존에서 탈피해 문화재청이 ‘선(線)?면(面)’ 단위 문화재 등록제도를 도입한 첫 사례이다. 등록문화재로 지정된 개별 건축물은 15개로, 일본식 가옥 4곳, 구 목포부립병원 관사, 구 목포 일본기독교회, 상가주택 6곳, 구 동아부인상회 목포지점, 목포 해안로 붉은 벽돌창고, 구 목포 화신연쇄점이 포함되어 있다.",공간으로 읽는 근대문화 역사유산,근대 거리를 거닐다,https://minio.nculture.org/amsweb-opt/multimedia_assets/70/30448/22531/c/%EB%AA%A9%ED%8F%AC-%EA%B7%BC%EB%8C%80%EB%AC%B8%ED%99%94%EC%97%AD%EC%82%AC%EA%B3%B5%EA%B0%84_%EB%AA%A9%ED%8F%AC-%EB%B2%88%ED%99%94%EB%A1%9C-%EC%9D%BC%EB%B3%B8%EC%8B%9D%EA%B0%80%EC%98%A5-12019-12-07-12.45.44-thumb.jpg,https://ncms.nculture.org/legacy/story/4542,근대-일제강점기(1910.8.22~1945.8.14),전라남도,목포시,전라남도 목포시 번화로 25,34.78630756,126.3823141,동아부인상회 목포지점,20230101,"목포 구 도심, 구 동아부인상회 목포지점, 목포의 눈물",M,미디어 & 엔터테인먼트/TV 애호가,17,17,20231230
20231200347,근대의 슬픔이 오롯이 남은 항구 - 목포 근대역사문화공간,"1897년 개항한 전라남도 목포시는 일제강점기를 거치며 조선 4대 항구이자 6대 도시로 꼽히는 근대도시로 성장했다. 현재 유달동, 만호동에 해당하는 목포의 구 도심은 일본 등 외국자본에 의해서 간척된 계획도시였다. 만호동과 유달동 일대의 번영로에 근대건축 유산이 집중되어 있다. 문화재청은 2018년 8월 6일 이 일대 11만4,038㎡(602필지)를 ‘목포 근대역사문화공간’이라는 이름으로 등록문화재 제718호로 지정했다. 기존 ‘점’(點) 단위 개별 문화재 중심의 보존에서 탈피해 문화재청이 ‘선(線)?면(面)’ 단위 문화재 등록제도를 도입한 첫 사례이다. 등록문화재로 지정된 개별 건축물은 15개로, 일본식 가옥 4곳, 구 목포부립병원 관사, 구 목포 일본기독교회, 상가주택 6곳, 구 동아부인상회 목포지점, 목포 해안로 붉은 벽돌창고, 구 목포 화신연쇄점이 포함되어 있다.",공간으로 읽는 근대문화 역사유산,근대 거리를 거닐다,https://minio.nculture.org/amsweb-opt/multimedia_assets/70/30448/22531/c/%EB%AA%A9%ED%8F%AC-%EA%B7%BC%EB%8C%80%EB%AC%B8%ED%99%94%EC%97%AD%EC%82%AC%EA%B3%B5%EA%B0%84_%EB%AA%A9%ED%8F%AC-%EB%B2%88%ED%99%94%EB%A1%9C-%EC%9D%BC%EB%B3%B8%EC%8B%9D%EA%B0%80%EC%98%A5-12019-12-07-12.45.44-thumb.jpg,https://ncms.nculture.org/legacy/story/4542,근대-일제강점기(1910.8.22~1945.8.14),전라남도,목포시,전라남도 목포시 번화로 25,34.78630756,126.3823141,동아부인상회 목포지점,20230101,"목포 구 도심, 구 동아부인상회 목포지점, 목포의 눈물",M,테크놀로지/기술애호가,17,17,20231230
20231200348,국가폭력의 근대화 - 안산 선감학원 자리,"경기도 단원구 선감동에 일제 강점기 말 설치된 선감학원은 ‘부랑아 수용소’였다. 식민지 행정 기관과 경찰은 길거리에서 자의적 잣대로 청소년들을 단속해 정확한 신원 확인 없이 선감도로 보냈다. 선감도 주민들을 강제로 이주시키고 들어선 선감학원은 수용된 청소년들에게 강제 노역을 시켰다. 소년들은 가혹한 매질과 배고픔에 시달렸으며, 바다를 건너 탈출하려다가 익사한 경우도 많았다. 선감학원은 심한 구타로 숨지거나 익사한 수용생들을 암매장했다. 해방 후에도 식민지 시절의 관행은 그대로 이어뎌 1982년 폐원될 때까지 선감학원은 행정기관과 경찰이 조사 없이 보낸 하층민 청소년들을 수용했다. 현재 선감학원 자리는 경기창작센터로 변했다. 일본인 이하라 히로미츠가 1989년 자전적 소설로 선감학원의 비극을 알렸다. 하지만 지금도 선감학원에서 일어났던 참상은 완전히 밝혀지지 않았으며, 피해자들에게 보상도 이뤄지지 않고 있다.",공간으로 읽는 근대문화 역사유산,"빼앗긴 들, 뒤틀린 근대",https://minio.nculture.org/amsweb-opt/3ds/11/84366/84366_thumbnail.jpg,https://ncms.nculture.org/legacy/story/797,근대-일제강점기(1910.8.22~1945.8.14),경기도,안산시,경기도 안산시 단원구 선감로 77-7,37.22855183,126.6292286,장항제련소,20230101,"국가폭력, 선감학원, 조선소년령, 이하라 히로미츠, 경기창작센터",M,뉴스 & 정치/열렬한 뉴스 독자/연예 뉴스 매니아,17,17,20231230
20231200349,"서울 최초의 근대 백화점, 미츠코시 백화점 경성지점","미츠코시 백화점 경성지점은 서울특별시에 세워진 최초의 근대식 백화점이다. 미츠코시 오복점이 1929년에 지점으로 승격되면서 본격적으로 백화점의 면모를 갖추게 되었다. 대형 백화점의 등장은 정찰제 판매, 박리다매 전략의 등장으로 우리나라 유통에 큰 변화를 불러왔다. 미츠코시 백화점은 일반 시민들에게 일상적인 공간으로 자리 잡았으나 이면에는 일제강점기 소비문화의 모순이 감춰져 있기도 했다. 현재는 서울특별시 중구 신세계백화점 본점 본관으로 사용되고 있다.",공간으로 읽는 근대문화 역사유산,"근대, 한반도에 발을 딛다",https://minio.nculture.org/amsweb-opt/multimedia_assets/125/85820/93650/c/%EA%B5%AC-%EB%AF%B8%EC%93%B0%EC%BD%94%EC%8B%9C-%EA%B2%BD%EC%84%B1%EC%A7%80%EC%A0%90-%281%29_rev-thumb.jpg,https://ncms.nculture.org/legacy/story/7134,근대-일제강점기(1910.8.22~1945.8.14),서울특별시,중구,서울특별시 중구 소공로 63,37.56091902,126.980979,신세계백화점 본점,20230101,"백화점, 미츠코시, 이상, 채만식",M,스포츠 & 피트니스/스포츠 팬/농구 팬,17,16,20231230
20231200350,"동양 최초의 바다 밑 터널, 통영 해저터널","통영반도 남단과 미륵도를 연결하는 통영 해저터널은 동양 최초의 해저터널이다. 일제강점기 이전부터 통영으로 이주해온 일본인 이주 어민들은 연안에서 어로 활동을 하며 물고기 떼를 쫓아 빠르게 이동할 필요가 있었는데, 미륵도와 통영 사이의 해협이 너무 좁아 미륵도를 빙 돌아 가야 하는 불편함이 있었다. 그래서 일제는 1932년 통영운하를 완공했다. 통영운하 개통 후 운하를 건너다니도록 하기 위해 교량 대신 만든 것이 해저터널이다. 터널을 만든 지역은 판데목이라는 곳인데, 임진왜란 한산대첩 때 많은 왜군이 이순신의 학익진에 대패해 판데목 부근에서 수장됐다고 한다. 일본인들이 조상의 유해 위로 건너다닐 수 없어서 해저터널을 팠다는 이야기도 전해진다.",공간으로 읽는 근대문화 역사유산,"빼앗긴 들, 뒤틀린 근대",https://minio.nculture.org/amsweb-opt/multimedia_assets/140/85835/93850/c/%ED%86%B5%EC%98%81-%ED%95%B4%EC%A0%80%ED%84%B0%EB%84%90-%281%29_rev-thumb.jpg,https://ncms.nculture.org/legacy/story/2936,근대-일제강점기(1910.8.22~1945.8.14),경상남도,통영시,경상남도 통영시 도남로 57-1,34.834788,128.40991,충무교,20230101,"통영 해저터널, 통영운하, 충무공 이순신, 판데목, 미륵도",F,미디어 & 엔터테인먼트/TV 대중 시청자,17,16,20231230
20231200351,"동양 최초의 바다 밑 터널, 통영 해저터널","통영반도 남단과 미륵도를 연결하는 통영 해저터널은 동양 최초의 해저터널이다. 일제강점기 이전부터 통영으로 이주해온 일본인 이주 어민들은 연안에서 어로 활동을 하며 물고기 떼를 쫓아 빠르게 이동할 필요가 있었는데, 미륵도와 통영 사이의 해협이 너무 좁아 미륵도를 빙 돌아 가야 하는 불편함이 있었다. 그래서 일제는 1932년 통영운하를 완공했다. 통영운하 개통 후 운하를 건너다니도록 하기 위해 교량 대신 만든 것이 해저터널이다. 터널을 만든 지역은 판데목이라는 곳인데, 임진왜란 한산대첩 때 많은 왜군이 이순신의 학익진에 대패해 판데목 부근에서 수장됐다고 한다. 일본인들이 조상의 유해 위로 건너다닐 수 없어서 해저터널을 팠다는 이야기도 전해진다.",공간으로 읽는 근대문화 역사유산,"빼앗긴 들, 뒤틀린 근대",https://minio.nculture.org/amsweb-opt/multimedia_assets/140/85835/93850/c/%ED%86%B5%EC%98%81-%ED%95%B4%EC%A0%80%ED%84%B0%EB%84%90-%281%29_rev-thumb.jpg,https://ncms.nculture.org/legacy/story/2936,근대-일제강점기(1910.8.22~1945.8.14),경상남도,통영시,경상남도 통영시 도남로 57-1,34.834788,128.40991,충무교,20230101,"통영 해저터널, 통영운하, 충무공 이순신, 판데목, 미륵도",F,미디어 & 엔터테인먼트/TV 애호가,17,16,20231230
20231200352,"동양 최초의 바다 밑 터널, 통영 해저터널","통영반도 남단과 미륵도를 연결하는 통영 해저터널은 동양 최초의 해저터널이다. 일제강점기 이전부터 통영으로 이주해온 일본인 이주 어민들은 연안에서 어로 활동을 하며 물고기 떼를 쫓아 빠르게 이동할 필요가 있었는데, 미륵도와 통영 사이의 해협이 너무 좁아 미륵도를 빙 돌아 가야 하는 불편함이 있었다. 그래서 일제는 1932년 통영운하를 완공했다. 통영운하 개통 후 운하를 건너다니도록 하기 위해 교량 대신 만든 것이 해저터널이다. 터널을 만든 지역은 판데목이라는 곳인데, 임진왜란 한산대첩 때 많은 왜군이 이순신의 학익진에 대패해 판데목 부근에서 수장됐다고 한다. 일본인들이 조상의 유해 위로 건너다닐 수 없어서 해저터널을 팠다는 이야기도 전해진다.",공간으로 읽는 근대문화 역사유산,"빼앗긴 들, 뒤틀린 근대",https://minio.nculture.org/amsweb-opt/multimedia_assets/140/85835/93850/c/%ED%86%B5%EC%98%81-%ED%95%B4%EC%A0%80%ED%84%B0%EB%84%90-%281%29_rev-thumb.jpg,https://ncms.nculture.org/legacy/story/2936,근대-일제강점기(1910.8.22~1945.8.14),경상남도,통영시,경상남도 통영시 도남로 57-1,34.834788,128.40991,충무교,20230101,"통영 해저터널, 통영운하, 충무공 이순신, 판데목, 미륵도",F,미디어 & 엔터테인먼트/TV 애호가/드라마 팬,17,16,20231230
20231200353,일본인 거리의 의미를 묻다 - 포항 구룡포 근대문화역사거리,경상북도 포항시 구룡포는 1900년부터 일본 어부들이 어업 근거지로 삼으면서 근대 항구가 되었다. 일본인들은 일제강점기부터 본국의 지원을 받으면서 구룡포로 이주하기 시작했다. 구룡포에 정착한 일본인 가운데는 가가와현 출신이 많았다. 이들은 일본 타 지역 출신들과 경쟁관계에 있었으나 1920년대부터 1930년대 중반까지 2차례에 걸친 축항 공사를 통해 방파제를 쌓고 일본인 거리를 확장했다. 구룡포의 조선인들은 상당수가 일본 선주들에게 고용돼 어로 노동자로 일했다. 구룡포의 조선인과 일본인 거주 공간도 달랐다. 일제강점기 극소수의 일본 선주들은 전체 어획 소득의 절반가량을 가져갔다. 일본인들이 부를 늘려감에 따라 구룡포의 일본인 거리도 계속 확장됐다. 그러나 1945년 갑작스러운 패망으로 일본인은 자신들 나라로 돌아갔다. 포항시는 2011년부터 ‘구룡포 근대역사문화거리’를 조성했다. 가가와 출신 어부들의 중심인물로 구룡포에서 부를 쌓은 하시모토가 1923년 지은 일본식 집은 구룡포 근대역사관이 되었다. 그러나 문화재청은 하시모토의 집과 일본 가옥의 등록문화재 지정 신청을 보류했다. 구룡포 근대역사문화거리는 역사 인식의 측면에서 계속 비판이 제기되고 있다.,공간으로 읽는 근대문화 역사유산,근대 거리를 거닐다,https://minio.nculture.org/amsweb-opt/3ds/234/84339/84339_thumbnail.jpg,https://ncms.nculture.org/legacy/story/4534,근대-일제강점기(1910.8.22~1945.8.14),경상북도,포항시,경북 포항시 남구 구룡포읍 구룡포길 147-2,35.99079907,129.5609111,구룡포 근대 역사관,20230101,"어업, 일제강점기, 근대역사관",M,여행/여행 매니아,17,16,20231230
20231200354,"서울 최초의 근대 백화점, 미츠코시 백화점 경성지점","미츠코시 백화점 경성지점은 서울특별시에 세워진 최초의 근대식 백화점이다. 미츠코시 오복점이 1929년에 지점으로 승격되면서 본격적으로 백화점의 면모를 갖추게 되었다. 대형 백화점의 등장은 정찰제 판매, 박리다매 전략의 등장으로 우리나라 유통에 큰 변화를 불러왔다. 미츠코시 백화점은 일반 시민들에게 일상적인 공간으로 자리 잡았으나 이면에는 일제강점기 소비문화의 모순이 감춰져 있기도 했다. 현재는 서울특별시 중구 신세계백화점 본점 본관으로 사용되고 있다.",공간으로 읽는 근대문화 역사유산,"근대, 한반도에 발을 딛다",https://minio.nculture.org/amsweb-opt/multimedia_assets/125/85820/93650/c/%EA%B5%AC-%EB%AF%B8%EC%93%B0%EC%BD%94%EC%8B%9C-%EA%B2%BD%EC%84%B1%EC%A7%80%EC%A0%90-%281%29_rev-thumb.jpg,https://ncms.nculture.org/legacy/story/7134,근대-일제강점기(1910.8.22~1945.8.14),서울특별시,중구,서울특별시 중구 소공로 63,37.56091902,126.980979,신세계백화점 본점,20230101,"백화점, 미츠코시, 이상, 채만식",M,미디어 & 엔터테인먼트/음악 애호가/랩&힙합 팬,17,15,20231230
20231200355,"일제강점기 한국의 우뭇가사리로 만든 일본 과자, 양갱","양갱은 중국에서 일본에 전해져 정착된 과자로 우뭇가사리를 냉동건조시킨 한천에 팥, 설탕 등을 넣고 쪄서 만든 과자다. 양갱은 일제강점기 조선에 들어와 지금도 팔릴만큼 한국인의 과자로 정착되었다. 양갱의 원료인 우뭇가사리는 일제강점기 본격적으로 한반도 바다에서 채취되었는데 우뭇가사리가 양갱 원료 이외에 의약품, 화장품 등의 원료로 쓰였기 때문이다. 일제강점기 우뭇가사리 채취는 주로 제주도 출신 해녀들이 담당하였다. 해방 후에도 한천은 계속 만들어져 주로 외국으로 수출되었다.",근대 신문으로 보는 음식,개항 이후 들어온 음식과 식재료,https://minio.nculture.org/amsweb-opt/multimedia_assets/233/14832/2431/c/14832-thumb.jpg,https://ncms.nculture.org/legacy/story/2876,근대-일제강점기(1910.8.22~1945.8.14),경상남도,밀양시,경상남도 밀양시 산내면 봉의로 58-31,35.591708,128.880929,,20230101,"양갱, 요깡, 우뭇가사리, 한천, 제주해녀, 나카오카제과, 해태제과합명회사",F,라이프스타일 & 취미/사진광,17,15,20231230
20231200356,"누룩, 국가가 통제하다.",누룩은 곡식을 발효시켜 술로 만들 때 필요한 발효제이다. 전근대 시기 누룩은 주로 밀로 만들었는데 밀 농사를 지은 농민들이 부업으로 만들어 장에서 팔았다. 일제시대 대규모로 누룩을 제조하는 공장들이 출현하였는데 농촌에서 부업으로 만드는 누룩도 공존하였다. 1930년대 일제는 누룩 제조를 특정 공장에만 허가하고 전매권을 주었다. 다양하게 만들어지던 누룩은 국가에 의해 통제되었다.,근대 신문으로 보는 음식,전통 음식과 식재료의 변화,https://minio.nculture.org/amsweb-opt/multimedia_assets/202/25909/7566/c/25909-thumb.jpg,https://ncms.nculture.org/legacy/story/2727,근대-일제강점기(1910.8.22~1945.8.14),부산광역시,금정구,부산광역시 금정구 금성동 554-1 금정산성 막걸리 찾아가는 양조장,35.250417,129.056476,부산 산성마을,20230101,"곡자화시, 곡자제조장, 산성누룩, 재래종 밀",M,미디어 & 엔터테인먼트/TV 애호가,17,15,20231230
20231200357,일본 경찰의 고문으로 숨진 28세 독립운동가 - 예천 윤우식 생가,"경상북도 예천군 지보면 신풍리 남석 윤우식 선생의 생가는 16세기에 지어진 고택이다. 1922년 화재로 예전 집은 불탔고, 같은 자리에 규모를 줄여 지은 집이 현재 남아있는 기와집이다. 안채와 사랑채가 튼 입구 자로 배치되어 있고, 옆에는 사당(죽호당)이 있다. 윤우식은 1920년대 후반부터 농민운동을 벌였고, 1934년 ‘예천 무명당’이 결성될 때 참여하여 지보면의 조직을 책임졌다. ‘예천 무명당’은 농민을 넘어 각계각층의 조직을 통해 항일 독립운동을 벌이려 했던 조직이다. 예천 무명당은 1934년 초 일경에 발각되어 무더기로 체포되었고, 윤우식은 지도부 11인으로 모진 고문을 받다가 순국했다. 낙동강이 바라다 보이는 윤우식 생가는 등록문화재 제571호다.",공간으로 읽는 근대문화 역사유산,근현대 인물들의 공간,https://minio.nculture.org/amsweb-opt/3ds/19/84374/84374_thumbnail.jpg,https://ncms.nculture.org/legacy/story/4539,근대-일제강점기(1910.8.22~1945.8.14),경상북도,예천군,경상북도 예천군 지보면 신풍1리길 25,36.53849413,128.4365732,예천박물관,20230101,"남석 윤우식, 예천 무명당, 죽고서원",F,미디어 & 엔터테인먼트/TV 대중 시청자,17,15,20231230
20231200358,초량 이바구길의 곡절 많은 터줏대감-부산 구 백제병원,"부산역 맞은편 초량 이바구길 초입에 위치한 백제병원 건물은 1927년 지어졌다. 백제병원은 부산 최초의 개인병원으로서, 부산부립병원, 철도병원과 함께 부산 3대 병원으로 꼽혔다. 백제병원 건물은 4층 건물과 잇달아 지은 6층 건물을 이어 붙였는데, 단층과 2~3층이 고작이던 당시 부산에서 우뚝 솟은 건물이었다. 하지만 설립자인 외과의사 최용해가 건축 과정에서 무리하게 빚을 끌어다 쓴데다 행려병자 시신으로 인체 표본을 제작해 보관하다 적발되면서, 급기야 설립자가 병원 문을 닫고 일본으로 도주하였다. 백제병원 건물은 중국인이 인수하여 봉래각이라는 청요릿집으로 개조되었다. 객실을 120개나 설치한 봉래각 또한 부산 명물로 명성을 날렸으나, 중일전쟁 이후 주인이 고국으로 돌아가면서 1942년 폐업했다. 이후 일본군 장교숙소였다가 해방 후에는 부산치안사령부, 전쟁 시기에는 중화민국 임시 대사관으로 쓰였다. 1953년 신라예식장으로 용도가 바뀌었으나, 예식장도 1960년대 중반 문을 닫았다. 1972년에는 이웃 건물에서 발생한 화재로 건물의 3분의 2가 불에 타, 5층 이상은 철거되었다. 다행히 골조와 1~2층은 옛 모습을 모두 잃지는 않았다. 2009년 새 주인이 인수하였고, 복원에 준하는 리모델링을 거쳐 2015년부터 카페 겸 문화예술 공간으로 활용되고 있다.",공간으로 읽는 근대문화 역사유산,근대 의술과 인술 사이에서,https://minio.nculture.org/amsweb-opt/3ds/228/84333/84333_thumbnail.jpg,https://ncms.nculture.org/legacy/story/783,근대-일제강점기(1910.8.22~1945.8.14),부산광역시,동구,부산 동구 초량동 460-2,35.11625252,129.0388649,부산 차이나타운,20230101,"부산 백제병원, 부산 봉래각, 최용해, 부산 신라예식장, 초량 이바구길, 브라운핸즈 카페",F,미디어 & 엔터테인먼트/만화 & 애니메이션 팬,17,15,20231230
20231200359,일제강점기 초밥으로 만든 김밥,"김은 조선시대부터 전라도의 특산물로 기록에 남아있지만 김밥에 대한 기록은 일제강점기 밥에 초를 넣고 계란지단, 덴부(도미살을 분홍색으로 물들인 것) 등을 속으로 하여 김에 싼다고 나온다. 식초로 간을 한 김밥은 해방 후의 신문기사에서도 그 조리법이 보인다. 오늘날의 김밥은 식초보다 참기름과 소금으로 간을 한다. 김밥의 대중화는 일제강점기 김이 어느 정도 생산되고 일본의 도시락 문화가 정착되면서 만들어졌다.",근대 신문으로 보는 음식,개항 이후 들어온 음식과 식재료,,https://ncms.nculture.org/legacy/story/2951,시대미상,,,,,,청파동,20230101,"노리마기스시, 통영김밥, 김쌈밥, 초밥, 김밥",M,미디어 & 엔터테인먼트/음악 애호가/월드 뮤직 팬,17,15,20231230
20231200360,"일제강점기 한국의 우뭇가사리로 만든 일본 과자, 양갱","양갱은 중국에서 일본에 전해져 정착된 과자로 우뭇가사리를 냉동건조시킨 한천에 팥, 설탕 등을 넣고 쪄서 만든 과자다. 양갱은 일제강점기 조선에 들어와 지금도 팔릴만큼 한국인의 과자로 정착되었다. 양갱의 원료인 우뭇가사리는 일제강점기 본격적으로 한반도 바다에서 채취되었는데 우뭇가사리가 양갱 원료 이외에 의약품, 화장품 등의 원료로 쓰였기 때문이다. 일제강점기 우뭇가사리 채취는 주로 제주도 출신 해녀들이 담당하였다. 해방 후에도 한천은 계속 만들어져 주로 외국으로 수출되었다.",근대 신문으로 보는 음식,개항 이후 들어온 음식과 식재료,https://minio.nculture.org/amsweb-opt/multimedia_assets/233/14832/2431/c/14832-thumb.jpg,https://ncms.nculture.org/legacy/story/2876,근대-일제강점기(1910.8.22~1945.8.14),경상남도,밀양시,경상남도 밀양시 산내면 봉의로 58-31,35.591708,128.880929,,20230101,"양갱, 요깡, 우뭇가사리, 한천, 제주해녀, 나카오카제과, 해태제과합명회사",F,라이프스타일 & 취미/예술과 연극 애호가,17,14,20231230
20231200361,"시를 품은 집, 윤동주 유고 보존 정병욱 가옥",전라남도 광양의 섬진강변 망덕리 정병욱 가옥은 시인 윤동주의 유고를 보존했던 집이다. 윤동주는 1941년 시집 『하늘과 바람과 별과 시』를 발간하려 했지만 뜻을 이루지 못했다. 민족?한글 탄압이 극심했던 일제의 검열에 걸릴 것이 자명했기 때문이다. 원고를 윤동주의 후배이자 벗인 정병욱이 자기 집의 마루 밑에 몰래 간직했다가 해방이 되자 책으로 펴냈다. 정병욱 가옥은 1925년에 건립된 목조슬레이트 주택이다.,공간으로 읽는 근대문화 역사유산,근현대 인물들의 공간,https://minio.nculture.org/amsweb-opt/pdfs/29/27470/27470_thumbnail.JPG,https://ncms.nculture.org/legacy/story/2916,근대-일제강점기(1910.8.22~1945.8.14),전라남도,광양시,대한민국 전라남도 광양시 진월면 망덕길 249,34.9708272,127.7590793,섬진강,20230101,"윤동주, 정병욱, 하늘과 바람과 별과 시, 후쿠오카 형무소",F,뉴스 & 정치/열렬한 뉴스 독자/연예 뉴스 매니아,17,14,20231230
20231200362,바다보다 역동적인 제물포의 근대 - 인천 개항장 근대역사문화지구,"제물포는 1883년 개항 직후부터 일본과 청나라, 영국 미국 독일 프랑스 등 각국이 주도권을 잡기 위해 각축을 벌인 지역이다. 일본이 가장 먼저 조계를 설정하자, 청과 다른 나라들이 뒤따랐다. 초기 모습은 청 조계지가 일본 쪽보다 나았다. 상권에서도 청 상인들이 우세한 편이었으나, 1894년 청일전쟁에서 일본이 승리한 뒤로는 일본이 앞서기 시작했고, 1904년 러일전쟁을 거친 뒤에는 일본의 절대 우세가 확정되었다. 일본은 금융기관을 앞세워 해운업과 화물운송업을 장악했고, 인천은 일본 주도 아래 식민지 근대의 대도시로 변모하기 시작했다. 현재의 자유공원(만국공원)은 일본 조계지와 청국 조계지(훗날 인천 차이나타운)를 비롯해 개항 이후 인천 근현대사의 역동성을 답사하기 적당한 출발점이다.",공간으로 읽는 근대문화 역사유산,근대 거리를 거닐다,https://minio.nculture.org/amsweb-opt/multimedia_assets/79/30457/22671/c/%EC%9D%B8%EC%B2%9C_%EA%B7%BC%EB%8C%80%EB%AC%B8%ED%99%94%EC%9C%A0%EC%82%B0%EA%B1%B0%EB%A6%AC-%283%29-thumb.jpg,https://ncms.nculture.org/legacy/story/4549,근대-개항기(1864~1910),인천광역시,중구,인천광역시 중구 자유공원남로 25,37.47467242,126.6225672,제물포고등학교,20230101,"제물포, 자유공원, 조계지, 만국공원, 차이나타운",F,은행 및 금융/열렬한 투자자,17,14,20231230
20231200363,바다보다 역동적인 제물포의 근대 - 인천 개항장 근대역사문화지구,"제물포는 1883년 개항 직후부터 일본과 청나라, 영국 미국 독일 프랑스 등 각국이 주도권을 잡기 위해 각축을 벌인 지역이다. 일본이 가장 먼저 조계를 설정하자, 청과 다른 나라들이 뒤따랐다. 초기 모습은 청 조계지가 일본 쪽보다 나았다. 상권에서도 청 상인들이 우세한 편이었으나, 1894년 청일전쟁에서 일본이 승리한 뒤로는 일본이 앞서기 시작했고, 1904년 러일전쟁을 거친 뒤에는 일본의 절대 우세가 확정되었다. 일본은 금융기관을 앞세워 해운업과 화물운송업을 장악했고, 인천은 일본 주도 아래 식민지 근대의 대도시로 변모하기 시작했다. 현재의 자유공원(만국공원)은 일본 조계지와 청국 조계지(훗날 인천 차이나타운)를 비롯해 개항 이후 인천 근현대사의 역동성을 답사하기 적당한 출발점이다.",공간으로 읽는 근대문화 역사유산,근대 거리를 거닐다,https://minio.nculture.org/amsweb-opt/multimedia_assets/79/30457/22671/c/%EC%9D%B8%EC%B2%9C_%EA%B7%BC%EB%8C%80%EB%AC%B8%ED%99%94%EC%9C%A0%EC%82%B0%EA%B1%B0%EB%A6%AC-%283%29-thumb.jpg,https://ncms.nculture.org/legacy/story/4549,근대-개항기(1864~1910),인천광역시,중구,인천광역시 중구 자유공원남로 25,37.47467242,126.6225672,제물포고등학교,20230101,"제물포, 자유공원, 조계지, 만국공원, 차이나타운",F,미디어 & 엔터테인먼트/TV 대중 시청자,17,14,20231230
20231200364,바다보다 역동적인 제물포의 근대 - 인천 개항장 근대역사문화지구,"제물포는 1883년 개항 직후부터 일본과 청나라, 영국 미국 독일 프랑스 등 각국이 주도권을 잡기 위해 각축을 벌인 지역이다. 일본이 가장 먼저 조계를 설정하자, 청과 다른 나라들이 뒤따랐다. 초기 모습은 청 조계지가 일본 쪽보다 나았다. 상권에서도 청 상인들이 우세한 편이었으나, 1894년 청일전쟁에서 일본이 승리한 뒤로는 일본이 앞서기 시작했고, 1904년 러일전쟁을 거친 뒤에는 일본의 절대 우세가 확정되었다. 일본은 금융기관을 앞세워 해운업과 화물운송업을 장악했고, 인천은 일본 주도 아래 식민지 근대의 대도시로 변모하기 시작했다. 현재의 자유공원(만국공원)은 일본 조계지와 청국 조계지(훗날 인천 차이나타운)를 비롯해 개항 이후 인천 근현대사의 역동성을 답사하기 적당한 출발점이다.",공간으로 읽는 근대문화 역사유산,근대 거리를 거닐다,https://minio.nculture.org/amsweb-opt/multimedia_assets/79/30457/22671/c/%EC%9D%B8%EC%B2%9C_%EA%B7%BC%EB%8C%80%EB%AC%B8%ED%99%94%EC%9C%A0%EC%82%B0%EA%B1%B0%EB%A6%AC-%283%29-thumb.jpg,https://ncms.nculture.org/legacy/story/4549,근대-개항기(1864~1910),인천광역시,중구,인천광역시 중구 자유공원남로 25,37.47467242,126.6225672,제물포고등학교,20230101,"제물포, 자유공원, 조계지, 만국공원, 차이나타운",F,미디어 & 엔터테인먼트/영화 애호가,17,14,20231230
20231200365,"누룩, 국가가 통제하다.",누룩은 곡식을 발효시켜 술로 만들 때 필요한 발효제이다. 전근대 시기 누룩은 주로 밀로 만들었는데 밀 농사를 지은 농민들이 부업으로 만들어 장에서 팔았다. 일제시대 대규모로 누룩을 제조하는 공장들이 출현하였는데 농촌에서 부업으로 만드는 누룩도 공존하였다. 1930년대 일제는 누룩 제조를 특정 공장에만 허가하고 전매권을 주었다. 다양하게 만들어지던 누룩은 국가에 의해 통제되었다.,근대 신문으로 보는 음식,전통 음식과 식재료의 변화,https://minio.nculture.org/amsweb-opt/multimedia_assets/202/25909/7566/c/25909-thumb.jpg,https://ncms.nculture.org/legacy/story/2727,근대-일제강점기(1910.8.22~1945.8.14),부산광역시,금정구,부산광역시 금정구 금성동 554-1 금정산성 막걸리 찾아가는 양조장,35.250417,129.056476,부산 산성마을,20230101,"곡자화시, 곡자제조장, 산성누룩, 재래종 밀",F,라이프스타일 & 취미/예술과 연극 애호가,17,13,20231230
20231200366,‘영원한 일본의 군산’을 꿈꾸었으나 - 군산 신흥동 일본식 가옥,"전라북도 군산시 신흥동 일본식 가옥은 ‘구 히로쓰 가옥’으로 불리던 집이다. 히로쓰는 군산에서 재산을 불리고, 권력을 가졌던 인물이다. 예전에는 1925년 저택을 지었다고 알려져 있었으나, 일본인 학자가 후손 인터뷰 등을 통해 1934년 신축을 주장해, 정확한 연대가 아직 밝혀지지 않았다. 일본인 고급 주택가였던 치요다마치(현 월명동) 건너편 월명산 자락 신흥동에 지어진 이 집은 일본산 삼나무를 써서 일본식으로 건축되었다. 방 하나에 온돌을 설치해 한국식 주거문화를 일부 받아들인 흔적도 보인다. 넓은 터에 2층 본채와 객실체를 붙여지었고, 뒤뜰에는 별채를 두었다. 일본식 정원을 갖춘 신흥동 일본식 가옥은 군산의 근대역사 자취를 답사하려는 사람들에게 필수 코스로 꼽힌다. 영화 「장군의 아들」, 「타짜」에도 이 저택이 등장한다. 신흥동 일본식 가옥은 등록문화재 제183호다.",공간으로 읽는 근대문화 역사유산,"빼앗긴 들, 뒤틀린 근대",https://minio.nculture.org/amsweb-opt/3ds/238/84343/84343_thumbnail.jpg,https://ncms.nculture.org/legacy/story/1031,근대-일제강점기(1910.8.22~1945.8.14),전라북도,군산시,전북 군산시 구영1길 17,35.98614423,126.706,월명공원,20230101,"군산 신흥동 일본식 가옥, 히로쓰 가옥, 구마모트 농장, 시마타니 금고, 후지이 가즈코, 영화 타짜",M,뉴스 & 정치/열렬한 뉴스 독자/연예 뉴스 매니아,17,13,20231230
20231200367,자생의원 덕 안 본 거창 집안이 어딨노 - 거창 구 자생의원,"경상남도 거창군 거창읍 자생의원은 외과의사 성수현이 1954년 지었다. 자생의원은 성수현 원장이 2003년 진료를 그만둘 때까지 50년 가까이 지역 의료기관으로서 주민들의 건강을 돌보았다. 성 원장은 친절하고 수술 실력이 뛰어나 거창은 물론 함안, 합천, 무주에서도 환자들이 찾아왔다. 자생의원 건물은 진료와 수술이 이루어지던 본관과 사택이 일체형으로, 한밤에도 달려나가 즉시 진료할 수 있었다. 1963년엔 콘크리트 건물인 병동을 증축했다. 자생의원 건물은 거창 사람들의 기억과 추억이 저장된 공간으로서 등록문화재 제572호로 지정되었다. 성 원장의 유족들은 자생의원 건물을 거창군에 기부채납했고, 거창군은 ‘거창 근대 의료 박물관’으로 꾸며 2016년 말 개관했다. ‘거창 근대 의료 박물관’은 거창읍 창조의 거리와 시장 사이에 있다.",공간으로 읽는 근대문화 역사유산,근대 의술과 인술 사이에서,https://minio.nculture.org/amsweb-opt/3ds/32/84387/84387_thumbnail.jpg,https://ncms.nculture.org/legacy/story/776,현대-6.25전쟁(1950.6.25~1953.7.27),경상남도,거창군,경상남도 거창군 시장1길 32,35.68642353,127.9120894,거창근대의료박물관,20230101,"자생의원, 성수현, 거창 근대 의료 박물관, 거창 창조거리",F,뉴스 & 정치/열렬한 뉴스 독자/연예 뉴스 매니아,17,13,20231230
20231200368,인천육군조병창(仁川陸軍造兵廠),"인천육군조병창은 당시 경기도 부천군 부내면 대정리, 현 부평구 산곡동에 건립되었으며 이곳에 본부와 제1제조소가 있었다. 인천육군조병창은 제1제조소 외에도 평양역 인근에 평양제조소를 예하에 두고 있었다. 인천육군조병창의 주요 임무는 99식 소총·총검·군도 등의 생산 및 수리였다. 인천 부평에 병기공장을 건립하게 된 배경에는 1937년 시작된 중일전쟁의 장기화에 따라, “만선(滿鮮) 북지(北)에 대한 수송의 신속 안전 및 조선 내 병기 공업 능력의 비약적 발전”을 기하기 위함이었다.","한반도 유일한, 부평의 인천육군조병창 이야기",,https://minio.nculture.org/amsweb-opt/multimedia_assets/70/86030/95821/c/%EC%9D%B8%EC%B2%9C%EC%9C%A1%EA%B5%B0%EC%A1%B0%EB%B3%91%EC%B0%BD%EC%9D%98-%EB%B3%B8%EB%B6%80%EA%B1%B4%EB%AC%BC%28%EB%B3%91%EC%9B%90%29_%28%EB%B6%80%ED%8F%89%EB%AC%B8%ED%99%94%EC%9B%90%29-thumb.jpg,https://ncms.nculture.org/legacy/story/8764,,인천광역시,부평구,인천광역시 부평구 안남로 146 (부영공원),37.49590926,126.7098147,부평문화원,20230101,"인천육군조병창, 일제강점기, 고쿠라육군조병창, 아시아태평양전쟁",F,음식 & 다이닝/요리 매니아/셰프 지망생,17,12,20231230
20231200369,일본인 거리의 의미를 묻다 - 포항 구룡포 근대문화역사거리,경상북도 포항시 구룡포는 1900년부터 일본 어부들이 어업 근거지로 삼으면서 근대 항구가 되었다. 일본인들은 일제강점기부터 본국의 지원을 받으면서 구룡포로 이주하기 시작했다. 구룡포에 정착한 일본인 가운데는 가가와현 출신이 많았다. 이들은 일본 타 지역 출신들과 경쟁관계에 있었으나 1920년대부터 1930년대 중반까지 2차례에 걸친 축항 공사를 통해 방파제를 쌓고 일본인 거리를 확장했다. 구룡포의 조선인들은 상당수가 일본 선주들에게 고용돼 어로 노동자로 일했다. 구룡포의 조선인과 일본인 거주 공간도 달랐다. 일제강점기 극소수의 일본 선주들은 전체 어획 소득의 절반가량을 가져갔다. 일본인들이 부를 늘려감에 따라 구룡포의 일본인 거리도 계속 확장됐다. 그러나 1945년 갑작스러운 패망으로 일본인은 자신들 나라로 돌아갔다. 포항시는 2011년부터 ‘구룡포 근대역사문화거리’를 조성했다. 가가와 출신 어부들의 중심인물로 구룡포에서 부를 쌓은 하시모토가 1923년 지은 일본식 집은 구룡포 근대역사관이 되었다. 그러나 문화재청은 하시모토의 집과 일본 가옥의 등록문화재 지정 신청을 보류했다. 구룡포 근대역사문화거리는 역사 인식의 측면에서 계속 비판이 제기되고 있다.,공간으로 읽는 근대문화 역사유산,근대 거리를 거닐다,https://minio.nculture.org/amsweb-opt/3ds/234/84339/84339_thumbnail.jpg,https://ncms.nculture.org/legacy/story/4534,근대-일제강점기(1910.8.22~1945.8.14),경상북도,포항시,경북 포항시 남구 구룡포읍 구룡포길 147-2,35.99079907,129.5609111,구룡포 근대 역사관,20230101,"어업, 일제강점기, 근대역사관",F,미디어 & 엔터테인먼트/TV 애호가/드라마 팬,17,12,20231230
20231200370,우리나라 최초의 철근 콘크리트 다리  - 강원 화천 꺼먹다리,"일제강점기 말에 건설된 화천댐과 더불어 만들어진 꺼먹다리는 화천군 간동면 구만리와 화천읍 대이리를 잇는 우리나라 최초의 철근 콘크리트 교량이다. 나무로 된 상판에 검은색 콜타르를 칠한 모습에서 꺼먹다리라는 이름이 붙었다. 1940년대에 일제가 교각을 세웠고, 해방 후에는 화천지역에서 군정을 실시했던 소련이 철골을 올렸으며, 한국전쟁 당시에 남한이 다리 상판을 얹어 뜻하지 않게 3국 합작품이 된 묘한 이력을 가지고 있다. 한국전쟁 당시 파로호 전투로 인해 꺼먹다리에는 아직도 포탄과 총탄 흔적이 남아있다. 당시 전투에서 국군, 유엔군, 북한군, 중공군을 모두 합해 10만여 명이 전사했다. 수많은 전투를 치렀음에도 불구하고 건립 당시의 원형을 비교적 잘 보전하고 있는 꺼먹다리는 산업과 교량의 역사 연구에 중요한 자료로 평가된다. 다리에는 군 입대를 앞둔 남자와 그 애인이 다리 양끝에서 출발해 한가운데서 만나면 남자가 군복무를 마칠 때까지 여자가 ‘고무신을 거꾸로 신지 않는다’는 이야기가 전해지고 있다.",공간으로 읽는 근대문화 역사유산,근대를 떠받친 토목시설과 광산,,https://ncms.nculture.org/legacy/story/1016,근대-일제강점기(1910.8.22~1945.8.14),강원특별자치도,화천군,"강원도 화천군 화천읍 평화로 656 외 1필지, 간동면 구만리 산9-1",38.10342519,127.761732,파로호,20230101,"화천댐, 화천수력발전소, 파로호, 파로호전투, 대붕호, 구만리, 처녀고개, 화천전투",M,미디어 & 엔터테인먼트/TV 애호가/드라마 팬,17,11,20231230
20231200371,우리나라 최초의 철근 콘크리트 다리  - 강원 화천 꺼먹다리,"일제강점기 말에 건설된 화천댐과 더불어 만들어진 꺼먹다리는 화천군 간동면 구만리와 화천읍 대이리를 잇는 우리나라 최초의 철근 콘크리트 교량이다. 나무로 된 상판에 검은색 콜타르를 칠한 모습에서 꺼먹다리라는 이름이 붙었다. 1940년대에 일제가 교각을 세웠고, 해방 후에는 화천지역에서 군정을 실시했던 소련이 철골을 올렸으며, 한국전쟁 당시에 남한이 다리 상판을 얹어 뜻하지 않게 3국 합작품이 된 묘한 이력을 가지고 있다. 한국전쟁 당시 파로호 전투로 인해 꺼먹다리에는 아직도 포탄과 총탄 흔적이 남아있다. 당시 전투에서 국군, 유엔군, 북한군, 중공군을 모두 합해 10만여 명이 전사했다. 수많은 전투를 치렀음에도 불구하고 건립 당시의 원형을 비교적 잘 보전하고 있는 꺼먹다리는 산업과 교량의 역사 연구에 중요한 자료로 평가된다. 다리에는 군 입대를 앞둔 남자와 그 애인이 다리 양끝에서 출발해 한가운데서 만나면 남자가 군복무를 마칠 때까지 여자가 ‘고무신을 거꾸로 신지 않는다’는 이야기가 전해지고 있다.",공간으로 읽는 근대문화 역사유산,근대를 떠받친 토목시설과 광산,,https://ncms.nculture.org/legacy/story/1016,근대-일제강점기(1910.8.22~1945.8.14),강원특별자치도,화천군,"강원도 화천군 화천읍 평화로 656 외 1필지, 간동면 구만리 산9-1",38.10342519,127.761732,파로호,20230101,"화천댐, 화천수력발전소, 파로호, 파로호전투, 대붕호, 구만리, 처녀고개, 화천전투",M,스포츠 & 피트니스/스포츠 팬,17,11,20231230
20231200372,"시를 품은 집, 윤동주 유고 보존 정병욱 가옥",전라남도 광양의 섬진강변 망덕리 정병욱 가옥은 시인 윤동주의 유고를 보존했던 집이다. 윤동주는 1941년 시집 『하늘과 바람과 별과 시』를 발간하려 했지만 뜻을 이루지 못했다. 민족?한글 탄압이 극심했던 일제의 검열에 걸릴 것이 자명했기 때문이다. 원고를 윤동주의 후배이자 벗인 정병욱이 자기 집의 마루 밑에 몰래 간직했다가 해방이 되자 책으로 펴냈다. 정병욱 가옥은 1925년에 건립된 목조슬레이트 주택이다.,공간으로 읽는 근대문화 역사유산,근현대 인물들의 공간,https://minio.nculture.org/amsweb-opt/pdfs/29/27470/27470_thumbnail.JPG,https://ncms.nculture.org/legacy/story/2916,근대-일제강점기(1910.8.22~1945.8.14),전라남도,광양시,대한민국 전라남도 광양시 진월면 망덕길 249,34.9708272,127.7590793,섬진강,20230101,"윤동주, 정병욱, 하늘과 바람과 별과 시, 후쿠오카 형무소",F,미디어 & 엔터테인먼트/TV 대중 시청자,17,10,20231230
20231200373,바다보다 역동적인 제물포의 근대 - 인천 개항장 근대역사문화지구,"제물포는 1883년 개항 직후부터 일본과 청나라, 영국 미국 독일 프랑스 등 각국이 주도권을 잡기 위해 각축을 벌인 지역이다. 일본이 가장 먼저 조계를 설정하자, 청과 다른 나라들이 뒤따랐다. 초기 모습은 청 조계지가 일본 쪽보다 나았다. 상권에서도 청 상인들이 우세한 편이었으나, 1894년 청일전쟁에서 일본이 승리한 뒤로는 일본이 앞서기 시작했고, 1904년 러일전쟁을 거친 뒤에는 일본의 절대 우세가 확정되었다. 일본은 금융기관을 앞세워 해운업과 화물운송업을 장악했고, 인천은 일본 주도 아래 식민지 근대의 대도시로 변모하기 시작했다. 현재의 자유공원(만국공원)은 일본 조계지와 청국 조계지(훗날 인천 차이나타운)를 비롯해 개항 이후 인천 근현대사의 역동성을 답사하기 적당한 출발점이다.",공간으로 읽는 근대문화 역사유산,근대 거리를 거닐다,https://minio.nculture.org/amsweb-opt/multimedia_assets/79/30457/22671/c/%EC%9D%B8%EC%B2%9C_%EA%B7%BC%EB%8C%80%EB%AC%B8%ED%99%94%EC%9C%A0%EC%82%B0%EA%B1%B0%EB%A6%AC-%283%29-thumb.jpg,https://ncms.nculture.org/legacy/story/4549,근대-개항기(1864~1910),인천광역시,중구,인천광역시 중구 자유공원남로 25,37.47467242,126.6225672,제물포고등학교,20230101,"제물포, 자유공원, 조계지, 만국공원, 차이나타운",F,미디어 & 엔터테인먼트/음악 애호가,17,10,20231230
20231200374,전통배추를 밀어내고 김치의 원료가 된 결구배추,"배추김치의 주재료인 배추는 조선시대까지 한양과 개성에서 자란 것이 유명했다. 이 배추는 배추잎이 절반정도 뭉친 반결구종으로, 무게는 결구종보다 적고 생육기간도 길었다. 임오군란 이후 중국인들이 한국땅에 살고 중국과 왕래하면서 중국의 결구배추가 들어오게 된다. 결구배추는 배추잎이 서로 감싸 완전히 뭉친 것인데 생육기간이 짧고 크기도 컸다. 일제강점기 반결구배추가 병충해에 시달리면서 결구종 배추가 보급되어 오늘날 김치를 만드는 배추는 결구종배추가 주를 이루게 되었다.",근대 신문으로 보는 음식,전통 음식과 식재료의 변화,,https://ncms.nculture.org/legacy/story/2831,근대-일제강점기(1910.8.22~1945.8.14),,,,,,덕천,20230101,"배추김치, 호배추, 결구배추",M,라이프스타일 & 취미/예술과 연극 애호가,16,16,20231230
20231200375,"동양 최초의 바다 밑 터널, 통영 해저터널","통영반도 남단과 미륵도를 연결하는 통영 해저터널은 동양 최초의 해저터널이다. 일제강점기 이전부터 통영으로 이주해온 일본인 이주 어민들은 연안에서 어로 활동을 하며 물고기 떼를 쫓아 빠르게 이동할 필요가 있었는데, 미륵도와 통영 사이의 해협이 너무 좁아 미륵도를 빙 돌아 가야 하는 불편함이 있었다. 그래서 일제는 1932년 통영운하를 완공했다. 통영운하 개통 후 운하를 건너다니도록 하기 위해 교량 대신 만든 것이 해저터널이다. 터널을 만든 지역은 판데목이라는 곳인데, 임진왜란 한산대첩 때 많은 왜군이 이순신의 학익진에 대패해 판데목 부근에서 수장됐다고 한다. 일본인들이 조상의 유해 위로 건너다닐 수 없어서 해저터널을 팠다는 이야기도 전해진다.",공간으로 읽는 근대문화 역사유산,"빼앗긴 들, 뒤틀린 근대",https://minio.nculture.org/amsweb-opt/multimedia_assets/140/85835/93850/c/%ED%86%B5%EC%98%81-%ED%95%B4%EC%A0%80%ED%84%B0%EB%84%90-%281%29_rev-thumb.jpg,https://ncms.nculture.org/legacy/story/2936,근대-일제강점기(1910.8.22~1945.8.14),경상남도,통영시,경상남도 통영시 도남로 57-1,34.834788,128.40991,충무교,20230101,"통영 해저터널, 통영운하, 충무공 이순신, 판데목, 미륵도",M,미디어 & 엔터테인먼트/만화 & 애니메이션 팬,16,16,20231230
20231200376,"동양 최초의 바다 밑 터널, 통영 해저터널","통영반도 남단과 미륵도를 연결하는 통영 해저터널은 동양 최초의 해저터널이다. 일제강점기 이전부터 통영으로 이주해온 일본인 이주 어민들은 연안에서 어로 활동을 하며 물고기 떼를 쫓아 빠르게 이동할 필요가 있었는데, 미륵도와 통영 사이의 해협이 너무 좁아 미륵도를 빙 돌아 가야 하는 불편함이 있었다. 그래서 일제는 1932년 통영운하를 완공했다. 통영운하 개통 후 운하를 건너다니도록 하기 위해 교량 대신 만든 것이 해저터널이다. 터널을 만든 지역은 판데목이라는 곳인데, 임진왜란 한산대첩 때 많은 왜군이 이순신의 학익진에 대패해 판데목 부근에서 수장됐다고 한다. 일본인들이 조상의 유해 위로 건너다닐 수 없어서 해저터널을 팠다는 이야기도 전해진다.",공간으로 읽는 근대문화 역사유산,"빼앗긴 들, 뒤틀린 근대",https://minio.nculture.org/amsweb-opt/multimedia_assets/140/85835/93850/c/%ED%86%B5%EC%98%81-%ED%95%B4%EC%A0%80%ED%84%B0%EB%84%90-%281%29_rev-thumb.jpg,https://ncms.nculture.org/legacy/story/2936,근대-일제강점기(1910.8.22~1945.8.14),경상남도,통영시,경상남도 통영시 도남로 57-1,34.834788,128.40991,충무교,20230101,"통영 해저터널, 통영운하, 충무공 이순신, 판데목, 미륵도",M,테크놀로지/모바일 매니아,16,16,20231230
20231200377,한센인 격리와 정착의 역사 - 의왕 한국한센복지협회,"경기도 의왕시 한국한센복지협회의 뿌리는 1926년 발족한 조선나병근절책연구회라고 할 수 있다. 한센인은 격리 수용하는 것이 최선이라는 당시의 인식에 따라 대규모 수용소 건설을 추진한 명망가 단체다. 격리 정책은 해방 후에도 계속되다가 1960년대 들어서야 정착촌 정책으로 바뀌었다. 1948년 대한나예방협회 역시 격리에 중점을 두었다. 한국한센복지협회는 과거 문둥병, 나병으로 불리던 질병이 2000년에 한센병으로 공식 명명됨에 따라 새로운 이름을 가지게 되었다. 의왕 한국한센복지협회는 인근 성 나자로 마을에서 50년 무상 대여한 땅에 병원과 사무실을 지었다. 1951년 모락산 자락에 자리 잡은 성 나자로 마을은 1970부터 원장으로 28년 봉직한 이경재 신부 재임 기간에 현재의 모습을 갖추었다. 한국한센복지협회와 성 나자로 마을은 문둥병이라는 차별적인 병명이 한센병으로 바뀌기까지 한센인들이 겪은 고통과 시련의 삶을 간직하고 있다.",공간으로 읽는 근대문화 역사유산,근대 의술과 인술 사이에서,https://minio.nculture.org/amsweb-opt/3ds/28/84383/84383_thumbnail.jpg,https://ncms.nculture.org/legacy/story/778,현대-현대(1945.8.15~현재),경기도,의왕시,경기도 의왕시 원골로 59,37.3619452,126.9711473,소록도 시설 (국립소록도병원),20230101,"한국한센복지협회, 성 나자로 마을, 이경재, 조선나병근절책연구회",F,은행 및 금융/열렬한 투자자,16,16,20231230
20231200378,한센인 격리와 정착의 역사 - 의왕 한국한센복지협회,"경기도 의왕시 한국한센복지협회의 뿌리는 1926년 발족한 조선나병근절책연구회라고 할 수 있다. 한센인은 격리 수용하는 것이 최선이라는 당시의 인식에 따라 대규모 수용소 건설을 추진한 명망가 단체다. 격리 정책은 해방 후에도 계속되다가 1960년대 들어서야 정착촌 정책으로 바뀌었다. 1948년 대한나예방협회 역시 격리에 중점을 두었다. 한국한센복지협회는 과거 문둥병, 나병으로 불리던 질병이 2000년에 한센병으로 공식 명명됨에 따라 새로운 이름을 가지게 되었다. 의왕 한국한센복지협회는 인근 성 나자로 마을에서 50년 무상 대여한 땅에 병원과 사무실을 지었다. 1951년 모락산 자락에 자리 잡은 성 나자로 마을은 1970부터 원장으로 28년 봉직한 이경재 신부 재임 기간에 현재의 모습을 갖추었다. 한국한센복지협회와 성 나자로 마을은 문둥병이라는 차별적인 병명이 한센병으로 바뀌기까지 한센인들이 겪은 고통과 시련의 삶을 간직하고 있다.",공간으로 읽는 근대문화 역사유산,근대 의술과 인술 사이에서,https://minio.nculture.org/amsweb-opt/3ds/28/84383/84383_thumbnail.jpg,https://ncms.nculture.org/legacy/story/778,현대-현대(1945.8.15~현재),경기도,의왕시,경기도 의왕시 원골로 59,37.3619452,126.9711473,소록도 시설 (국립소록도병원),20230101,"한국한센복지협회, 성 나자로 마을, 이경재, 조선나병근절책연구회",F,미디어 & 엔터테인먼트/음악 애호가/월드 뮤직 팬,16,16,20231230
20231200379,일제시대에도 계속된 인삼전매제,"인삼은 옛날부터 만병통치약으로 먹던 산삼을 인공재배한 것이다. 인삼 밭에서 수확한 인삼을 수삼(水蔘)이라고 한다. 이 수삼을 쪄서 말린 것이 홍삼이고 그냥 말린 것이 백삼이다. 홍삼은 직삼으로 만들고 백삼은 곡삼으로 만드는데, 직삼은 개성인삼, 곡삼은 금산인삼이 대표적이다. 조선시대 홍삼은 국가가 재배부터 판매까지 직접 관리하였는데 백삼은 크게 규제하지 않았다. 백삼은 1934년 지정구역 외의 인삼 경작도 전매국의 허가를 받고, 1943년 백삼의 유통·배급도 총독부가 관리하면서 규제되었다.",근대 신문으로 보는 음식,전통 음식과 식재료의 변화,,https://ncms.nculture.org/legacy/story/2779,근대-일제강점기(1910.8.22~1945.8.14),경상북도,영주시,경상북도 영주시 풍기읍 죽령로 1378 인삼박물관,36.885943,128.479715,금산,20230101,"인삼전매제, 홍삼전매제, 직삼, 곡삼, 홍삼, 백삼",F,미디어 & 엔터테인먼트/음악 애호가/월드 뮤직 팬,16,16,20231230
20231200380,일제강점기 나타난 뻥튀기,"오늘날 뻥튀기를 만드는 기계는 일제강점기 일본에서 수입한 것이 시초이다. 이 기계는 과자장수들에게 ‘7홉이 1말이 된다’라는 문구로 광고하여 판매되었다. 백미, 현미, 수수, 조 등을 15배 이상 팽창시키는데 시간은 3분 걸리고 비용은 5리(厘)가 든다고 하였다. 뻥튀기 기계는 곡물을 쉽게 과자로 만들어주었지만 사고의 위험이 늘 있었다. 1980년대까지도 뻥튀기 기계의 사고기사가 종종 보인다. 쌀 5홉으로 뻥튀기를 하면 일반 가정집은 1년 정도 먹을 수 있었다. 1980년대 들어 과자들이 많이 나오면서 뻥튀기는 서서히 자취를 감추게 되었다.",근대 신문으로 보는 음식,개항 이후 들어온 음식과 식재료,https://minio.nculture.org/amsweb-opt/multimedia_assets/180/14779/19965/c/14779-thumb.jpg,https://ncms.nculture.org/legacy/story/2829,근대-일제강점기(1910.8.22~1945.8.14),,,,,,덕천,20230101,"뻥튀기, 곡물팽창기, 폭발",F,뉴스 & 정치/열렬한 뉴스 독자/열렬한 정치 뉴스 독자,16,16,20231230
20231200381,근대의 슬픔이 오롯이 남은 항구 - 목포 근대역사문화공간,"1897년 개항한 전라남도 목포시는 일제강점기를 거치며 조선 4대 항구이자 6대 도시로 꼽히는 근대도시로 성장했다. 현재 유달동, 만호동에 해당하는 목포의 구 도심은 일본 등 외국자본에 의해서 간척된 계획도시였다. 만호동과 유달동 일대의 번영로에 근대건축 유산이 집중되어 있다. 문화재청은 2018년 8월 6일 이 일대 11만4,038㎡(602필지)를 ‘목포 근대역사문화공간’이라는 이름으로 등록문화재 제718호로 지정했다. 기존 ‘점’(點) 단위 개별 문화재 중심의 보존에서 탈피해 문화재청이 ‘선(線)?면(面)’ 단위 문화재 등록제도를 도입한 첫 사례이다. 등록문화재로 지정된 개별 건축물은 15개로, 일본식 가옥 4곳, 구 목포부립병원 관사, 구 목포 일본기독교회, 상가주택 6곳, 구 동아부인상회 목포지점, 목포 해안로 붉은 벽돌창고, 구 목포 화신연쇄점이 포함되어 있다.",공간으로 읽는 근대문화 역사유산,근대 거리를 거닐다,https://minio.nculture.org/amsweb-opt/multimedia_assets/70/30448/22531/c/%EB%AA%A9%ED%8F%AC-%EA%B7%BC%EB%8C%80%EB%AC%B8%ED%99%94%EC%97%AD%EC%82%AC%EA%B3%B5%EA%B0%84_%EB%AA%A9%ED%8F%AC-%EB%B2%88%ED%99%94%EB%A1%9C-%EC%9D%BC%EB%B3%B8%EC%8B%9D%EA%B0%80%EC%98%A5-12019-12-07-12.45.44-thumb.jpg,https://ncms.nculture.org/legacy/story/4542,근대-일제강점기(1910.8.22~1945.8.14),전라남도,목포시,전라남도 목포시 번화로 25,34.78630756,126.3823141,동아부인상회 목포지점,20230101,"목포 구 도심, 구 동아부인상회 목포지점, 목포의 눈물",M,은행 및 금융/열렬한 투자자,16,16,20231230
20231200382,근대의 슬픔이 오롯이 남은 항구 - 목포 근대역사문화공간,"1897년 개항한 전라남도 목포시는 일제강점기를 거치며 조선 4대 항구이자 6대 도시로 꼽히는 근대도시로 성장했다. 현재 유달동, 만호동에 해당하는 목포의 구 도심은 일본 등 외국자본에 의해서 간척된 계획도시였다. 만호동과 유달동 일대의 번영로에 근대건축 유산이 집중되어 있다. 문화재청은 2018년 8월 6일 이 일대 11만4,038㎡(602필지)를 ‘목포 근대역사문화공간’이라는 이름으로 등록문화재 제718호로 지정했다. 기존 ‘점’(點) 단위 개별 문화재 중심의 보존에서 탈피해 문화재청이 ‘선(線)?면(面)’ 단위 문화재 등록제도를 도입한 첫 사례이다. 등록문화재로 지정된 개별 건축물은 15개로, 일본식 가옥 4곳, 구 목포부립병원 관사, 구 목포 일본기독교회, 상가주택 6곳, 구 동아부인상회 목포지점, 목포 해안로 붉은 벽돌창고, 구 목포 화신연쇄점이 포함되어 있다.",공간으로 읽는 근대문화 역사유산,근대 거리를 거닐다,https://minio.nculture.org/amsweb-opt/multimedia_assets/70/30448/22531/c/%EB%AA%A9%ED%8F%AC-%EA%B7%BC%EB%8C%80%EB%AC%B8%ED%99%94%EC%97%AD%EC%82%AC%EA%B3%B5%EA%B0%84_%EB%AA%A9%ED%8F%AC-%EB%B2%88%ED%99%94%EB%A1%9C-%EC%9D%BC%EB%B3%B8%EC%8B%9D%EA%B0%80%EC%98%A5-12019-12-07-12.45.44-thumb.jpg,https://ncms.nculture.org/legacy/story/4542,근대-일제강점기(1910.8.22~1945.8.14),전라남도,목포시,전라남도 목포시 번화로 25,34.78630756,126.3823141,동아부인상회 목포지점,20230101,"목포 구 도심, 구 동아부인상회 목포지점, 목포의 눈물",M,미디어 & 엔터테인먼트/TV 대중 시청자,16,16,20231230
20231200383,근대의 슬픔이 오롯이 남은 항구 - 목포 근대역사문화공간,"1897년 개항한 전라남도 목포시는 일제강점기를 거치며 조선 4대 항구이자 6대 도시로 꼽히는 근대도시로 성장했다. 현재 유달동, 만호동에 해당하는 목포의 구 도심은 일본 등 외국자본에 의해서 간척된 계획도시였다. 만호동과 유달동 일대의 번영로에 근대건축 유산이 집중되어 있다. 문화재청은 2018년 8월 6일 이 일대 11만4,038㎡(602필지)를 ‘목포 근대역사문화공간’이라는 이름으로 등록문화재 제718호로 지정했다. 기존 ‘점’(點) 단위 개별 문화재 중심의 보존에서 탈피해 문화재청이 ‘선(線)?면(面)’ 단위 문화재 등록제도를 도입한 첫 사례이다. 등록문화재로 지정된 개별 건축물은 15개로, 일본식 가옥 4곳, 구 목포부립병원 관사, 구 목포 일본기독교회, 상가주택 6곳, 구 동아부인상회 목포지점, 목포 해안로 붉은 벽돌창고, 구 목포 화신연쇄점이 포함되어 있다.",공간으로 읽는 근대문화 역사유산,근대 거리를 거닐다,https://minio.nculture.org/amsweb-opt/multimedia_assets/70/30448/22531/c/%EB%AA%A9%ED%8F%AC-%EA%B7%BC%EB%8C%80%EB%AC%B8%ED%99%94%EC%97%AD%EC%82%AC%EA%B3%B5%EA%B0%84_%EB%AA%A9%ED%8F%AC-%EB%B2%88%ED%99%94%EB%A1%9C-%EC%9D%BC%EB%B3%B8%EC%8B%9D%EA%B0%80%EC%98%A5-12019-12-07-12.45.44-thumb.jpg,https://ncms.nculture.org/legacy/story/4542,근대-일제강점기(1910.8.22~1945.8.14),전라남도,목포시,전라남도 목포시 번화로 25,34.78630756,126.3823141,동아부인상회 목포지점,20230101,"목포 구 도심, 구 동아부인상회 목포지점, 목포의 눈물",M,미디어 & 엔터테인먼트/음악 애호가/월드 뮤직 팬,16,16,20231230
20231200384,고종황제를 매혹시킨 커피,커피는 개항이후 조선의 궁궐인 경복궁이나 덕수궁에서 서양인을 접대할 때 사용되었다. 고종은 커피를 상당히 좋아했다. 서양인 선교사들은 커피를 가지고 한국에 왔는데 한국인에게 대접하기도 하였다. 일제시대 커피는 일반인들에게 많이 퍼져서 1930년대 후반에는 다방도 많이 생겼다. 이 시기 커피는 원두를 갈아 주전자에 끓여 체에 받쳐 걸러 먹었다. 1930년대 후반 전쟁으로 수입이 통제되면서 커피의 사용은 줄어들었다.,근대 신문으로 보는 음식,개항 이후 들어온 음식과 식재료,https://minio.nculture.org/amsweb-opt/multimedia_assets/221/14820/2419/c/14820-thumb.jpg,https://ncms.nculture.org/legacy/story/2853,근대-개항기(1864~1910),서울특별시,중구,서울특별시 중구 정동 세종대로 99,37.565807,126.975143,대불호텔,20230101,"고종황제, 다방, 원두, 선교사, 접대",M,미디어 & 엔터테인먼트/TV 대중 시청자,16,16,20231230
20231200385,고종황제를 매혹시킨 커피,커피는 개항이후 조선의 궁궐인 경복궁이나 덕수궁에서 서양인을 접대할 때 사용되었다. 고종은 커피를 상당히 좋아했다. 서양인 선교사들은 커피를 가지고 한국에 왔는데 한국인에게 대접하기도 하였다. 일제시대 커피는 일반인들에게 많이 퍼져서 1930년대 후반에는 다방도 많이 생겼다. 이 시기 커피는 원두를 갈아 주전자에 끓여 체에 받쳐 걸러 먹었다. 1930년대 후반 전쟁으로 수입이 통제되면서 커피의 사용은 줄어들었다.,근대 신문으로 보는 음식,개항 이후 들어온 음식과 식재료,https://minio.nculture.org/amsweb-opt/multimedia_assets/221/14820/2419/c/14820-thumb.jpg,https://ncms.nculture.org/legacy/story/2853,근대-개항기(1864~1910),서울특별시,중구,서울특별시 중구 정동 세종대로 99,37.565807,126.975143,대불호텔,20230101,"고종황제, 다방, 원두, 선교사, 접대",M,미디어 & 엔터테인먼트/음악 애호가/월드 뮤직 팬,16,16,20231230
20231200386,국가폭력의 근대화 - 안산 선감학원 자리,"경기도 단원구 선감동에 일제 강점기 말 설치된 선감학원은 ‘부랑아 수용소’였다. 식민지 행정 기관과 경찰은 길거리에서 자의적 잣대로 청소년들을 단속해 정확한 신원 확인 없이 선감도로 보냈다. 선감도 주민들을 강제로 이주시키고 들어선 선감학원은 수용된 청소년들에게 강제 노역을 시켰다. 소년들은 가혹한 매질과 배고픔에 시달렸으며, 바다를 건너 탈출하려다가 익사한 경우도 많았다. 선감학원은 심한 구타로 숨지거나 익사한 수용생들을 암매장했다. 해방 후에도 식민지 시절의 관행은 그대로 이어뎌 1982년 폐원될 때까지 선감학원은 행정기관과 경찰이 조사 없이 보낸 하층민 청소년들을 수용했다. 현재 선감학원 자리는 경기창작센터로 변했다. 일본인 이하라 히로미츠가 1989년 자전적 소설로 선감학원의 비극을 알렸다. 하지만 지금도 선감학원에서 일어났던 참상은 완전히 밝혀지지 않았으며, 피해자들에게 보상도 이뤄지지 않고 있다.",공간으로 읽는 근대문화 역사유산,"빼앗긴 들, 뒤틀린 근대",https://minio.nculture.org/amsweb-opt/3ds/11/84366/84366_thumbnail.jpg,https://ncms.nculture.org/legacy/story/797,근대-일제강점기(1910.8.22~1945.8.14),경기도,안산시,경기도 안산시 단원구 선감로 77-7,37.22855183,126.6292286,장항제련소,20230101,"국가폭력, 선감학원, 조선소년령, 이하라 히로미츠, 경기창작센터",M,미디어 & 엔터테인먼트/TV 대중 시청자,16,16,20231230
20231200387,국가폭력의 근대화 - 안산 선감학원 자리,"경기도 단원구 선감동에 일제 강점기 말 설치된 선감학원은 ‘부랑아 수용소’였다. 식민지 행정 기관과 경찰은 길거리에서 자의적 잣대로 청소년들을 단속해 정확한 신원 확인 없이 선감도로 보냈다. 선감도 주민들을 강제로 이주시키고 들어선 선감학원은 수용된 청소년들에게 강제 노역을 시켰다. 소년들은 가혹한 매질과 배고픔에 시달렸으며, 바다를 건너 탈출하려다가 익사한 경우도 많았다. 선감학원은 심한 구타로 숨지거나 익사한 수용생들을 암매장했다. 해방 후에도 식민지 시절의 관행은 그대로 이어뎌 1982년 폐원될 때까지 선감학원은 행정기관과 경찰이 조사 없이 보낸 하층민 청소년들을 수용했다. 현재 선감학원 자리는 경기창작센터로 변했다. 일본인 이하라 히로미츠가 1989년 자전적 소설로 선감학원의 비극을 알렸다. 하지만 지금도 선감학원에서 일어났던 참상은 완전히 밝혀지지 않았으며, 피해자들에게 보상도 이뤄지지 않고 있다.",공간으로 읽는 근대문화 역사유산,"빼앗긴 들, 뒤틀린 근대",https://minio.nculture.org/amsweb-opt/3ds/11/84366/84366_thumbnail.jpg,https://ncms.nculture.org/legacy/story/797,근대-일제강점기(1910.8.22~1945.8.14),경기도,안산시,경기도 안산시 단원구 선감로 77-7,37.22855183,126.6292286,장항제련소,20230101,"국가폭력, 선감학원, 조선소년령, 이하라 히로미츠, 경기창작센터",M,미디어 & 엔터테인먼트/영화 애호가,16,16,20231230
20231200388,전통배추를 밀어내고 김치의 원료가 된 결구배추,"배추김치의 주재료인 배추는 조선시대까지 한양과 개성에서 자란 것이 유명했다. 이 배추는 배추잎이 절반정도 뭉친 반결구종으로, 무게는 결구종보다 적고 생육기간도 길었다. 임오군란 이후 중국인들이 한국땅에 살고 중국과 왕래하면서 중국의 결구배추가 들어오게 된다. 결구배추는 배추잎이 서로 감싸 완전히 뭉친 것인데 생육기간이 짧고 크기도 컸다. 일제강점기 반결구배추가 병충해에 시달리면서 결구종 배추가 보급되어 오늘날 김치를 만드는 배추는 결구종배추가 주를 이루게 되었다.",근대 신문으로 보는 음식,전통 음식과 식재료의 변화,,https://ncms.nculture.org/legacy/story/2831,근대-일제강점기(1910.8.22~1945.8.14),,,,,,덕천,20230101,"배추김치, 호배추, 결구배추",F,테크놀로지/모바일 매니아,16,15,20231230
20231200389,"누룩, 국가가 통제하다.",누룩은 곡식을 발효시켜 술로 만들 때 필요한 발효제이다. 전근대 시기 누룩은 주로 밀로 만들었는데 밀 농사를 지은 농민들이 부업으로 만들어 장에서 팔았다. 일제시대 대규모로 누룩을 제조하는 공장들이 출현하였는데 농촌에서 부업으로 만드는 누룩도 공존하였다. 1930년대 일제는 누룩 제조를 특정 공장에만 허가하고 전매권을 주었다. 다양하게 만들어지던 누룩은 국가에 의해 통제되었다.,근대 신문으로 보는 음식,전통 음식과 식재료의 변화,https://minio.nculture.org/amsweb-opt/multimedia_assets/202/25909/7566/c/25909-thumb.jpg,https://ncms.nculture.org/legacy/story/2727,근대-일제강점기(1910.8.22~1945.8.14),부산광역시,금정구,부산광역시 금정구 금성동 554-1 금정산성 막걸리 찾아가는 양조장,35.250417,129.056476,부산 산성마을,20230101,"곡자화시, 곡자제조장, 산성누룩, 재래종 밀",M,미디어 & 엔터테인먼트/TV 애호가/드라마 팬,16,15,20231230
20231200390,고종황제를 매혹시킨 커피,커피는 개항이후 조선의 궁궐인 경복궁이나 덕수궁에서 서양인을 접대할 때 사용되었다. 고종은 커피를 상당히 좋아했다. 서양인 선교사들은 커피를 가지고 한국에 왔는데 한국인에게 대접하기도 하였다. 일제시대 커피는 일반인들에게 많이 퍼져서 1930년대 후반에는 다방도 많이 생겼다. 이 시기 커피는 원두를 갈아 주전자에 끓여 체에 받쳐 걸러 먹었다. 1930년대 후반 전쟁으로 수입이 통제되면서 커피의 사용은 줄어들었다.,근대 신문으로 보는 음식,개항 이후 들어온 음식과 식재료,https://minio.nculture.org/amsweb-opt/multimedia_assets/221/14820/2419/c/14820-thumb.jpg,https://ncms.nculture.org/legacy/story/2853,근대-개항기(1864~1910),서울특별시,중구,서울특별시 중구 정동 세종대로 99,37.565807,126.975143,대불호텔,20230101,"고종황제, 다방, 원두, 선교사, 접대",F,미디어 & 엔터테인먼트/음악 애호가/월드 뮤직 팬,16,15,20231230
20231200391,"서울 최초의 근대 백화점, 미츠코시 백화점 경성지점","미츠코시 백화점 경성지점은 서울특별시에 세워진 최초의 근대식 백화점이다. 미츠코시 오복점이 1929년에 지점으로 승격되면서 본격적으로 백화점의 면모를 갖추게 되었다. 대형 백화점의 등장은 정찰제 판매, 박리다매 전략의 등장으로 우리나라 유통에 큰 변화를 불러왔다. 미츠코시 백화점은 일반 시민들에게 일상적인 공간으로 자리 잡았으나 이면에는 일제강점기 소비문화의 모순이 감춰져 있기도 했다. 현재는 서울특별시 중구 신세계백화점 본점 본관으로 사용되고 있다.",공간으로 읽는 근대문화 역사유산,"근대, 한반도에 발을 딛다",https://minio.nculture.org/amsweb-opt/multimedia_assets/125/85820/93650/c/%EA%B5%AC-%EB%AF%B8%EC%93%B0%EC%BD%94%EC%8B%9C-%EA%B2%BD%EC%84%B1%EC%A7%80%EC%A0%90-%281%29_rev-thumb.jpg,https://ncms.nculture.org/legacy/story/7134,근대-일제강점기(1910.8.22~1945.8.14),서울특별시,중구,서울특별시 중구 소공로 63,37.56091902,126.980979,신세계백화점 본점,20230101,"백화점, 미츠코시, 이상, 채만식",F,뷰티 & 웰빙/뷰티 전문가,16,14,20231230
20231200392,"일제강점기 한국의 우뭇가사리로 만든 일본 과자, 양갱","양갱은 중국에서 일본에 전해져 정착된 과자로 우뭇가사리를 냉동건조시킨 한천에 팥, 설탕 등을 넣고 쪄서 만든 과자다. 양갱은 일제강점기 조선에 들어와 지금도 팔릴만큼 한국인의 과자로 정착되었다. 양갱의 원료인 우뭇가사리는 일제강점기 본격적으로 한반도 바다에서 채취되었는데 우뭇가사리가 양갱 원료 이외에 의약품, 화장품 등의 원료로 쓰였기 때문이다. 일제강점기 우뭇가사리 채취는 주로 제주도 출신 해녀들이 담당하였다. 해방 후에도 한천은 계속 만들어져 주로 외국으로 수출되었다.",근대 신문으로 보는 음식,개항 이후 들어온 음식과 식재료,https://minio.nculture.org/amsweb-opt/multimedia_assets/233/14832/2431/c/14832-thumb.jpg,https://ncms.nculture.org/legacy/story/2876,근대-일제강점기(1910.8.22~1945.8.14),경상남도,밀양시,경상남도 밀양시 산내면 봉의로 58-31,35.591708,128.880929,,20230101,"양갱, 요깡, 우뭇가사리, 한천, 제주해녀, 나카오카제과, 해태제과합명회사",F,라이프스타일 & 취미/반려동물 애호가,16,14,20231230
20231200393,"동양 최초의 바다 밑 터널, 통영 해저터널","통영반도 남단과 미륵도를 연결하는 통영 해저터널은 동양 최초의 해저터널이다. 일제강점기 이전부터 통영으로 이주해온 일본인 이주 어민들은 연안에서 어로 활동을 하며 물고기 떼를 쫓아 빠르게 이동할 필요가 있었는데, 미륵도와 통영 사이의 해협이 너무 좁아 미륵도를 빙 돌아 가야 하는 불편함이 있었다. 그래서 일제는 1932년 통영운하를 완공했다. 통영운하 개통 후 운하를 건너다니도록 하기 위해 교량 대신 만든 것이 해저터널이다. 터널을 만든 지역은 판데목이라는 곳인데, 임진왜란 한산대첩 때 많은 왜군이 이순신의 학익진에 대패해 판데목 부근에서 수장됐다고 한다. 일본인들이 조상의 유해 위로 건너다닐 수 없어서 해저터널을 팠다는 이야기도 전해진다.",공간으로 읽는 근대문화 역사유산,"빼앗긴 들, 뒤틀린 근대",https://minio.nculture.org/amsweb-opt/multimedia_assets/140/85835/93850/c/%ED%86%B5%EC%98%81-%ED%95%B4%EC%A0%80%ED%84%B0%EB%84%90-%281%29_rev-thumb.jpg,https://ncms.nculture.org/legacy/story/2936,근대-일제강점기(1910.8.22~1945.8.14),경상남도,통영시,경상남도 통영시 도남로 57-1,34.834788,128.40991,충무교,20230101,"통영 해저터널, 통영운하, 충무공 이순신, 판데목, 미륵도",F,음식 & 다이닝/요리 매니아/셰프 지망생,16,14,20231230
20231200394,초량 이바구길의 곡절 많은 터줏대감-부산 구 백제병원,"부산역 맞은편 초량 이바구길 초입에 위치한 백제병원 건물은 1927년 지어졌다. 백제병원은 부산 최초의 개인병원으로서, 부산부립병원, 철도병원과 함께 부산 3대 병원으로 꼽혔다. 백제병원 건물은 4층 건물과 잇달아 지은 6층 건물을 이어 붙였는데, 단층과 2~3층이 고작이던 당시 부산에서 우뚝 솟은 건물이었다. 하지만 설립자인 외과의사 최용해가 건축 과정에서 무리하게 빚을 끌어다 쓴데다 행려병자 시신으로 인체 표본을 제작해 보관하다 적발되면서, 급기야 설립자가 병원 문을 닫고 일본으로 도주하였다. 백제병원 건물은 중국인이 인수하여 봉래각이라는 청요릿집으로 개조되었다. 객실을 120개나 설치한 봉래각 또한 부산 명물로 명성을 날렸으나, 중일전쟁 이후 주인이 고국으로 돌아가면서 1942년 폐업했다. 이후 일본군 장교숙소였다가 해방 후에는 부산치안사령부, 전쟁 시기에는 중화민국 임시 대사관으로 쓰였다. 1953년 신라예식장으로 용도가 바뀌었으나, 예식장도 1960년대 중반 문을 닫았다. 1972년에는 이웃 건물에서 발생한 화재로 건물의 3분의 2가 불에 타, 5층 이상은 철거되었다. 다행히 골조와 1~2층은 옛 모습을 모두 잃지는 않았다. 2009년 새 주인이 인수하였고, 복원에 준하는 리모델링을 거쳐 2015년부터 카페 겸 문화예술 공간으로 활용되고 있다.",공간으로 읽는 근대문화 역사유산,근대 의술과 인술 사이에서,https://minio.nculture.org/amsweb-opt/3ds/228/84333/84333_thumbnail.jpg,https://ncms.nculture.org/legacy/story/783,근대-일제강점기(1910.8.22~1945.8.14),부산광역시,동구,부산 동구 초량동 460-2,35.11625252,129.0388649,부산 차이나타운,20230101,"부산 백제병원, 부산 봉래각, 최용해, 부산 신라예식장, 초량 이바구길, 브라운핸즈 카페",F,음식 & 다이닝/요리 매니아/셰프 지망생,16,14,20231230
20231200395,일본인 거리의 의미를 묻다 - 포항 구룡포 근대문화역사거리,경상북도 포항시 구룡포는 1900년부터 일본 어부들이 어업 근거지로 삼으면서 근대 항구가 되었다. 일본인들은 일제강점기부터 본국의 지원을 받으면서 구룡포로 이주하기 시작했다. 구룡포에 정착한 일본인 가운데는 가가와현 출신이 많았다. 이들은 일본 타 지역 출신들과 경쟁관계에 있었으나 1920년대부터 1930년대 중반까지 2차례에 걸친 축항 공사를 통해 방파제를 쌓고 일본인 거리를 확장했다. 구룡포의 조선인들은 상당수가 일본 선주들에게 고용돼 어로 노동자로 일했다. 구룡포의 조선인과 일본인 거주 공간도 달랐다. 일제강점기 극소수의 일본 선주들은 전체 어획 소득의 절반가량을 가져갔다. 일본인들이 부를 늘려감에 따라 구룡포의 일본인 거리도 계속 확장됐다. 그러나 1945년 갑작스러운 패망으로 일본인은 자신들 나라로 돌아갔다. 포항시는 2011년부터 ‘구룡포 근대역사문화거리’를 조성했다. 가가와 출신 어부들의 중심인물로 구룡포에서 부를 쌓은 하시모토가 1923년 지은 일본식 집은 구룡포 근대역사관이 되었다. 그러나 문화재청은 하시모토의 집과 일본 가옥의 등록문화재 지정 신청을 보류했다. 구룡포 근대역사문화거리는 역사 인식의 측면에서 계속 비판이 제기되고 있다.,공간으로 읽는 근대문화 역사유산,근대 거리를 거닐다,https://minio.nculture.org/amsweb-opt/3ds/234/84339/84339_thumbnail.jpg,https://ncms.nculture.org/legacy/story/4534,근대-일제강점기(1910.8.22~1945.8.14),경상북도,포항시,경북 포항시 남구 구룡포읍 구룡포길 147-2,35.99079907,129.5609111,구룡포 근대 역사관,20230101,"어업, 일제강점기, 근대역사관",M,미디어 & 엔터테인먼트/영화 애호가,16,14,20231230
20231200396,바다보다 역동적인 제물포의 근대 - 인천 개항장 근대역사문화지구,"제물포는 1883년 개항 직후부터 일본과 청나라, 영국 미국 독일 프랑스 등 각국이 주도권을 잡기 위해 각축을 벌인 지역이다. 일본이 가장 먼저 조계를 설정하자, 청과 다른 나라들이 뒤따랐다. 초기 모습은 청 조계지가 일본 쪽보다 나았다. 상권에서도 청 상인들이 우세한 편이었으나, 1894년 청일전쟁에서 일본이 승리한 뒤로는 일본이 앞서기 시작했고, 1904년 러일전쟁을 거친 뒤에는 일본의 절대 우세가 확정되었다. 일본은 금융기관을 앞세워 해운업과 화물운송업을 장악했고, 인천은 일본 주도 아래 식민지 근대의 대도시로 변모하기 시작했다. 현재의 자유공원(만국공원)은 일본 조계지와 청국 조계지(훗날 인천 차이나타운)를 비롯해 개항 이후 인천 근현대사의 역동성을 답사하기 적당한 출발점이다.",공간으로 읽는 근대문화 역사유산,근대 거리를 거닐다,https://minio.nculture.org/amsweb-opt/multimedia_assets/79/30457/22671/c/%EC%9D%B8%EC%B2%9C_%EA%B7%BC%EB%8C%80%EB%AC%B8%ED%99%94%EC%9C%A0%EC%82%B0%EA%B1%B0%EB%A6%AC-%283%29-thumb.jpg,https://ncms.nculture.org/legacy/story/4549,근대-개항기(1864~1910),인천광역시,중구,인천광역시 중구 자유공원남로 25,37.47467242,126.6225672,제물포고등학교,20230101,"제물포, 자유공원, 조계지, 만국공원, 차이나타운",M,뉴스 & 정치/열렬한 뉴스 독자/연예 뉴스 매니아,16,14,20231230
20231200397,음식점 반찬에서 빠지지 않는 단무지,일제시대부터 음식점의 필수반찬이 되었던 단무지는 일본사람이 일상적으로 먹는 다꾸앙쓰케에서 유래하였다. 일제시대 조선사람들이 가정에서 다꾸앙쓰케를 담가 먹는 일은 굉장히 드물었는데 조선의 김치문화가 많이 발달했기 때문이다. 그러나 다꾸앙쓰케 즉 단무지는 식당의 밑반찬으로는 유용했다. 해방후에는 많은 단무지 공장이 생겨서 식당등 대규모 급식소에 단무지를 공급하였다.,근대 신문으로 보는 음식,개항 이후 들어온 음식과 식재료,https://minio.nculture.org/amsweb-opt/multimedia_assets/158/14757/20013/c/14757-thumb.jpg,https://ncms.nculture.org/legacy/story/2764,현대-현대(1945.8.15~현재),서울특별시,종로구,서울특별시 종로구 인사동길 35-4 플무원 김치박물관,37.573609,126.984864,충남 연기군,20230101,"다꾸앙스케, 겨울단무지, 여름단무지, 단무지공장",M,뉴스 & 정치/열렬한 뉴스 독자/연예 뉴스 매니아,16,14,20231230
20231200398,"명월관, 요릿집이 시작되다.",명월관은 최초의 근대적 음식점이었지만 기생들이 시중을 드는 전근대적인 면도 공존하고 있었다. 명월관은 주로 잔치를 여는 장소였으므로 기본적으로 음식값이 비쌌고 기생을 불러 공연할 경우 비용이 더 비싸졌다. 처음 명월관은 광화문 사거리에서 문을 열었는데 1919년 화재로 소실된 후 인사동에 있던 분점에 사람들이 몰렸다. 1921년 인사동의 명월관 지점 태화관이 남감리교 여자선교회에 매각된 후에는 돈의동 145번지로 이전하여 해방 후까지 영업하다 6.25때 소실되었다.,근대 신문으로 보는 음식,근대의 음식점,https://minio.nculture.org/amsweb-opt/multimedia_assets/128/14727/19977/c/14727-thumb.jpg,https://ncms.nculture.org/legacy/story/2943,근대-일제강점기(1910.8.22~1945.8.14),서울특별시,종로구,서울특별시 종로구 세종로 139-8,37.569857,126.977622,태화기독교사회복지관,20230101,"명월관, 태화관, 회갑연, 관혼례연",M,뉴스 & 정치/열렬한 뉴스 독자/열렬한 정치 뉴스 독자,16,14,20231230
20231200399,"명월관, 요릿집이 시작되다.",명월관은 최초의 근대적 음식점이었지만 기생들이 시중을 드는 전근대적인 면도 공존하고 있었다. 명월관은 주로 잔치를 여는 장소였으므로 기본적으로 음식값이 비쌌고 기생을 불러 공연할 경우 비용이 더 비싸졌다. 처음 명월관은 광화문 사거리에서 문을 열었는데 1919년 화재로 소실된 후 인사동에 있던 분점에 사람들이 몰렸다. 1921년 인사동의 명월관 지점 태화관이 남감리교 여자선교회에 매각된 후에는 돈의동 145번지로 이전하여 해방 후까지 영업하다 6.25때 소실되었다.,근대 신문으로 보는 음식,근대의 음식점,https://minio.nculture.org/amsweb-opt/multimedia_assets/128/14727/19977/c/14727-thumb.jpg,https://ncms.nculture.org/legacy/story/2943,근대-일제강점기(1910.8.22~1945.8.14),서울특별시,종로구,서울특별시 종로구 세종로 139-8,37.569857,126.977622,태화기독교사회복지관,20230101,"명월관, 태화관, 회갑연, 관혼례연",M,뉴스 & 정치/열렬한 뉴스 독자/연예 뉴스 매니아,16,14,20231230
20231200400,인천육군조병창(仁川陸軍造兵廠),"인천육군조병창은 당시 경기도 부천군 부내면 대정리, 현 부평구 산곡동에 건립되었으며 이곳에 본부와 제1제조소가 있었다. 인천육군조병창은 제1제조소 외에도 평양역 인근에 평양제조소를 예하에 두고 있었다. 인천육군조병창의 주요 임무는 99식 소총·총검·군도 등의 생산 및 수리였다. 인천 부평에 병기공장을 건립하게 된 배경에는 1937년 시작된 중일전쟁의 장기화에 따라, “만선(滿鮮) 북지(北)에 대한 수송의 신속 안전 및 조선 내 병기 공업 능력의 비약적 발전”을 기하기 위함이었다.","한반도 유일한, 부평의 인천육군조병창 이야기",,https://minio.nculture.org/amsweb-opt/multimedia_assets/70/86030/95821/c/%EC%9D%B8%EC%B2%9C%EC%9C%A1%EA%B5%B0%EC%A1%B0%EB%B3%91%EC%B0%BD%EC%9D%98-%EB%B3%B8%EB%B6%80%EA%B1%B4%EB%AC%BC%28%EB%B3%91%EC%9B%90%29_%28%EB%B6%80%ED%8F%89%EB%AC%B8%ED%99%94%EC%9B%90%29-thumb.jpg,https://ncms.nculture.org/legacy/story/8764,,인천광역시,부평구,인천광역시 부평구 안남로 146 (부영공원),37.49590926,126.7098147,부평문화원,20230101,"인천육군조병창, 일제강점기, 고쿠라육군조병창, 아시아태평양전쟁",F,스포츠 & 피트니스/스포츠 팬,16,13,20231230
20231200401,근대의 슬픔이 오롯이 남은 항구 - 목포 근대역사문화공간,"1897년 개항한 전라남도 목포시는 일제강점기를 거치며 조선 4대 항구이자 6대 도시로 꼽히는 근대도시로 성장했다. 현재 유달동, 만호동에 해당하는 목포의 구 도심은 일본 등 외국자본에 의해서 간척된 계획도시였다. 만호동과 유달동 일대의 번영로에 근대건축 유산이 집중되어 있다. 문화재청은 2018년 8월 6일 이 일대 11만4,038㎡(602필지)를 ‘목포 근대역사문화공간’이라는 이름으로 등록문화재 제718호로 지정했다. 기존 ‘점’(點) 단위 개별 문화재 중심의 보존에서 탈피해 문화재청이 ‘선(線)?면(面)’ 단위 문화재 등록제도를 도입한 첫 사례이다. 등록문화재로 지정된 개별 건축물은 15개로, 일본식 가옥 4곳, 구 목포부립병원 관사, 구 목포 일본기독교회, 상가주택 6곳, 구 동아부인상회 목포지점, 목포 해안로 붉은 벽돌창고, 구 목포 화신연쇄점이 포함되어 있다.",공간으로 읽는 근대문화 역사유산,근대 거리를 거닐다,https://minio.nculture.org/amsweb-opt/multimedia_assets/70/30448/22531/c/%EB%AA%A9%ED%8F%AC-%EA%B7%BC%EB%8C%80%EB%AC%B8%ED%99%94%EC%97%AD%EC%82%AC%EA%B3%B5%EA%B0%84_%EB%AA%A9%ED%8F%AC-%EB%B2%88%ED%99%94%EB%A1%9C-%EC%9D%BC%EB%B3%B8%EC%8B%9D%EA%B0%80%EC%98%A5-12019-12-07-12.45.44-thumb.jpg,https://ncms.nculture.org/legacy/story/4542,근대-일제강점기(1910.8.22~1945.8.14),전라남도,목포시,전라남도 목포시 번화로 25,34.78630756,126.3823141,동아부인상회 목포지점,20230101,"목포 구 도심, 구 동아부인상회 목포지점, 목포의 눈물",F,스포츠 & 피트니스/스포츠 팬/축구 팬,16,13,20231230
20231200402,고종황제를 매혹시킨 커피,커피는 개항이후 조선의 궁궐인 경복궁이나 덕수궁에서 서양인을 접대할 때 사용되었다. 고종은 커피를 상당히 좋아했다. 서양인 선교사들은 커피를 가지고 한국에 왔는데 한국인에게 대접하기도 하였다. 일제시대 커피는 일반인들에게 많이 퍼져서 1930년대 후반에는 다방도 많이 생겼다. 이 시기 커피는 원두를 갈아 주전자에 끓여 체에 받쳐 걸러 먹었다. 1930년대 후반 전쟁으로 수입이 통제되면서 커피의 사용은 줄어들었다.,근대 신문으로 보는 음식,개항 이후 들어온 음식과 식재료,https://minio.nculture.org/amsweb-opt/multimedia_assets/221/14820/2419/c/14820-thumb.jpg,https://ncms.nculture.org/legacy/story/2853,근대-개항기(1864~1910),서울특별시,중구,서울특별시 중구 정동 세종대로 99,37.565807,126.975143,대불호텔,20230101,"고종황제, 다방, 원두, 선교사, 접대",F,여행/여행 매니아,16,13,20231230
20231200403,일제강점기 초밥으로 만든 김밥,"김은 조선시대부터 전라도의 특산물로 기록에 남아있지만 김밥에 대한 기록은 일제강점기 밥에 초를 넣고 계란지단, 덴부(도미살을 분홍색으로 물들인 것) 등을 속으로 하여 김에 싼다고 나온다. 식초로 간을 한 김밥은 해방 후의 신문기사에서도 그 조리법이 보인다. 오늘날의 김밥은 식초보다 참기름과 소금으로 간을 한다. 김밥의 대중화는 일제강점기 김이 어느 정도 생산되고 일본의 도시락 문화가 정착되면서 만들어졌다.",근대 신문으로 보는 음식,개항 이후 들어온 음식과 식재료,,https://ncms.nculture.org/legacy/story/2951,시대미상,,,,,,청파동,20230101,"노리마기스시, 통영김밥, 김쌈밥, 초밥, 김밥",M,스포츠 & 피트니스/스포츠 팬/축구 팬,16,13,20231230
20231200404,일제강점기 초밥으로 만든 김밥,"김은 조선시대부터 전라도의 특산물로 기록에 남아있지만 김밥에 대한 기록은 일제강점기 밥에 초를 넣고 계란지단, 덴부(도미살을 분홍색으로 물들인 것) 등을 속으로 하여 김에 싼다고 나온다. 식초로 간을 한 김밥은 해방 후의 신문기사에서도 그 조리법이 보인다. 오늘날의 김밥은 식초보다 참기름과 소금으로 간을 한다. 김밥의 대중화는 일제강점기 김이 어느 정도 생산되고 일본의 도시락 문화가 정착되면서 만들어졌다.",근대 신문으로 보는 음식,개항 이후 들어온 음식과 식재료,,https://ncms.nculture.org/legacy/story/2951,시대미상,,,,,,청파동,20230101,"노리마기스시, 통영김밥, 김쌈밥, 초밥, 김밥",M,테크놀로지/기술애호가,16,13,20231230
20231200405,경인 공업지대의 시작점 - 서울 영등포 일대 근대산업유산,"서울특별시 영등포구 영등포역 일대는 경인선과 경부선의 분기점이 되면서 근대 시가지로 발달하기 시작했다. 그러나 초기에는 일본인 상업지구 중심이었을 뿐 공업지대는 아니었다. 1911년 조선피혁, 1919년 영등포공작창, 1923년 경성방직이 들어섰어도 공장은 몇 곳 되지 않았다. 1930년대 들어 조선총독부가 조선에서도 공업화를 추진하기로 하고, 일본의 자본들이 들어오면서 영등포 일대는 공업지역으로 탈바꿈했다. 조선총독부는 1930년대 중반 영등포를 경성으로 편입시키고 공업지대화를 추진했다. 일본 굴지의 맥주회사, 제분회사 등이 이때 영등포에 자리 잡았고, 경성방직 주변으로 규모가 큰 섬유 공장들도 들어섰다. 일제강점기 말에는 군수용 금속·기계 공장도 늘어났다. 노동자가 늘어나자 조선총독부는 문래동에 영단주택 단지를 조성하기도 했다. 해방 후에도 영등포에서 인천으로 이어지는 경인공업지대는 초기 산업화를 이끌었다. 영등포역 일대에는 일제강점기 이래 근대 산업의 흔적들이 여러 곳 남아 있다.",공간으로 읽는 근대문화 역사유산,근대 거리를 거닐다,https://minio.nculture.org/amsweb-opt/multimedia_assets/124/85819/93647/c/%EA%B5%AC-%EA%B2%BD%EC%84%B1%EB%B0%A9%EC%A7%81-%EC%82%AC%EB%AC%B4%EB%8F%99-%285%29_rev-thumb.jpg,https://ncms.nculture.org/legacy/story/4543,근대-일제강점기(1910.8.22~1945.8.14),서울특별시,영등포구,서울특별시 영등포구 영등포동 4가 442,37.51707545,126.9033409,경방 타임스퀘어,20230101,"경방 타임스퀘어, 문래동 철강공단, 문래동 창작촌, 문래동 영단주택, 경성방직",F,뉴스 & 정치/열렬한 뉴스 독자/열렬한 정치 뉴스 독자,16,13,20231230
20231200406,우리나라 최초의 철근 콘크리트 다리  - 강원 화천 꺼먹다리,"일제강점기 말에 건설된 화천댐과 더불어 만들어진 꺼먹다리는 화천군 간동면 구만리와 화천읍 대이리를 잇는 우리나라 최초의 철근 콘크리트 교량이다. 나무로 된 상판에 검은색 콜타르를 칠한 모습에서 꺼먹다리라는 이름이 붙었다. 1940년대에 일제가 교각을 세웠고, 해방 후에는 화천지역에서 군정을 실시했던 소련이 철골을 올렸으며, 한국전쟁 당시에 남한이 다리 상판을 얹어 뜻하지 않게 3국 합작품이 된 묘한 이력을 가지고 있다. 한국전쟁 당시 파로호 전투로 인해 꺼먹다리에는 아직도 포탄과 총탄 흔적이 남아있다. 당시 전투에서 국군, 유엔군, 북한군, 중공군을 모두 합해 10만여 명이 전사했다. 수많은 전투를 치렀음에도 불구하고 건립 당시의 원형을 비교적 잘 보전하고 있는 꺼먹다리는 산업과 교량의 역사 연구에 중요한 자료로 평가된다. 다리에는 군 입대를 앞둔 남자와 그 애인이 다리 양끝에서 출발해 한가운데서 만나면 남자가 군복무를 마칠 때까지 여자가 ‘고무신을 거꾸로 신지 않는다’는 이야기가 전해지고 있다.",공간으로 읽는 근대문화 역사유산,근대를 떠받친 토목시설과 광산,,https://ncms.nculture.org/legacy/story/1016,근대-일제강점기(1910.8.22~1945.8.14),강원특별자치도,화천군,"강원도 화천군 화천읍 평화로 656 외 1필지, 간동면 구만리 산9-1",38.10342519,127.761732,파로호,20230101,"화천댐, 화천수력발전소, 파로호, 파로호전투, 대붕호, 구만리, 처녀고개, 화천전투",F,여행/여행 매니아,16,12,20231230
20231200407,근대의 슬픔이 오롯이 남은 항구 - 목포 근대역사문화공간,"1897년 개항한 전라남도 목포시는 일제강점기를 거치며 조선 4대 항구이자 6대 도시로 꼽히는 근대도시로 성장했다. 현재 유달동, 만호동에 해당하는 목포의 구 도심은 일본 등 외국자본에 의해서 간척된 계획도시였다. 만호동과 유달동 일대의 번영로에 근대건축 유산이 집중되어 있다. 문화재청은 2018년 8월 6일 이 일대 11만4,038㎡(602필지)를 ‘목포 근대역사문화공간’이라는 이름으로 등록문화재 제718호로 지정했다. 기존 ‘점’(點) 단위 개별 문화재 중심의 보존에서 탈피해 문화재청이 ‘선(線)?면(面)’ 단위 문화재 등록제도를 도입한 첫 사례이다. 등록문화재로 지정된 개별 건축물은 15개로, 일본식 가옥 4곳, 구 목포부립병원 관사, 구 목포 일본기독교회, 상가주택 6곳, 구 동아부인상회 목포지점, 목포 해안로 붉은 벽돌창고, 구 목포 화신연쇄점이 포함되어 있다.",공간으로 읽는 근대문화 역사유산,근대 거리를 거닐다,https://minio.nculture.org/amsweb-opt/multimedia_assets/70/30448/22531/c/%EB%AA%A9%ED%8F%AC-%EA%B7%BC%EB%8C%80%EB%AC%B8%ED%99%94%EC%97%AD%EC%82%AC%EA%B3%B5%EA%B0%84_%EB%AA%A9%ED%8F%AC-%EB%B2%88%ED%99%94%EB%A1%9C-%EC%9D%BC%EB%B3%B8%EC%8B%9D%EA%B0%80%EC%98%A5-12019-12-07-12.45.44-thumb.jpg,https://ncms.nculture.org/legacy/story/4542,근대-일제강점기(1910.8.22~1945.8.14),전라남도,목포시,전라남도 목포시 번화로 25,34.78630756,126.3823141,동아부인상회 목포지점,20230101,"목포 구 도심, 구 동아부인상회 목포지점, 목포의 눈물",F,뉴스 & 정치/열렬한 뉴스 독자/열렬한 비즈니스 뉴스 독자,16,12,20231230
20231200408,한센인 격리와 정착의 역사 - 의왕 한국한센복지협회,"경기도 의왕시 한국한센복지협회의 뿌리는 1926년 발족한 조선나병근절책연구회라고 할 수 있다. 한센인은 격리 수용하는 것이 최선이라는 당시의 인식에 따라 대규모 수용소 건설을 추진한 명망가 단체다. 격리 정책은 해방 후에도 계속되다가 1960년대 들어서야 정착촌 정책으로 바뀌었다. 1948년 대한나예방협회 역시 격리에 중점을 두었다. 한국한센복지협회는 과거 문둥병, 나병으로 불리던 질병이 2000년에 한센병으로 공식 명명됨에 따라 새로운 이름을 가지게 되었다. 의왕 한국한센복지협회는 인근 성 나자로 마을에서 50년 무상 대여한 땅에 병원과 사무실을 지었다. 1951년 모락산 자락에 자리 잡은 성 나자로 마을은 1970부터 원장으로 28년 봉직한 이경재 신부 재임 기간에 현재의 모습을 갖추었다. 한국한센복지협회와 성 나자로 마을은 문둥병이라는 차별적인 병명이 한센병으로 바뀌기까지 한센인들이 겪은 고통과 시련의 삶을 간직하고 있다.",공간으로 읽는 근대문화 역사유산,근대 의술과 인술 사이에서,https://minio.nculture.org/amsweb-opt/3ds/28/84383/84383_thumbnail.jpg,https://ncms.nculture.org/legacy/story/778,현대-현대(1945.8.15~현재),경기도,의왕시,경기도 의왕시 원골로 59,37.3619452,126.9711473,소록도 시설 (국립소록도병원),20230101,"한국한센복지협회, 성 나자로 마을, 이경재, 조선나병근절책연구회",M,은행 및 금융/열렬한 투자자,16,11,20231230
20231200409,‘영원한 일본의 군산’을 꿈꾸었으나 - 군산 신흥동 일본식 가옥,"전라북도 군산시 신흥동 일본식 가옥은 ‘구 히로쓰 가옥’으로 불리던 집이다. 히로쓰는 군산에서 재산을 불리고, 권력을 가졌던 인물이다. 예전에는 1925년 저택을 지었다고 알려져 있었으나, 일본인 학자가 후손 인터뷰 등을 통해 1934년 신축을 주장해, 정확한 연대가 아직 밝혀지지 않았다. 일본인 고급 주택가였던 치요다마치(현 월명동) 건너편 월명산 자락 신흥동에 지어진 이 집은 일본산 삼나무를 써서 일본식으로 건축되었다. 방 하나에 온돌을 설치해 한국식 주거문화를 일부 받아들인 흔적도 보인다. 넓은 터에 2층 본채와 객실체를 붙여지었고, 뒤뜰에는 별채를 두었다. 일본식 정원을 갖춘 신흥동 일본식 가옥은 군산의 근대역사 자취를 답사하려는 사람들에게 필수 코스로 꼽힌다. 영화 「장군의 아들」, 「타짜」에도 이 저택이 등장한다. 신흥동 일본식 가옥은 등록문화재 제183호다.",공간으로 읽는 근대문화 역사유산,"빼앗긴 들, 뒤틀린 근대",https://minio.nculture.org/amsweb-opt/3ds/238/84343/84343_thumbnail.jpg,https://ncms.nculture.org/legacy/story/1031,근대-일제강점기(1910.8.22~1945.8.14),전라북도,군산시,전북 군산시 구영1길 17,35.98614423,126.706,월명공원,20230101,"군산 신흥동 일본식 가옥, 히로쓰 가옥, 구마모트 농장, 시마타니 금고, 후지이 가즈코, 영화 타짜",M,미디어 & 엔터테인먼트/음악 애호가/월드 뮤직 팬,16,11,20231230
20231200410,‘영원한 일본의 군산’을 꿈꾸었으나 - 군산 신흥동 일본식 가옥,"전라북도 군산시 신흥동 일본식 가옥은 ‘구 히로쓰 가옥’으로 불리던 집이다. 히로쓰는 군산에서 재산을 불리고, 권력을 가졌던 인물이다. 예전에는 1925년 저택을 지었다고 알려져 있었으나, 일본인 학자가 후손 인터뷰 등을 통해 1934년 신축을 주장해, 정확한 연대가 아직 밝혀지지 않았다. 일본인 고급 주택가였던 치요다마치(현 월명동) 건너편 월명산 자락 신흥동에 지어진 이 집은 일본산 삼나무를 써서 일본식으로 건축되었다. 방 하나에 온돌을 설치해 한국식 주거문화를 일부 받아들인 흔적도 보인다. 넓은 터에 2층 본채와 객실체를 붙여지었고, 뒤뜰에는 별채를 두었다. 일본식 정원을 갖춘 신흥동 일본식 가옥은 군산의 근대역사 자취를 답사하려는 사람들에게 필수 코스로 꼽힌다. 영화 「장군의 아들」, 「타짜」에도 이 저택이 등장한다. 신흥동 일본식 가옥은 등록문화재 제183호다.",공간으로 읽는 근대문화 역사유산,"빼앗긴 들, 뒤틀린 근대",https://minio.nculture.org/amsweb-opt/3ds/238/84343/84343_thumbnail.jpg,https://ncms.nculture.org/legacy/story/1031,근대-일제강점기(1910.8.22~1945.8.14),전라북도,군산시,전북 군산시 구영1길 17,35.98614423,126.706,월명공원,20230101,"군산 신흥동 일본식 가옥, 히로쓰 가옥, 구마모트 농장, 시마타니 금고, 후지이 가즈코, 영화 타짜",M,테크놀로지/기술애호가,16,11,20231230
20231200411,한센인 격리와 정착의 역사 - 의왕 한국한센복지협회,"경기도 의왕시 한국한센복지협회의 뿌리는 1926년 발족한 조선나병근절책연구회라고 할 수 있다. 한센인은 격리 수용하는 것이 최선이라는 당시의 인식에 따라 대규모 수용소 건설을 추진한 명망가 단체다. 격리 정책은 해방 후에도 계속되다가 1960년대 들어서야 정착촌 정책으로 바뀌었다. 1948년 대한나예방협회 역시 격리에 중점을 두었다. 한국한센복지협회는 과거 문둥병, 나병으로 불리던 질병이 2000년에 한센병으로 공식 명명됨에 따라 새로운 이름을 가지게 되었다. 의왕 한국한센복지협회는 인근 성 나자로 마을에서 50년 무상 대여한 땅에 병원과 사무실을 지었다. 1951년 모락산 자락에 자리 잡은 성 나자로 마을은 1970부터 원장으로 28년 봉직한 이경재 신부 재임 기간에 현재의 모습을 갖추었다. 한국한센복지협회와 성 나자로 마을은 문둥병이라는 차별적인 병명이 한센병으로 바뀌기까지 한센인들이 겪은 고통과 시련의 삶을 간직하고 있다.",공간으로 읽는 근대문화 역사유산,근대 의술과 인술 사이에서,https://minio.nculture.org/amsweb-opt/3ds/28/84383/84383_thumbnail.jpg,https://ncms.nculture.org/legacy/story/778,현대-현대(1945.8.15~현재),경기도,의왕시,경기도 의왕시 원골로 59,37.3619452,126.9711473,소록도 시설 (국립소록도병원),20230101,"한국한센복지협회, 성 나자로 마을, 이경재, 조선나병근절책연구회",M,여행/여행 매니아,16,10,20231230
20231200412,"일제강점기 한국의 우뭇가사리로 만든 일본 과자, 양갱","양갱은 중국에서 일본에 전해져 정착된 과자로 우뭇가사리를 냉동건조시킨 한천에 팥, 설탕 등을 넣고 쪄서 만든 과자다. 양갱은 일제강점기 조선에 들어와 지금도 팔릴만큼 한국인의 과자로 정착되었다. 양갱의 원료인 우뭇가사리는 일제강점기 본격적으로 한반도 바다에서 채취되었는데 우뭇가사리가 양갱 원료 이외에 의약품, 화장품 등의 원료로 쓰였기 때문이다. 일제강점기 우뭇가사리 채취는 주로 제주도 출신 해녀들이 담당하였다. 해방 후에도 한천은 계속 만들어져 주로 외국으로 수출되었다.",근대 신문으로 보는 음식,개항 이후 들어온 음식과 식재료,https://minio.nculture.org/amsweb-opt/multimedia_assets/233/14832/2431/c/14832-thumb.jpg,https://ncms.nculture.org/legacy/story/2876,근대-일제강점기(1910.8.22~1945.8.14),경상남도,밀양시,경상남도 밀양시 산내면 봉의로 58-31,35.591708,128.880929,,20230101,"양갱, 요깡, 우뭇가사리, 한천, 제주해녀, 나카오카제과, 해태제과합명회사",F,라이프스타일 & 취미/아웃도어 매니아,15,15,20231230
20231200413,"일제강점기 한국의 우뭇가사리로 만든 일본 과자, 양갱","양갱은 중국에서 일본에 전해져 정착된 과자로 우뭇가사리를 냉동건조시킨 한천에 팥, 설탕 등을 넣고 쪄서 만든 과자다. 양갱은 일제강점기 조선에 들어와 지금도 팔릴만큼 한국인의 과자로 정착되었다. 양갱의 원료인 우뭇가사리는 일제강점기 본격적으로 한반도 바다에서 채취되었는데 우뭇가사리가 양갱 원료 이외에 의약품, 화장품 등의 원료로 쓰였기 때문이다. 일제강점기 우뭇가사리 채취는 주로 제주도 출신 해녀들이 담당하였다. 해방 후에도 한천은 계속 만들어져 주로 외국으로 수출되었다.",근대 신문으로 보는 음식,개항 이후 들어온 음식과 식재료,https://minio.nculture.org/amsweb-opt/multimedia_assets/233/14832/2431/c/14832-thumb.jpg,https://ncms.nculture.org/legacy/story/2876,근대-일제강점기(1910.8.22~1945.8.14),경상남도,밀양시,경상남도 밀양시 산내면 봉의로 58-31,35.591708,128.880929,,20230101,"양갱, 요깡, 우뭇가사리, 한천, 제주해녀, 나카오카제과, 해태제과합명회사",F,스포츠 & 피트니스/스포츠 팬/야구 팬,15,15,20231230
20231200414,전통배추를 밀어내고 김치의 원료가 된 결구배추,"배추김치의 주재료인 배추는 조선시대까지 한양과 개성에서 자란 것이 유명했다. 이 배추는 배추잎이 절반정도 뭉친 반결구종으로, 무게는 결구종보다 적고 생육기간도 길었다. 임오군란 이후 중국인들이 한국땅에 살고 중국과 왕래하면서 중국의 결구배추가 들어오게 된다. 결구배추는 배추잎이 서로 감싸 완전히 뭉친 것인데 생육기간이 짧고 크기도 컸다. 일제강점기 반결구배추가 병충해에 시달리면서 결구종 배추가 보급되어 오늘날 김치를 만드는 배추는 결구종배추가 주를 이루게 되었다.",근대 신문으로 보는 음식,전통 음식과 식재료의 변화,,https://ncms.nculture.org/legacy/story/2831,근대-일제강점기(1910.8.22~1945.8.14),,,,,,덕천,20230101,"배추김치, 호배추, 결구배추",M,뷰티 & 웰빙/살롱을 자주 방문,15,15,20231230
20231200415,전통배추를 밀어내고 김치의 원료가 된 결구배추,"배추김치의 주재료인 배추는 조선시대까지 한양과 개성에서 자란 것이 유명했다. 이 배추는 배추잎이 절반정도 뭉친 반결구종으로, 무게는 결구종보다 적고 생육기간도 길었다. 임오군란 이후 중국인들이 한국땅에 살고 중국과 왕래하면서 중국의 결구배추가 들어오게 된다. 결구배추는 배추잎이 서로 감싸 완전히 뭉친 것인데 생육기간이 짧고 크기도 컸다. 일제강점기 반결구배추가 병충해에 시달리면서 결구종 배추가 보급되어 오늘날 김치를 만드는 배추는 결구종배추가 주를 이루게 되었다.",근대 신문으로 보는 음식,전통 음식과 식재료의 변화,,https://ncms.nculture.org/legacy/story/2831,근대-일제강점기(1910.8.22~1945.8.14),,,,,,덕천,20230101,"배추김치, 호배추, 결구배추",F,음식 & 다이닝/요리 매니아/간단 요리,15,15,20231230
20231200416,한센인 격리와 정착의 역사 - 의왕 한국한센복지협회,"경기도 의왕시 한국한센복지협회의 뿌리는 1926년 발족한 조선나병근절책연구회라고 할 수 있다. 한센인은 격리 수용하는 것이 최선이라는 당시의 인식에 따라 대규모 수용소 건설을 추진한 명망가 단체다. 격리 정책은 해방 후에도 계속되다가 1960년대 들어서야 정착촌 정책으로 바뀌었다. 1948년 대한나예방협회 역시 격리에 중점을 두었다. 한국한센복지협회는 과거 문둥병, 나병으로 불리던 질병이 2000년에 한센병으로 공식 명명됨에 따라 새로운 이름을 가지게 되었다. 의왕 한국한센복지협회는 인근 성 나자로 마을에서 50년 무상 대여한 땅에 병원과 사무실을 지었다. 1951년 모락산 자락에 자리 잡은 성 나자로 마을은 1970부터 원장으로 28년 봉직한 이경재 신부 재임 기간에 현재의 모습을 갖추었다. 한국한센복지협회와 성 나자로 마을은 문둥병이라는 차별적인 병명이 한센병으로 바뀌기까지 한센인들이 겪은 고통과 시련의 삶을 간직하고 있다.",공간으로 읽는 근대문화 역사유산,근대 의술과 인술 사이에서,https://minio.nculture.org/amsweb-opt/3ds/28/84383/84383_thumbnail.jpg,https://ncms.nculture.org/legacy/story/778,현대-현대(1945.8.15~현재),경기도,의왕시,경기도 의왕시 원골로 59,37.3619452,126.9711473,소록도 시설 (국립소록도병원),20230101,"한국한센복지협회, 성 나자로 마을, 이경재, 조선나병근절책연구회",F,미디어 & 엔터테인먼트/TV 애호가/드라마 팬,15,15,20231230
20231200417,한센인 격리와 정착의 역사 - 의왕 한국한센복지협회,"경기도 의왕시 한국한센복지협회의 뿌리는 1926년 발족한 조선나병근절책연구회라고 할 수 있다. 한센인은 격리 수용하는 것이 최선이라는 당시의 인식에 따라 대규모 수용소 건설을 추진한 명망가 단체다. 격리 정책은 해방 후에도 계속되다가 1960년대 들어서야 정착촌 정책으로 바뀌었다. 1948년 대한나예방협회 역시 격리에 중점을 두었다. 한국한센복지협회는 과거 문둥병, 나병으로 불리던 질병이 2000년에 한센병으로 공식 명명됨에 따라 새로운 이름을 가지게 되었다. 의왕 한국한센복지협회는 인근 성 나자로 마을에서 50년 무상 대여한 땅에 병원과 사무실을 지었다. 1951년 모락산 자락에 자리 잡은 성 나자로 마을은 1970부터 원장으로 28년 봉직한 이경재 신부 재임 기간에 현재의 모습을 갖추었다. 한국한센복지협회와 성 나자로 마을은 문둥병이라는 차별적인 병명이 한센병으로 바뀌기까지 한센인들이 겪은 고통과 시련의 삶을 간직하고 있다.",공간으로 읽는 근대문화 역사유산,근대 의술과 인술 사이에서,https://minio.nculture.org/amsweb-opt/3ds/28/84383/84383_thumbnail.jpg,https://ncms.nculture.org/legacy/story/778,현대-현대(1945.8.15~현재),경기도,의왕시,경기도 의왕시 원골로 59,37.3619452,126.9711473,소록도 시설 (국립소록도병원),20230101,"한국한센복지협회, 성 나자로 마을, 이경재, 조선나병근절책연구회",F,뉴스 & 정치/열렬한 뉴스 독자/열렬한 비즈니스 뉴스 독자,15,15,20231230
20231200418,초량 이바구길의 곡절 많은 터줏대감-부산 구 백제병원,"부산역 맞은편 초량 이바구길 초입에 위치한 백제병원 건물은 1927년 지어졌다. 백제병원은 부산 최초의 개인병원으로서, 부산부립병원, 철도병원과 함께 부산 3대 병원으로 꼽혔다. 백제병원 건물은 4층 건물과 잇달아 지은 6층 건물을 이어 붙였는데, 단층과 2~3층이 고작이던 당시 부산에서 우뚝 솟은 건물이었다. 하지만 설립자인 외과의사 최용해가 건축 과정에서 무리하게 빚을 끌어다 쓴데다 행려병자 시신으로 인체 표본을 제작해 보관하다 적발되면서, 급기야 설립자가 병원 문을 닫고 일본으로 도주하였다. 백제병원 건물은 중국인이 인수하여 봉래각이라는 청요릿집으로 개조되었다. 객실을 120개나 설치한 봉래각 또한 부산 명물로 명성을 날렸으나, 중일전쟁 이후 주인이 고국으로 돌아가면서 1942년 폐업했다. 이후 일본군 장교숙소였다가 해방 후에는 부산치안사령부, 전쟁 시기에는 중화민국 임시 대사관으로 쓰였다. 1953년 신라예식장으로 용도가 바뀌었으나, 예식장도 1960년대 중반 문을 닫았다. 1972년에는 이웃 건물에서 발생한 화재로 건물의 3분의 2가 불에 타, 5층 이상은 철거되었다. 다행히 골조와 1~2층은 옛 모습을 모두 잃지는 않았다. 2009년 새 주인이 인수하였고, 복원에 준하는 리모델링을 거쳐 2015년부터 카페 겸 문화예술 공간으로 활용되고 있다.",공간으로 읽는 근대문화 역사유산,근대 의술과 인술 사이에서,https://minio.nculture.org/amsweb-opt/3ds/228/84333/84333_thumbnail.jpg,https://ncms.nculture.org/legacy/story/783,근대-일제강점기(1910.8.22~1945.8.14),부산광역시,동구,부산 동구 초량동 460-2,35.11625252,129.0388649,부산 차이나타운,20230101,"부산 백제병원, 부산 봉래각, 최용해, 부산 신라예식장, 초량 이바구길, 브라운핸즈 카페",F,음식 & 다이닝/식도락가,15,15,20231230
20231200419,일제시대에도 계속된 인삼전매제,"인삼은 옛날부터 만병통치약으로 먹던 산삼을 인공재배한 것이다. 인삼 밭에서 수확한 인삼을 수삼(水蔘)이라고 한다. 이 수삼을 쪄서 말린 것이 홍삼이고 그냥 말린 것이 백삼이다. 홍삼은 직삼으로 만들고 백삼은 곡삼으로 만드는데, 직삼은 개성인삼, 곡삼은 금산인삼이 대표적이다. 조선시대 홍삼은 국가가 재배부터 판매까지 직접 관리하였는데 백삼은 크게 규제하지 않았다. 백삼은 1934년 지정구역 외의 인삼 경작도 전매국의 허가를 받고, 1943년 백삼의 유통·배급도 총독부가 관리하면서 규제되었다.",근대 신문으로 보는 음식,전통 음식과 식재료의 변화,,https://ncms.nculture.org/legacy/story/2779,근대-일제강점기(1910.8.22~1945.8.14),경상북도,영주시,경상북도 영주시 풍기읍 죽령로 1378 인삼박물관,36.885943,128.479715,금산,20230101,"인삼전매제, 홍삼전매제, 직삼, 곡삼, 홍삼, 백삼",F,미디어 & 엔터테인먼트/TV 애호가,15,15,20231230
20231200420,일제강점기 나타난 뻥튀기,"오늘날 뻥튀기를 만드는 기계는 일제강점기 일본에서 수입한 것이 시초이다. 이 기계는 과자장수들에게 ‘7홉이 1말이 된다’라는 문구로 광고하여 판매되었다. 백미, 현미, 수수, 조 등을 15배 이상 팽창시키는데 시간은 3분 걸리고 비용은 5리(厘)가 든다고 하였다. 뻥튀기 기계는 곡물을 쉽게 과자로 만들어주었지만 사고의 위험이 늘 있었다. 1980년대까지도 뻥튀기 기계의 사고기사가 종종 보인다. 쌀 5홉으로 뻥튀기를 하면 일반 가정집은 1년 정도 먹을 수 있었다. 1980년대 들어 과자들이 많이 나오면서 뻥튀기는 서서히 자취를 감추게 되었다.",근대 신문으로 보는 음식,개항 이후 들어온 음식과 식재료,https://minio.nculture.org/amsweb-opt/multimedia_assets/180/14779/19965/c/14779-thumb.jpg,https://ncms.nculture.org/legacy/story/2829,근대-일제강점기(1910.8.22~1945.8.14),,,,,,덕천,20230101,"뻥튀기, 곡물팽창기, 폭발",F,미디어 & 엔터테인먼트/음악 애호가/월드 뮤직 팬,15,15,20231230
20231200421,근대의 슬픔이 오롯이 남은 항구 - 목포 근대역사문화공간,"1897년 개항한 전라남도 목포시는 일제강점기를 거치며 조선 4대 항구이자 6대 도시로 꼽히는 근대도시로 성장했다. 현재 유달동, 만호동에 해당하는 목포의 구 도심은 일본 등 외국자본에 의해서 간척된 계획도시였다. 만호동과 유달동 일대의 번영로에 근대건축 유산이 집중되어 있다. 문화재청은 2018년 8월 6일 이 일대 11만4,038㎡(602필지)를 ‘목포 근대역사문화공간’이라는 이름으로 등록문화재 제718호로 지정했다. 기존 ‘점’(點) 단위 개별 문화재 중심의 보존에서 탈피해 문화재청이 ‘선(線)?면(面)’ 단위 문화재 등록제도를 도입한 첫 사례이다. 등록문화재로 지정된 개별 건축물은 15개로, 일본식 가옥 4곳, 구 목포부립병원 관사, 구 목포 일본기독교회, 상가주택 6곳, 구 동아부인상회 목포지점, 목포 해안로 붉은 벽돌창고, 구 목포 화신연쇄점이 포함되어 있다.",공간으로 읽는 근대문화 역사유산,근대 거리를 거닐다,https://minio.nculture.org/amsweb-opt/multimedia_assets/70/30448/22531/c/%EB%AA%A9%ED%8F%AC-%EA%B7%BC%EB%8C%80%EB%AC%B8%ED%99%94%EC%97%AD%EC%82%AC%EA%B3%B5%EA%B0%84_%EB%AA%A9%ED%8F%AC-%EB%B2%88%ED%99%94%EB%A1%9C-%EC%9D%BC%EB%B3%B8%EC%8B%9D%EA%B0%80%EC%98%A5-12019-12-07-12.45.44-thumb.jpg,https://ncms.nculture.org/legacy/story/4542,근대-일제강점기(1910.8.22~1945.8.14),전라남도,목포시,전라남도 목포시 번화로 25,34.78630756,126.3823141,동아부인상회 목포지점,20230101,"목포 구 도심, 구 동아부인상회 목포지점, 목포의 눈물",M,스포츠 & 피트니스/스포츠 팬/축구 팬,15,15,20231230
20231200422,고종황제를 매혹시킨 커피,커피는 개항이후 조선의 궁궐인 경복궁이나 덕수궁에서 서양인을 접대할 때 사용되었다. 고종은 커피를 상당히 좋아했다. 서양인 선교사들은 커피를 가지고 한국에 왔는데 한국인에게 대접하기도 하였다. 일제시대 커피는 일반인들에게 많이 퍼져서 1930년대 후반에는 다방도 많이 생겼다. 이 시기 커피는 원두를 갈아 주전자에 끓여 체에 받쳐 걸러 먹었다. 1930년대 후반 전쟁으로 수입이 통제되면서 커피의 사용은 줄어들었다.,근대 신문으로 보는 음식,개항 이후 들어온 음식과 식재료,https://minio.nculture.org/amsweb-opt/multimedia_assets/221/14820/2419/c/14820-thumb.jpg,https://ncms.nculture.org/legacy/story/2853,근대-개항기(1864~1910),서울특별시,중구,서울특별시 중구 정동 세종대로 99,37.565807,126.975143,대불호텔,20230101,"고종황제, 다방, 원두, 선교사, 접대",M,테크놀로지/기술애호가,15,15,20231230
20231200423,고종황제를 매혹시킨 커피,커피는 개항이후 조선의 궁궐인 경복궁이나 덕수궁에서 서양인을 접대할 때 사용되었다. 고종은 커피를 상당히 좋아했다. 서양인 선교사들은 커피를 가지고 한국에 왔는데 한국인에게 대접하기도 하였다. 일제시대 커피는 일반인들에게 많이 퍼져서 1930년대 후반에는 다방도 많이 생겼다. 이 시기 커피는 원두를 갈아 주전자에 끓여 체에 받쳐 걸러 먹었다. 1930년대 후반 전쟁으로 수입이 통제되면서 커피의 사용은 줄어들었다.,근대 신문으로 보는 음식,개항 이후 들어온 음식과 식재료,https://minio.nculture.org/amsweb-opt/multimedia_assets/221/14820/2419/c/14820-thumb.jpg,https://ncms.nculture.org/legacy/story/2853,근대-개항기(1864~1910),서울특별시,중구,서울특별시 중구 정동 세종대로 99,37.565807,126.975143,대불호텔,20230101,"고종황제, 다방, 원두, 선교사, 접대",M,여행/여행 매니아,15,15,20231230
20231200424,국가폭력의 근대화 - 안산 선감학원 자리,"경기도 단원구 선감동에 일제 강점기 말 설치된 선감학원은 ‘부랑아 수용소’였다. 식민지 행정 기관과 경찰은 길거리에서 자의적 잣대로 청소년들을 단속해 정확한 신원 확인 없이 선감도로 보냈다. 선감도 주민들을 강제로 이주시키고 들어선 선감학원은 수용된 청소년들에게 강제 노역을 시켰다. 소년들은 가혹한 매질과 배고픔에 시달렸으며, 바다를 건너 탈출하려다가 익사한 경우도 많았다. 선감학원은 심한 구타로 숨지거나 익사한 수용생들을 암매장했다. 해방 후에도 식민지 시절의 관행은 그대로 이어뎌 1982년 폐원될 때까지 선감학원은 행정기관과 경찰이 조사 없이 보낸 하층민 청소년들을 수용했다. 현재 선감학원 자리는 경기창작센터로 변했다. 일본인 이하라 히로미츠가 1989년 자전적 소설로 선감학원의 비극을 알렸다. 하지만 지금도 선감학원에서 일어났던 참상은 완전히 밝혀지지 않았으며, 피해자들에게 보상도 이뤄지지 않고 있다.",공간으로 읽는 근대문화 역사유산,"빼앗긴 들, 뒤틀린 근대",https://minio.nculture.org/amsweb-opt/3ds/11/84366/84366_thumbnail.jpg,https://ncms.nculture.org/legacy/story/797,근대-일제강점기(1910.8.22~1945.8.14),경기도,안산시,경기도 안산시 단원구 선감로 77-7,37.22855183,126.6292286,장항제련소,20230101,"국가폭력, 선감학원, 조선소년령, 이하라 히로미츠, 경기창작센터",M,미디어 & 엔터테인먼트/TV 애호가,15,15,20231230
20231200425,국가폭력의 근대화 - 안산 선감학원 자리,"경기도 단원구 선감동에 일제 강점기 말 설치된 선감학원은 ‘부랑아 수용소’였다. 식민지 행정 기관과 경찰은 길거리에서 자의적 잣대로 청소년들을 단속해 정확한 신원 확인 없이 선감도로 보냈다. 선감도 주민들을 강제로 이주시키고 들어선 선감학원은 수용된 청소년들에게 강제 노역을 시켰다. 소년들은 가혹한 매질과 배고픔에 시달렸으며, 바다를 건너 탈출하려다가 익사한 경우도 많았다. 선감학원은 심한 구타로 숨지거나 익사한 수용생들을 암매장했다. 해방 후에도 식민지 시절의 관행은 그대로 이어뎌 1982년 폐원될 때까지 선감학원은 행정기관과 경찰이 조사 없이 보낸 하층민 청소년들을 수용했다. 현재 선감학원 자리는 경기창작센터로 변했다. 일본인 이하라 히로미츠가 1989년 자전적 소설로 선감학원의 비극을 알렸다. 하지만 지금도 선감학원에서 일어났던 참상은 완전히 밝혀지지 않았으며, 피해자들에게 보상도 이뤄지지 않고 있다.",공간으로 읽는 근대문화 역사유산,"빼앗긴 들, 뒤틀린 근대",https://minio.nculture.org/amsweb-opt/3ds/11/84366/84366_thumbnail.jpg,https://ncms.nculture.org/legacy/story/797,근대-일제강점기(1910.8.22~1945.8.14),경기도,안산시,경기도 안산시 단원구 선감로 77-7,37.22855183,126.6292286,장항제련소,20230101,"국가폭력, 선감학원, 조선소년령, 이하라 히로미츠, 경기창작센터",M,뉴스 & 정치/열렬한 뉴스 독자/열렬한 정치 뉴스 독자,15,15,20231230
20231200426,국가폭력의 근대화 - 안산 선감학원 자리,"경기도 단원구 선감동에 일제 강점기 말 설치된 선감학원은 ‘부랑아 수용소’였다. 식민지 행정 기관과 경찰은 길거리에서 자의적 잣대로 청소년들을 단속해 정확한 신원 확인 없이 선감도로 보냈다. 선감도 주민들을 강제로 이주시키고 들어선 선감학원은 수용된 청소년들에게 강제 노역을 시켰다. 소년들은 가혹한 매질과 배고픔에 시달렸으며, 바다를 건너 탈출하려다가 익사한 경우도 많았다. 선감학원은 심한 구타로 숨지거나 익사한 수용생들을 암매장했다. 해방 후에도 식민지 시절의 관행은 그대로 이어뎌 1982년 폐원될 때까지 선감학원은 행정기관과 경찰이 조사 없이 보낸 하층민 청소년들을 수용했다. 현재 선감학원 자리는 경기창작센터로 변했다. 일본인 이하라 히로미츠가 1989년 자전적 소설로 선감학원의 비극을 알렸다. 하지만 지금도 선감학원에서 일어났던 참상은 완전히 밝혀지지 않았으며, 피해자들에게 보상도 이뤄지지 않고 있다.",공간으로 읽는 근대문화 역사유산,"빼앗긴 들, 뒤틀린 근대",https://minio.nculture.org/amsweb-opt/3ds/11/84366/84366_thumbnail.jpg,https://ncms.nculture.org/legacy/story/797,근대-일제강점기(1910.8.22~1945.8.14),경기도,안산시,경기도 안산시 단원구 선감로 77-7,37.22855183,126.6292286,장항제련소,20230101,"국가폭력, 선감학원, 조선소년령, 이하라 히로미츠, 경기창작센터",M,스포츠 & 피트니스/스포츠 팬/축구 팬,15,15,20231230
20231200427,"서울 최초의 근대 백화점, 미츠코시 백화점 경성지점","미츠코시 백화점 경성지점은 서울특별시에 세워진 최초의 근대식 백화점이다. 미츠코시 오복점이 1929년에 지점으로 승격되면서 본격적으로 백화점의 면모를 갖추게 되었다. 대형 백화점의 등장은 정찰제 판매, 박리다매 전략의 등장으로 우리나라 유통에 큰 변화를 불러왔다. 미츠코시 백화점은 일반 시민들에게 일상적인 공간으로 자리 잡았으나 이면에는 일제강점기 소비문화의 모순이 감춰져 있기도 했다. 현재는 서울특별시 중구 신세계백화점 본점 본관으로 사용되고 있다.",공간으로 읽는 근대문화 역사유산,"근대, 한반도에 발을 딛다",https://minio.nculture.org/amsweb-opt/multimedia_assets/125/85820/93650/c/%EA%B5%AC-%EB%AF%B8%EC%93%B0%EC%BD%94%EC%8B%9C-%EA%B2%BD%EC%84%B1%EC%A7%80%EC%A0%90-%281%29_rev-thumb.jpg,https://ncms.nculture.org/legacy/story/7134,근대-일제강점기(1910.8.22~1945.8.14),서울특별시,중구,서울특별시 중구 소공로 63,37.56091902,126.980979,신세계백화점 본점,20230101,"백화점, 미츠코시, 이상, 채만식",M,음식 & 다이닝/자주 외식/끼니별 외식/점심 외식을 주로하는 사람,15,14,20231230
20231200428,전통배추를 밀어내고 김치의 원료가 된 결구배추,"배추김치의 주재료인 배추는 조선시대까지 한양과 개성에서 자란 것이 유명했다. 이 배추는 배추잎이 절반정도 뭉친 반결구종으로, 무게는 결구종보다 적고 생육기간도 길었다. 임오군란 이후 중국인들이 한국땅에 살고 중국과 왕래하면서 중국의 결구배추가 들어오게 된다. 결구배추는 배추잎이 서로 감싸 완전히 뭉친 것인데 생육기간이 짧고 크기도 컸다. 일제강점기 반결구배추가 병충해에 시달리면서 결구종 배추가 보급되어 오늘날 김치를 만드는 배추는 결구종배추가 주를 이루게 되었다.",근대 신문으로 보는 음식,전통 음식과 식재료의 변화,,https://ncms.nculture.org/legacy/story/2831,근대-일제강점기(1910.8.22~1945.8.14),,,,,,덕천,20230101,"배추김치, 호배추, 결구배추",F,뷰티 & 웰빙/뷰티 전문가,15,14,20231230
20231200429,"누룩, 국가가 통제하다.",누룩은 곡식을 발효시켜 술로 만들 때 필요한 발효제이다. 전근대 시기 누룩은 주로 밀로 만들었는데 밀 농사를 지은 농민들이 부업으로 만들어 장에서 팔았다. 일제시대 대규모로 누룩을 제조하는 공장들이 출현하였는데 농촌에서 부업으로 만드는 누룩도 공존하였다. 1930년대 일제는 누룩 제조를 특정 공장에만 허가하고 전매권을 주었다. 다양하게 만들어지던 누룩은 국가에 의해 통제되었다.,근대 신문으로 보는 음식,전통 음식과 식재료의 변화,https://minio.nculture.org/amsweb-opt/multimedia_assets/202/25909/7566/c/25909-thumb.jpg,https://ncms.nculture.org/legacy/story/2727,근대-일제강점기(1910.8.22~1945.8.14),부산광역시,금정구,부산광역시 금정구 금성동 554-1 금정산성 막걸리 찾아가는 양조장,35.250417,129.056476,부산 산성마을,20230101,"곡자화시, 곡자제조장, 산성누룩, 재래종 밀",F,스포츠 & 피트니스/건강 및 피트니스,15,14,20231230
20231200430,"민주주의가 자라다, 인천 제물포고등학교 강당","인천 제물포고등학교 강당은 1935년 인천 공립중학교의 강당으로 세워졌다. 화강석 기단 위에 적벽돌을 쌓아 지은 건물이다. 지하 1층, 지상 1층인 외관은 간결하며 기능 중심으로 설계되었다. 내부는 너비가 15m에 이르지만, 중간 기둥 없이 하나의 공간을 이루도록 했다. 일본인 학교였던 인천 공립학교는 해방 후 학제 변경으로 1954년 제물포고등학교 강당이 되었다. 제물포고등학교 설립을 주도했고 초대 교장이었던 교육자 길영희 선생은 ‘성덕당’이라고 불리는 강당에서 전교생에게 양심적인 나라의 일꾼이 되라고 열변을 토했다고 한다. 성덕당은 당대 인사들의 특강 장소이자 학생들의 자유로운 토론의 장으로 활용되었다. 1930년대 세워졌던 옛 학교 건물들은 모두 사라졌지만, 성덕당은 남아 제물포고등학교의 역사와 전통을 상징하는 공간으로 꼽힌다.",공간으로 읽는 근대문화 역사유산,근대의 산실 학교,https://minio.nculture.org/amsweb-opt/multimedia_assets/88/14595/20088/c/14595-thumb.jpg,https://ncms.nculture.org/legacy/story/2821,근대-일제강점기(1910.8.22~1945.8.14),인천광역시,중구,인천광역시 중구 자유공원로 58-9,37.476895,126.62402,인천 제물포고등학교,20230101,"제물포고등학교, 성덕당, 길영희, 무감독시험, 등록문화재 제427호, 인천 공립중학교, 제물포고등학교 강당, 망사드르지붕, 인천 자유공원, 무감독 시험, 인천역",F,뉴스 & 정치/열렬한 뉴스 독자/열렬한 정치 뉴스 독자,15,14,20231230
20231200431,"민주주의가 자라다, 인천 제물포고등학교 강당","인천 제물포고등학교 강당은 1935년 인천 공립중학교의 강당으로 세워졌다. 화강석 기단 위에 적벽돌을 쌓아 지은 건물이다. 지하 1층, 지상 1층인 외관은 간결하며 기능 중심으로 설계되었다. 내부는 너비가 15m에 이르지만, 중간 기둥 없이 하나의 공간을 이루도록 했다. 일본인 학교였던 인천 공립학교는 해방 후 학제 변경으로 1954년 제물포고등학교 강당이 되었다. 제물포고등학교 설립을 주도했고 초대 교장이었던 교육자 길영희 선생은 ‘성덕당’이라고 불리는 강당에서 전교생에게 양심적인 나라의 일꾼이 되라고 열변을 토했다고 한다. 성덕당은 당대 인사들의 특강 장소이자 학생들의 자유로운 토론의 장으로 활용되었다. 1930년대 세워졌던 옛 학교 건물들은 모두 사라졌지만, 성덕당은 남아 제물포고등학교의 역사와 전통을 상징하는 공간으로 꼽힌다.",공간으로 읽는 근대문화 역사유산,근대의 산실 학교,https://minio.nculture.org/amsweb-opt/multimedia_assets/88/14595/20088/c/14595-thumb.jpg,https://ncms.nculture.org/legacy/story/2821,근대-일제강점기(1910.8.22~1945.8.14),인천광역시,중구,인천광역시 중구 자유공원로 58-9,37.476895,126.62402,인천 제물포고등학교,20230101,"제물포고등학교, 성덕당, 길영희, 무감독시험, 등록문화재 제427호, 인천 공립중학교, 제물포고등학교 강당, 망사드르지붕, 인천 자유공원, 무감독 시험, 인천역",M,뉴스 & 정치/열렬한 뉴스 독자/연예 뉴스 매니아,15,14,20231230
20231200432,"일제강점기 한국의 우뭇가사리로 만든 일본 과자, 양갱","양갱은 중국에서 일본에 전해져 정착된 과자로 우뭇가사리를 냉동건조시킨 한천에 팥, 설탕 등을 넣고 쪄서 만든 과자다. 양갱은 일제강점기 조선에 들어와 지금도 팔릴만큼 한국인의 과자로 정착되었다. 양갱의 원료인 우뭇가사리는 일제강점기 본격적으로 한반도 바다에서 채취되었는데 우뭇가사리가 양갱 원료 이외에 의약품, 화장품 등의 원료로 쓰였기 때문이다. 일제강점기 우뭇가사리 채취는 주로 제주도 출신 해녀들이 담당하였다. 해방 후에도 한천은 계속 만들어져 주로 외국으로 수출되었다.",근대 신문으로 보는 음식,개항 이후 들어온 음식과 식재료,https://minio.nculture.org/amsweb-opt/multimedia_assets/233/14832/2431/c/14832-thumb.jpg,https://ncms.nculture.org/legacy/story/2876,근대-일제강점기(1910.8.22~1945.8.14),경상남도,밀양시,경상남도 밀양시 산내면 봉의로 58-31,35.591708,128.880929,,20230101,"양갱, 요깡, 우뭇가사리, 한천, 제주해녀, 나카오카제과, 해태제과합명회사",F,음식 & 다이닝/요리 매니아/간단 요리,15,13,20231230
20231200433,한센인 격리와 정착의 역사 - 의왕 한국한센복지협회,"경기도 의왕시 한국한센복지협회의 뿌리는 1926년 발족한 조선나병근절책연구회라고 할 수 있다. 한센인은 격리 수용하는 것이 최선이라는 당시의 인식에 따라 대규모 수용소 건설을 추진한 명망가 단체다. 격리 정책은 해방 후에도 계속되다가 1960년대 들어서야 정착촌 정책으로 바뀌었다. 1948년 대한나예방협회 역시 격리에 중점을 두었다. 한국한센복지협회는 과거 문둥병, 나병으로 불리던 질병이 2000년에 한센병으로 공식 명명됨에 따라 새로운 이름을 가지게 되었다. 의왕 한국한센복지협회는 인근 성 나자로 마을에서 50년 무상 대여한 땅에 병원과 사무실을 지었다. 1951년 모락산 자락에 자리 잡은 성 나자로 마을은 1970부터 원장으로 28년 봉직한 이경재 신부 재임 기간에 현재의 모습을 갖추었다. 한국한센복지협회와 성 나자로 마을은 문둥병이라는 차별적인 병명이 한센병으로 바뀌기까지 한센인들이 겪은 고통과 시련의 삶을 간직하고 있다.",공간으로 읽는 근대문화 역사유산,근대 의술과 인술 사이에서,https://minio.nculture.org/amsweb-opt/3ds/28/84383/84383_thumbnail.jpg,https://ncms.nculture.org/legacy/story/778,현대-현대(1945.8.15~현재),경기도,의왕시,경기도 의왕시 원골로 59,37.3619452,126.9711473,소록도 시설 (국립소록도병원),20230101,"한국한센복지협회, 성 나자로 마을, 이경재, 조선나병근절책연구회",M,스포츠 & 피트니스/스포츠 팬/축구 팬,15,13,20231230
20231200434,바다보다 역동적인 제물포의 근대 - 인천 개항장 근대역사문화지구,"제물포는 1883년 개항 직후부터 일본과 청나라, 영국 미국 독일 프랑스 등 각국이 주도권을 잡기 위해 각축을 벌인 지역이다. 일본이 가장 먼저 조계를 설정하자, 청과 다른 나라들이 뒤따랐다. 초기 모습은 청 조계지가 일본 쪽보다 나았다. 상권에서도 청 상인들이 우세한 편이었으나, 1894년 청일전쟁에서 일본이 승리한 뒤로는 일본이 앞서기 시작했고, 1904년 러일전쟁을 거친 뒤에는 일본의 절대 우세가 확정되었다. 일본은 금융기관을 앞세워 해운업과 화물운송업을 장악했고, 인천은 일본 주도 아래 식민지 근대의 대도시로 변모하기 시작했다. 현재의 자유공원(만국공원)은 일본 조계지와 청국 조계지(훗날 인천 차이나타운)를 비롯해 개항 이후 인천 근현대사의 역동성을 답사하기 적당한 출발점이다.",공간으로 읽는 근대문화 역사유산,근대 거리를 거닐다,https://minio.nculture.org/amsweb-opt/multimedia_assets/79/30457/22671/c/%EC%9D%B8%EC%B2%9C_%EA%B7%BC%EB%8C%80%EB%AC%B8%ED%99%94%EC%9C%A0%EC%82%B0%EA%B1%B0%EB%A6%AC-%283%29-thumb.jpg,https://ncms.nculture.org/legacy/story/4549,근대-개항기(1864~1910),인천광역시,중구,인천광역시 중구 자유공원남로 25,37.47467242,126.6225672,제물포고등학교,20230101,"제물포, 자유공원, 조계지, 만국공원, 차이나타운",M,뉴스 & 정치/열렬한 뉴스 독자/열렬한 정치 뉴스 독자,15,13,20231230
20231200435,"한센인들의 한숨과 눈물, 손양원의 사랑 - 여수 구 애양원교회와 애양병원","전라남도 여수시 율촌면 신풍리 애양원은 1911년 문을 연 광주 나병원이 뿌리다. 한센병 환자가 몰리자, 광주 나병원의 원장 윌슨 선교사는 신풍리로 근거지를 옮기기로 했다. 한센인에 대한 사회적 편견과 차별 때문에 600여 환우는 ‘눈물의 이주’를 해야 했다. 여수에 지어진 애양병원과 애양원교회는 비록 격리정책에 따른 수용시설이지만, 한센인들에게는 의지할 수 있는 공동체의 구심점이 되었다. 특히 애양원교회 2대 목사로 부임한 「사랑의 원자탄」 손양원 목사는 헌신적으로 사랑의 봉사를 실천했다. 한센병 환자는 줄어들고, 한센병은 퇴치되었으나, 한센인의 고통과 한센인을 정성으로 돌보았던 손길들을 되돌아 볼 수 있는 공간으로서 구 애양병원(현 애양 역사박물관)과 애양원교회는 중요한 공간이다.",공간으로 읽는 근대문화 역사유산,근대 의술과 인술 사이에서,https://minio.nculture.org/amsweb-opt/3ds/15/84370/84370_thumbnail.jpg,https://ncms.nculture.org/legacy/story/777,근대-일제강점기(1910.8.22~1945.8.14),전라남도,여수시,전라남도 여수시 율촌면 도성길 30-15,34.84224228,127.6300468,손양원 기념 공원,20230101,"광주 나병원, 우일선, 애양원교회, 한센병, 도성농원, 애양 역사 박물관, 손양원",F,음식 & 다이닝/요리 매니아/셰프 지망생,15,13,20231230
20231200436,"명월관, 요릿집이 시작되다.",명월관은 최초의 근대적 음식점이었지만 기생들이 시중을 드는 전근대적인 면도 공존하고 있었다. 명월관은 주로 잔치를 여는 장소였으므로 기본적으로 음식값이 비쌌고 기생을 불러 공연할 경우 비용이 더 비싸졌다. 처음 명월관은 광화문 사거리에서 문을 열었는데 1919년 화재로 소실된 후 인사동에 있던 분점에 사람들이 몰렸다. 1921년 인사동의 명월관 지점 태화관이 남감리교 여자선교회에 매각된 후에는 돈의동 145번지로 이전하여 해방 후까지 영업하다 6.25때 소실되었다.,근대 신문으로 보는 음식,근대의 음식점,https://minio.nculture.org/amsweb-opt/multimedia_assets/128/14727/19977/c/14727-thumb.jpg,https://ncms.nculture.org/legacy/story/2943,근대-일제강점기(1910.8.22~1945.8.14),서울특별시,종로구,서울특별시 종로구 세종로 139-8,37.569857,126.977622,태화기독교사회복지관,20230101,"명월관, 태화관, 회갑연, 관혼례연",M,미디어 & 엔터테인먼트/TV 대중 시청자,15,13,20231230
20231200437,"명월관, 요릿집이 시작되다.",명월관은 최초의 근대적 음식점이었지만 기생들이 시중을 드는 전근대적인 면도 공존하고 있었다. 명월관은 주로 잔치를 여는 장소였으므로 기본적으로 음식값이 비쌌고 기생을 불러 공연할 경우 비용이 더 비싸졌다. 처음 명월관은 광화문 사거리에서 문을 열었는데 1919년 화재로 소실된 후 인사동에 있던 분점에 사람들이 몰렸다. 1921년 인사동의 명월관 지점 태화관이 남감리교 여자선교회에 매각된 후에는 돈의동 145번지로 이전하여 해방 후까지 영업하다 6.25때 소실되었다.,근대 신문으로 보는 음식,근대의 음식점,https://minio.nculture.org/amsweb-opt/multimedia_assets/128/14727/19977/c/14727-thumb.jpg,https://ncms.nculture.org/legacy/story/2943,근대-일제강점기(1910.8.22~1945.8.14),서울특별시,종로구,서울특별시 종로구 세종로 139-8,37.569857,126.977622,태화기독교사회복지관,20230101,"명월관, 태화관, 회갑연, 관혼례연",M,미디어 & 엔터테인먼트/영화 애호가,15,13,20231230
20231200438,"명월관, 요릿집이 시작되다.",명월관은 최초의 근대적 음식점이었지만 기생들이 시중을 드는 전근대적인 면도 공존하고 있었다. 명월관은 주로 잔치를 여는 장소였으므로 기본적으로 음식값이 비쌌고 기생을 불러 공연할 경우 비용이 더 비싸졌다. 처음 명월관은 광화문 사거리에서 문을 열었는데 1919년 화재로 소실된 후 인사동에 있던 분점에 사람들이 몰렸다. 1921년 인사동의 명월관 지점 태화관이 남감리교 여자선교회에 매각된 후에는 돈의동 145번지로 이전하여 해방 후까지 영업하다 6.25때 소실되었다.,근대 신문으로 보는 음식,근대의 음식점,https://minio.nculture.org/amsweb-opt/multimedia_assets/128/14727/19977/c/14727-thumb.jpg,https://ncms.nculture.org/legacy/story/2943,근대-일제강점기(1910.8.22~1945.8.14),서울특별시,종로구,서울특별시 종로구 세종로 139-8,37.569857,126.977622,태화기독교사회복지관,20230101,"명월관, 태화관, 회갑연, 관혼례연",M,스포츠 & 피트니스/스포츠 팬/축구 팬,15,13,20231230
20231200439,"서울 최초의 근대 백화점, 미츠코시 백화점 경성지점","미츠코시 백화점 경성지점은 서울특별시에 세워진 최초의 근대식 백화점이다. 미츠코시 오복점이 1929년에 지점으로 승격되면서 본격적으로 백화점의 면모를 갖추게 되었다. 대형 백화점의 등장은 정찰제 판매, 박리다매 전략의 등장으로 우리나라 유통에 큰 변화를 불러왔다. 미츠코시 백화점은 일반 시민들에게 일상적인 공간으로 자리 잡았으나 이면에는 일제강점기 소비문화의 모순이 감춰져 있기도 했다. 현재는 서울특별시 중구 신세계백화점 본점 본관으로 사용되고 있다.",공간으로 읽는 근대문화 역사유산,"근대, 한반도에 발을 딛다",https://minio.nculture.org/amsweb-opt/multimedia_assets/125/85820/93650/c/%EA%B5%AC-%EB%AF%B8%EC%93%B0%EC%BD%94%EC%8B%9C-%EA%B2%BD%EC%84%B1%EC%A7%80%EC%A0%90-%281%29_rev-thumb.jpg,https://ncms.nculture.org/legacy/story/7134,근대-일제강점기(1910.8.22~1945.8.14),서울특별시,중구,서울특별시 중구 소공로 63,37.56091902,126.980979,신세계백화점 본점,20230101,"백화점, 미츠코시, 이상, 채만식",M,스포츠 & 피트니스/스포츠 팬/라켓볼 매니아,15,12,20231230
20231200440,우리나라 최초의 철근 콘크리트 다리  - 강원 화천 꺼먹다리,"일제강점기 말에 건설된 화천댐과 더불어 만들어진 꺼먹다리는 화천군 간동면 구만리와 화천읍 대이리를 잇는 우리나라 최초의 철근 콘크리트 교량이다. 나무로 된 상판에 검은색 콜타르를 칠한 모습에서 꺼먹다리라는 이름이 붙었다. 1940년대에 일제가 교각을 세웠고, 해방 후에는 화천지역에서 군정을 실시했던 소련이 철골을 올렸으며, 한국전쟁 당시에 남한이 다리 상판을 얹어 뜻하지 않게 3국 합작품이 된 묘한 이력을 가지고 있다. 한국전쟁 당시 파로호 전투로 인해 꺼먹다리에는 아직도 포탄과 총탄 흔적이 남아있다. 당시 전투에서 국군, 유엔군, 북한군, 중공군을 모두 합해 10만여 명이 전사했다. 수많은 전투를 치렀음에도 불구하고 건립 당시의 원형을 비교적 잘 보전하고 있는 꺼먹다리는 산업과 교량의 역사 연구에 중요한 자료로 평가된다. 다리에는 군 입대를 앞둔 남자와 그 애인이 다리 양끝에서 출발해 한가운데서 만나면 남자가 군복무를 마칠 때까지 여자가 ‘고무신을 거꾸로 신지 않는다’는 이야기가 전해지고 있다.",공간으로 읽는 근대문화 역사유산,근대를 떠받친 토목시설과 광산,,https://ncms.nculture.org/legacy/story/1016,근대-일제강점기(1910.8.22~1945.8.14),강원특별자치도,화천군,"강원도 화천군 화천읍 평화로 656 외 1필지, 간동면 구만리 산9-1",38.10342519,127.761732,파로호,20230101,"화천댐, 화천수력발전소, 파로호, 파로호전투, 대붕호, 구만리, 처녀고개, 화천전투",M,미디어 & 엔터테인먼트/음악 애호가/월드 뮤직 팬,15,12,20231230
20231200441,인천육군조병창(仁川陸軍造兵廠),"인천육군조병창은 당시 경기도 부천군 부내면 대정리, 현 부평구 산곡동에 건립되었으며 이곳에 본부와 제1제조소가 있었다. 인천육군조병창은 제1제조소 외에도 평양역 인근에 평양제조소를 예하에 두고 있었다. 인천육군조병창의 주요 임무는 99식 소총·총검·군도 등의 생산 및 수리였다. 인천 부평에 병기공장을 건립하게 된 배경에는 1937년 시작된 중일전쟁의 장기화에 따라, “만선(滿鮮) 북지(北)에 대한 수송의 신속 안전 및 조선 내 병기 공업 능력의 비약적 발전”을 기하기 위함이었다.","한반도 유일한, 부평의 인천육군조병창 이야기",,https://minio.nculture.org/amsweb-opt/multimedia_assets/70/86030/95821/c/%EC%9D%B8%EC%B2%9C%EC%9C%A1%EA%B5%B0%EC%A1%B0%EB%B3%91%EC%B0%BD%EC%9D%98-%EB%B3%B8%EB%B6%80%EA%B1%B4%EB%AC%BC%28%EB%B3%91%EC%9B%90%29_%28%EB%B6%80%ED%8F%89%EB%AC%B8%ED%99%94%EC%9B%90%29-thumb.jpg,https://ncms.nculture.org/legacy/story/8764,,인천광역시,부평구,인천광역시 부평구 안남로 146 (부영공원),37.49590926,126.7098147,부평문화원,20230101,"인천육군조병창, 일제강점기, 고쿠라육군조병창, 아시아태평양전쟁",F,미디어 & 엔터테인먼트/만화 & 애니메이션 팬,15,12,20231230
20231200442,인천육군조병창(仁川陸軍造兵廠),"인천육군조병창은 당시 경기도 부천군 부내면 대정리, 현 부평구 산곡동에 건립되었으며 이곳에 본부와 제1제조소가 있었다. 인천육군조병창은 제1제조소 외에도 평양역 인근에 평양제조소를 예하에 두고 있었다. 인천육군조병창의 주요 임무는 99식 소총·총검·군도 등의 생산 및 수리였다. 인천 부평에 병기공장을 건립하게 된 배경에는 1937년 시작된 중일전쟁의 장기화에 따라, “만선(滿鮮) 북지(北)에 대한 수송의 신속 안전 및 조선 내 병기 공업 능력의 비약적 발전”을 기하기 위함이었다.","한반도 유일한, 부평의 인천육군조병창 이야기",,https://minio.nculture.org/amsweb-opt/multimedia_assets/70/86030/95821/c/%EC%9D%B8%EC%B2%9C%EC%9C%A1%EA%B5%B0%EC%A1%B0%EB%B3%91%EC%B0%BD%EC%9D%98-%EB%B3%B8%EB%B6%80%EA%B1%B4%EB%AC%BC%28%EB%B3%91%EC%9B%90%29_%28%EB%B6%80%ED%8F%89%EB%AC%B8%ED%99%94%EC%9B%90%29-thumb.jpg,https://ncms.nculture.org/legacy/story/8764,,인천광역시,부평구,인천광역시 부평구 안남로 146 (부영공원),37.49590926,126.7098147,부평문화원,20230101,"인천육군조병창, 일제강점기, 고쿠라육군조병창, 아시아태평양전쟁",F,스포츠 & 피트니스/스포츠 팬/축구 팬,15,12,20231230
20231200443,고종황제를 매혹시킨 커피,커피는 개항이후 조선의 궁궐인 경복궁이나 덕수궁에서 서양인을 접대할 때 사용되었다. 고종은 커피를 상당히 좋아했다. 서양인 선교사들은 커피를 가지고 한국에 왔는데 한국인에게 대접하기도 하였다. 일제시대 커피는 일반인들에게 많이 퍼져서 1930년대 후반에는 다방도 많이 생겼다. 이 시기 커피는 원두를 갈아 주전자에 끓여 체에 받쳐 걸러 먹었다. 1930년대 후반 전쟁으로 수입이 통제되면서 커피의 사용은 줄어들었다.,근대 신문으로 보는 음식,개항 이후 들어온 음식과 식재료,https://minio.nculture.org/amsweb-opt/multimedia_assets/221/14820/2419/c/14820-thumb.jpg,https://ncms.nculture.org/legacy/story/2853,근대-개항기(1864~1910),서울특별시,중구,서울특별시 중구 정동 세종대로 99,37.565807,126.975143,대불호텔,20230101,"고종황제, 다방, 원두, 선교사, 접대",F,뉴스 & 정치/열렬한 뉴스 독자/열렬한 비즈니스 뉴스 독자,15,12,20231230
20231200444,바다보다 역동적인 제물포의 근대 - 인천 개항장 근대역사문화지구,"제물포는 1883년 개항 직후부터 일본과 청나라, 영국 미국 독일 프랑스 등 각국이 주도권을 잡기 위해 각축을 벌인 지역이다. 일본이 가장 먼저 조계를 설정하자, 청과 다른 나라들이 뒤따랐다. 초기 모습은 청 조계지가 일본 쪽보다 나았다. 상권에서도 청 상인들이 우세한 편이었으나, 1894년 청일전쟁에서 일본이 승리한 뒤로는 일본이 앞서기 시작했고, 1904년 러일전쟁을 거친 뒤에는 일본의 절대 우세가 확정되었다. 일본은 금융기관을 앞세워 해운업과 화물운송업을 장악했고, 인천은 일본 주도 아래 식민지 근대의 대도시로 변모하기 시작했다. 현재의 자유공원(만국공원)은 일본 조계지와 청국 조계지(훗날 인천 차이나타운)를 비롯해 개항 이후 인천 근현대사의 역동성을 답사하기 적당한 출발점이다.",공간으로 읽는 근대문화 역사유산,근대 거리를 거닐다,https://minio.nculture.org/amsweb-opt/multimedia_assets/79/30457/22671/c/%EC%9D%B8%EC%B2%9C_%EA%B7%BC%EB%8C%80%EB%AC%B8%ED%99%94%EC%9C%A0%EC%82%B0%EA%B1%B0%EB%A6%AC-%283%29-thumb.jpg,https://ncms.nculture.org/legacy/story/4549,근대-개항기(1864~1910),인천광역시,중구,인천광역시 중구 자유공원남로 25,37.47467242,126.6225672,제물포고등학교,20230101,"제물포, 자유공원, 조계지, 만국공원, 차이나타운",F,음식 & 다이닝/요리 매니아/셰프 지망생,15,12,20231230
20231200445,바다보다 역동적인 제물포의 근대 - 인천 개항장 근대역사문화지구,"제물포는 1883년 개항 직후부터 일본과 청나라, 영국 미국 독일 프랑스 등 각국이 주도권을 잡기 위해 각축을 벌인 지역이다. 일본이 가장 먼저 조계를 설정하자, 청과 다른 나라들이 뒤따랐다. 초기 모습은 청 조계지가 일본 쪽보다 나았다. 상권에서도 청 상인들이 우세한 편이었으나, 1894년 청일전쟁에서 일본이 승리한 뒤로는 일본이 앞서기 시작했고, 1904년 러일전쟁을 거친 뒤에는 일본의 절대 우세가 확정되었다. 일본은 금융기관을 앞세워 해운업과 화물운송업을 장악했고, 인천은 일본 주도 아래 식민지 근대의 대도시로 변모하기 시작했다. 현재의 자유공원(만국공원)은 일본 조계지와 청국 조계지(훗날 인천 차이나타운)를 비롯해 개항 이후 인천 근현대사의 역동성을 답사하기 적당한 출발점이다.",공간으로 읽는 근대문화 역사유산,근대 거리를 거닐다,https://minio.nculture.org/amsweb-opt/multimedia_assets/79/30457/22671/c/%EC%9D%B8%EC%B2%9C_%EA%B7%BC%EB%8C%80%EB%AC%B8%ED%99%94%EC%9C%A0%EC%82%B0%EA%B1%B0%EB%A6%AC-%283%29-thumb.jpg,https://ncms.nculture.org/legacy/story/4549,근대-개항기(1864~1910),인천광역시,중구,인천광역시 중구 자유공원남로 25,37.47467242,126.6225672,제물포고등학교,20230101,"제물포, 자유공원, 조계지, 만국공원, 차이나타운",M,미디어 & 엔터테인먼트/TV 대중 시청자,15,12,20231230
20231200446,바다보다 역동적인 제물포의 근대 - 인천 개항장 근대역사문화지구,"제물포는 1883년 개항 직후부터 일본과 청나라, 영국 미국 독일 프랑스 등 각국이 주도권을 잡기 위해 각축을 벌인 지역이다. 일본이 가장 먼저 조계를 설정하자, 청과 다른 나라들이 뒤따랐다. 초기 모습은 청 조계지가 일본 쪽보다 나았다. 상권에서도 청 상인들이 우세한 편이었으나, 1894년 청일전쟁에서 일본이 승리한 뒤로는 일본이 앞서기 시작했고, 1904년 러일전쟁을 거친 뒤에는 일본의 절대 우세가 확정되었다. 일본은 금융기관을 앞세워 해운업과 화물운송업을 장악했고, 인천은 일본 주도 아래 식민지 근대의 대도시로 변모하기 시작했다. 현재의 자유공원(만국공원)은 일본 조계지와 청국 조계지(훗날 인천 차이나타운)를 비롯해 개항 이후 인천 근현대사의 역동성을 답사하기 적당한 출발점이다.",공간으로 읽는 근대문화 역사유산,근대 거리를 거닐다,https://minio.nculture.org/amsweb-opt/multimedia_assets/79/30457/22671/c/%EC%9D%B8%EC%B2%9C_%EA%B7%BC%EB%8C%80%EB%AC%B8%ED%99%94%EC%9C%A0%EC%82%B0%EA%B1%B0%EB%A6%AC-%283%29-thumb.jpg,https://ncms.nculture.org/legacy/story/4549,근대-개항기(1864~1910),인천광역시,중구,인천광역시 중구 자유공원남로 25,37.47467242,126.6225672,제물포고등학교,20230101,"제물포, 자유공원, 조계지, 만국공원, 차이나타운",M,미디어 & 엔터테인먼트/영화 애호가,15,12,20231230
20231200447,바다보다 역동적인 제물포의 근대 - 인천 개항장 근대역사문화지구,"제물포는 1883년 개항 직후부터 일본과 청나라, 영국 미국 독일 프랑스 등 각국이 주도권을 잡기 위해 각축을 벌인 지역이다. 일본이 가장 먼저 조계를 설정하자, 청과 다른 나라들이 뒤따랐다. 초기 모습은 청 조계지가 일본 쪽보다 나았다. 상권에서도 청 상인들이 우세한 편이었으나, 1894년 청일전쟁에서 일본이 승리한 뒤로는 일본이 앞서기 시작했고, 1904년 러일전쟁을 거친 뒤에는 일본의 절대 우세가 확정되었다. 일본은 금융기관을 앞세워 해운업과 화물운송업을 장악했고, 인천은 일본 주도 아래 식민지 근대의 대도시로 변모하기 시작했다. 현재의 자유공원(만국공원)은 일본 조계지와 청국 조계지(훗날 인천 차이나타운)를 비롯해 개항 이후 인천 근현대사의 역동성을 답사하기 적당한 출발점이다.",공간으로 읽는 근대문화 역사유산,근대 거리를 거닐다,https://minio.nculture.org/amsweb-opt/multimedia_assets/79/30457/22671/c/%EC%9D%B8%EC%B2%9C_%EA%B7%BC%EB%8C%80%EB%AC%B8%ED%99%94%EC%9C%A0%EC%82%B0%EA%B1%B0%EB%A6%AC-%283%29-thumb.jpg,https://ncms.nculture.org/legacy/story/4549,근대-개항기(1864~1910),인천광역시,중구,인천광역시 중구 자유공원남로 25,37.47467242,126.6225672,제물포고등학교,20230101,"제물포, 자유공원, 조계지, 만국공원, 차이나타운",M,미디어 & 엔터테인먼트/TV 애호가,15,12,20231230
20231200448,일제강점기 초밥으로 만든 김밥,"김은 조선시대부터 전라도의 특산물로 기록에 남아있지만 김밥에 대한 기록은 일제강점기 밥에 초를 넣고 계란지단, 덴부(도미살을 분홍색으로 물들인 것) 등을 속으로 하여 김에 싼다고 나온다. 식초로 간을 한 김밥은 해방 후의 신문기사에서도 그 조리법이 보인다. 오늘날의 김밥은 식초보다 참기름과 소금으로 간을 한다. 김밥의 대중화는 일제강점기 김이 어느 정도 생산되고 일본의 도시락 문화가 정착되면서 만들어졌다.",근대 신문으로 보는 음식,개항 이후 들어온 음식과 식재료,,https://ncms.nculture.org/legacy/story/2951,시대미상,,,,,,청파동,20230101,"노리마기스시, 통영김밥, 김쌈밥, 초밥, 김밥",M,은행 및 금융/열렬한 투자자,15,12,20231230
20231200449,일제강점기 초밥으로 만든 김밥,"김은 조선시대부터 전라도의 특산물로 기록에 남아있지만 김밥에 대한 기록은 일제강점기 밥에 초를 넣고 계란지단, 덴부(도미살을 분홍색으로 물들인 것) 등을 속으로 하여 김에 싼다고 나온다. 식초로 간을 한 김밥은 해방 후의 신문기사에서도 그 조리법이 보인다. 오늘날의 김밥은 식초보다 참기름과 소금으로 간을 한다. 김밥의 대중화는 일제강점기 김이 어느 정도 생산되고 일본의 도시락 문화가 정착되면서 만들어졌다.",근대 신문으로 보는 음식,개항 이후 들어온 음식과 식재료,,https://ncms.nculture.org/legacy/story/2951,시대미상,,,,,,청파동,20230101,"노리마기스시, 통영김밥, 김쌈밥, 초밥, 김밥",M,쇼핑객/쇼핑 애호가,15,12,20231230
20231200450,경인 공업지대의 시작점 - 서울 영등포 일대 근대산업유산,"서울특별시 영등포구 영등포역 일대는 경인선과 경부선의 분기점이 되면서 근대 시가지로 발달하기 시작했다. 그러나 초기에는 일본인 상업지구 중심이었을 뿐 공업지대는 아니었다. 1911년 조선피혁, 1919년 영등포공작창, 1923년 경성방직이 들어섰어도 공장은 몇 곳 되지 않았다. 1930년대 들어 조선총독부가 조선에서도 공업화를 추진하기로 하고, 일본의 자본들이 들어오면서 영등포 일대는 공업지역으로 탈바꿈했다. 조선총독부는 1930년대 중반 영등포를 경성으로 편입시키고 공업지대화를 추진했다. 일본 굴지의 맥주회사, 제분회사 등이 이때 영등포에 자리 잡았고, 경성방직 주변으로 규모가 큰 섬유 공장들도 들어섰다. 일제강점기 말에는 군수용 금속·기계 공장도 늘어났다. 노동자가 늘어나자 조선총독부는 문래동에 영단주택 단지를 조성하기도 했다. 해방 후에도 영등포에서 인천으로 이어지는 경인공업지대는 초기 산업화를 이끌었다. 영등포역 일대에는 일제강점기 이래 근대 산업의 흔적들이 여러 곳 남아 있다.",공간으로 읽는 근대문화 역사유산,근대 거리를 거닐다,https://minio.nculture.org/amsweb-opt/multimedia_assets/124/85819/93647/c/%EA%B5%AC-%EA%B2%BD%EC%84%B1%EB%B0%A9%EC%A7%81-%EC%82%AC%EB%AC%B4%EB%8F%99-%285%29_rev-thumb.jpg,https://ncms.nculture.org/legacy/story/4543,근대-일제강점기(1910.8.22~1945.8.14),서울특별시,영등포구,서울특별시 영등포구 영등포동 4가 442,37.51707545,126.9033409,경방 타임스퀘어,20230101,"경방 타임스퀘어, 문래동 철강공단, 문래동 창작촌, 문래동 영단주택, 경성방직",F,뉴스 & 정치/열렬한 뉴스 독자/연예 뉴스 매니아,15,12,20231230
20231200451,경인 공업지대의 시작점 - 서울 영등포 일대 근대산업유산,"서울특별시 영등포구 영등포역 일대는 경인선과 경부선의 분기점이 되면서 근대 시가지로 발달하기 시작했다. 그러나 초기에는 일본인 상업지구 중심이었을 뿐 공업지대는 아니었다. 1911년 조선피혁, 1919년 영등포공작창, 1923년 경성방직이 들어섰어도 공장은 몇 곳 되지 않았다. 1930년대 들어 조선총독부가 조선에서도 공업화를 추진하기로 하고, 일본의 자본들이 들어오면서 영등포 일대는 공업지역으로 탈바꿈했다. 조선총독부는 1930년대 중반 영등포를 경성으로 편입시키고 공업지대화를 추진했다. 일본 굴지의 맥주회사, 제분회사 등이 이때 영등포에 자리 잡았고, 경성방직 주변으로 규모가 큰 섬유 공장들도 들어섰다. 일제강점기 말에는 군수용 금속·기계 공장도 늘어났다. 노동자가 늘어나자 조선총독부는 문래동에 영단주택 단지를 조성하기도 했다. 해방 후에도 영등포에서 인천으로 이어지는 경인공업지대는 초기 산업화를 이끌었다. 영등포역 일대에는 일제강점기 이래 근대 산업의 흔적들이 여러 곳 남아 있다.",공간으로 읽는 근대문화 역사유산,근대 거리를 거닐다,https://minio.nculture.org/amsweb-opt/multimedia_assets/124/85819/93647/c/%EA%B5%AC-%EA%B2%BD%EC%84%B1%EB%B0%A9%EC%A7%81-%EC%82%AC%EB%AC%B4%EB%8F%99-%285%29_rev-thumb.jpg,https://ncms.nculture.org/legacy/story/4543,근대-일제강점기(1910.8.22~1945.8.14),서울특별시,영등포구,서울특별시 영등포구 영등포동 4가 442,37.51707545,126.9033409,경방 타임스퀘어,20230101,"경방 타임스퀘어, 문래동 철강공단, 문래동 창작촌, 문래동 영단주택, 경성방직",F,여행/여행 매니아,15,12,20231230
20231200452,"일제강점기 한국의 우뭇가사리로 만든 일본 과자, 양갱","양갱은 중국에서 일본에 전해져 정착된 과자로 우뭇가사리를 냉동건조시킨 한천에 팥, 설탕 등을 넣고 쪄서 만든 과자다. 양갱은 일제강점기 조선에 들어와 지금도 팔릴만큼 한국인의 과자로 정착되었다. 양갱의 원료인 우뭇가사리는 일제강점기 본격적으로 한반도 바다에서 채취되었는데 우뭇가사리가 양갱 원료 이외에 의약품, 화장품 등의 원료로 쓰였기 때문이다. 일제강점기 우뭇가사리 채취는 주로 제주도 출신 해녀들이 담당하였다. 해방 후에도 한천은 계속 만들어져 주로 외국으로 수출되었다.",근대 신문으로 보는 음식,개항 이후 들어온 음식과 식재료,https://minio.nculture.org/amsweb-opt/multimedia_assets/233/14832/2431/c/14832-thumb.jpg,https://ncms.nculture.org/legacy/story/2876,근대-일제강점기(1910.8.22~1945.8.14),경상남도,밀양시,경상남도 밀양시 산내면 봉의로 58-31,35.591708,128.880929,,20230101,"양갱, 요깡, 우뭇가사리, 한천, 제주해녀, 나카오카제과, 해태제과합명회사",M,미디어 & 엔터테인먼트/게이머/하드코어 게이머,15,11,20231230
20231200453,‘영원한 일본의 군산’을 꿈꾸었으나 - 군산 신흥동 일본식 가옥,"전라북도 군산시 신흥동 일본식 가옥은 ‘구 히로쓰 가옥’으로 불리던 집이다. 히로쓰는 군산에서 재산을 불리고, 권력을 가졌던 인물이다. 예전에는 1925년 저택을 지었다고 알려져 있었으나, 일본인 학자가 후손 인터뷰 등을 통해 1934년 신축을 주장해, 정확한 연대가 아직 밝혀지지 않았다. 일본인 고급 주택가였던 치요다마치(현 월명동) 건너편 월명산 자락 신흥동에 지어진 이 집은 일본산 삼나무를 써서 일본식으로 건축되었다. 방 하나에 온돌을 설치해 한국식 주거문화를 일부 받아들인 흔적도 보인다. 넓은 터에 2층 본채와 객실체를 붙여지었고, 뒤뜰에는 별채를 두었다. 일본식 정원을 갖춘 신흥동 일본식 가옥은 군산의 근대역사 자취를 답사하려는 사람들에게 필수 코스로 꼽힌다. 영화 「장군의 아들」, 「타짜」에도 이 저택이 등장한다. 신흥동 일본식 가옥은 등록문화재 제183호다.",공간으로 읽는 근대문화 역사유산,"빼앗긴 들, 뒤틀린 근대",https://minio.nculture.org/amsweb-opt/3ds/238/84343/84343_thumbnail.jpg,https://ncms.nculture.org/legacy/story/1031,근대-일제강점기(1910.8.22~1945.8.14),전라북도,군산시,전북 군산시 구영1길 17,35.98614423,126.706,월명공원,20230101,"군산 신흥동 일본식 가옥, 히로쓰 가옥, 구마모트 농장, 시마타니 금고, 후지이 가즈코, 영화 타짜",M,뉴스 & 정치/열렬한 뉴스 독자/열렬한 정치 뉴스 독자,15,11,20231230
20231200454,‘영원한 일본의 군산’을 꿈꾸었으나 - 군산 신흥동 일본식 가옥,"전라북도 군산시 신흥동 일본식 가옥은 ‘구 히로쓰 가옥’으로 불리던 집이다. 히로쓰는 군산에서 재산을 불리고, 권력을 가졌던 인물이다. 예전에는 1925년 저택을 지었다고 알려져 있었으나, 일본인 학자가 후손 인터뷰 등을 통해 1934년 신축을 주장해, 정확한 연대가 아직 밝혀지지 않았다. 일본인 고급 주택가였던 치요다마치(현 월명동) 건너편 월명산 자락 신흥동에 지어진 이 집은 일본산 삼나무를 써서 일본식으로 건축되었다. 방 하나에 온돌을 설치해 한국식 주거문화를 일부 받아들인 흔적도 보인다. 넓은 터에 2층 본채와 객실체를 붙여지었고, 뒤뜰에는 별채를 두었다. 일본식 정원을 갖춘 신흥동 일본식 가옥은 군산의 근대역사 자취를 답사하려는 사람들에게 필수 코스로 꼽힌다. 영화 「장군의 아들」, 「타짜」에도 이 저택이 등장한다. 신흥동 일본식 가옥은 등록문화재 제183호다.",공간으로 읽는 근대문화 역사유산,"빼앗긴 들, 뒤틀린 근대",https://minio.nculture.org/amsweb-opt/3ds/238/84343/84343_thumbnail.jpg,https://ncms.nculture.org/legacy/story/1031,근대-일제강점기(1910.8.22~1945.8.14),전라북도,군산시,전북 군산시 구영1길 17,35.98614423,126.706,월명공원,20230101,"군산 신흥동 일본식 가옥, 히로쓰 가옥, 구마모트 농장, 시마타니 금고, 후지이 가즈코, 영화 타짜",M,여행/여행 매니아,15,11,20231230
20231200455,자생의원 덕 안 본 거창 집안이 어딨노 - 거창 구 자생의원,"경상남도 거창군 거창읍 자생의원은 외과의사 성수현이 1954년 지었다. 자생의원은 성수현 원장이 2003년 진료를 그만둘 때까지 50년 가까이 지역 의료기관으로서 주민들의 건강을 돌보았다. 성 원장은 친절하고 수술 실력이 뛰어나 거창은 물론 함안, 합천, 무주에서도 환자들이 찾아왔다. 자생의원 건물은 진료와 수술이 이루어지던 본관과 사택이 일체형으로, 한밤에도 달려나가 즉시 진료할 수 있었다. 1963년엔 콘크리트 건물인 병동을 증축했다. 자생의원 건물은 거창 사람들의 기억과 추억이 저장된 공간으로서 등록문화재 제572호로 지정되었다. 성 원장의 유족들은 자생의원 건물을 거창군에 기부채납했고, 거창군은 ‘거창 근대 의료 박물관’으로 꾸며 2016년 말 개관했다. ‘거창 근대 의료 박물관’은 거창읍 창조의 거리와 시장 사이에 있다.",공간으로 읽는 근대문화 역사유산,근대 의술과 인술 사이에서,https://minio.nculture.org/amsweb-opt/3ds/32/84387/84387_thumbnail.jpg,https://ncms.nculture.org/legacy/story/776,현대-6.25전쟁(1950.6.25~1953.7.27),경상남도,거창군,경상남도 거창군 시장1길 32,35.68642353,127.9120894,거창근대의료박물관,20230101,"자생의원, 성수현, 거창 근대 의료 박물관, 거창 창조거리",F,뉴스 & 정치/열렬한 뉴스 독자/열렬한 정치 뉴스 독자,15,11,20231230
20231200456,"일제강점기 한국의 우뭇가사리로 만든 일본 과자, 양갱","양갱은 중국에서 일본에 전해져 정착된 과자로 우뭇가사리를 냉동건조시킨 한천에 팥, 설탕 등을 넣고 쪄서 만든 과자다. 양갱은 일제강점기 조선에 들어와 지금도 팔릴만큼 한국인의 과자로 정착되었다. 양갱의 원료인 우뭇가사리는 일제강점기 본격적으로 한반도 바다에서 채취되었는데 우뭇가사리가 양갱 원료 이외에 의약품, 화장품 등의 원료로 쓰였기 때문이다. 일제강점기 우뭇가사리 채취는 주로 제주도 출신 해녀들이 담당하였다. 해방 후에도 한천은 계속 만들어져 주로 외국으로 수출되었다.",근대 신문으로 보는 음식,개항 이후 들어온 음식과 식재료,https://minio.nculture.org/amsweb-opt/multimedia_assets/233/14832/2431/c/14832-thumb.jpg,https://ncms.nculture.org/legacy/story/2876,근대-일제강점기(1910.8.22~1945.8.14),경상남도,밀양시,경상남도 밀양시 산내면 봉의로 58-31,35.591708,128.880929,,20230101,"양갱, 요깡, 우뭇가사리, 한천, 제주해녀, 나카오카제과, 해태제과합명회사",F,미디어 & 엔터테인먼트/게이머/롤플레잉 게임 팬,14,14,20231230
20231200457,전통배추를 밀어내고 김치의 원료가 된 결구배추,"배추김치의 주재료인 배추는 조선시대까지 한양과 개성에서 자란 것이 유명했다. 이 배추는 배추잎이 절반정도 뭉친 반결구종으로, 무게는 결구종보다 적고 생육기간도 길었다. 임오군란 이후 중국인들이 한국땅에 살고 중국과 왕래하면서 중국의 결구배추가 들어오게 된다. 결구배추는 배추잎이 서로 감싸 완전히 뭉친 것인데 생육기간이 짧고 크기도 컸다. 일제강점기 반결구배추가 병충해에 시달리면서 결구종 배추가 보급되어 오늘날 김치를 만드는 배추는 결구종배추가 주를 이루게 되었다.",근대 신문으로 보는 음식,전통 음식과 식재료의 변화,,https://ncms.nculture.org/legacy/story/2831,근대-일제강점기(1910.8.22~1945.8.14),,,,,,덕천,20230101,"배추김치, 호배추, 결구배추",M,라이프스타일 & 취미/친환경 라이프스타일,14,14,20231230
20231200458,전통배추를 밀어내고 김치의 원료가 된 결구배추,"배추김치의 주재료인 배추는 조선시대까지 한양과 개성에서 자란 것이 유명했다. 이 배추는 배추잎이 절반정도 뭉친 반결구종으로, 무게는 결구종보다 적고 생육기간도 길었다. 임오군란 이후 중국인들이 한국땅에 살고 중국과 왕래하면서 중국의 결구배추가 들어오게 된다. 결구배추는 배추잎이 서로 감싸 완전히 뭉친 것인데 생육기간이 짧고 크기도 컸다. 일제강점기 반결구배추가 병충해에 시달리면서 결구종 배추가 보급되어 오늘날 김치를 만드는 배추는 결구종배추가 주를 이루게 되었다.",근대 신문으로 보는 음식,전통 음식과 식재료의 변화,,https://ncms.nculture.org/legacy/story/2831,근대-일제강점기(1910.8.22~1945.8.14),,,,,,덕천,20230101,"배추김치, 호배추, 결구배추",M,라이프스타일 & 취미/반려동물 애호가,14,14,20231230
20231200459,"동양 최초의 바다 밑 터널, 통영 해저터널","통영반도 남단과 미륵도를 연결하는 통영 해저터널은 동양 최초의 해저터널이다. 일제강점기 이전부터 통영으로 이주해온 일본인 이주 어민들은 연안에서 어로 활동을 하며 물고기 떼를 쫓아 빠르게 이동할 필요가 있었는데, 미륵도와 통영 사이의 해협이 너무 좁아 미륵도를 빙 돌아 가야 하는 불편함이 있었다. 그래서 일제는 1932년 통영운하를 완공했다. 통영운하 개통 후 운하를 건너다니도록 하기 위해 교량 대신 만든 것이 해저터널이다. 터널을 만든 지역은 판데목이라는 곳인데, 임진왜란 한산대첩 때 많은 왜군이 이순신의 학익진에 대패해 판데목 부근에서 수장됐다고 한다. 일본인들이 조상의 유해 위로 건너다닐 수 없어서 해저터널을 팠다는 이야기도 전해진다.",공간으로 읽는 근대문화 역사유산,"빼앗긴 들, 뒤틀린 근대",https://minio.nculture.org/amsweb-opt/multimedia_assets/140/85835/93850/c/%ED%86%B5%EC%98%81-%ED%95%B4%EC%A0%80%ED%84%B0%EB%84%90-%281%29_rev-thumb.jpg,https://ncms.nculture.org/legacy/story/2936,근대-일제강점기(1910.8.22~1945.8.14),경상남도,통영시,경상남도 통영시 도남로 57-1,34.834788,128.40991,충무교,20230101,"통영 해저터널, 통영운하, 충무공 이순신, 판데목, 미륵도",M,음식 & 다이닝/요리 매니아/셰프 지망생,14,14,20231230
20231200460,"동양 최초의 바다 밑 터널, 통영 해저터널","통영반도 남단과 미륵도를 연결하는 통영 해저터널은 동양 최초의 해저터널이다. 일제강점기 이전부터 통영으로 이주해온 일본인 이주 어민들은 연안에서 어로 활동을 하며 물고기 떼를 쫓아 빠르게 이동할 필요가 있었는데, 미륵도와 통영 사이의 해협이 너무 좁아 미륵도를 빙 돌아 가야 하는 불편함이 있었다. 그래서 일제는 1932년 통영운하를 완공했다. 통영운하 개통 후 운하를 건너다니도록 하기 위해 교량 대신 만든 것이 해저터널이다. 터널을 만든 지역은 판데목이라는 곳인데, 임진왜란 한산대첩 때 많은 왜군이 이순신의 학익진에 대패해 판데목 부근에서 수장됐다고 한다. 일본인들이 조상의 유해 위로 건너다닐 수 없어서 해저터널을 팠다는 이야기도 전해진다.",공간으로 읽는 근대문화 역사유산,"빼앗긴 들, 뒤틀린 근대",https://minio.nculture.org/amsweb-opt/multimedia_assets/140/85835/93850/c/%ED%86%B5%EC%98%81-%ED%95%B4%EC%A0%80%ED%84%B0%EB%84%90-%281%29_rev-thumb.jpg,https://ncms.nculture.org/legacy/story/2936,근대-일제강점기(1910.8.22~1945.8.14),경상남도,통영시,경상남도 통영시 도남로 57-1,34.834788,128.40991,충무교,20230101,"통영 해저터널, 통영운하, 충무공 이순신, 판데목, 미륵도",M,미디어 & 엔터테인먼트/음악 애호가/팝 음악 팬,14,14,20231230
20231200461,"동양 최초의 바다 밑 터널, 통영 해저터널","통영반도 남단과 미륵도를 연결하는 통영 해저터널은 동양 최초의 해저터널이다. 일제강점기 이전부터 통영으로 이주해온 일본인 이주 어민들은 연안에서 어로 활동을 하며 물고기 떼를 쫓아 빠르게 이동할 필요가 있었는데, 미륵도와 통영 사이의 해협이 너무 좁아 미륵도를 빙 돌아 가야 하는 불편함이 있었다. 그래서 일제는 1932년 통영운하를 완공했다. 통영운하 개통 후 운하를 건너다니도록 하기 위해 교량 대신 만든 것이 해저터널이다. 터널을 만든 지역은 판데목이라는 곳인데, 임진왜란 한산대첩 때 많은 왜군이 이순신의 학익진에 대패해 판데목 부근에서 수장됐다고 한다. 일본인들이 조상의 유해 위로 건너다닐 수 없어서 해저터널을 팠다는 이야기도 전해진다.",공간으로 읽는 근대문화 역사유산,"빼앗긴 들, 뒤틀린 근대",https://minio.nculture.org/amsweb-opt/multimedia_assets/140/85835/93850/c/%ED%86%B5%EC%98%81-%ED%95%B4%EC%A0%80%ED%84%B0%EB%84%90-%281%29_rev-thumb.jpg,https://ncms.nculture.org/legacy/story/2936,근대-일제강점기(1910.8.22~1945.8.14),경상남도,통영시,경상남도 통영시 도남로 57-1,34.834788,128.40991,충무교,20230101,"통영 해저터널, 통영운하, 충무공 이순신, 판데목, 미륵도",M,미디어 & 엔터테인먼트/TV 애호가/드라마 팬,14,14,20231230
20231200462,"동양 최초의 바다 밑 터널, 통영 해저터널","통영반도 남단과 미륵도를 연결하는 통영 해저터널은 동양 최초의 해저터널이다. 일제강점기 이전부터 통영으로 이주해온 일본인 이주 어민들은 연안에서 어로 활동을 하며 물고기 떼를 쫓아 빠르게 이동할 필요가 있었는데, 미륵도와 통영 사이의 해협이 너무 좁아 미륵도를 빙 돌아 가야 하는 불편함이 있었다. 그래서 일제는 1932년 통영운하를 완공했다. 통영운하 개통 후 운하를 건너다니도록 하기 위해 교량 대신 만든 것이 해저터널이다. 터널을 만든 지역은 판데목이라는 곳인데, 임진왜란 한산대첩 때 많은 왜군이 이순신의 학익진에 대패해 판데목 부근에서 수장됐다고 한다. 일본인들이 조상의 유해 위로 건너다닐 수 없어서 해저터널을 팠다는 이야기도 전해진다.",공간으로 읽는 근대문화 역사유산,"빼앗긴 들, 뒤틀린 근대",https://minio.nculture.org/amsweb-opt/multimedia_assets/140/85835/93850/c/%ED%86%B5%EC%98%81-%ED%95%B4%EC%A0%80%ED%84%B0%EB%84%90-%281%29_rev-thumb.jpg,https://ncms.nculture.org/legacy/story/2936,근대-일제강점기(1910.8.22~1945.8.14),경상남도,통영시,경상남도 통영시 도남로 57-1,34.834788,128.40991,충무교,20230101,"통영 해저터널, 통영운하, 충무공 이순신, 판데목, 미륵도",M,스포츠 & 피트니스/스포츠 팬/야구 팬,14,14,20231230
20231200463,일제강점기 나타난 뻥튀기,"오늘날 뻥튀기를 만드는 기계는 일제강점기 일본에서 수입한 것이 시초이다. 이 기계는 과자장수들에게 ‘7홉이 1말이 된다’라는 문구로 광고하여 판매되었다. 백미, 현미, 수수, 조 등을 15배 이상 팽창시키는데 시간은 3분 걸리고 비용은 5리(厘)가 든다고 하였다. 뻥튀기 기계는 곡물을 쉽게 과자로 만들어주었지만 사고의 위험이 늘 있었다. 1980년대까지도 뻥튀기 기계의 사고기사가 종종 보인다. 쌀 5홉으로 뻥튀기를 하면 일반 가정집은 1년 정도 먹을 수 있었다. 1980년대 들어 과자들이 많이 나오면서 뻥튀기는 서서히 자취를 감추게 되었다.",근대 신문으로 보는 음식,개항 이후 들어온 음식과 식재료,https://minio.nculture.org/amsweb-opt/multimedia_assets/180/14779/19965/c/14779-thumb.jpg,https://ncms.nculture.org/legacy/story/2829,근대-일제강점기(1910.8.22~1945.8.14),,,,,,덕천,20230101,"뻥튀기, 곡물팽창기, 폭발",F,은행 및 금융/열렬한 투자자,14,14,20231230
20231200464,일제강점기 나타난 뻥튀기,"오늘날 뻥튀기를 만드는 기계는 일제강점기 일본에서 수입한 것이 시초이다. 이 기계는 과자장수들에게 ‘7홉이 1말이 된다’라는 문구로 광고하여 판매되었다. 백미, 현미, 수수, 조 등을 15배 이상 팽창시키는데 시간은 3분 걸리고 비용은 5리(厘)가 든다고 하였다. 뻥튀기 기계는 곡물을 쉽게 과자로 만들어주었지만 사고의 위험이 늘 있었다. 1980년대까지도 뻥튀기 기계의 사고기사가 종종 보인다. 쌀 5홉으로 뻥튀기를 하면 일반 가정집은 1년 정도 먹을 수 있었다. 1980년대 들어 과자들이 많이 나오면서 뻥튀기는 서서히 자취를 감추게 되었다.",근대 신문으로 보는 음식,개항 이후 들어온 음식과 식재료,https://minio.nculture.org/amsweb-opt/multimedia_assets/180/14779/19965/c/14779-thumb.jpg,https://ncms.nculture.org/legacy/story/2829,근대-일제강점기(1910.8.22~1945.8.14),,,,,,덕천,20230101,"뻥튀기, 곡물팽창기, 폭발",F,음식 & 다이닝/요리 매니아/셰프 지망생,14,14,20231230
20231200465,일제강점기 나타난 뻥튀기,"오늘날 뻥튀기를 만드는 기계는 일제강점기 일본에서 수입한 것이 시초이다. 이 기계는 과자장수들에게 ‘7홉이 1말이 된다’라는 문구로 광고하여 판매되었다. 백미, 현미, 수수, 조 등을 15배 이상 팽창시키는데 시간은 3분 걸리고 비용은 5리(厘)가 든다고 하였다. 뻥튀기 기계는 곡물을 쉽게 과자로 만들어주었지만 사고의 위험이 늘 있었다. 1980년대까지도 뻥튀기 기계의 사고기사가 종종 보인다. 쌀 5홉으로 뻥튀기를 하면 일반 가정집은 1년 정도 먹을 수 있었다. 1980년대 들어 과자들이 많이 나오면서 뻥튀기는 서서히 자취를 감추게 되었다.",근대 신문으로 보는 음식,개항 이후 들어온 음식과 식재료,https://minio.nculture.org/amsweb-opt/multimedia_assets/180/14779/19965/c/14779-thumb.jpg,https://ncms.nculture.org/legacy/story/2829,근대-일제강점기(1910.8.22~1945.8.14),,,,,,덕천,20230101,"뻥튀기, 곡물팽창기, 폭발",F,미디어 & 엔터테인먼트/음악 애호가/팝 음악 팬,14,14,20231230
20231200466,고종황제를 매혹시킨 커피,커피는 개항이후 조선의 궁궐인 경복궁이나 덕수궁에서 서양인을 접대할 때 사용되었다. 고종은 커피를 상당히 좋아했다. 서양인 선교사들은 커피를 가지고 한국에 왔는데 한국인에게 대접하기도 하였다. 일제시대 커피는 일반인들에게 많이 퍼져서 1930년대 후반에는 다방도 많이 생겼다. 이 시기 커피는 원두를 갈아 주전자에 끓여 체에 받쳐 걸러 먹었다. 1930년대 후반 전쟁으로 수입이 통제되면서 커피의 사용은 줄어들었다.,근대 신문으로 보는 음식,개항 이후 들어온 음식과 식재료,https://minio.nculture.org/amsweb-opt/multimedia_assets/221/14820/2419/c/14820-thumb.jpg,https://ncms.nculture.org/legacy/story/2853,근대-개항기(1864~1910),서울특별시,중구,서울특별시 중구 정동 세종대로 99,37.565807,126.975143,대불호텔,20230101,"고종황제, 다방, 원두, 선교사, 접대",M,미디어 & 엔터테인먼트/영화 애호가,14,14,20231230
20231200467,고종황제를 매혹시킨 커피,커피는 개항이후 조선의 궁궐인 경복궁이나 덕수궁에서 서양인을 접대할 때 사용되었다. 고종은 커피를 상당히 좋아했다. 서양인 선교사들은 커피를 가지고 한국에 왔는데 한국인에게 대접하기도 하였다. 일제시대 커피는 일반인들에게 많이 퍼져서 1930년대 후반에는 다방도 많이 생겼다. 이 시기 커피는 원두를 갈아 주전자에 끓여 체에 받쳐 걸러 먹었다. 1930년대 후반 전쟁으로 수입이 통제되면서 커피의 사용은 줄어들었다.,근대 신문으로 보는 음식,개항 이후 들어온 음식과 식재료,https://minio.nculture.org/amsweb-opt/multimedia_assets/221/14820/2419/c/14820-thumb.jpg,https://ncms.nculture.org/legacy/story/2853,근대-개항기(1864~1910),서울특별시,중구,서울특별시 중구 정동 세종대로 99,37.565807,126.975143,대불호텔,20230101,"고종황제, 다방, 원두, 선교사, 접대",M,스포츠 & 피트니스/스포츠 팬/축구 팬,14,14,20231230
20231200468,국가폭력의 근대화 - 안산 선감학원 자리,"경기도 단원구 선감동에 일제 강점기 말 설치된 선감학원은 ‘부랑아 수용소’였다. 식민지 행정 기관과 경찰은 길거리에서 자의적 잣대로 청소년들을 단속해 정확한 신원 확인 없이 선감도로 보냈다. 선감도 주민들을 강제로 이주시키고 들어선 선감학원은 수용된 청소년들에게 강제 노역을 시켰다. 소년들은 가혹한 매질과 배고픔에 시달렸으며, 바다를 건너 탈출하려다가 익사한 경우도 많았다. 선감학원은 심한 구타로 숨지거나 익사한 수용생들을 암매장했다. 해방 후에도 식민지 시절의 관행은 그대로 이어뎌 1982년 폐원될 때까지 선감학원은 행정기관과 경찰이 조사 없이 보낸 하층민 청소년들을 수용했다. 현재 선감학원 자리는 경기창작센터로 변했다. 일본인 이하라 히로미츠가 1989년 자전적 소설로 선감학원의 비극을 알렸다. 하지만 지금도 선감학원에서 일어났던 참상은 완전히 밝혀지지 않았으며, 피해자들에게 보상도 이뤄지지 않고 있다.",공간으로 읽는 근대문화 역사유산,"빼앗긴 들, 뒤틀린 근대",https://minio.nculture.org/amsweb-opt/3ds/11/84366/84366_thumbnail.jpg,https://ncms.nculture.org/legacy/story/797,근대-일제강점기(1910.8.22~1945.8.14),경기도,안산시,경기도 안산시 단원구 선감로 77-7,37.22855183,126.6292286,장항제련소,20230101,"국가폭력, 선감학원, 조선소년령, 이하라 히로미츠, 경기창작센터",M,테크놀로지/기술애호가,14,14,20231230
20231200469,"서울 최초의 근대 백화점, 미츠코시 백화점 경성지점","미츠코시 백화점 경성지점은 서울특별시에 세워진 최초의 근대식 백화점이다. 미츠코시 오복점이 1929년에 지점으로 승격되면서 본격적으로 백화점의 면모를 갖추게 되었다. 대형 백화점의 등장은 정찰제 판매, 박리다매 전략의 등장으로 우리나라 유통에 큰 변화를 불러왔다. 미츠코시 백화점은 일반 시민들에게 일상적인 공간으로 자리 잡았으나 이면에는 일제강점기 소비문화의 모순이 감춰져 있기도 했다. 현재는 서울특별시 중구 신세계백화점 본점 본관으로 사용되고 있다.",공간으로 읽는 근대문화 역사유산,"근대, 한반도에 발을 딛다",https://minio.nculture.org/amsweb-opt/multimedia_assets/125/85820/93650/c/%EA%B5%AC-%EB%AF%B8%EC%93%B0%EC%BD%94%EC%8B%9C-%EA%B2%BD%EC%84%B1%EC%A7%80%EC%A0%90-%281%29_rev-thumb.jpg,https://ncms.nculture.org/legacy/story/7134,근대-일제강점기(1910.8.22~1945.8.14),서울특별시,중구,서울특별시 중구 소공로 63,37.56091902,126.980979,신세계백화점 본점,20230101,"백화점, 미츠코시, 이상, 채만식",M,음식 & 다이닝/자주 외식/끼니별 외식/저녁 외식을 주로하는 사람,14,13,20231230
20231200470,"일제강점기 한국의 우뭇가사리로 만든 일본 과자, 양갱","양갱은 중국에서 일본에 전해져 정착된 과자로 우뭇가사리를 냉동건조시킨 한천에 팥, 설탕 등을 넣고 쪄서 만든 과자다. 양갱은 일제강점기 조선에 들어와 지금도 팔릴만큼 한국인의 과자로 정착되었다. 양갱의 원료인 우뭇가사리는 일제강점기 본격적으로 한반도 바다에서 채취되었는데 우뭇가사리가 양갱 원료 이외에 의약품, 화장품 등의 원료로 쓰였기 때문이다. 일제강점기 우뭇가사리 채취는 주로 제주도 출신 해녀들이 담당하였다. 해방 후에도 한천은 계속 만들어져 주로 외국으로 수출되었다.",근대 신문으로 보는 음식,개항 이후 들어온 음식과 식재료,https://minio.nculture.org/amsweb-opt/multimedia_assets/233/14832/2431/c/14832-thumb.jpg,https://ncms.nculture.org/legacy/story/2876,근대-일제강점기(1910.8.22~1945.8.14),경상남도,밀양시,경상남도 밀양시 산내면 봉의로 58-31,35.591708,128.880929,,20230101,"양갱, 요깡, 우뭇가사리, 한천, 제주해녀, 나카오카제과, 해태제과합명회사",M,라이프스타일 & 취미/비즈니스 전문가,14,13,20231230
20231200471,"누룩, 국가가 통제하다.",누룩은 곡식을 발효시켜 술로 만들 때 필요한 발효제이다. 전근대 시기 누룩은 주로 밀로 만들었는데 밀 농사를 지은 농민들이 부업으로 만들어 장에서 팔았다. 일제시대 대규모로 누룩을 제조하는 공장들이 출현하였는데 농촌에서 부업으로 만드는 누룩도 공존하였다. 1930년대 일제는 누룩 제조를 특정 공장에만 허가하고 전매권을 주었다. 다양하게 만들어지던 누룩은 국가에 의해 통제되었다.,근대 신문으로 보는 음식,전통 음식과 식재료의 변화,https://minio.nculture.org/amsweb-opt/multimedia_assets/202/25909/7566/c/25909-thumb.jpg,https://ncms.nculture.org/legacy/story/2727,근대-일제강점기(1910.8.22~1945.8.14),부산광역시,금정구,부산광역시 금정구 금성동 554-1 금정산성 막걸리 찾아가는 양조장,35.250417,129.056476,부산 산성마을,20230101,"곡자화시, 곡자제조장, 산성누룩, 재래종 밀",F,스포츠 & 피트니스/스포츠 팬,14,13,20231230
20231200472,고종황제를 매혹시킨 커피,커피는 개항이후 조선의 궁궐인 경복궁이나 덕수궁에서 서양인을 접대할 때 사용되었다. 고종은 커피를 상당히 좋아했다. 서양인 선교사들은 커피를 가지고 한국에 왔는데 한국인에게 대접하기도 하였다. 일제시대 커피는 일반인들에게 많이 퍼져서 1930년대 후반에는 다방도 많이 생겼다. 이 시기 커피는 원두를 갈아 주전자에 끓여 체에 받쳐 걸러 먹었다. 1930년대 후반 전쟁으로 수입이 통제되면서 커피의 사용은 줄어들었다.,근대 신문으로 보는 음식,개항 이후 들어온 음식과 식재료,https://minio.nculture.org/amsweb-opt/multimedia_assets/221/14820/2419/c/14820-thumb.jpg,https://ncms.nculture.org/legacy/story/2853,근대-개항기(1864~1910),서울특별시,중구,서울특별시 중구 정동 세종대로 99,37.565807,126.975143,대불호텔,20230101,"고종황제, 다방, 원두, 선교사, 접대",F,미디어 & 엔터테인먼트/음악 애호가/팝 음악 팬,14,13,20231230
20231200473,바다보다 역동적인 제물포의 근대 - 인천 개항장 근대역사문화지구,"제물포는 1883년 개항 직후부터 일본과 청나라, 영국 미국 독일 프랑스 등 각국이 주도권을 잡기 위해 각축을 벌인 지역이다. 일본이 가장 먼저 조계를 설정하자, 청과 다른 나라들이 뒤따랐다. 초기 모습은 청 조계지가 일본 쪽보다 나았다. 상권에서도 청 상인들이 우세한 편이었으나, 1894년 청일전쟁에서 일본이 승리한 뒤로는 일본이 앞서기 시작했고, 1904년 러일전쟁을 거친 뒤에는 일본의 절대 우세가 확정되었다. 일본은 금융기관을 앞세워 해운업과 화물운송업을 장악했고, 인천은 일본 주도 아래 식민지 근대의 대도시로 변모하기 시작했다. 현재의 자유공원(만국공원)은 일본 조계지와 청국 조계지(훗날 인천 차이나타운)를 비롯해 개항 이후 인천 근현대사의 역동성을 답사하기 적당한 출발점이다.",공간으로 읽는 근대문화 역사유산,근대 거리를 거닐다,https://minio.nculture.org/amsweb-opt/multimedia_assets/79/30457/22671/c/%EC%9D%B8%EC%B2%9C_%EA%B7%BC%EB%8C%80%EB%AC%B8%ED%99%94%EC%9C%A0%EC%82%B0%EA%B1%B0%EB%A6%AC-%283%29-thumb.jpg,https://ncms.nculture.org/legacy/story/4549,근대-개항기(1864~1910),인천광역시,중구,인천광역시 중구 자유공원남로 25,37.47467242,126.6225672,제물포고등학교,20230101,"제물포, 자유공원, 조계지, 만국공원, 차이나타운",M,뉴스 & 정치/열렬한 뉴스 독자/열렬한 비즈니스 뉴스 독자,14,13,20231230
20231200474,일제강점기 초밥으로 만든 김밥,"김은 조선시대부터 전라도의 특산물로 기록에 남아있지만 김밥에 대한 기록은 일제강점기 밥에 초를 넣고 계란지단, 덴부(도미살을 분홍색으로 물들인 것) 등을 속으로 하여 김에 싼다고 나온다. 식초로 간을 한 김밥은 해방 후의 신문기사에서도 그 조리법이 보인다. 오늘날의 김밥은 식초보다 참기름과 소금으로 간을 한다. 김밥의 대중화는 일제강점기 김이 어느 정도 생산되고 일본의 도시락 문화가 정착되면서 만들어졌다.",근대 신문으로 보는 음식,개항 이후 들어온 음식과 식재료,,https://ncms.nculture.org/legacy/story/2951,시대미상,,,,,,청파동,20230101,"노리마기스시, 통영김밥, 김쌈밥, 초밥, 김밥",M,미디어 & 엔터테인먼트/TV 대중 시청자,14,13,20231230
20231200475,1882년 임오군란 이후 한국에 들어온 자장면,"자장면(炸醬麵)은 장을 튀겨 면에 비벼먹은 음식이라는 의미이다. 여기서 튀기는 장은 콩 70%와 밀 30%를 섞어 짜게 발효시킨 면장(麵醬)인데 중국 산둥지역에서 주로 담궈 먹었다고 한다. 1882년 임오군란이 일어난 후 청나라와 조선은 ‘상민수륙무역장정(商民水陸貿易章程이라는 조약을 체결하는데, 이 조약으로 청나라와 조선의 상인들은 자유롭게 무역을 할 수 있게 되었다. 상민수륙무역장정에 따라 청나라 사람들 특히 주로 중국 산둥 지방 사람들이 인천등 개항장에 이주하기 시작하였다. 산동지방의 향토음식이 한국에 정착한 것이 짜장면이다.",근대 신문으로 보는 음식,개항 이후 들어온 음식과 식재료,https://minio.nculture.org/amsweb-opt/multimedia_assets/5/13787/20519/c/13787-thumb.jpg,https://ncms.nculture.org/legacy/story/2753,근대-개항기(1864~1910),인천광역시,중구,인천광역시 중구 선린동,37.474508,126.618205,인천항,20230101,"화교, 인천, 산둥음식",M,은행 및 금융/열렬한 투자자,14,13,20231230
20231200476,1882년 임오군란 이후 한국에 들어온 자장면,"자장면(炸醬麵)은 장을 튀겨 면에 비벼먹은 음식이라는 의미이다. 여기서 튀기는 장은 콩 70%와 밀 30%를 섞어 짜게 발효시킨 면장(麵醬)인데 중국 산둥지역에서 주로 담궈 먹었다고 한다. 1882년 임오군란이 일어난 후 청나라와 조선은 ‘상민수륙무역장정(商民水陸貿易章程이라는 조약을 체결하는데, 이 조약으로 청나라와 조선의 상인들은 자유롭게 무역을 할 수 있게 되었다. 상민수륙무역장정에 따라 청나라 사람들 특히 주로 중국 산둥 지방 사람들이 인천등 개항장에 이주하기 시작하였다. 산동지방의 향토음식이 한국에 정착한 것이 짜장면이다.",근대 신문으로 보는 음식,개항 이후 들어온 음식과 식재료,https://minio.nculture.org/amsweb-opt/multimedia_assets/5/13787/20519/c/13787-thumb.jpg,https://ncms.nculture.org/legacy/story/2753,근대-개항기(1864~1910),인천광역시,중구,인천광역시 중구 선린동,37.474508,126.618205,인천항,20230101,"화교, 인천, 산둥음식",M,뉴스 & 정치/열렬한 뉴스 독자/연예 뉴스 매니아,14,13,20231230
20231200477,"누룩, 국가가 통제하다.",누룩은 곡식을 발효시켜 술로 만들 때 필요한 발효제이다. 전근대 시기 누룩은 주로 밀로 만들었는데 밀 농사를 지은 농민들이 부업으로 만들어 장에서 팔았다. 일제시대 대규모로 누룩을 제조하는 공장들이 출현하였는데 농촌에서 부업으로 만드는 누룩도 공존하였다. 1930년대 일제는 누룩 제조를 특정 공장에만 허가하고 전매권을 주었다. 다양하게 만들어지던 누룩은 국가에 의해 통제되었다.,근대 신문으로 보는 음식,전통 음식과 식재료의 변화,https://minio.nculture.org/amsweb-opt/multimedia_assets/202/25909/7566/c/25909-thumb.jpg,https://ncms.nculture.org/legacy/story/2727,근대-일제강점기(1910.8.22~1945.8.14),부산광역시,금정구,부산광역시 금정구 금성동 554-1 금정산성 막걸리 찾아가는 양조장,35.250417,129.056476,부산 산성마을,20230101,"곡자화시, 곡자제조장, 산성누룩, 재래종 밀",F,쇼핑객/쇼핑 애호가,14,12,20231230
20231200478,"누룩, 국가가 통제하다.",누룩은 곡식을 발효시켜 술로 만들 때 필요한 발효제이다. 전근대 시기 누룩은 주로 밀로 만들었는데 밀 농사를 지은 농민들이 부업으로 만들어 장에서 팔았다. 일제시대 대규모로 누룩을 제조하는 공장들이 출현하였는데 농촌에서 부업으로 만드는 누룩도 공존하였다. 1930년대 일제는 누룩 제조를 특정 공장에만 허가하고 전매권을 주었다. 다양하게 만들어지던 누룩은 국가에 의해 통제되었다.,근대 신문으로 보는 음식,전통 음식과 식재료의 변화,https://minio.nculture.org/amsweb-opt/multimedia_assets/202/25909/7566/c/25909-thumb.jpg,https://ncms.nculture.org/legacy/story/2727,근대-일제강점기(1910.8.22~1945.8.14),부산광역시,금정구,부산광역시 금정구 금성동 554-1 금정산성 막걸리 찾아가는 양조장,35.250417,129.056476,부산 산성마을,20230101,"곡자화시, 곡자제조장, 산성누룩, 재래종 밀",F,스포츠 & 피트니스/스포츠 팬/야구 팬,14,12,20231230
20231200479,우리나라 최초의 철근 콘크리트 다리  - 강원 화천 꺼먹다리,"일제강점기 말에 건설된 화천댐과 더불어 만들어진 꺼먹다리는 화천군 간동면 구만리와 화천읍 대이리를 잇는 우리나라 최초의 철근 콘크리트 교량이다. 나무로 된 상판에 검은색 콜타르를 칠한 모습에서 꺼먹다리라는 이름이 붙었다. 1940년대에 일제가 교각을 세웠고, 해방 후에는 화천지역에서 군정을 실시했던 소련이 철골을 올렸으며, 한국전쟁 당시에 남한이 다리 상판을 얹어 뜻하지 않게 3국 합작품이 된 묘한 이력을 가지고 있다. 한국전쟁 당시 파로호 전투로 인해 꺼먹다리에는 아직도 포탄과 총탄 흔적이 남아있다. 당시 전투에서 국군, 유엔군, 북한군, 중공군을 모두 합해 10만여 명이 전사했다. 수많은 전투를 치렀음에도 불구하고 건립 당시의 원형을 비교적 잘 보전하고 있는 꺼먹다리는 산업과 교량의 역사 연구에 중요한 자료로 평가된다. 다리에는 군 입대를 앞둔 남자와 그 애인이 다리 양끝에서 출발해 한가운데서 만나면 남자가 군복무를 마칠 때까지 여자가 ‘고무신을 거꾸로 신지 않는다’는 이야기가 전해지고 있다.",공간으로 읽는 근대문화 역사유산,근대를 떠받친 토목시설과 광산,,https://ncms.nculture.org/legacy/story/1016,근대-일제강점기(1910.8.22~1945.8.14),강원특별자치도,화천군,"강원도 화천군 화천읍 평화로 656 외 1필지, 간동면 구만리 산9-1",38.10342519,127.761732,파로호,20230101,"화천댐, 화천수력발전소, 파로호, 파로호전투, 대붕호, 구만리, 처녀고개, 화천전투",F,미디어 & 엔터테인먼트/영화 애호가,14,12,20231230
20231200480,인천육군조병창(仁川陸軍造兵廠),"인천육군조병창은 당시 경기도 부천군 부내면 대정리, 현 부평구 산곡동에 건립되었으며 이곳에 본부와 제1제조소가 있었다. 인천육군조병창은 제1제조소 외에도 평양역 인근에 평양제조소를 예하에 두고 있었다. 인천육군조병창의 주요 임무는 99식 소총·총검·군도 등의 생산 및 수리였다. 인천 부평에 병기공장을 건립하게 된 배경에는 1937년 시작된 중일전쟁의 장기화에 따라, “만선(滿鮮) 북지(北)에 대한 수송의 신속 안전 및 조선 내 병기 공업 능력의 비약적 발전”을 기하기 위함이었다.","한반도 유일한, 부평의 인천육군조병창 이야기",,https://minio.nculture.org/amsweb-opt/multimedia_assets/70/86030/95821/c/%EC%9D%B8%EC%B2%9C%EC%9C%A1%EA%B5%B0%EC%A1%B0%EB%B3%91%EC%B0%BD%EC%9D%98-%EB%B3%B8%EB%B6%80%EA%B1%B4%EB%AC%BC%28%EB%B3%91%EC%9B%90%29_%28%EB%B6%80%ED%8F%89%EB%AC%B8%ED%99%94%EC%9B%90%29-thumb.jpg,https://ncms.nculture.org/legacy/story/8764,,인천광역시,부평구,인천광역시 부평구 안남로 146 (부영공원),37.49590926,126.7098147,부평문화원,20230101,"인천육군조병창, 일제강점기, 고쿠라육군조병창, 아시아태평양전쟁",M,뉴스 & 정치/열렬한 뉴스 독자/연예 뉴스 매니아,14,12,20231230
20231200481,고종황제를 매혹시킨 커피,커피는 개항이후 조선의 궁궐인 경복궁이나 덕수궁에서 서양인을 접대할 때 사용되었다. 고종은 커피를 상당히 좋아했다. 서양인 선교사들은 커피를 가지고 한국에 왔는데 한국인에게 대접하기도 하였다. 일제시대 커피는 일반인들에게 많이 퍼져서 1930년대 후반에는 다방도 많이 생겼다. 이 시기 커피는 원두를 갈아 주전자에 끓여 체에 받쳐 걸러 먹었다. 1930년대 후반 전쟁으로 수입이 통제되면서 커피의 사용은 줄어들었다.,근대 신문으로 보는 음식,개항 이후 들어온 음식과 식재료,https://minio.nculture.org/amsweb-opt/multimedia_assets/221/14820/2419/c/14820-thumb.jpg,https://ncms.nculture.org/legacy/story/2853,근대-개항기(1864~1910),서울특별시,중구,서울특별시 중구 정동 세종대로 99,37.565807,126.975143,대불호텔,20230101,"고종황제, 다방, 원두, 선교사, 접대",F,은행 및 금융/열렬한 투자자,14,12,20231230
20231200482,일본인 거리의 의미를 묻다 - 포항 구룡포 근대문화역사거리,경상북도 포항시 구룡포는 1900년부터 일본 어부들이 어업 근거지로 삼으면서 근대 항구가 되었다. 일본인들은 일제강점기부터 본국의 지원을 받으면서 구룡포로 이주하기 시작했다. 구룡포에 정착한 일본인 가운데는 가가와현 출신이 많았다. 이들은 일본 타 지역 출신들과 경쟁관계에 있었으나 1920년대부터 1930년대 중반까지 2차례에 걸친 축항 공사를 통해 방파제를 쌓고 일본인 거리를 확장했다. 구룡포의 조선인들은 상당수가 일본 선주들에게 고용돼 어로 노동자로 일했다. 구룡포의 조선인과 일본인 거주 공간도 달랐다. 일제강점기 극소수의 일본 선주들은 전체 어획 소득의 절반가량을 가져갔다. 일본인들이 부를 늘려감에 따라 구룡포의 일본인 거리도 계속 확장됐다. 그러나 1945년 갑작스러운 패망으로 일본인은 자신들 나라로 돌아갔다. 포항시는 2011년부터 ‘구룡포 근대역사문화거리’를 조성했다. 가가와 출신 어부들의 중심인물로 구룡포에서 부를 쌓은 하시모토가 1923년 지은 일본식 집은 구룡포 근대역사관이 되었다. 그러나 문화재청은 하시모토의 집과 일본 가옥의 등록문화재 지정 신청을 보류했다. 구룡포 근대역사문화거리는 역사 인식의 측면에서 계속 비판이 제기되고 있다.,공간으로 읽는 근대문화 역사유산,근대 거리를 거닐다,https://minio.nculture.org/amsweb-opt/3ds/234/84339/84339_thumbnail.jpg,https://ncms.nculture.org/legacy/story/4534,근대-일제강점기(1910.8.22~1945.8.14),경상북도,포항시,경북 포항시 남구 구룡포읍 구룡포길 147-2,35.99079907,129.5609111,구룡포 근대 역사관,20230101,"어업, 일제강점기, 근대역사관",M,미디어 & 엔터테인먼트/음악 애호가/팝 음악 팬,14,12,20231230
20231200483,바다보다 역동적인 제물포의 근대 - 인천 개항장 근대역사문화지구,"제물포는 1883년 개항 직후부터 일본과 청나라, 영국 미국 독일 프랑스 등 각국이 주도권을 잡기 위해 각축을 벌인 지역이다. 일본이 가장 먼저 조계를 설정하자, 청과 다른 나라들이 뒤따랐다. 초기 모습은 청 조계지가 일본 쪽보다 나았다. 상권에서도 청 상인들이 우세한 편이었으나, 1894년 청일전쟁에서 일본이 승리한 뒤로는 일본이 앞서기 시작했고, 1904년 러일전쟁을 거친 뒤에는 일본의 절대 우세가 확정되었다. 일본은 금융기관을 앞세워 해운업과 화물운송업을 장악했고, 인천은 일본 주도 아래 식민지 근대의 대도시로 변모하기 시작했다. 현재의 자유공원(만국공원)은 일본 조계지와 청국 조계지(훗날 인천 차이나타운)를 비롯해 개항 이후 인천 근현대사의 역동성을 답사하기 적당한 출발점이다.",공간으로 읽는 근대문화 역사유산,근대 거리를 거닐다,https://minio.nculture.org/amsweb-opt/multimedia_assets/79/30457/22671/c/%EC%9D%B8%EC%B2%9C_%EA%B7%BC%EB%8C%80%EB%AC%B8%ED%99%94%EC%9C%A0%EC%82%B0%EA%B1%B0%EB%A6%AC-%283%29-thumb.jpg,https://ncms.nculture.org/legacy/story/4549,근대-개항기(1864~1910),인천광역시,중구,인천광역시 중구 자유공원남로 25,37.47467242,126.6225672,제물포고등학교,20230101,"제물포, 자유공원, 조계지, 만국공원, 차이나타운",M,은행 및 금융/열렬한 투자자,14,12,20231230
20231200484,"한센인들의 한숨과 눈물, 손양원의 사랑 - 여수 구 애양원교회와 애양병원","전라남도 여수시 율촌면 신풍리 애양원은 1911년 문을 연 광주 나병원이 뿌리다. 한센병 환자가 몰리자, 광주 나병원의 원장 윌슨 선교사는 신풍리로 근거지를 옮기기로 했다. 한센인에 대한 사회적 편견과 차별 때문에 600여 환우는 ‘눈물의 이주’를 해야 했다. 여수에 지어진 애양병원과 애양원교회는 비록 격리정책에 따른 수용시설이지만, 한센인들에게는 의지할 수 있는 공동체의 구심점이 되었다. 특히 애양원교회 2대 목사로 부임한 「사랑의 원자탄」 손양원 목사는 헌신적으로 사랑의 봉사를 실천했다. 한센병 환자는 줄어들고, 한센병은 퇴치되었으나, 한센인의 고통과 한센인을 정성으로 돌보았던 손길들을 되돌아 볼 수 있는 공간으로서 구 애양병원(현 애양 역사박물관)과 애양원교회는 중요한 공간이다.",공간으로 읽는 근대문화 역사유산,근대 의술과 인술 사이에서,https://minio.nculture.org/amsweb-opt/3ds/15/84370/84370_thumbnail.jpg,https://ncms.nculture.org/legacy/story/777,근대-일제강점기(1910.8.22~1945.8.14),전라남도,여수시,전라남도 여수시 율촌면 도성길 30-15,34.84224228,127.6300468,손양원 기념 공원,20230101,"광주 나병원, 우일선, 애양원교회, 한센병, 도성농원, 애양 역사 박물관, 손양원",F,미디어 & 엔터테인먼트/TV 애호가,14,12,20231230
20231200485,일제강점기 초밥으로 만든 김밥,"김은 조선시대부터 전라도의 특산물로 기록에 남아있지만 김밥에 대한 기록은 일제강점기 밥에 초를 넣고 계란지단, 덴부(도미살을 분홍색으로 물들인 것) 등을 속으로 하여 김에 싼다고 나온다. 식초로 간을 한 김밥은 해방 후의 신문기사에서도 그 조리법이 보인다. 오늘날의 김밥은 식초보다 참기름과 소금으로 간을 한다. 김밥의 대중화는 일제강점기 김이 어느 정도 생산되고 일본의 도시락 문화가 정착되면서 만들어졌다.",근대 신문으로 보는 음식,개항 이후 들어온 음식과 식재료,,https://ncms.nculture.org/legacy/story/2951,시대미상,,,,,,청파동,20230101,"노리마기스시, 통영김밥, 김쌈밥, 초밥, 김밥",M,여행/여행 매니아,14,12,20231230
20231200486,"명월관, 요릿집이 시작되다.",명월관은 최초의 근대적 음식점이었지만 기생들이 시중을 드는 전근대적인 면도 공존하고 있었다. 명월관은 주로 잔치를 여는 장소였으므로 기본적으로 음식값이 비쌌고 기생을 불러 공연할 경우 비용이 더 비싸졌다. 처음 명월관은 광화문 사거리에서 문을 열었는데 1919년 화재로 소실된 후 인사동에 있던 분점에 사람들이 몰렸다. 1921년 인사동의 명월관 지점 태화관이 남감리교 여자선교회에 매각된 후에는 돈의동 145번지로 이전하여 해방 후까지 영업하다 6.25때 소실되었다.,근대 신문으로 보는 음식,근대의 음식점,https://minio.nculture.org/amsweb-opt/multimedia_assets/128/14727/19977/c/14727-thumb.jpg,https://ncms.nculture.org/legacy/story/2943,근대-일제강점기(1910.8.22~1945.8.14),서울특별시,종로구,서울특별시 종로구 세종로 139-8,37.569857,126.977622,태화기독교사회복지관,20230101,"명월관, 태화관, 회갑연, 관혼례연",M,미디어 & 엔터테인먼트/TV 애호가,14,12,20231230
20231200487,경인 공업지대의 시작점 - 서울 영등포 일대 근대산업유산,"서울특별시 영등포구 영등포역 일대는 경인선과 경부선의 분기점이 되면서 근대 시가지로 발달하기 시작했다. 그러나 초기에는 일본인 상업지구 중심이었을 뿐 공업지대는 아니었다. 1911년 조선피혁, 1919년 영등포공작창, 1923년 경성방직이 들어섰어도 공장은 몇 곳 되지 않았다. 1930년대 들어 조선총독부가 조선에서도 공업화를 추진하기로 하고, 일본의 자본들이 들어오면서 영등포 일대는 공업지역으로 탈바꿈했다. 조선총독부는 1930년대 중반 영등포를 경성으로 편입시키고 공업지대화를 추진했다. 일본 굴지의 맥주회사, 제분회사 등이 이때 영등포에 자리 잡았고, 경성방직 주변으로 규모가 큰 섬유 공장들도 들어섰다. 일제강점기 말에는 군수용 금속·기계 공장도 늘어났다. 노동자가 늘어나자 조선총독부는 문래동에 영단주택 단지를 조성하기도 했다. 해방 후에도 영등포에서 인천으로 이어지는 경인공업지대는 초기 산업화를 이끌었다. 영등포역 일대에는 일제강점기 이래 근대 산업의 흔적들이 여러 곳 남아 있다.",공간으로 읽는 근대문화 역사유산,근대 거리를 거닐다,https://minio.nculture.org/amsweb-opt/multimedia_assets/124/85819/93647/c/%EA%B5%AC-%EA%B2%BD%EC%84%B1%EB%B0%A9%EC%A7%81-%EC%82%AC%EB%AC%B4%EB%8F%99-%285%29_rev-thumb.jpg,https://ncms.nculture.org/legacy/story/4543,근대-일제강점기(1910.8.22~1945.8.14),서울특별시,영등포구,서울특별시 영등포구 영등포동 4가 442,37.51707545,126.9033409,경방 타임스퀘어,20230101,"경방 타임스퀘어, 문래동 철강공단, 문래동 창작촌, 문래동 영단주택, 경성방직",F,미디어 & 엔터테인먼트/영화 애호가,14,12,20231230
20231200488,궁중음식이라는 전설을 품은 구절판,구절판은 1930년대 신문에 처음 만드는 법이 소개된다. 비록 이 시기에 처음 소개되지만 소개하는 사람은 궁중음식이라고 하고있다. 구절판이 의궤에 기록된 음식은 아니다. 그러나 밀가루가 귀했던 조선시대 궁중에서 만들어먹었을 가능성은 있다. 구절판은 정성스럽게 밀전병을 부치는 것에서 많은 정성이 들어가는 음식이다.,근대 신문으로 보는 음식,전통 음식과 식재료의 변화,https://minio.nculture.org/amsweb-opt/multimedia_assets/118/25465/7328/c/25465-thumb.jpg,https://ncms.nculture.org/legacy/story/2802,근대-일제강점기(1910.8.22~1945.8.14),서울특별시,종로구,서울특별시 종로구 창덕궁 5길 궁중음식연구원,37.583663,126.989246,,20230101,"밀전병, 구절판(그릇), 8가지 찬, 밀쌈",F,뉴스 & 정치/열렬한 뉴스 독자/연예 뉴스 매니아,14,12,20231230
20231200489,"천년 고찰 속의 현대식 법당, 남양주 봉선사 큰법당","경기도 남양주시 봉선사는 고려 광종 시기인 서기 697년에 창건된 운악사에서 비롯된 천년 고찰이다. 조선 예종 때 세조의 능인 광릉을 받드는 절로 중창되어 봉선사가 되었다. 봉선사는 임진왜란, 병자호란, 한국전쟁 등 전란으로 여러 차례 소실되었다가 중건됐다. 봉선사 큰법당은 운허 스님이 주지이던 1970년 지어졌다. 석가여래를 모신 전각인데도 운허 스님이 대웅전이라 하지 않고 큰법당이라는 풀어 쓴 이름을 붙였다. 봉선사 큰법당은 철근 콘크리트로 전통 목조 사찰을 정교하게 재현해냈다. 큰법당의 기단과 앞 층계, 뒤편 화계는 조선시대 것이어서 전통과 현대가 공존하는 공간이 탄생한 것이다.",공간으로 읽는 근대문화 역사유산,삶을 보듬은 종교 시설,https://minio.nculture.org/amsweb-opt/pdfs/54/27453/27453_thumbnail.jpg,https://ncms.nculture.org/legacy/story/2985,현대-현대(1945.8.15~현재),경기도,남양주시,경기도 남양주시 진접읍 봉선사길 32,37.74642,127.18355,국립수목원,20230101,"봉선사, 봉선사 큰법당, 운허 스님, 부평리 만세시위",F,미디어 & 엔터테인먼트/영화 애호가,14,12,20231230
20231200490,"천년 고찰 속의 현대식 법당, 남양주 봉선사 큰법당","경기도 남양주시 봉선사는 고려 광종 시기인 서기 697년에 창건된 운악사에서 비롯된 천년 고찰이다. 조선 예종 때 세조의 능인 광릉을 받드는 절로 중창되어 봉선사가 되었다. 봉선사는 임진왜란, 병자호란, 한국전쟁 등 전란으로 여러 차례 소실되었다가 중건됐다. 봉선사 큰법당은 운허 스님이 주지이던 1970년 지어졌다. 석가여래를 모신 전각인데도 운허 스님이 대웅전이라 하지 않고 큰법당이라는 풀어 쓴 이름을 붙였다. 봉선사 큰법당은 철근 콘크리트로 전통 목조 사찰을 정교하게 재현해냈다. 큰법당의 기단과 앞 층계, 뒤편 화계는 조선시대 것이어서 전통과 현대가 공존하는 공간이 탄생한 것이다.",공간으로 읽는 근대문화 역사유산,삶을 보듬은 종교 시설,https://minio.nculture.org/amsweb-opt/pdfs/54/27453/27453_thumbnail.jpg,https://ncms.nculture.org/legacy/story/2985,현대-현대(1945.8.15~현재),경기도,남양주시,경기도 남양주시 진접읍 봉선사길 32,37.74642,127.18355,국립수목원,20230101,"봉선사, 봉선사 큰법당, 운허 스님, 부평리 만세시위",F,뉴스 & 정치/열렬한 뉴스 독자/연예 뉴스 매니아,14,12,20231230
20231200491,"민주주의가 자라다, 인천 제물포고등학교 강당","인천 제물포고등학교 강당은 1935년 인천 공립중학교의 강당으로 세워졌다. 화강석 기단 위에 적벽돌을 쌓아 지은 건물이다. 지하 1층, 지상 1층인 외관은 간결하며 기능 중심으로 설계되었다. 내부는 너비가 15m에 이르지만, 중간 기둥 없이 하나의 공간을 이루도록 했다. 일본인 학교였던 인천 공립학교는 해방 후 학제 변경으로 1954년 제물포고등학교 강당이 되었다. 제물포고등학교 설립을 주도했고 초대 교장이었던 교육자 길영희 선생은 ‘성덕당’이라고 불리는 강당에서 전교생에게 양심적인 나라의 일꾼이 되라고 열변을 토했다고 한다. 성덕당은 당대 인사들의 특강 장소이자 학생들의 자유로운 토론의 장으로 활용되었다. 1930년대 세워졌던 옛 학교 건물들은 모두 사라졌지만, 성덕당은 남아 제물포고등학교의 역사와 전통을 상징하는 공간으로 꼽힌다.",공간으로 읽는 근대문화 역사유산,근대의 산실 학교,https://minio.nculture.org/amsweb-opt/multimedia_assets/88/14595/20088/c/14595-thumb.jpg,https://ncms.nculture.org/legacy/story/2821,근대-일제강점기(1910.8.22~1945.8.14),인천광역시,중구,인천광역시 중구 자유공원로 58-9,37.476895,126.62402,인천 제물포고등학교,20230101,"제물포고등학교, 성덕당, 길영희, 무감독시험, 등록문화재 제427호, 인천 공립중학교, 제물포고등학교 강당, 망사드르지붕, 인천 자유공원, 무감독 시험, 인천역",F,미디어 & 엔터테인먼트/음악 애호가/팝 음악 팬,14,11,20231230
20231200492,일본인 거리의 의미를 묻다 - 포항 구룡포 근대문화역사거리,경상북도 포항시 구룡포는 1900년부터 일본 어부들이 어업 근거지로 삼으면서 근대 항구가 되었다. 일본인들은 일제강점기부터 본국의 지원을 받으면서 구룡포로 이주하기 시작했다. 구룡포에 정착한 일본인 가운데는 가가와현 출신이 많았다. 이들은 일본 타 지역 출신들과 경쟁관계에 있었으나 1920년대부터 1930년대 중반까지 2차례에 걸친 축항 공사를 통해 방파제를 쌓고 일본인 거리를 확장했다. 구룡포의 조선인들은 상당수가 일본 선주들에게 고용돼 어로 노동자로 일했다. 구룡포의 조선인과 일본인 거주 공간도 달랐다. 일제강점기 극소수의 일본 선주들은 전체 어획 소득의 절반가량을 가져갔다. 일본인들이 부를 늘려감에 따라 구룡포의 일본인 거리도 계속 확장됐다. 그러나 1945년 갑작스러운 패망으로 일본인은 자신들 나라로 돌아갔다. 포항시는 2011년부터 ‘구룡포 근대역사문화거리’를 조성했다. 가가와 출신 어부들의 중심인물로 구룡포에서 부를 쌓은 하시모토가 1923년 지은 일본식 집은 구룡포 근대역사관이 되었다. 그러나 문화재청은 하시모토의 집과 일본 가옥의 등록문화재 지정 신청을 보류했다. 구룡포 근대역사문화거리는 역사 인식의 측면에서 계속 비판이 제기되고 있다.,공간으로 읽는 근대문화 역사유산,근대 거리를 거닐다,https://minio.nculture.org/amsweb-opt/3ds/234/84339/84339_thumbnail.jpg,https://ncms.nculture.org/legacy/story/4534,근대-일제강점기(1910.8.22~1945.8.14),경상북도,포항시,경북 포항시 남구 구룡포읍 구룡포길 147-2,35.99079907,129.5609111,구룡포 근대 역사관,20230101,"어업, 일제강점기, 근대역사관",M,뉴스 & 정치/열렬한 뉴스 독자/열렬한 비즈니스 뉴스 독자,14,11,20231230
20231200493,일제강점기 초밥으로 만든 김밥,"김은 조선시대부터 전라도의 특산물로 기록에 남아있지만 김밥에 대한 기록은 일제강점기 밥에 초를 넣고 계란지단, 덴부(도미살을 분홍색으로 물들인 것) 등을 속으로 하여 김에 싼다고 나온다. 식초로 간을 한 김밥은 해방 후의 신문기사에서도 그 조리법이 보인다. 오늘날의 김밥은 식초보다 참기름과 소금으로 간을 한다. 김밥의 대중화는 일제강점기 김이 어느 정도 생산되고 일본의 도시락 문화가 정착되면서 만들어졌다.",근대 신문으로 보는 음식,개항 이후 들어온 음식과 식재료,,https://ncms.nculture.org/legacy/story/2951,시대미상,,,,,,청파동,20230101,"노리마기스시, 통영김밥, 김쌈밥, 초밥, 김밥",M,테크놀로지/모바일 매니아,14,11,20231230
20231200494,음식점 반찬에서 빠지지 않는 단무지,일제시대부터 음식점의 필수반찬이 되었던 단무지는 일본사람이 일상적으로 먹는 다꾸앙쓰케에서 유래하였다. 일제시대 조선사람들이 가정에서 다꾸앙쓰케를 담가 먹는 일은 굉장히 드물었는데 조선의 김치문화가 많이 발달했기 때문이다. 그러나 다꾸앙쓰케 즉 단무지는 식당의 밑반찬으로는 유용했다. 해방후에는 많은 단무지 공장이 생겨서 식당등 대규모 급식소에 단무지를 공급하였다.,근대 신문으로 보는 음식,개항 이후 들어온 음식과 식재료,https://minio.nculture.org/amsweb-opt/multimedia_assets/158/14757/20013/c/14757-thumb.jpg,https://ncms.nculture.org/legacy/story/2764,현대-현대(1945.8.15~현재),서울특별시,종로구,서울특별시 종로구 인사동길 35-4 플무원 김치박물관,37.573609,126.984864,충남 연기군,20230101,"다꾸앙스케, 겨울단무지, 여름단무지, 단무지공장",M,미디어 & 엔터테인먼트/TV 애호가,14,11,20231230
20231200495,우리나라 최초의 철근 콘크리트 다리  - 강원 화천 꺼먹다리,"일제강점기 말에 건설된 화천댐과 더불어 만들어진 꺼먹다리는 화천군 간동면 구만리와 화천읍 대이리를 잇는 우리나라 최초의 철근 콘크리트 교량이다. 나무로 된 상판에 검은색 콜타르를 칠한 모습에서 꺼먹다리라는 이름이 붙었다. 1940년대에 일제가 교각을 세웠고, 해방 후에는 화천지역에서 군정을 실시했던 소련이 철골을 올렸으며, 한국전쟁 당시에 남한이 다리 상판을 얹어 뜻하지 않게 3국 합작품이 된 묘한 이력을 가지고 있다. 한국전쟁 당시 파로호 전투로 인해 꺼먹다리에는 아직도 포탄과 총탄 흔적이 남아있다. 당시 전투에서 국군, 유엔군, 북한군, 중공군을 모두 합해 10만여 명이 전사했다. 수많은 전투를 치렀음에도 불구하고 건립 당시의 원형을 비교적 잘 보전하고 있는 꺼먹다리는 산업과 교량의 역사 연구에 중요한 자료로 평가된다. 다리에는 군 입대를 앞둔 남자와 그 애인이 다리 양끝에서 출발해 한가운데서 만나면 남자가 군복무를 마칠 때까지 여자가 ‘고무신을 거꾸로 신지 않는다’는 이야기가 전해지고 있다.",공간으로 읽는 근대문화 역사유산,근대를 떠받친 토목시설과 광산,,https://ncms.nculture.org/legacy/story/1016,근대-일제강점기(1910.8.22~1945.8.14),강원특별자치도,화천군,"강원도 화천군 화천읍 평화로 656 외 1필지, 간동면 구만리 산9-1",38.10342519,127.761732,파로호,20230101,"화천댐, 화천수력발전소, 파로호, 파로호전투, 대붕호, 구만리, 처녀고개, 화천전투",M,쇼핑객/쇼핑 애호가,14,10,20231230
20231200496,한센인 격리와 정착의 역사 - 의왕 한국한센복지협회,"경기도 의왕시 한국한센복지협회의 뿌리는 1926년 발족한 조선나병근절책연구회라고 할 수 있다. 한센인은 격리 수용하는 것이 최선이라는 당시의 인식에 따라 대규모 수용소 건설을 추진한 명망가 단체다. 격리 정책은 해방 후에도 계속되다가 1960년대 들어서야 정착촌 정책으로 바뀌었다. 1948년 대한나예방협회 역시 격리에 중점을 두었다. 한국한센복지협회는 과거 문둥병, 나병으로 불리던 질병이 2000년에 한센병으로 공식 명명됨에 따라 새로운 이름을 가지게 되었다. 의왕 한국한센복지협회는 인근 성 나자로 마을에서 50년 무상 대여한 땅에 병원과 사무실을 지었다. 1951년 모락산 자락에 자리 잡은 성 나자로 마을은 1970부터 원장으로 28년 봉직한 이경재 신부 재임 기간에 현재의 모습을 갖추었다. 한국한센복지협회와 성 나자로 마을은 문둥병이라는 차별적인 병명이 한센병으로 바뀌기까지 한센인들이 겪은 고통과 시련의 삶을 간직하고 있다.",공간으로 읽는 근대문화 역사유산,근대 의술과 인술 사이에서,https://minio.nculture.org/amsweb-opt/3ds/28/84383/84383_thumbnail.jpg,https://ncms.nculture.org/legacy/story/778,현대-현대(1945.8.15~현재),경기도,의왕시,경기도 의왕시 원골로 59,37.3619452,126.9711473,소록도 시설 (국립소록도병원),20230101,"한국한센복지협회, 성 나자로 마을, 이경재, 조선나병근절책연구회",M,미디어 & 엔터테인먼트/음악 애호가/월드 뮤직 팬,14,10,20231230
20231200497,"서울 최초의 근대 백화점, 미츠코시 백화점 경성지점","미츠코시 백화점 경성지점은 서울특별시에 세워진 최초의 근대식 백화점이다. 미츠코시 오복점이 1929년에 지점으로 승격되면서 본격적으로 백화점의 면모를 갖추게 되었다. 대형 백화점의 등장은 정찰제 판매, 박리다매 전략의 등장으로 우리나라 유통에 큰 변화를 불러왔다. 미츠코시 백화점은 일반 시민들에게 일상적인 공간으로 자리 잡았으나 이면에는 일제강점기 소비문화의 모순이 감춰져 있기도 했다. 현재는 서울특별시 중구 신세계백화점 본점 본관으로 사용되고 있다.",공간으로 읽는 근대문화 역사유산,"근대, 한반도에 발을 딛다",https://minio.nculture.org/amsweb-opt/multimedia_assets/125/85820/93650/c/%EA%B5%AC-%EB%AF%B8%EC%93%B0%EC%BD%94%EC%8B%9C-%EA%B2%BD%EC%84%B1%EC%A7%80%EC%A0%90-%281%29_rev-thumb.jpg,https://ncms.nculture.org/legacy/story/7134,근대-일제강점기(1910.8.22~1945.8.14),서울특별시,중구,서울특별시 중구 소공로 63,37.56091902,126.980979,신세계백화점 본점,20230101,"백화점, 미츠코시, 이상, 채만식",M,미디어 & 엔터테인먼트/게이머/슈팅 게임 팬,13,13,20231230
20231200498,전통배추를 밀어내고 김치의 원료가 된 결구배추,"배추김치의 주재료인 배추는 조선시대까지 한양과 개성에서 자란 것이 유명했다. 이 배추는 배추잎이 절반정도 뭉친 반결구종으로, 무게는 결구종보다 적고 생육기간도 길었다. 임오군란 이후 중국인들이 한국땅에 살고 중국과 왕래하면서 중국의 결구배추가 들어오게 된다. 결구배추는 배추잎이 서로 감싸 완전히 뭉친 것인데 생육기간이 짧고 크기도 컸다. 일제강점기 반결구배추가 병충해에 시달리면서 결구종 배추가 보급되어 오늘날 김치를 만드는 배추는 결구종배추가 주를 이루게 되었다.",근대 신문으로 보는 음식,전통 음식과 식재료의 변화,,https://ncms.nculture.org/legacy/story/2831,근대-일제강점기(1910.8.22~1945.8.14),,,,,,덕천,20230101,"배추김치, 호배추, 결구배추",M,라이프스타일 & 취미/사진광,13,13,20231230
20231200499,전통배추를 밀어내고 김치의 원료가 된 결구배추,"배추김치의 주재료인 배추는 조선시대까지 한양과 개성에서 자란 것이 유명했다. 이 배추는 배추잎이 절반정도 뭉친 반결구종으로, 무게는 결구종보다 적고 생육기간도 길었다. 임오군란 이후 중국인들이 한국땅에 살고 중국과 왕래하면서 중국의 결구배추가 들어오게 된다. 결구배추는 배추잎이 서로 감싸 완전히 뭉친 것인데 생육기간이 짧고 크기도 컸다. 일제강점기 반결구배추가 병충해에 시달리면서 결구종 배추가 보급되어 오늘날 김치를 만드는 배추는 결구종배추가 주를 이루게 되었다.",근대 신문으로 보는 음식,전통 음식과 식재료의 변화,,https://ncms.nculture.org/legacy/story/2831,근대-일제강점기(1910.8.22~1945.8.14),,,,,,덕천,20230101,"배추김치, 호배추, 결구배추",M,미디어 & 엔터테인먼트/독서가,13,13,20231230
20231200500,전통배추를 밀어내고 김치의 원료가 된 결구배추,"배추김치의 주재료인 배추는 조선시대까지 한양과 개성에서 자란 것이 유명했다. 이 배추는 배추잎이 절반정도 뭉친 반결구종으로, 무게는 결구종보다 적고 생육기간도 길었다. 임오군란 이후 중국인들이 한국땅에 살고 중국과 왕래하면서 중국의 결구배추가 들어오게 된다. 결구배추는 배추잎이 서로 감싸 완전히 뭉친 것인데 생육기간이 짧고 크기도 컸다. 일제강점기 반결구배추가 병충해에 시달리면서 결구종 배추가 보급되어 오늘날 김치를 만드는 배추는 결구종배추가 주를 이루게 되었다.",근대 신문으로 보는 음식,전통 음식과 식재료의 변화,,https://ncms.nculture.org/legacy/story/2831,근대-일제강점기(1910.8.22~1945.8.14),,,,,,덕천,20230101,"배추김치, 호배추, 결구배추",F,스포츠 & 피트니스/스포츠 팬/야구 팬,13,13,20231230
20231200501,전통배추를 밀어내고 김치의 원료가 된 결구배추,"배추김치의 주재료인 배추는 조선시대까지 한양과 개성에서 자란 것이 유명했다. 이 배추는 배추잎이 절반정도 뭉친 반결구종으로, 무게는 결구종보다 적고 생육기간도 길었다. 임오군란 이후 중국인들이 한국땅에 살고 중국과 왕래하면서 중국의 결구배추가 들어오게 된다. 결구배추는 배추잎이 서로 감싸 완전히 뭉친 것인데 생육기간이 짧고 크기도 컸다. 일제강점기 반결구배추가 병충해에 시달리면서 결구종 배추가 보급되어 오늘날 김치를 만드는 배추는 결구종배추가 주를 이루게 되었다.",근대 신문으로 보는 음식,전통 음식과 식재료의 변화,,https://ncms.nculture.org/legacy/story/2831,근대-일제강점기(1910.8.22~1945.8.14),,,,,,덕천,20230101,"배추김치, 호배추, 결구배추",F,차량 및 운송/자동차 매니아,13,13,20231230
20231200502,"동양 최초의 바다 밑 터널, 통영 해저터널","통영반도 남단과 미륵도를 연결하는 통영 해저터널은 동양 최초의 해저터널이다. 일제강점기 이전부터 통영으로 이주해온 일본인 이주 어민들은 연안에서 어로 활동을 하며 물고기 떼를 쫓아 빠르게 이동할 필요가 있었는데, 미륵도와 통영 사이의 해협이 너무 좁아 미륵도를 빙 돌아 가야 하는 불편함이 있었다. 그래서 일제는 1932년 통영운하를 완공했다. 통영운하 개통 후 운하를 건너다니도록 하기 위해 교량 대신 만든 것이 해저터널이다. 터널을 만든 지역은 판데목이라는 곳인데, 임진왜란 한산대첩 때 많은 왜군이 이순신의 학익진에 대패해 판데목 부근에서 수장됐다고 한다. 일본인들이 조상의 유해 위로 건너다닐 수 없어서 해저터널을 팠다는 이야기도 전해진다.",공간으로 읽는 근대문화 역사유산,"빼앗긴 들, 뒤틀린 근대",https://minio.nculture.org/amsweb-opt/multimedia_assets/140/85835/93850/c/%ED%86%B5%EC%98%81-%ED%95%B4%EC%A0%80%ED%84%B0%EB%84%90-%281%29_rev-thumb.jpg,https://ncms.nculture.org/legacy/story/2936,근대-일제강점기(1910.8.22~1945.8.14),경상남도,통영시,경상남도 통영시 도남로 57-1,34.834788,128.40991,충무교,20230101,"통영 해저터널, 통영운하, 충무공 이순신, 판데목, 미륵도",F,미디어 & 엔터테인먼트/만화 & 애니메이션 팬,13,13,20231230
20231200503,"동양 최초의 바다 밑 터널, 통영 해저터널","통영반도 남단과 미륵도를 연결하는 통영 해저터널은 동양 최초의 해저터널이다. 일제강점기 이전부터 통영으로 이주해온 일본인 이주 어민들은 연안에서 어로 활동을 하며 물고기 떼를 쫓아 빠르게 이동할 필요가 있었는데, 미륵도와 통영 사이의 해협이 너무 좁아 미륵도를 빙 돌아 가야 하는 불편함이 있었다. 그래서 일제는 1932년 통영운하를 완공했다. 통영운하 개통 후 운하를 건너다니도록 하기 위해 교량 대신 만든 것이 해저터널이다. 터널을 만든 지역은 판데목이라는 곳인데, 임진왜란 한산대첩 때 많은 왜군이 이순신의 학익진에 대패해 판데목 부근에서 수장됐다고 한다. 일본인들이 조상의 유해 위로 건너다닐 수 없어서 해저터널을 팠다는 이야기도 전해진다.",공간으로 읽는 근대문화 역사유산,"빼앗긴 들, 뒤틀린 근대",https://minio.nculture.org/amsweb-opt/multimedia_assets/140/85835/93850/c/%ED%86%B5%EC%98%81-%ED%95%B4%EC%A0%80%ED%84%B0%EB%84%90-%281%29_rev-thumb.jpg,https://ncms.nculture.org/legacy/story/2936,근대-일제강점기(1910.8.22~1945.8.14),경상남도,통영시,경상남도 통영시 도남로 57-1,34.834788,128.40991,충무교,20230101,"통영 해저터널, 통영운하, 충무공 이순신, 판데목, 미륵도",F,쇼핑객/쇼핑 애호가,13,13,20231230
20231200504,초량 이바구길의 곡절 많은 터줏대감-부산 구 백제병원,"부산역 맞은편 초량 이바구길 초입에 위치한 백제병원 건물은 1927년 지어졌다. 백제병원은 부산 최초의 개인병원으로서, 부산부립병원, 철도병원과 함께 부산 3대 병원으로 꼽혔다. 백제병원 건물은 4층 건물과 잇달아 지은 6층 건물을 이어 붙였는데, 단층과 2~3층이 고작이던 당시 부산에서 우뚝 솟은 건물이었다. 하지만 설립자인 외과의사 최용해가 건축 과정에서 무리하게 빚을 끌어다 쓴데다 행려병자 시신으로 인체 표본을 제작해 보관하다 적발되면서, 급기야 설립자가 병원 문을 닫고 일본으로 도주하였다. 백제병원 건물은 중국인이 인수하여 봉래각이라는 청요릿집으로 개조되었다. 객실을 120개나 설치한 봉래각 또한 부산 명물로 명성을 날렸으나, 중일전쟁 이후 주인이 고국으로 돌아가면서 1942년 폐업했다. 이후 일본군 장교숙소였다가 해방 후에는 부산치안사령부, 전쟁 시기에는 중화민국 임시 대사관으로 쓰였다. 1953년 신라예식장으로 용도가 바뀌었으나, 예식장도 1960년대 중반 문을 닫았다. 1972년에는 이웃 건물에서 발생한 화재로 건물의 3분의 2가 불에 타, 5층 이상은 철거되었다. 다행히 골조와 1~2층은 옛 모습을 모두 잃지는 않았다. 2009년 새 주인이 인수하였고, 복원에 준하는 리모델링을 거쳐 2015년부터 카페 겸 문화예술 공간으로 활용되고 있다.",공간으로 읽는 근대문화 역사유산,근대 의술과 인술 사이에서,https://minio.nculture.org/amsweb-opt/3ds/228/84333/84333_thumbnail.jpg,https://ncms.nculture.org/legacy/story/783,근대-일제강점기(1910.8.22~1945.8.14),부산광역시,동구,부산 동구 초량동 460-2,35.11625252,129.0388649,부산 차이나타운,20230101,"부산 백제병원, 부산 봉래각, 최용해, 부산 신라예식장, 초량 이바구길, 브라운핸즈 카페",F,은행 및 금융/열렬한 투자자,13,13,20231230
20231200505,초량 이바구길의 곡절 많은 터줏대감-부산 구 백제병원,"부산역 맞은편 초량 이바구길 초입에 위치한 백제병원 건물은 1927년 지어졌다. 백제병원은 부산 최초의 개인병원으로서, 부산부립병원, 철도병원과 함께 부산 3대 병원으로 꼽혔다. 백제병원 건물은 4층 건물과 잇달아 지은 6층 건물을 이어 붙였는데, 단층과 2~3층이 고작이던 당시 부산에서 우뚝 솟은 건물이었다. 하지만 설립자인 외과의사 최용해가 건축 과정에서 무리하게 빚을 끌어다 쓴데다 행려병자 시신으로 인체 표본을 제작해 보관하다 적발되면서, 급기야 설립자가 병원 문을 닫고 일본으로 도주하였다. 백제병원 건물은 중국인이 인수하여 봉래각이라는 청요릿집으로 개조되었다. 객실을 120개나 설치한 봉래각 또한 부산 명물로 명성을 날렸으나, 중일전쟁 이후 주인이 고국으로 돌아가면서 1942년 폐업했다. 이후 일본군 장교숙소였다가 해방 후에는 부산치안사령부, 전쟁 시기에는 중화민국 임시 대사관으로 쓰였다. 1953년 신라예식장으로 용도가 바뀌었으나, 예식장도 1960년대 중반 문을 닫았다. 1972년에는 이웃 건물에서 발생한 화재로 건물의 3분의 2가 불에 타, 5층 이상은 철거되었다. 다행히 골조와 1~2층은 옛 모습을 모두 잃지는 않았다. 2009년 새 주인이 인수하였고, 복원에 준하는 리모델링을 거쳐 2015년부터 카페 겸 문화예술 공간으로 활용되고 있다.",공간으로 읽는 근대문화 역사유산,근대 의술과 인술 사이에서,https://minio.nculture.org/amsweb-opt/3ds/228/84333/84333_thumbnail.jpg,https://ncms.nculture.org/legacy/story/783,근대-일제강점기(1910.8.22~1945.8.14),부산광역시,동구,부산 동구 초량동 460-2,35.11625252,129.0388649,부산 차이나타운,20230101,"부산 백제병원, 부산 봉래각, 최용해, 부산 신라예식장, 초량 이바구길, 브라운핸즈 카페",F,스포츠 & 피트니스/스포츠 팬/축구 팬,13,13,20231230
20231200506,초량 이바구길의 곡절 많은 터줏대감-부산 구 백제병원,"부산역 맞은편 초량 이바구길 초입에 위치한 백제병원 건물은 1927년 지어졌다. 백제병원은 부산 최초의 개인병원으로서, 부산부립병원, 철도병원과 함께 부산 3대 병원으로 꼽혔다. 백제병원 건물은 4층 건물과 잇달아 지은 6층 건물을 이어 붙였는데, 단층과 2~3층이 고작이던 당시 부산에서 우뚝 솟은 건물이었다. 하지만 설립자인 외과의사 최용해가 건축 과정에서 무리하게 빚을 끌어다 쓴데다 행려병자 시신으로 인체 표본을 제작해 보관하다 적발되면서, 급기야 설립자가 병원 문을 닫고 일본으로 도주하였다. 백제병원 건물은 중국인이 인수하여 봉래각이라는 청요릿집으로 개조되었다. 객실을 120개나 설치한 봉래각 또한 부산 명물로 명성을 날렸으나, 중일전쟁 이후 주인이 고국으로 돌아가면서 1942년 폐업했다. 이후 일본군 장교숙소였다가 해방 후에는 부산치안사령부, 전쟁 시기에는 중화민국 임시 대사관으로 쓰였다. 1953년 신라예식장으로 용도가 바뀌었으나, 예식장도 1960년대 중반 문을 닫았다. 1972년에는 이웃 건물에서 발생한 화재로 건물의 3분의 2가 불에 타, 5층 이상은 철거되었다. 다행히 골조와 1~2층은 옛 모습을 모두 잃지는 않았다. 2009년 새 주인이 인수하였고, 복원에 준하는 리모델링을 거쳐 2015년부터 카페 겸 문화예술 공간으로 활용되고 있다.",공간으로 읽는 근대문화 역사유산,근대 의술과 인술 사이에서,https://minio.nculture.org/amsweb-opt/3ds/228/84333/84333_thumbnail.jpg,https://ncms.nculture.org/legacy/story/783,근대-일제강점기(1910.8.22~1945.8.14),부산광역시,동구,부산 동구 초량동 460-2,35.11625252,129.0388649,부산 차이나타운,20230101,"부산 백제병원, 부산 봉래각, 최용해, 부산 신라예식장, 초량 이바구길, 브라운핸즈 카페",F,여행/여행 매니아,13,13,20231230
20231200507,일제시대에도 계속된 인삼전매제,"인삼은 옛날부터 만병통치약으로 먹던 산삼을 인공재배한 것이다. 인삼 밭에서 수확한 인삼을 수삼(水蔘)이라고 한다. 이 수삼을 쪄서 말린 것이 홍삼이고 그냥 말린 것이 백삼이다. 홍삼은 직삼으로 만들고 백삼은 곡삼으로 만드는데, 직삼은 개성인삼, 곡삼은 금산인삼이 대표적이다. 조선시대 홍삼은 국가가 재배부터 판매까지 직접 관리하였는데 백삼은 크게 규제하지 않았다. 백삼은 1934년 지정구역 외의 인삼 경작도 전매국의 허가를 받고, 1943년 백삼의 유통·배급도 총독부가 관리하면서 규제되었다.",근대 신문으로 보는 음식,전통 음식과 식재료의 변화,,https://ncms.nculture.org/legacy/story/2779,근대-일제강점기(1910.8.22~1945.8.14),경상북도,영주시,경상북도 영주시 풍기읍 죽령로 1378 인삼박물관,36.885943,128.479715,금산,20230101,"인삼전매제, 홍삼전매제, 직삼, 곡삼, 홍삼, 백삼",F,뉴스 & 정치/열렬한 뉴스 독자/열렬한 비즈니스 뉴스 독자,13,13,20231230
20231200508,근대의 슬픔이 오롯이 남은 항구 - 목포 근대역사문화공간,"1897년 개항한 전라남도 목포시는 일제강점기를 거치며 조선 4대 항구이자 6대 도시로 꼽히는 근대도시로 성장했다. 현재 유달동, 만호동에 해당하는 목포의 구 도심은 일본 등 외국자본에 의해서 간척된 계획도시였다. 만호동과 유달동 일대의 번영로에 근대건축 유산이 집중되어 있다. 문화재청은 2018년 8월 6일 이 일대 11만4,038㎡(602필지)를 ‘목포 근대역사문화공간’이라는 이름으로 등록문화재 제718호로 지정했다. 기존 ‘점’(點) 단위 개별 문화재 중심의 보존에서 탈피해 문화재청이 ‘선(線)?면(面)’ 단위 문화재 등록제도를 도입한 첫 사례이다. 등록문화재로 지정된 개별 건축물은 15개로, 일본식 가옥 4곳, 구 목포부립병원 관사, 구 목포 일본기독교회, 상가주택 6곳, 구 동아부인상회 목포지점, 목포 해안로 붉은 벽돌창고, 구 목포 화신연쇄점이 포함되어 있다.",공간으로 읽는 근대문화 역사유산,근대 거리를 거닐다,https://minio.nculture.org/amsweb-opt/multimedia_assets/70/30448/22531/c/%EB%AA%A9%ED%8F%AC-%EA%B7%BC%EB%8C%80%EB%AC%B8%ED%99%94%EC%97%AD%EC%82%AC%EA%B3%B5%EA%B0%84_%EB%AA%A9%ED%8F%AC-%EB%B2%88%ED%99%94%EB%A1%9C-%EC%9D%BC%EB%B3%B8%EC%8B%9D%EA%B0%80%EC%98%A5-12019-12-07-12.45.44-thumb.jpg,https://ncms.nculture.org/legacy/story/4542,근대-일제강점기(1910.8.22~1945.8.14),전라남도,목포시,전라남도 목포시 번화로 25,34.78630756,126.3823141,동아부인상회 목포지점,20230101,"목포 구 도심, 구 동아부인상회 목포지점, 목포의 눈물",F,미디어 & 엔터테인먼트/TV 애호가,13,13,20231230
20231200509,근대의 슬픔이 오롯이 남은 항구 - 목포 근대역사문화공간,"1897년 개항한 전라남도 목포시는 일제강점기를 거치며 조선 4대 항구이자 6대 도시로 꼽히는 근대도시로 성장했다. 현재 유달동, 만호동에 해당하는 목포의 구 도심은 일본 등 외국자본에 의해서 간척된 계획도시였다. 만호동과 유달동 일대의 번영로에 근대건축 유산이 집중되어 있다. 문화재청은 2018년 8월 6일 이 일대 11만4,038㎡(602필지)를 ‘목포 근대역사문화공간’이라는 이름으로 등록문화재 제718호로 지정했다. 기존 ‘점’(點) 단위 개별 문화재 중심의 보존에서 탈피해 문화재청이 ‘선(線)?면(面)’ 단위 문화재 등록제도를 도입한 첫 사례이다. 등록문화재로 지정된 개별 건축물은 15개로, 일본식 가옥 4곳, 구 목포부립병원 관사, 구 목포 일본기독교회, 상가주택 6곳, 구 동아부인상회 목포지점, 목포 해안로 붉은 벽돌창고, 구 목포 화신연쇄점이 포함되어 있다.",공간으로 읽는 근대문화 역사유산,근대 거리를 거닐다,https://minio.nculture.org/amsweb-opt/multimedia_assets/70/30448/22531/c/%EB%AA%A9%ED%8F%AC-%EA%B7%BC%EB%8C%80%EB%AC%B8%ED%99%94%EC%97%AD%EC%82%AC%EA%B3%B5%EA%B0%84_%EB%AA%A9%ED%8F%AC-%EB%B2%88%ED%99%94%EB%A1%9C-%EC%9D%BC%EB%B3%B8%EC%8B%9D%EA%B0%80%EC%98%A5-12019-12-07-12.45.44-thumb.jpg,https://ncms.nculture.org/legacy/story/4542,근대-일제강점기(1910.8.22~1945.8.14),전라남도,목포시,전라남도 목포시 번화로 25,34.78630756,126.3823141,동아부인상회 목포지점,20230101,"목포 구 도심, 구 동아부인상회 목포지점, 목포의 눈물",M,뉴스 & 정치/열렬한 뉴스 독자/열렬한 비즈니스 뉴스 독자,13,13,20231230
20231200510,고종황제를 매혹시킨 커피,커피는 개항이후 조선의 궁궐인 경복궁이나 덕수궁에서 서양인을 접대할 때 사용되었다. 고종은 커피를 상당히 좋아했다. 서양인 선교사들은 커피를 가지고 한국에 왔는데 한국인에게 대접하기도 하였다. 일제시대 커피는 일반인들에게 많이 퍼져서 1930년대 후반에는 다방도 많이 생겼다. 이 시기 커피는 원두를 갈아 주전자에 끓여 체에 받쳐 걸러 먹었다. 1930년대 후반 전쟁으로 수입이 통제되면서 커피의 사용은 줄어들었다.,근대 신문으로 보는 음식,개항 이후 들어온 음식과 식재료,https://minio.nculture.org/amsweb-opt/multimedia_assets/221/14820/2419/c/14820-thumb.jpg,https://ncms.nculture.org/legacy/story/2853,근대-개항기(1864~1910),서울특별시,중구,서울특별시 중구 정동 세종대로 99,37.565807,126.975143,대불호텔,20230101,"고종황제, 다방, 원두, 선교사, 접대",M,미디어 & 엔터테인먼트/TV 애호가,13,13,20231230
20231200511,고종황제를 매혹시킨 커피,커피는 개항이후 조선의 궁궐인 경복궁이나 덕수궁에서 서양인을 접대할 때 사용되었다. 고종은 커피를 상당히 좋아했다. 서양인 선교사들은 커피를 가지고 한국에 왔는데 한국인에게 대접하기도 하였다. 일제시대 커피는 일반인들에게 많이 퍼져서 1930년대 후반에는 다방도 많이 생겼다. 이 시기 커피는 원두를 갈아 주전자에 끓여 체에 받쳐 걸러 먹었다. 1930년대 후반 전쟁으로 수입이 통제되면서 커피의 사용은 줄어들었다.,근대 신문으로 보는 음식,개항 이후 들어온 음식과 식재료,https://minio.nculture.org/amsweb-opt/multimedia_assets/221/14820/2419/c/14820-thumb.jpg,https://ncms.nculture.org/legacy/story/2853,근대-개항기(1864~1910),서울특별시,중구,서울특별시 중구 정동 세종대로 99,37.565807,126.975143,대불호텔,20230101,"고종황제, 다방, 원두, 선교사, 접대",M,뉴스 & 정치/열렬한 뉴스 독자/열렬한 비즈니스 뉴스 독자,13,13,20231230
20231200512,고종황제를 매혹시킨 커피,커피는 개항이후 조선의 궁궐인 경복궁이나 덕수궁에서 서양인을 접대할 때 사용되었다. 고종은 커피를 상당히 좋아했다. 서양인 선교사들은 커피를 가지고 한국에 왔는데 한국인에게 대접하기도 하였다. 일제시대 커피는 일반인들에게 많이 퍼져서 1930년대 후반에는 다방도 많이 생겼다. 이 시기 커피는 원두를 갈아 주전자에 끓여 체에 받쳐 걸러 먹었다. 1930년대 후반 전쟁으로 수입이 통제되면서 커피의 사용은 줄어들었다.,근대 신문으로 보는 음식,개항 이후 들어온 음식과 식재료,https://minio.nculture.org/amsweb-opt/multimedia_assets/221/14820/2419/c/14820-thumb.jpg,https://ncms.nculture.org/legacy/story/2853,근대-개항기(1864~1910),서울특별시,중구,서울특별시 중구 정동 세종대로 99,37.565807,126.975143,대불호텔,20230101,"고종황제, 다방, 원두, 선교사, 접대",M,테크놀로지/모바일 매니아,13,13,20231230
20231200513,국가폭력의 근대화 - 안산 선감학원 자리,"경기도 단원구 선감동에 일제 강점기 말 설치된 선감학원은 ‘부랑아 수용소’였다. 식민지 행정 기관과 경찰은 길거리에서 자의적 잣대로 청소년들을 단속해 정확한 신원 확인 없이 선감도로 보냈다. 선감도 주민들을 강제로 이주시키고 들어선 선감학원은 수용된 청소년들에게 강제 노역을 시켰다. 소년들은 가혹한 매질과 배고픔에 시달렸으며, 바다를 건너 탈출하려다가 익사한 경우도 많았다. 선감학원은 심한 구타로 숨지거나 익사한 수용생들을 암매장했다. 해방 후에도 식민지 시절의 관행은 그대로 이어뎌 1982년 폐원될 때까지 선감학원은 행정기관과 경찰이 조사 없이 보낸 하층민 청소년들을 수용했다. 현재 선감학원 자리는 경기창작센터로 변했다. 일본인 이하라 히로미츠가 1989년 자전적 소설로 선감학원의 비극을 알렸다. 하지만 지금도 선감학원에서 일어났던 참상은 완전히 밝혀지지 않았으며, 피해자들에게 보상도 이뤄지지 않고 있다.",공간으로 읽는 근대문화 역사유산,"빼앗긴 들, 뒤틀린 근대",https://minio.nculture.org/amsweb-opt/3ds/11/84366/84366_thumbnail.jpg,https://ncms.nculture.org/legacy/story/797,근대-일제강점기(1910.8.22~1945.8.14),경기도,안산시,경기도 안산시 단원구 선감로 77-7,37.22855183,126.6292286,장항제련소,20230101,"국가폭력, 선감학원, 조선소년령, 이하라 히로미츠, 경기창작센터",M,쇼핑객/쇼핑 애호가,13,13,20231230
20231200514,"서울 최초의 근대 백화점, 미츠코시 백화점 경성지점","미츠코시 백화점 경성지점은 서울특별시에 세워진 최초의 근대식 백화점이다. 미츠코시 오복점이 1929년에 지점으로 승격되면서 본격적으로 백화점의 면모를 갖추게 되었다. 대형 백화점의 등장은 정찰제 판매, 박리다매 전략의 등장으로 우리나라 유통에 큰 변화를 불러왔다. 미츠코시 백화점은 일반 시민들에게 일상적인 공간으로 자리 잡았으나 이면에는 일제강점기 소비문화의 모순이 감춰져 있기도 했다. 현재는 서울특별시 중구 신세계백화점 본점 본관으로 사용되고 있다.",공간으로 읽는 근대문화 역사유산,"근대, 한반도에 발을 딛다",https://minio.nculture.org/amsweb-opt/multimedia_assets/125/85820/93650/c/%EA%B5%AC-%EB%AF%B8%EC%93%B0%EC%BD%94%EC%8B%9C-%EA%B2%BD%EC%84%B1%EC%A7%80%EC%A0%90-%281%29_rev-thumb.jpg,https://ncms.nculture.org/legacy/story/7134,근대-일제강점기(1910.8.22~1945.8.14),서울특별시,중구,서울특별시 중구 소공로 63,37.56091902,126.980979,신세계백화점 본점,20230101,"백화점, 미츠코시, 이상, 채만식",M,홈 앤 가든/DIY,13,12,20231230
20231200515,"서울 최초의 근대 백화점, 미츠코시 백화점 경성지점","미츠코시 백화점 경성지점은 서울특별시에 세워진 최초의 근대식 백화점이다. 미츠코시 오복점이 1929년에 지점으로 승격되면서 본격적으로 백화점의 면모를 갖추게 되었다. 대형 백화점의 등장은 정찰제 판매, 박리다매 전략의 등장으로 우리나라 유통에 큰 변화를 불러왔다. 미츠코시 백화점은 일반 시민들에게 일상적인 공간으로 자리 잡았으나 이면에는 일제강점기 소비문화의 모순이 감춰져 있기도 했다. 현재는 서울특별시 중구 신세계백화점 본점 본관으로 사용되고 있다.",공간으로 읽는 근대문화 역사유산,"근대, 한반도에 발을 딛다",https://minio.nculture.org/amsweb-opt/multimedia_assets/125/85820/93650/c/%EA%B5%AC-%EB%AF%B8%EC%93%B0%EC%BD%94%EC%8B%9C-%EA%B2%BD%EC%84%B1%EC%A7%80%EC%A0%90-%281%29_rev-thumb.jpg,https://ncms.nculture.org/legacy/story/7134,근대-일제강점기(1910.8.22~1945.8.14),서울특별시,중구,서울특별시 중구 소공로 63,37.56091902,126.980979,신세계백화점 본점,20230101,"백화점, 미츠코시, 이상, 채만식",M,라이프스타일 & 취미/라이브 이벤트에 자주 참석,13,12,20231230
20231200516,"서울 최초의 근대 백화점, 미츠코시 백화점 경성지점","미츠코시 백화점 경성지점은 서울특별시에 세워진 최초의 근대식 백화점이다. 미츠코시 오복점이 1929년에 지점으로 승격되면서 본격적으로 백화점의 면모를 갖추게 되었다. 대형 백화점의 등장은 정찰제 판매, 박리다매 전략의 등장으로 우리나라 유통에 큰 변화를 불러왔다. 미츠코시 백화점은 일반 시민들에게 일상적인 공간으로 자리 잡았으나 이면에는 일제강점기 소비문화의 모순이 감춰져 있기도 했다. 현재는 서울특별시 중구 신세계백화점 본점 본관으로 사용되고 있다.",공간으로 읽는 근대문화 역사유산,"근대, 한반도에 발을 딛다",https://minio.nculture.org/amsweb-opt/multimedia_assets/125/85820/93650/c/%EA%B5%AC-%EB%AF%B8%EC%93%B0%EC%BD%94%EC%8B%9C-%EA%B2%BD%EC%84%B1%EC%A7%80%EC%A0%90-%281%29_rev-thumb.jpg,https://ncms.nculture.org/legacy/story/7134,근대-일제강점기(1910.8.22~1945.8.14),서울특별시,중구,서울특별시 중구 소공로 63,37.56091902,126.980979,신세계백화점 본점,20230101,"백화점, 미츠코시, 이상, 채만식",M,쇼핑객/할인족,13,12,20231230
20231200517,"서울 최초의 근대 백화점, 미츠코시 백화점 경성지점","미츠코시 백화점 경성지점은 서울특별시에 세워진 최초의 근대식 백화점이다. 미츠코시 오복점이 1929년에 지점으로 승격되면서 본격적으로 백화점의 면모를 갖추게 되었다. 대형 백화점의 등장은 정찰제 판매, 박리다매 전략의 등장으로 우리나라 유통에 큰 변화를 불러왔다. 미츠코시 백화점은 일반 시민들에게 일상적인 공간으로 자리 잡았으나 이면에는 일제강점기 소비문화의 모순이 감춰져 있기도 했다. 현재는 서울특별시 중구 신세계백화점 본점 본관으로 사용되고 있다.",공간으로 읽는 근대문화 역사유산,"근대, 한반도에 발을 딛다",https://minio.nculture.org/amsweb-opt/multimedia_assets/125/85820/93650/c/%EA%B5%AC-%EB%AF%B8%EC%93%B0%EC%BD%94%EC%8B%9C-%EA%B2%BD%EC%84%B1%EC%A7%80%EC%A0%90-%281%29_rev-thumb.jpg,https://ncms.nculture.org/legacy/story/7134,근대-일제강점기(1910.8.22~1945.8.14),서울특별시,중구,서울특별시 중구 소공로 63,37.56091902,126.980979,신세계백화점 본점,20230101,"백화점, 미츠코시, 이상, 채만식",M,테크놀로지/소셜 미디어 매니아,13,12,20231230
20231200518,전통배추를 밀어내고 김치의 원료가 된 결구배추,"배추김치의 주재료인 배추는 조선시대까지 한양과 개성에서 자란 것이 유명했다. 이 배추는 배추잎이 절반정도 뭉친 반결구종으로, 무게는 결구종보다 적고 생육기간도 길었다. 임오군란 이후 중국인들이 한국땅에 살고 중국과 왕래하면서 중국의 결구배추가 들어오게 된다. 결구배추는 배추잎이 서로 감싸 완전히 뭉친 것인데 생육기간이 짧고 크기도 컸다. 일제강점기 반결구배추가 병충해에 시달리면서 결구종 배추가 보급되어 오늘날 김치를 만드는 배추는 결구종배추가 주를 이루게 되었다.",근대 신문으로 보는 음식,전통 음식과 식재료의 변화,,https://ncms.nculture.org/legacy/story/2831,근대-일제강점기(1910.8.22~1945.8.14),,,,,,덕천,20230101,"배추김치, 호배추, 결구배추",F,음식 & 다이닝/자주 외식/끼니별 외식/저녁 외식을 주로하는 사람,13,12,20231230
20231200519,"누룩, 국가가 통제하다.",누룩은 곡식을 발효시켜 술로 만들 때 필요한 발효제이다. 전근대 시기 누룩은 주로 밀로 만들었는데 밀 농사를 지은 농민들이 부업으로 만들어 장에서 팔았다. 일제시대 대규모로 누룩을 제조하는 공장들이 출현하였는데 농촌에서 부업으로 만드는 누룩도 공존하였다. 1930년대 일제는 누룩 제조를 특정 공장에만 허가하고 전매권을 주었다. 다양하게 만들어지던 누룩은 국가에 의해 통제되었다.,근대 신문으로 보는 음식,전통 음식과 식재료의 변화,https://minio.nculture.org/amsweb-opt/multimedia_assets/202/25909/7566/c/25909-thumb.jpg,https://ncms.nculture.org/legacy/story/2727,근대-일제강점기(1910.8.22~1945.8.14),부산광역시,금정구,부산광역시 금정구 금성동 554-1 금정산성 막걸리 찾아가는 양조장,35.250417,129.056476,부산 산성마을,20230101,"곡자화시, 곡자제조장, 산성누룩, 재래종 밀",F,음식 & 다이닝/요리 매니아,13,12,20231230
20231200520,"누룩, 국가가 통제하다.",누룩은 곡식을 발효시켜 술로 만들 때 필요한 발효제이다. 전근대 시기 누룩은 주로 밀로 만들었는데 밀 농사를 지은 농민들이 부업으로 만들어 장에서 팔았다. 일제시대 대규모로 누룩을 제조하는 공장들이 출현하였는데 농촌에서 부업으로 만드는 누룩도 공존하였다. 1930년대 일제는 누룩 제조를 특정 공장에만 허가하고 전매권을 주었다. 다양하게 만들어지던 누룩은 국가에 의해 통제되었다.,근대 신문으로 보는 음식,전통 음식과 식재료의 변화,https://minio.nculture.org/amsweb-opt/multimedia_assets/202/25909/7566/c/25909-thumb.jpg,https://ncms.nculture.org/legacy/story/2727,근대-일제강점기(1910.8.22~1945.8.14),부산광역시,금정구,부산광역시 금정구 금성동 554-1 금정산성 막걸리 찾아가는 양조장,35.250417,129.056476,부산 산성마을,20230101,"곡자화시, 곡자제조장, 산성누룩, 재래종 밀",F,음식 & 다이닝/자주 외식/끼니별 외식/점심 외식을 주로하는 사람,13,12,20231230
20231200521,"누룩, 국가가 통제하다.",누룩은 곡식을 발효시켜 술로 만들 때 필요한 발효제이다. 전근대 시기 누룩은 주로 밀로 만들었는데 밀 농사를 지은 농민들이 부업으로 만들어 장에서 팔았다. 일제시대 대규모로 누룩을 제조하는 공장들이 출현하였는데 농촌에서 부업으로 만드는 누룩도 공존하였다. 1930년대 일제는 누룩 제조를 특정 공장에만 허가하고 전매권을 주었다. 다양하게 만들어지던 누룩은 국가에 의해 통제되었다.,근대 신문으로 보는 음식,전통 음식과 식재료의 변화,https://minio.nculture.org/amsweb-opt/multimedia_assets/202/25909/7566/c/25909-thumb.jpg,https://ncms.nculture.org/legacy/story/2727,근대-일제강점기(1910.8.22~1945.8.14),부산광역시,금정구,부산광역시 금정구 금성동 554-1 금정산성 막걸리 찾아가는 양조장,35.250417,129.056476,부산 산성마을,20230101,"곡자화시, 곡자제조장, 산성누룩, 재래종 밀",F,홈 앤 가든/홈 데코 매니아,13,12,20231230
20231200522,"동양 최초의 바다 밑 터널, 통영 해저터널","통영반도 남단과 미륵도를 연결하는 통영 해저터널은 동양 최초의 해저터널이다. 일제강점기 이전부터 통영으로 이주해온 일본인 이주 어민들은 연안에서 어로 활동을 하며 물고기 떼를 쫓아 빠르게 이동할 필요가 있었는데, 미륵도와 통영 사이의 해협이 너무 좁아 미륵도를 빙 돌아 가야 하는 불편함이 있었다. 그래서 일제는 1932년 통영운하를 완공했다. 통영운하 개통 후 운하를 건너다니도록 하기 위해 교량 대신 만든 것이 해저터널이다. 터널을 만든 지역은 판데목이라는 곳인데, 임진왜란 한산대첩 때 많은 왜군이 이순신의 학익진에 대패해 판데목 부근에서 수장됐다고 한다. 일본인들이 조상의 유해 위로 건너다닐 수 없어서 해저터널을 팠다는 이야기도 전해진다.",공간으로 읽는 근대문화 역사유산,"빼앗긴 들, 뒤틀린 근대",https://minio.nculture.org/amsweb-opt/multimedia_assets/140/85835/93850/c/%ED%86%B5%EC%98%81-%ED%95%B4%EC%A0%80%ED%84%B0%EB%84%90-%281%29_rev-thumb.jpg,https://ncms.nculture.org/legacy/story/2936,근대-일제강점기(1910.8.22~1945.8.14),경상남도,통영시,경상남도 통영시 도남로 57-1,34.834788,128.40991,충무교,20230101,"통영 해저터널, 통영운하, 충무공 이순신, 판데목, 미륵도",F,스포츠 & 피트니스/스포츠 팬/축구 팬,13,12,20231230
20231200523,"민주주의가 자라다, 인천 제물포고등학교 강당","인천 제물포고등학교 강당은 1935년 인천 공립중학교의 강당으로 세워졌다. 화강석 기단 위에 적벽돌을 쌓아 지은 건물이다. 지하 1층, 지상 1층인 외관은 간결하며 기능 중심으로 설계되었다. 내부는 너비가 15m에 이르지만, 중간 기둥 없이 하나의 공간을 이루도록 했다. 일본인 학교였던 인천 공립학교는 해방 후 학제 변경으로 1954년 제물포고등학교 강당이 되었다. 제물포고등학교 설립을 주도했고 초대 교장이었던 교육자 길영희 선생은 ‘성덕당’이라고 불리는 강당에서 전교생에게 양심적인 나라의 일꾼이 되라고 열변을 토했다고 한다. 성덕당은 당대 인사들의 특강 장소이자 학생들의 자유로운 토론의 장으로 활용되었다. 1930년대 세워졌던 옛 학교 건물들은 모두 사라졌지만, 성덕당은 남아 제물포고등학교의 역사와 전통을 상징하는 공간으로 꼽힌다.",공간으로 읽는 근대문화 역사유산,근대의 산실 학교,https://minio.nculture.org/amsweb-opt/multimedia_assets/88/14595/20088/c/14595-thumb.jpg,https://ncms.nculture.org/legacy/story/2821,근대-일제강점기(1910.8.22~1945.8.14),인천광역시,중구,인천광역시 중구 자유공원로 58-9,37.476895,126.62402,인천 제물포고등학교,20230101,"제물포고등학교, 성덕당, 길영희, 무감독시험, 등록문화재 제427호, 인천 공립중학교, 제물포고등학교 강당, 망사드르지붕, 인천 자유공원, 무감독 시험, 인천역",F,은행 및 금융/열렬한 투자자,13,12,20231230
20231200524,"민주주의가 자라다, 인천 제물포고등학교 강당","인천 제물포고등학교 강당은 1935년 인천 공립중학교의 강당으로 세워졌다. 화강석 기단 위에 적벽돌을 쌓아 지은 건물이다. 지하 1층, 지상 1층인 외관은 간결하며 기능 중심으로 설계되었다. 내부는 너비가 15m에 이르지만, 중간 기둥 없이 하나의 공간을 이루도록 했다. 일본인 학교였던 인천 공립학교는 해방 후 학제 변경으로 1954년 제물포고등학교 강당이 되었다. 제물포고등학교 설립을 주도했고 초대 교장이었던 교육자 길영희 선생은 ‘성덕당’이라고 불리는 강당에서 전교생에게 양심적인 나라의 일꾼이 되라고 열변을 토했다고 한다. 성덕당은 당대 인사들의 특강 장소이자 학생들의 자유로운 토론의 장으로 활용되었다. 1930년대 세워졌던 옛 학교 건물들은 모두 사라졌지만, 성덕당은 남아 제물포고등학교의 역사와 전통을 상징하는 공간으로 꼽힌다.",공간으로 읽는 근대문화 역사유산,근대의 산실 학교,https://minio.nculture.org/amsweb-opt/multimedia_assets/88/14595/20088/c/14595-thumb.jpg,https://ncms.nculture.org/legacy/story/2821,근대-일제강점기(1910.8.22~1945.8.14),인천광역시,중구,인천광역시 중구 자유공원로 58-9,37.476895,126.62402,인천 제물포고등학교,20230101,"제물포고등학교, 성덕당, 길영희, 무감독시험, 등록문화재 제427호, 인천 공립중학교, 제물포고등학교 강당, 망사드르지붕, 인천 자유공원, 무감독 시험, 인천역",M,미디어 & 엔터테인먼트/영화 애호가,13,12,20231230
20231200525,"민주주의가 자라다, 인천 제물포고등학교 강당","인천 제물포고등학교 강당은 1935년 인천 공립중학교의 강당으로 세워졌다. 화강석 기단 위에 적벽돌을 쌓아 지은 건물이다. 지하 1층, 지상 1층인 외관은 간결하며 기능 중심으로 설계되었다. 내부는 너비가 15m에 이르지만, 중간 기둥 없이 하나의 공간을 이루도록 했다. 일본인 학교였던 인천 공립학교는 해방 후 학제 변경으로 1954년 제물포고등학교 강당이 되었다. 제물포고등학교 설립을 주도했고 초대 교장이었던 교육자 길영희 선생은 ‘성덕당’이라고 불리는 강당에서 전교생에게 양심적인 나라의 일꾼이 되라고 열변을 토했다고 한다. 성덕당은 당대 인사들의 특강 장소이자 학생들의 자유로운 토론의 장으로 활용되었다. 1930년대 세워졌던 옛 학교 건물들은 모두 사라졌지만, 성덕당은 남아 제물포고등학교의 역사와 전통을 상징하는 공간으로 꼽힌다.",공간으로 읽는 근대문화 역사유산,근대의 산실 학교,https://minio.nculture.org/amsweb-opt/multimedia_assets/88/14595/20088/c/14595-thumb.jpg,https://ncms.nculture.org/legacy/story/2821,근대-일제강점기(1910.8.22~1945.8.14),인천광역시,중구,인천광역시 중구 자유공원로 58-9,37.476895,126.62402,인천 제물포고등학교,20230101,"제물포고등학교, 성덕당, 길영희, 무감독시험, 등록문화재 제427호, 인천 공립중학교, 제물포고등학교 강당, 망사드르지붕, 인천 자유공원, 무감독 시험, 인천역",F,뉴스 & 정치/열렬한 뉴스 독자/열렬한 비즈니스 뉴스 독자,13,12,20231230
20231200526,고종황제를 매혹시킨 커피,커피는 개항이후 조선의 궁궐인 경복궁이나 덕수궁에서 서양인을 접대할 때 사용되었다. 고종은 커피를 상당히 좋아했다. 서양인 선교사들은 커피를 가지고 한국에 왔는데 한국인에게 대접하기도 하였다. 일제시대 커피는 일반인들에게 많이 퍼져서 1930년대 후반에는 다방도 많이 생겼다. 이 시기 커피는 원두를 갈아 주전자에 끓여 체에 받쳐 걸러 먹었다. 1930년대 후반 전쟁으로 수입이 통제되면서 커피의 사용은 줄어들었다.,근대 신문으로 보는 음식,개항 이후 들어온 음식과 식재료,https://minio.nculture.org/amsweb-opt/multimedia_assets/221/14820/2419/c/14820-thumb.jpg,https://ncms.nculture.org/legacy/story/2853,근대-개항기(1864~1910),서울특별시,중구,서울특별시 중구 정동 세종대로 99,37.565807,126.975143,대불호텔,20230101,"고종황제, 다방, 원두, 선교사, 접대",F,음식 & 다이닝/요리 매니아/셰프 지망생,13,12,20231230
20231200527,"한센인들의 한숨과 눈물, 손양원의 사랑 - 여수 구 애양원교회와 애양병원","전라남도 여수시 율촌면 신풍리 애양원은 1911년 문을 연 광주 나병원이 뿌리다. 한센병 환자가 몰리자, 광주 나병원의 원장 윌슨 선교사는 신풍리로 근거지를 옮기기로 했다. 한센인에 대한 사회적 편견과 차별 때문에 600여 환우는 ‘눈물의 이주’를 해야 했다. 여수에 지어진 애양병원과 애양원교회는 비록 격리정책에 따른 수용시설이지만, 한센인들에게는 의지할 수 있는 공동체의 구심점이 되었다. 특히 애양원교회 2대 목사로 부임한 「사랑의 원자탄」 손양원 목사는 헌신적으로 사랑의 봉사를 실천했다. 한센병 환자는 줄어들고, 한센병은 퇴치되었으나, 한센인의 고통과 한센인을 정성으로 돌보았던 손길들을 되돌아 볼 수 있는 공간으로서 구 애양병원(현 애양 역사박물관)과 애양원교회는 중요한 공간이다.",공간으로 읽는 근대문화 역사유산,근대 의술과 인술 사이에서,https://minio.nculture.org/amsweb-opt/3ds/15/84370/84370_thumbnail.jpg,https://ncms.nculture.org/legacy/story/777,근대-일제강점기(1910.8.22~1945.8.14),전라남도,여수시,전라남도 여수시 율촌면 도성길 30-15,34.84224228,127.6300468,손양원 기념 공원,20230101,"광주 나병원, 우일선, 애양원교회, 한센병, 도성농원, 애양 역사 박물관, 손양원",F,미디어 & 엔터테인먼트/영화 애호가,13,12,20231230
20231200528,일제강점기 초밥으로 만든 김밥,"김은 조선시대부터 전라도의 특산물로 기록에 남아있지만 김밥에 대한 기록은 일제강점기 밥에 초를 넣고 계란지단, 덴부(도미살을 분홍색으로 물들인 것) 등을 속으로 하여 김에 싼다고 나온다. 식초로 간을 한 김밥은 해방 후의 신문기사에서도 그 조리법이 보인다. 오늘날의 김밥은 식초보다 참기름과 소금으로 간을 한다. 김밥의 대중화는 일제강점기 김이 어느 정도 생산되고 일본의 도시락 문화가 정착되면서 만들어졌다.",근대 신문으로 보는 음식,개항 이후 들어온 음식과 식재료,,https://ncms.nculture.org/legacy/story/2951,시대미상,,,,,,청파동,20230101,"노리마기스시, 통영김밥, 김쌈밥, 초밥, 김밥",M,미디어 & 엔터테인먼트/게이머/하드코어 게이머,13,12,20231230
20231200529,음식점 반찬에서 빠지지 않는 단무지,일제시대부터 음식점의 필수반찬이 되었던 단무지는 일본사람이 일상적으로 먹는 다꾸앙쓰케에서 유래하였다. 일제시대 조선사람들이 가정에서 다꾸앙쓰케를 담가 먹는 일은 굉장히 드물었는데 조선의 김치문화가 많이 발달했기 때문이다. 그러나 다꾸앙쓰케 즉 단무지는 식당의 밑반찬으로는 유용했다. 해방후에는 많은 단무지 공장이 생겨서 식당등 대규모 급식소에 단무지를 공급하였다.,근대 신문으로 보는 음식,개항 이후 들어온 음식과 식재료,https://minio.nculture.org/amsweb-opt/multimedia_assets/158/14757/20013/c/14757-thumb.jpg,https://ncms.nculture.org/legacy/story/2764,현대-현대(1945.8.15~현재),서울특별시,종로구,서울특별시 종로구 인사동길 35-4 플무원 김치박물관,37.573609,126.984864,충남 연기군,20230101,"다꾸앙스케, 겨울단무지, 여름단무지, 단무지공장",M,뉴스 & 정치/열렬한 뉴스 독자/열렬한 정치 뉴스 독자,13,12,20231230
20231200530,1882년 임오군란 이후 한국에 들어온 자장면,"자장면(炸醬麵)은 장을 튀겨 면에 비벼먹은 음식이라는 의미이다. 여기서 튀기는 장은 콩 70%와 밀 30%를 섞어 짜게 발효시킨 면장(麵醬)인데 중국 산둥지역에서 주로 담궈 먹었다고 한다. 1882년 임오군란이 일어난 후 청나라와 조선은 ‘상민수륙무역장정(商民水陸貿易章程이라는 조약을 체결하는데, 이 조약으로 청나라와 조선의 상인들은 자유롭게 무역을 할 수 있게 되었다. 상민수륙무역장정에 따라 청나라 사람들 특히 주로 중국 산둥 지방 사람들이 인천등 개항장에 이주하기 시작하였다. 산동지방의 향토음식이 한국에 정착한 것이 짜장면이다.",근대 신문으로 보는 음식,개항 이후 들어온 음식과 식재료,https://minio.nculture.org/amsweb-opt/multimedia_assets/5/13787/20519/c/13787-thumb.jpg,https://ncms.nculture.org/legacy/story/2753,근대-개항기(1864~1910),인천광역시,중구,인천광역시 중구 선린동,37.474508,126.618205,인천항,20230101,"화교, 인천, 산둥음식",M,테크놀로지/기술애호가,13,12,20231230
20231200531,"서울 최초의 근대 백화점, 미츠코시 백화점 경성지점","미츠코시 백화점 경성지점은 서울특별시에 세워진 최초의 근대식 백화점이다. 미츠코시 오복점이 1929년에 지점으로 승격되면서 본격적으로 백화점의 면모를 갖추게 되었다. 대형 백화점의 등장은 정찰제 판매, 박리다매 전략의 등장으로 우리나라 유통에 큰 변화를 불러왔다. 미츠코시 백화점은 일반 시민들에게 일상적인 공간으로 자리 잡았으나 이면에는 일제강점기 소비문화의 모순이 감춰져 있기도 했다. 현재는 서울특별시 중구 신세계백화점 본점 본관으로 사용되고 있다.",공간으로 읽는 근대문화 역사유산,"근대, 한반도에 발을 딛다",https://minio.nculture.org/amsweb-opt/multimedia_assets/125/85820/93650/c/%EA%B5%AC-%EB%AF%B8%EC%93%B0%EC%BD%94%EC%8B%9C-%EA%B2%BD%EC%84%B1%EC%A7%80%EC%A0%90-%281%29_rev-thumb.jpg,https://ncms.nculture.org/legacy/story/7134,근대-일제강점기(1910.8.22~1945.8.14),서울특별시,중구,서울특별시 중구 소공로 63,37.56091902,126.980979,신세계백화점 본점,20230101,"백화점, 미츠코시, 이상, 채만식",M,뷰티 & 웰빙/살롱을 자주 방문,13,11,20231230
20231200532,"서울 최초의 근대 백화점, 미츠코시 백화점 경성지점","미츠코시 백화점 경성지점은 서울특별시에 세워진 최초의 근대식 백화점이다. 미츠코시 오복점이 1929년에 지점으로 승격되면서 본격적으로 백화점의 면모를 갖추게 되었다. 대형 백화점의 등장은 정찰제 판매, 박리다매 전략의 등장으로 우리나라 유통에 큰 변화를 불러왔다. 미츠코시 백화점은 일반 시민들에게 일상적인 공간으로 자리 잡았으나 이면에는 일제강점기 소비문화의 모순이 감춰져 있기도 했다. 현재는 서울특별시 중구 신세계백화점 본점 본관으로 사용되고 있다.",공간으로 읽는 근대문화 역사유산,"근대, 한반도에 발을 딛다",https://minio.nculture.org/amsweb-opt/multimedia_assets/125/85820/93650/c/%EA%B5%AC-%EB%AF%B8%EC%93%B0%EC%BD%94%EC%8B%9C-%EA%B2%BD%EC%84%B1%EC%A7%80%EC%A0%90-%281%29_rev-thumb.jpg,https://ncms.nculture.org/legacy/story/7134,근대-일제강점기(1910.8.22~1945.8.14),서울특별시,중구,서울특별시 중구 소공로 63,37.56091902,126.980979,신세계백화점 본점,20230101,"백화점, 미츠코시, 이상, 채만식",M,미디어 & 엔터테인먼트/음악 애호가/클래식 애호가,13,11,20231230
20231200533,"서울 최초의 근대 백화점, 미츠코시 백화점 경성지점","미츠코시 백화점 경성지점은 서울특별시에 세워진 최초의 근대식 백화점이다. 미츠코시 오복점이 1929년에 지점으로 승격되면서 본격적으로 백화점의 면모를 갖추게 되었다. 대형 백화점의 등장은 정찰제 판매, 박리다매 전략의 등장으로 우리나라 유통에 큰 변화를 불러왔다. 미츠코시 백화점은 일반 시민들에게 일상적인 공간으로 자리 잡았으나 이면에는 일제강점기 소비문화의 모순이 감춰져 있기도 했다. 현재는 서울특별시 중구 신세계백화점 본점 본관으로 사용되고 있다.",공간으로 읽는 근대문화 역사유산,"근대, 한반도에 발을 딛다",https://minio.nculture.org/amsweb-opt/multimedia_assets/125/85820/93650/c/%EA%B5%AC-%EB%AF%B8%EC%93%B0%EC%BD%94%EC%8B%9C-%EA%B2%BD%EC%84%B1%EC%A7%80%EC%A0%90-%281%29_rev-thumb.jpg,https://ncms.nculture.org/legacy/story/7134,근대-일제강점기(1910.8.22~1945.8.14),서울특별시,중구,서울특별시 중구 소공로 63,37.56091902,126.980979,신세계백화점 본점,20230101,"백화점, 미츠코시, 이상, 채만식",M,미디어 & 엔터테인먼트/음악 애호가/록 음악 팬,13,11,20231230
20231200534,"일제강점기 한국의 우뭇가사리로 만든 일본 과자, 양갱","양갱은 중국에서 일본에 전해져 정착된 과자로 우뭇가사리를 냉동건조시킨 한천에 팥, 설탕 등을 넣고 쪄서 만든 과자다. 양갱은 일제강점기 조선에 들어와 지금도 팔릴만큼 한국인의 과자로 정착되었다. 양갱의 원료인 우뭇가사리는 일제강점기 본격적으로 한반도 바다에서 채취되었는데 우뭇가사리가 양갱 원료 이외에 의약품, 화장품 등의 원료로 쓰였기 때문이다. 일제강점기 우뭇가사리 채취는 주로 제주도 출신 해녀들이 담당하였다. 해방 후에도 한천은 계속 만들어져 주로 외국으로 수출되었다.",근대 신문으로 보는 음식,개항 이후 들어온 음식과 식재료,https://minio.nculture.org/amsweb-opt/multimedia_assets/233/14832/2431/c/14832-thumb.jpg,https://ncms.nculture.org/legacy/story/2876,근대-일제강점기(1910.8.22~1945.8.14),경상남도,밀양시,경상남도 밀양시 산내면 봉의로 58-31,35.591708,128.880929,,20230101,"양갱, 요깡, 우뭇가사리, 한천, 제주해녀, 나카오카제과, 해태제과합명회사",M,음식 & 다이닝/자주 외식/끼니별 외식/저녁 외식을 주로하는 사람,13,11,20231230
20231200535,"일제강점기 한국의 우뭇가사리로 만든 일본 과자, 양갱","양갱은 중국에서 일본에 전해져 정착된 과자로 우뭇가사리를 냉동건조시킨 한천에 팥, 설탕 등을 넣고 쪄서 만든 과자다. 양갱은 일제강점기 조선에 들어와 지금도 팔릴만큼 한국인의 과자로 정착되었다. 양갱의 원료인 우뭇가사리는 일제강점기 본격적으로 한반도 바다에서 채취되었는데 우뭇가사리가 양갱 원료 이외에 의약품, 화장품 등의 원료로 쓰였기 때문이다. 일제강점기 우뭇가사리 채취는 주로 제주도 출신 해녀들이 담당하였다. 해방 후에도 한천은 계속 만들어져 주로 외국으로 수출되었다.",근대 신문으로 보는 음식,개항 이후 들어온 음식과 식재료,https://minio.nculture.org/amsweb-opt/multimedia_assets/233/14832/2431/c/14832-thumb.jpg,https://ncms.nculture.org/legacy/story/2876,근대-일제강점기(1910.8.22~1945.8.14),경상남도,밀양시,경상남도 밀양시 산내면 봉의로 58-31,35.591708,128.880929,,20230101,"양갱, 요깡, 우뭇가사리, 한천, 제주해녀, 나카오카제과, 해태제과합명회사",M,음식 & 다이닝/자주 외식/끼니별 외식/점심 외식을 주로하는 사람,13,11,20231230
20231200536,우리나라 최초의 철근 콘크리트 다리  - 강원 화천 꺼먹다리,"일제강점기 말에 건설된 화천댐과 더불어 만들어진 꺼먹다리는 화천군 간동면 구만리와 화천읍 대이리를 잇는 우리나라 최초의 철근 콘크리트 교량이다. 나무로 된 상판에 검은색 콜타르를 칠한 모습에서 꺼먹다리라는 이름이 붙었다. 1940년대에 일제가 교각을 세웠고, 해방 후에는 화천지역에서 군정을 실시했던 소련이 철골을 올렸으며, 한국전쟁 당시에 남한이 다리 상판을 얹어 뜻하지 않게 3국 합작품이 된 묘한 이력을 가지고 있다. 한국전쟁 당시 파로호 전투로 인해 꺼먹다리에는 아직도 포탄과 총탄 흔적이 남아있다. 당시 전투에서 국군, 유엔군, 북한군, 중공군을 모두 합해 10만여 명이 전사했다. 수많은 전투를 치렀음에도 불구하고 건립 당시의 원형을 비교적 잘 보전하고 있는 꺼먹다리는 산업과 교량의 역사 연구에 중요한 자료로 평가된다. 다리에는 군 입대를 앞둔 남자와 그 애인이 다리 양끝에서 출발해 한가운데서 만나면 남자가 군복무를 마칠 때까지 여자가 ‘고무신을 거꾸로 신지 않는다’는 이야기가 전해지고 있다.",공간으로 읽는 근대문화 역사유산,근대를 떠받친 토목시설과 광산,,https://ncms.nculture.org/legacy/story/1016,근대-일제강점기(1910.8.22~1945.8.14),강원특별자치도,화천군,"강원도 화천군 화천읍 평화로 656 외 1필지, 간동면 구만리 산9-1",38.10342519,127.761732,파로호,20230101,"화천댐, 화천수력발전소, 파로호, 파로호전투, 대붕호, 구만리, 처녀고개, 화천전투",F,미디어 & 엔터테인먼트/TV 대중 시청자,13,11,20231230
20231200537,우리나라 최초의 철근 콘크리트 다리  - 강원 화천 꺼먹다리,"일제강점기 말에 건설된 화천댐과 더불어 만들어진 꺼먹다리는 화천군 간동면 구만리와 화천읍 대이리를 잇는 우리나라 최초의 철근 콘크리트 교량이다. 나무로 된 상판에 검은색 콜타르를 칠한 모습에서 꺼먹다리라는 이름이 붙었다. 1940년대에 일제가 교각을 세웠고, 해방 후에는 화천지역에서 군정을 실시했던 소련이 철골을 올렸으며, 한국전쟁 당시에 남한이 다리 상판을 얹어 뜻하지 않게 3국 합작품이 된 묘한 이력을 가지고 있다. 한국전쟁 당시 파로호 전투로 인해 꺼먹다리에는 아직도 포탄과 총탄 흔적이 남아있다. 당시 전투에서 국군, 유엔군, 북한군, 중공군을 모두 합해 10만여 명이 전사했다. 수많은 전투를 치렀음에도 불구하고 건립 당시의 원형을 비교적 잘 보전하고 있는 꺼먹다리는 산업과 교량의 역사 연구에 중요한 자료로 평가된다. 다리에는 군 입대를 앞둔 남자와 그 애인이 다리 양끝에서 출발해 한가운데서 만나면 남자가 군복무를 마칠 때까지 여자가 ‘고무신을 거꾸로 신지 않는다’는 이야기가 전해지고 있다.",공간으로 읽는 근대문화 역사유산,근대를 떠받친 토목시설과 광산,,https://ncms.nculture.org/legacy/story/1016,근대-일제강점기(1910.8.22~1945.8.14),강원특별자치도,화천군,"강원도 화천군 화천읍 평화로 656 외 1필지, 간동면 구만리 산9-1",38.10342519,127.761732,파로호,20230101,"화천댐, 화천수력발전소, 파로호, 파로호전투, 대붕호, 구만리, 처녀고개, 화천전투",F,뉴스 & 정치/열렬한 뉴스 독자/열렬한 정치 뉴스 독자,13,11,20231230
20231200538,일본인 거리의 의미를 묻다 - 포항 구룡포 근대문화역사거리,경상북도 포항시 구룡포는 1900년부터 일본 어부들이 어업 근거지로 삼으면서 근대 항구가 되었다. 일본인들은 일제강점기부터 본국의 지원을 받으면서 구룡포로 이주하기 시작했다. 구룡포에 정착한 일본인 가운데는 가가와현 출신이 많았다. 이들은 일본 타 지역 출신들과 경쟁관계에 있었으나 1920년대부터 1930년대 중반까지 2차례에 걸친 축항 공사를 통해 방파제를 쌓고 일본인 거리를 확장했다. 구룡포의 조선인들은 상당수가 일본 선주들에게 고용돼 어로 노동자로 일했다. 구룡포의 조선인과 일본인 거주 공간도 달랐다. 일제강점기 극소수의 일본 선주들은 전체 어획 소득의 절반가량을 가져갔다. 일본인들이 부를 늘려감에 따라 구룡포의 일본인 거리도 계속 확장됐다. 그러나 1945년 갑작스러운 패망으로 일본인은 자신들 나라로 돌아갔다. 포항시는 2011년부터 ‘구룡포 근대역사문화거리’를 조성했다. 가가와 출신 어부들의 중심인물로 구룡포에서 부를 쌓은 하시모토가 1923년 지은 일본식 집은 구룡포 근대역사관이 되었다. 그러나 문화재청은 하시모토의 집과 일본 가옥의 등록문화재 지정 신청을 보류했다. 구룡포 근대역사문화거리는 역사 인식의 측면에서 계속 비판이 제기되고 있다.,공간으로 읽는 근대문화 역사유산,근대 거리를 거닐다,https://minio.nculture.org/amsweb-opt/3ds/234/84339/84339_thumbnail.jpg,https://ncms.nculture.org/legacy/story/4534,근대-일제강점기(1910.8.22~1945.8.14),경상북도,포항시,경북 포항시 남구 구룡포읍 구룡포길 147-2,35.99079907,129.5609111,구룡포 근대 역사관,20230101,"어업, 일제강점기, 근대역사관",M,은행 및 금융/열렬한 투자자,13,11,20231230
20231200539,일본인 거리의 의미를 묻다 - 포항 구룡포 근대문화역사거리,경상북도 포항시 구룡포는 1900년부터 일본 어부들이 어업 근거지로 삼으면서 근대 항구가 되었다. 일본인들은 일제강점기부터 본국의 지원을 받으면서 구룡포로 이주하기 시작했다. 구룡포에 정착한 일본인 가운데는 가가와현 출신이 많았다. 이들은 일본 타 지역 출신들과 경쟁관계에 있었으나 1920년대부터 1930년대 중반까지 2차례에 걸친 축항 공사를 통해 방파제를 쌓고 일본인 거리를 확장했다. 구룡포의 조선인들은 상당수가 일본 선주들에게 고용돼 어로 노동자로 일했다. 구룡포의 조선인과 일본인 거주 공간도 달랐다. 일제강점기 극소수의 일본 선주들은 전체 어획 소득의 절반가량을 가져갔다. 일본인들이 부를 늘려감에 따라 구룡포의 일본인 거리도 계속 확장됐다. 그러나 1945년 갑작스러운 패망으로 일본인은 자신들 나라로 돌아갔다. 포항시는 2011년부터 ‘구룡포 근대역사문화거리’를 조성했다. 가가와 출신 어부들의 중심인물로 구룡포에서 부를 쌓은 하시모토가 1923년 지은 일본식 집은 구룡포 근대역사관이 되었다. 그러나 문화재청은 하시모토의 집과 일본 가옥의 등록문화재 지정 신청을 보류했다. 구룡포 근대역사문화거리는 역사 인식의 측면에서 계속 비판이 제기되고 있다.,공간으로 읽는 근대문화 역사유산,근대 거리를 거닐다,https://minio.nculture.org/amsweb-opt/3ds/234/84339/84339_thumbnail.jpg,https://ncms.nculture.org/legacy/story/4534,근대-일제강점기(1910.8.22~1945.8.14),경상북도,포항시,경북 포항시 남구 구룡포읍 구룡포길 147-2,35.99079907,129.5609111,구룡포 근대 역사관,20230101,"어업, 일제강점기, 근대역사관",F,여행/여행 매니아,13,11,20231230
20231200540,"한센인들의 한숨과 눈물, 손양원의 사랑 - 여수 구 애양원교회와 애양병원","전라남도 여수시 율촌면 신풍리 애양원은 1911년 문을 연 광주 나병원이 뿌리다. 한센병 환자가 몰리자, 광주 나병원의 원장 윌슨 선교사는 신풍리로 근거지를 옮기기로 했다. 한센인에 대한 사회적 편견과 차별 때문에 600여 환우는 ‘눈물의 이주’를 해야 했다. 여수에 지어진 애양병원과 애양원교회는 비록 격리정책에 따른 수용시설이지만, 한센인들에게는 의지할 수 있는 공동체의 구심점이 되었다. 특히 애양원교회 2대 목사로 부임한 「사랑의 원자탄」 손양원 목사는 헌신적으로 사랑의 봉사를 실천했다. 한센병 환자는 줄어들고, 한센병은 퇴치되었으나, 한센인의 고통과 한센인을 정성으로 돌보았던 손길들을 되돌아 볼 수 있는 공간으로서 구 애양병원(현 애양 역사박물관)과 애양원교회는 중요한 공간이다.",공간으로 읽는 근대문화 역사유산,근대 의술과 인술 사이에서,https://minio.nculture.org/amsweb-opt/3ds/15/84370/84370_thumbnail.jpg,https://ncms.nculture.org/legacy/story/777,근대-일제강점기(1910.8.22~1945.8.14),전라남도,여수시,전라남도 여수시 율촌면 도성길 30-15,34.84224228,127.6300468,손양원 기념 공원,20230101,"광주 나병원, 우일선, 애양원교회, 한센병, 도성농원, 애양 역사 박물관, 손양원",F,뉴스 & 정치/열렬한 뉴스 독자/열렬한 정치 뉴스 독자,13,11,20231230
20231200541,일제강점기 초밥으로 만든 김밥,"김은 조선시대부터 전라도의 특산물로 기록에 남아있지만 김밥에 대한 기록은 일제강점기 밥에 초를 넣고 계란지단, 덴부(도미살을 분홍색으로 물들인 것) 등을 속으로 하여 김에 싼다고 나온다. 식초로 간을 한 김밥은 해방 후의 신문기사에서도 그 조리법이 보인다. 오늘날의 김밥은 식초보다 참기름과 소금으로 간을 한다. 김밥의 대중화는 일제강점기 김이 어느 정도 생산되고 일본의 도시락 문화가 정착되면서 만들어졌다.",근대 신문으로 보는 음식,개항 이후 들어온 음식과 식재료,,https://ncms.nculture.org/legacy/story/2951,시대미상,,,,,,청파동,20230101,"노리마기스시, 통영김밥, 김쌈밥, 초밥, 김밥",M,음식 & 다이닝/요리 매니아/셰프 지망생,13,11,20231230
20231200542,일제강점기 초밥으로 만든 김밥,"김은 조선시대부터 전라도의 특산물로 기록에 남아있지만 김밥에 대한 기록은 일제강점기 밥에 초를 넣고 계란지단, 덴부(도미살을 분홍색으로 물들인 것) 등을 속으로 하여 김에 싼다고 나온다. 식초로 간을 한 김밥은 해방 후의 신문기사에서도 그 조리법이 보인다. 오늘날의 김밥은 식초보다 참기름과 소금으로 간을 한다. 김밥의 대중화는 일제강점기 김이 어느 정도 생산되고 일본의 도시락 문화가 정착되면서 만들어졌다.",근대 신문으로 보는 음식,개항 이후 들어온 음식과 식재료,,https://ncms.nculture.org/legacy/story/2951,시대미상,,,,,,청파동,20230101,"노리마기스시, 통영김밥, 김쌈밥, 초밥, 김밥",M,스포츠 & 피트니스/건강 및 피트니스,13,11,20231230
20231200543,일제강점기 초밥으로 만든 김밥,"김은 조선시대부터 전라도의 특산물로 기록에 남아있지만 김밥에 대한 기록은 일제강점기 밥에 초를 넣고 계란지단, 덴부(도미살을 분홍색으로 물들인 것) 등을 속으로 하여 김에 싼다고 나온다. 식초로 간을 한 김밥은 해방 후의 신문기사에서도 그 조리법이 보인다. 오늘날의 김밥은 식초보다 참기름과 소금으로 간을 한다. 김밥의 대중화는 일제강점기 김이 어느 정도 생산되고 일본의 도시락 문화가 정착되면서 만들어졌다.",근대 신문으로 보는 음식,개항 이후 들어온 음식과 식재료,,https://ncms.nculture.org/legacy/story/2951,시대미상,,,,,,청파동,20230101,"노리마기스시, 통영김밥, 김쌈밥, 초밥, 김밥",M,스포츠 & 피트니스/스포츠 팬/야구 팬,13,11,20231230
20231200544,"천년 고찰 속의 현대식 법당, 남양주 봉선사 큰법당","경기도 남양주시 봉선사는 고려 광종 시기인 서기 697년에 창건된 운악사에서 비롯된 천년 고찰이다. 조선 예종 때 세조의 능인 광릉을 받드는 절로 중창되어 봉선사가 되었다. 봉선사는 임진왜란, 병자호란, 한국전쟁 등 전란으로 여러 차례 소실되었다가 중건됐다. 봉선사 큰법당은 운허 스님이 주지이던 1970년 지어졌다. 석가여래를 모신 전각인데도 운허 스님이 대웅전이라 하지 않고 큰법당이라는 풀어 쓴 이름을 붙였다. 봉선사 큰법당은 철근 콘크리트로 전통 목조 사찰을 정교하게 재현해냈다. 큰법당의 기단과 앞 층계, 뒤편 화계는 조선시대 것이어서 전통과 현대가 공존하는 공간이 탄생한 것이다.",공간으로 읽는 근대문화 역사유산,삶을 보듬은 종교 시설,https://minio.nculture.org/amsweb-opt/pdfs/54/27453/27453_thumbnail.jpg,https://ncms.nculture.org/legacy/story/2985,현대-현대(1945.8.15~현재),경기도,남양주시,경기도 남양주시 진접읍 봉선사길 32,37.74642,127.18355,국립수목원,20230101,"봉선사, 봉선사 큰법당, 운허 스님, 부평리 만세시위",F,미디어 & 엔터테인먼트/TV 대중 시청자,13,11,20231230
20231200545,"천년 고찰 속의 현대식 법당, 남양주 봉선사 큰법당","경기도 남양주시 봉선사는 고려 광종 시기인 서기 697년에 창건된 운악사에서 비롯된 천년 고찰이다. 조선 예종 때 세조의 능인 광릉을 받드는 절로 중창되어 봉선사가 되었다. 봉선사는 임진왜란, 병자호란, 한국전쟁 등 전란으로 여러 차례 소실되었다가 중건됐다. 봉선사 큰법당은 운허 스님이 주지이던 1970년 지어졌다. 석가여래를 모신 전각인데도 운허 스님이 대웅전이라 하지 않고 큰법당이라는 풀어 쓴 이름을 붙였다. 봉선사 큰법당은 철근 콘크리트로 전통 목조 사찰을 정교하게 재현해냈다. 큰법당의 기단과 앞 층계, 뒤편 화계는 조선시대 것이어서 전통과 현대가 공존하는 공간이 탄생한 것이다.",공간으로 읽는 근대문화 역사유산,삶을 보듬은 종교 시설,https://minio.nculture.org/amsweb-opt/pdfs/54/27453/27453_thumbnail.jpg,https://ncms.nculture.org/legacy/story/2985,현대-현대(1945.8.15~현재),경기도,남양주시,경기도 남양주시 진접읍 봉선사길 32,37.74642,127.18355,국립수목원,20230101,"봉선사, 봉선사 큰법당, 운허 스님, 부평리 만세시위",F,여행/여행 매니아,13,11,20231230
20231200546,강제징용자들이 짓고 미군이 차지한 암울했던 시대의 유산 - 평택 선말산 방공호,"경기도 평택시 팽성읍 함정리에는 일제강점기 말기에 만들어진 방공호가 있다. 함정1리 쪽 입구는 2003년에, 함정2리 쪽 입구는 2019년에야 발견됐다. 방공호 중간은 흙더미로 막혀 있었다. 일제는 1937년 ‘방공법’을 시행해 전국 도심과 군사기지 주변에 방공호 설치를 의무화했다. 평택시 팽성읍은 안성천이 서해 바다로 나가는 길목이다. 일본해군은 1942년 팽성읍 일대에 보급용 비행장을 건설하면서 함정리, 객사리(부용산), 남산리 등에 방공호를 만들었다. 해방 후 한국전쟁 시기에 팽성읍 일대는 미군 기지로 변했다. 미군들은 남산리 방공호를 지하 벙커로 사용했다. 길이 140m로 추정되는 함정리 방공호는 피란민들의 주거지로 쓰이기도 하고, 휴식 공간 등 다양한 용도로 활용되다가 세월이 흐르면서 잊혀졌다. 함정리 선말산 방공호처럼 일제강점기에 조성된 지하 시설이 전국에 얼마나 존재하는지 정확한 실태 조사는 아직 이루어지지 않았다.",공간으로 읽는 근대문화 역사유산,"빼앗긴 들, 뒤틀린 근대",https://minio.nculture.org/amsweb-opt/multimedia_assets/156/29865/64803/c/C75A9506-thumb.jpg,https://ncms.nculture.org/legacy/story/1011,근대-일제강점기(1910.8.22~1945.8.14),경기도,평택시,경기도 평택시 팽성읍 함정2리,36.95908054,127.0350508,캠프 험프리스,20230101,"방공호, 비행장, 말랭이, 산봉우리",M,뉴스 & 정치/열렬한 뉴스 독자/연예 뉴스 매니아,13,11,20231230
20231200547,"누룩, 국가가 통제하다.",누룩은 곡식을 발효시켜 술로 만들 때 필요한 발효제이다. 전근대 시기 누룩은 주로 밀로 만들었는데 밀 농사를 지은 농민들이 부업으로 만들어 장에서 팔았다. 일제시대 대규모로 누룩을 제조하는 공장들이 출현하였는데 농촌에서 부업으로 만드는 누룩도 공존하였다. 1930년대 일제는 누룩 제조를 특정 공장에만 허가하고 전매권을 주었다. 다양하게 만들어지던 누룩은 국가에 의해 통제되었다.,근대 신문으로 보는 음식,전통 음식과 식재료의 변화,https://minio.nculture.org/amsweb-opt/multimedia_assets/202/25909/7566/c/25909-thumb.jpg,https://ncms.nculture.org/legacy/story/2727,근대-일제강점기(1910.8.22~1945.8.14),부산광역시,금정구,부산광역시 금정구 금성동 554-1 금정산성 막걸리 찾아가는 양조장,35.250417,129.056476,부산 산성마을,20230101,"곡자화시, 곡자제조장, 산성누룩, 재래종 밀",F,라이프스타일 & 취미/친환경 라이프스타일,13,10,20231230
20231200548,우리나라 최초의 철근 콘크리트 다리  - 강원 화천 꺼먹다리,"일제강점기 말에 건설된 화천댐과 더불어 만들어진 꺼먹다리는 화천군 간동면 구만리와 화천읍 대이리를 잇는 우리나라 최초의 철근 콘크리트 교량이다. 나무로 된 상판에 검은색 콜타르를 칠한 모습에서 꺼먹다리라는 이름이 붙었다. 1940년대에 일제가 교각을 세웠고, 해방 후에는 화천지역에서 군정을 실시했던 소련이 철골을 올렸으며, 한국전쟁 당시에 남한이 다리 상판을 얹어 뜻하지 않게 3국 합작품이 된 묘한 이력을 가지고 있다. 한국전쟁 당시 파로호 전투로 인해 꺼먹다리에는 아직도 포탄과 총탄 흔적이 남아있다. 당시 전투에서 국군, 유엔군, 북한군, 중공군을 모두 합해 10만여 명이 전사했다. 수많은 전투를 치렀음에도 불구하고 건립 당시의 원형을 비교적 잘 보전하고 있는 꺼먹다리는 산업과 교량의 역사 연구에 중요한 자료로 평가된다. 다리에는 군 입대를 앞둔 남자와 그 애인이 다리 양끝에서 출발해 한가운데서 만나면 남자가 군복무를 마칠 때까지 여자가 ‘고무신을 거꾸로 신지 않는다’는 이야기가 전해지고 있다.",공간으로 읽는 근대문화 역사유산,근대를 떠받친 토목시설과 광산,,https://ncms.nculture.org/legacy/story/1016,근대-일제강점기(1910.8.22~1945.8.14),강원특별자치도,화천군,"강원도 화천군 화천읍 평화로 656 외 1필지, 간동면 구만리 산9-1",38.10342519,127.761732,파로호,20230101,"화천댐, 화천수력발전소, 파로호, 파로호전투, 대붕호, 구만리, 처녀고개, 화천전투",M,미디어 & 엔터테인먼트/게이머/하드코어 게이머,13,10,20231230
20231200549,근대의 슬픔이 오롯이 남은 항구 - 목포 근대역사문화공간,"1897년 개항한 전라남도 목포시는 일제강점기를 거치며 조선 4대 항구이자 6대 도시로 꼽히는 근대도시로 성장했다. 현재 유달동, 만호동에 해당하는 목포의 구 도심은 일본 등 외국자본에 의해서 간척된 계획도시였다. 만호동과 유달동 일대의 번영로에 근대건축 유산이 집중되어 있다. 문화재청은 2018년 8월 6일 이 일대 11만4,038㎡(602필지)를 ‘목포 근대역사문화공간’이라는 이름으로 등록문화재 제718호로 지정했다. 기존 ‘점’(點) 단위 개별 문화재 중심의 보존에서 탈피해 문화재청이 ‘선(線)?면(面)’ 단위 문화재 등록제도를 도입한 첫 사례이다. 등록문화재로 지정된 개별 건축물은 15개로, 일본식 가옥 4곳, 구 목포부립병원 관사, 구 목포 일본기독교회, 상가주택 6곳, 구 동아부인상회 목포지점, 목포 해안로 붉은 벽돌창고, 구 목포 화신연쇄점이 포함되어 있다.",공간으로 읽는 근대문화 역사유산,근대 거리를 거닐다,https://minio.nculture.org/amsweb-opt/multimedia_assets/70/30448/22531/c/%EB%AA%A9%ED%8F%AC-%EA%B7%BC%EB%8C%80%EB%AC%B8%ED%99%94%EC%97%AD%EC%82%AC%EA%B3%B5%EA%B0%84_%EB%AA%A9%ED%8F%AC-%EB%B2%88%ED%99%94%EB%A1%9C-%EC%9D%BC%EB%B3%B8%EC%8B%9D%EA%B0%80%EC%98%A5-12019-12-07-12.45.44-thumb.jpg,https://ncms.nculture.org/legacy/story/4542,근대-일제강점기(1910.8.22~1945.8.14),전라남도,목포시,전라남도 목포시 번화로 25,34.78630756,126.3823141,동아부인상회 목포지점,20230101,"목포 구 도심, 구 동아부인상회 목포지점, 목포의 눈물",F,은행 및 금융/열렬한 투자자,13,10,20231230
20231200550,근대의 슬픔이 오롯이 남은 항구 - 목포 근대역사문화공간,"1897년 개항한 전라남도 목포시는 일제강점기를 거치며 조선 4대 항구이자 6대 도시로 꼽히는 근대도시로 성장했다. 현재 유달동, 만호동에 해당하는 목포의 구 도심은 일본 등 외국자본에 의해서 간척된 계획도시였다. 만호동과 유달동 일대의 번영로에 근대건축 유산이 집중되어 있다. 문화재청은 2018년 8월 6일 이 일대 11만4,038㎡(602필지)를 ‘목포 근대역사문화공간’이라는 이름으로 등록문화재 제718호로 지정했다. 기존 ‘점’(點) 단위 개별 문화재 중심의 보존에서 탈피해 문화재청이 ‘선(線)?면(面)’ 단위 문화재 등록제도를 도입한 첫 사례이다. 등록문화재로 지정된 개별 건축물은 15개로, 일본식 가옥 4곳, 구 목포부립병원 관사, 구 목포 일본기독교회, 상가주택 6곳, 구 동아부인상회 목포지점, 목포 해안로 붉은 벽돌창고, 구 목포 화신연쇄점이 포함되어 있다.",공간으로 읽는 근대문화 역사유산,근대 거리를 거닐다,https://minio.nculture.org/amsweb-opt/multimedia_assets/70/30448/22531/c/%EB%AA%A9%ED%8F%AC-%EA%B7%BC%EB%8C%80%EB%AC%B8%ED%99%94%EC%97%AD%EC%82%AC%EA%B3%B5%EA%B0%84_%EB%AA%A9%ED%8F%AC-%EB%B2%88%ED%99%94%EB%A1%9C-%EC%9D%BC%EB%B3%B8%EC%8B%9D%EA%B0%80%EC%98%A5-12019-12-07-12.45.44-thumb.jpg,https://ncms.nculture.org/legacy/story/4542,근대-일제강점기(1910.8.22~1945.8.14),전라남도,목포시,전라남도 목포시 번화로 25,34.78630756,126.3823141,동아부인상회 목포지점,20230101,"목포 구 도심, 구 동아부인상회 목포지점, 목포의 눈물",F,쇼핑객/쇼핑 애호가,13,10,20231230
20231200551,"민주주의가 자라다, 인천 제물포고등학교 강당","인천 제물포고등학교 강당은 1935년 인천 공립중학교의 강당으로 세워졌다. 화강석 기단 위에 적벽돌을 쌓아 지은 건물이다. 지하 1층, 지상 1층인 외관은 간결하며 기능 중심으로 설계되었다. 내부는 너비가 15m에 이르지만, 중간 기둥 없이 하나의 공간을 이루도록 했다. 일본인 학교였던 인천 공립학교는 해방 후 학제 변경으로 1954년 제물포고등학교 강당이 되었다. 제물포고등학교 설립을 주도했고 초대 교장이었던 교육자 길영희 선생은 ‘성덕당’이라고 불리는 강당에서 전교생에게 양심적인 나라의 일꾼이 되라고 열변을 토했다고 한다. 성덕당은 당대 인사들의 특강 장소이자 학생들의 자유로운 토론의 장으로 활용되었다. 1930년대 세워졌던 옛 학교 건물들은 모두 사라졌지만, 성덕당은 남아 제물포고등학교의 역사와 전통을 상징하는 공간으로 꼽힌다.",공간으로 읽는 근대문화 역사유산,근대의 산실 학교,https://minio.nculture.org/amsweb-opt/multimedia_assets/88/14595/20088/c/14595-thumb.jpg,https://ncms.nculture.org/legacy/story/2821,근대-일제강점기(1910.8.22~1945.8.14),인천광역시,중구,인천광역시 중구 자유공원로 58-9,37.476895,126.62402,인천 제물포고등학교,20230101,"제물포고등학교, 성덕당, 길영희, 무감독시험, 등록문화재 제427호, 인천 공립중학교, 제물포고등학교 강당, 망사드르지붕, 인천 자유공원, 무감독 시험, 인천역",F,스포츠 & 피트니스/스포츠 팬/축구 팬,13,10,20231230
20231200552,궁중음식이라는 전설을 품은 구절판,구절판은 1930년대 신문에 처음 만드는 법이 소개된다. 비록 이 시기에 처음 소개되지만 소개하는 사람은 궁중음식이라고 하고있다. 구절판이 의궤에 기록된 음식은 아니다. 그러나 밀가루가 귀했던 조선시대 궁중에서 만들어먹었을 가능성은 있다. 구절판은 정성스럽게 밀전병을 부치는 것에서 많은 정성이 들어가는 음식이다.,근대 신문으로 보는 음식,전통 음식과 식재료의 변화,https://minio.nculture.org/amsweb-opt/multimedia_assets/118/25465/7328/c/25465-thumb.jpg,https://ncms.nculture.org/legacy/story/2802,근대-일제강점기(1910.8.22~1945.8.14),서울특별시,종로구,서울특별시 종로구 창덕궁 5길 궁중음식연구원,37.583663,126.989246,,20230101,"밀전병, 구절판(그릇), 8가지 찬, 밀쌈",F,미디어 & 엔터테인먼트/TV 대중 시청자,13,10,20231230
20231200553,전통배추를 밀어내고 김치의 원료가 된 결구배추,"배추김치의 주재료인 배추는 조선시대까지 한양과 개성에서 자란 것이 유명했다. 이 배추는 배추잎이 절반정도 뭉친 반결구종으로, 무게는 결구종보다 적고 생육기간도 길었다. 임오군란 이후 중국인들이 한국땅에 살고 중국과 왕래하면서 중국의 결구배추가 들어오게 된다. 결구배추는 배추잎이 서로 감싸 완전히 뭉친 것인데 생육기간이 짧고 크기도 컸다. 일제강점기 반결구배추가 병충해에 시달리면서 결구종 배추가 보급되어 오늘날 김치를 만드는 배추는 결구종배추가 주를 이루게 되었다.",근대 신문으로 보는 음식,전통 음식과 식재료의 변화,,https://ncms.nculture.org/legacy/story/2831,근대-일제강점기(1910.8.22~1945.8.14),,,,,,덕천,20230101,"배추김치, 호배추, 결구배추",F,음식 & 다이닝/요리 매니아,12,12,20231230
20231200554,전통배추를 밀어내고 김치의 원료가 된 결구배추,"배추김치의 주재료인 배추는 조선시대까지 한양과 개성에서 자란 것이 유명했다. 이 배추는 배추잎이 절반정도 뭉친 반결구종으로, 무게는 결구종보다 적고 생육기간도 길었다. 임오군란 이후 중국인들이 한국땅에 살고 중국과 왕래하면서 중국의 결구배추가 들어오게 된다. 결구배추는 배추잎이 서로 감싸 완전히 뭉친 것인데 생육기간이 짧고 크기도 컸다. 일제강점기 반결구배추가 병충해에 시달리면서 결구종 배추가 보급되어 오늘날 김치를 만드는 배추는 결구종배추가 주를 이루게 되었다.",근대 신문으로 보는 음식,전통 음식과 식재료의 변화,,https://ncms.nculture.org/legacy/story/2831,근대-일제강점기(1910.8.22~1945.8.14),,,,,,덕천,20230101,"배추김치, 호배추, 결구배추",M,스포츠 & 피트니스/스포츠 팬/라켓볼 매니아,12,12,20231230
20231200555,"누룩, 국가가 통제하다.",누룩은 곡식을 발효시켜 술로 만들 때 필요한 발효제이다. 전근대 시기 누룩은 주로 밀로 만들었는데 밀 농사를 지은 농민들이 부업으로 만들어 장에서 팔았다. 일제시대 대규모로 누룩을 제조하는 공장들이 출현하였는데 농촌에서 부업으로 만드는 누룩도 공존하였다. 1930년대 일제는 누룩 제조를 특정 공장에만 허가하고 전매권을 주었다. 다양하게 만들어지던 누룩은 국가에 의해 통제되었다.,근대 신문으로 보는 음식,전통 음식과 식재료의 변화,https://minio.nculture.org/amsweb-opt/multimedia_assets/202/25909/7566/c/25909-thumb.jpg,https://ncms.nculture.org/legacy/story/2727,근대-일제강점기(1910.8.22~1945.8.14),부산광역시,금정구,부산광역시 금정구 금성동 554-1 금정산성 막걸리 찾아가는 양조장,35.250417,129.056476,부산 산성마을,20230101,"곡자화시, 곡자제조장, 산성누룩, 재래종 밀",M,미디어 & 엔터테인먼트/게이머/하드코어 게이머,12,12,20231230
20231200556,"동양 최초의 바다 밑 터널, 통영 해저터널","통영반도 남단과 미륵도를 연결하는 통영 해저터널은 동양 최초의 해저터널이다. 일제강점기 이전부터 통영으로 이주해온 일본인 이주 어민들은 연안에서 어로 활동을 하며 물고기 떼를 쫓아 빠르게 이동할 필요가 있었는데, 미륵도와 통영 사이의 해협이 너무 좁아 미륵도를 빙 돌아 가야 하는 불편함이 있었다. 그래서 일제는 1932년 통영운하를 완공했다. 통영운하 개통 후 운하를 건너다니도록 하기 위해 교량 대신 만든 것이 해저터널이다. 터널을 만든 지역은 판데목이라는 곳인데, 임진왜란 한산대첩 때 많은 왜군이 이순신의 학익진에 대패해 판데목 부근에서 수장됐다고 한다. 일본인들이 조상의 유해 위로 건너다닐 수 없어서 해저터널을 팠다는 이야기도 전해진다.",공간으로 읽는 근대문화 역사유산,"빼앗긴 들, 뒤틀린 근대",https://minio.nculture.org/amsweb-opt/multimedia_assets/140/85835/93850/c/%ED%86%B5%EC%98%81-%ED%95%B4%EC%A0%80%ED%84%B0%EB%84%90-%281%29_rev-thumb.jpg,https://ncms.nculture.org/legacy/story/2936,근대-일제강점기(1910.8.22~1945.8.14),경상남도,통영시,경상남도 통영시 도남로 57-1,34.834788,128.40991,충무교,20230101,"통영 해저터널, 통영운하, 충무공 이순신, 판데목, 미륵도",M,라이프스타일 & 취미/아웃도어 매니아,12,12,20231230
20231200557,"동양 최초의 바다 밑 터널, 통영 해저터널","통영반도 남단과 미륵도를 연결하는 통영 해저터널은 동양 최초의 해저터널이다. 일제강점기 이전부터 통영으로 이주해온 일본인 이주 어민들은 연안에서 어로 활동을 하며 물고기 떼를 쫓아 빠르게 이동할 필요가 있었는데, 미륵도와 통영 사이의 해협이 너무 좁아 미륵도를 빙 돌아 가야 하는 불편함이 있었다. 그래서 일제는 1932년 통영운하를 완공했다. 통영운하 개통 후 운하를 건너다니도록 하기 위해 교량 대신 만든 것이 해저터널이다. 터널을 만든 지역은 판데목이라는 곳인데, 임진왜란 한산대첩 때 많은 왜군이 이순신의 학익진에 대패해 판데목 부근에서 수장됐다고 한다. 일본인들이 조상의 유해 위로 건너다닐 수 없어서 해저터널을 팠다는 이야기도 전해진다.",공간으로 읽는 근대문화 역사유산,"빼앗긴 들, 뒤틀린 근대",https://minio.nculture.org/amsweb-opt/multimedia_assets/140/85835/93850/c/%ED%86%B5%EC%98%81-%ED%95%B4%EC%A0%80%ED%84%B0%EB%84%90-%281%29_rev-thumb.jpg,https://ncms.nculture.org/legacy/story/2936,근대-일제강점기(1910.8.22~1945.8.14),경상남도,통영시,경상남도 통영시 도남로 57-1,34.834788,128.40991,충무교,20230101,"통영 해저터널, 통영운하, 충무공 이순신, 판데목, 미륵도",M,차량 및 운송/자동차 매니아,12,12,20231230
20231200558,초량 이바구길의 곡절 많은 터줏대감-부산 구 백제병원,"부산역 맞은편 초량 이바구길 초입에 위치한 백제병원 건물은 1927년 지어졌다. 백제병원은 부산 최초의 개인병원으로서, 부산부립병원, 철도병원과 함께 부산 3대 병원으로 꼽혔다. 백제병원 건물은 4층 건물과 잇달아 지은 6층 건물을 이어 붙였는데, 단층과 2~3층이 고작이던 당시 부산에서 우뚝 솟은 건물이었다. 하지만 설립자인 외과의사 최용해가 건축 과정에서 무리하게 빚을 끌어다 쓴데다 행려병자 시신으로 인체 표본을 제작해 보관하다 적발되면서, 급기야 설립자가 병원 문을 닫고 일본으로 도주하였다. 백제병원 건물은 중국인이 인수하여 봉래각이라는 청요릿집으로 개조되었다. 객실을 120개나 설치한 봉래각 또한 부산 명물로 명성을 날렸으나, 중일전쟁 이후 주인이 고국으로 돌아가면서 1942년 폐업했다. 이후 일본군 장교숙소였다가 해방 후에는 부산치안사령부, 전쟁 시기에는 중화민국 임시 대사관으로 쓰였다. 1953년 신라예식장으로 용도가 바뀌었으나, 예식장도 1960년대 중반 문을 닫았다. 1972년에는 이웃 건물에서 발생한 화재로 건물의 3분의 2가 불에 타, 5층 이상은 철거되었다. 다행히 골조와 1~2층은 옛 모습을 모두 잃지는 않았다. 2009년 새 주인이 인수하였고, 복원에 준하는 리모델링을 거쳐 2015년부터 카페 겸 문화예술 공간으로 활용되고 있다.",공간으로 읽는 근대문화 역사유산,근대 의술과 인술 사이에서,https://minio.nculture.org/amsweb-opt/3ds/228/84333/84333_thumbnail.jpg,https://ncms.nculture.org/legacy/story/783,근대-일제강점기(1910.8.22~1945.8.14),부산광역시,동구,부산 동구 초량동 460-2,35.11625252,129.0388649,부산 차이나타운,20230101,"부산 백제병원, 부산 봉래각, 최용해, 부산 신라예식장, 초량 이바구길, 브라운핸즈 카페",F,미디어 & 엔터테인먼트/TV 애호가,12,12,20231230
20231200559,초량 이바구길의 곡절 많은 터줏대감-부산 구 백제병원,"부산역 맞은편 초량 이바구길 초입에 위치한 백제병원 건물은 1927년 지어졌다. 백제병원은 부산 최초의 개인병원으로서, 부산부립병원, 철도병원과 함께 부산 3대 병원으로 꼽혔다. 백제병원 건물은 4층 건물과 잇달아 지은 6층 건물을 이어 붙였는데, 단층과 2~3층이 고작이던 당시 부산에서 우뚝 솟은 건물이었다. 하지만 설립자인 외과의사 최용해가 건축 과정에서 무리하게 빚을 끌어다 쓴데다 행려병자 시신으로 인체 표본을 제작해 보관하다 적발되면서, 급기야 설립자가 병원 문을 닫고 일본으로 도주하였다. 백제병원 건물은 중국인이 인수하여 봉래각이라는 청요릿집으로 개조되었다. 객실을 120개나 설치한 봉래각 또한 부산 명물로 명성을 날렸으나, 중일전쟁 이후 주인이 고국으로 돌아가면서 1942년 폐업했다. 이후 일본군 장교숙소였다가 해방 후에는 부산치안사령부, 전쟁 시기에는 중화민국 임시 대사관으로 쓰였다. 1953년 신라예식장으로 용도가 바뀌었으나, 예식장도 1960년대 중반 문을 닫았다. 1972년에는 이웃 건물에서 발생한 화재로 건물의 3분의 2가 불에 타, 5층 이상은 철거되었다. 다행히 골조와 1~2층은 옛 모습을 모두 잃지는 않았다. 2009년 새 주인이 인수하였고, 복원에 준하는 리모델링을 거쳐 2015년부터 카페 겸 문화예술 공간으로 활용되고 있다.",공간으로 읽는 근대문화 역사유산,근대 의술과 인술 사이에서,https://minio.nculture.org/amsweb-opt/3ds/228/84333/84333_thumbnail.jpg,https://ncms.nculture.org/legacy/story/783,근대-일제강점기(1910.8.22~1945.8.14),부산광역시,동구,부산 동구 초량동 460-2,35.11625252,129.0388649,부산 차이나타운,20230101,"부산 백제병원, 부산 봉래각, 최용해, 부산 신라예식장, 초량 이바구길, 브라운핸즈 카페",F,뉴스 & 정치/열렬한 뉴스 독자/열렬한 비즈니스 뉴스 독자,12,12,20231230
20231200560,일제시대에도 계속된 인삼전매제,"인삼은 옛날부터 만병통치약으로 먹던 산삼을 인공재배한 것이다. 인삼 밭에서 수확한 인삼을 수삼(水蔘)이라고 한다. 이 수삼을 쪄서 말린 것이 홍삼이고 그냥 말린 것이 백삼이다. 홍삼은 직삼으로 만들고 백삼은 곡삼으로 만드는데, 직삼은 개성인삼, 곡삼은 금산인삼이 대표적이다. 조선시대 홍삼은 국가가 재배부터 판매까지 직접 관리하였는데 백삼은 크게 규제하지 않았다. 백삼은 1934년 지정구역 외의 인삼 경작도 전매국의 허가를 받고, 1943년 백삼의 유통·배급도 총독부가 관리하면서 규제되었다.",근대 신문으로 보는 음식,전통 음식과 식재료의 변화,,https://ncms.nculture.org/legacy/story/2779,근대-일제강점기(1910.8.22~1945.8.14),경상북도,영주시,경상북도 영주시 풍기읍 죽령로 1378 인삼박물관,36.885943,128.479715,금산,20230101,"인삼전매제, 홍삼전매제, 직삼, 곡삼, 홍삼, 백삼",F,은행 및 금융/열렬한 투자자,12,12,20231230
20231200561,일제시대에도 계속된 인삼전매제,"인삼은 옛날부터 만병통치약으로 먹던 산삼을 인공재배한 것이다. 인삼 밭에서 수확한 인삼을 수삼(水蔘)이라고 한다. 이 수삼을 쪄서 말린 것이 홍삼이고 그냥 말린 것이 백삼이다. 홍삼은 직삼으로 만들고 백삼은 곡삼으로 만드는데, 직삼은 개성인삼, 곡삼은 금산인삼이 대표적이다. 조선시대 홍삼은 국가가 재배부터 판매까지 직접 관리하였는데 백삼은 크게 규제하지 않았다. 백삼은 1934년 지정구역 외의 인삼 경작도 전매국의 허가를 받고, 1943년 백삼의 유통·배급도 총독부가 관리하면서 규제되었다.",근대 신문으로 보는 음식,전통 음식과 식재료의 변화,,https://ncms.nculture.org/legacy/story/2779,근대-일제강점기(1910.8.22~1945.8.14),경상북도,영주시,경상북도 영주시 풍기읍 죽령로 1378 인삼박물관,36.885943,128.479715,금산,20230101,"인삼전매제, 홍삼전매제, 직삼, 곡삼, 홍삼, 백삼",F,미디어 & 엔터테인먼트/음악 애호가/팝 음악 팬,12,12,20231230
20231200562,일제강점기 나타난 뻥튀기,"오늘날 뻥튀기를 만드는 기계는 일제강점기 일본에서 수입한 것이 시초이다. 이 기계는 과자장수들에게 ‘7홉이 1말이 된다’라는 문구로 광고하여 판매되었다. 백미, 현미, 수수, 조 등을 15배 이상 팽창시키는데 시간은 3분 걸리고 비용은 5리(厘)가 든다고 하였다. 뻥튀기 기계는 곡물을 쉽게 과자로 만들어주었지만 사고의 위험이 늘 있었다. 1980년대까지도 뻥튀기 기계의 사고기사가 종종 보인다. 쌀 5홉으로 뻥튀기를 하면 일반 가정집은 1년 정도 먹을 수 있었다. 1980년대 들어 과자들이 많이 나오면서 뻥튀기는 서서히 자취를 감추게 되었다.",근대 신문으로 보는 음식,개항 이후 들어온 음식과 식재료,https://minio.nculture.org/amsweb-opt/multimedia_assets/180/14779/19965/c/14779-thumb.jpg,https://ncms.nculture.org/legacy/story/2829,근대-일제강점기(1910.8.22~1945.8.14),,,,,,덕천,20230101,"뻥튀기, 곡물팽창기, 폭발",F,미디어 & 엔터테인먼트/TV 애호가/드라마 팬,12,12,20231230
20231200563,근대의 슬픔이 오롯이 남은 항구 - 목포 근대역사문화공간,"1897년 개항한 전라남도 목포시는 일제강점기를 거치며 조선 4대 항구이자 6대 도시로 꼽히는 근대도시로 성장했다. 현재 유달동, 만호동에 해당하는 목포의 구 도심은 일본 등 외국자본에 의해서 간척된 계획도시였다. 만호동과 유달동 일대의 번영로에 근대건축 유산이 집중되어 있다. 문화재청은 2018년 8월 6일 이 일대 11만4,038㎡(602필지)를 ‘목포 근대역사문화공간’이라는 이름으로 등록문화재 제718호로 지정했다. 기존 ‘점’(點) 단위 개별 문화재 중심의 보존에서 탈피해 문화재청이 ‘선(線)?면(面)’ 단위 문화재 등록제도를 도입한 첫 사례이다. 등록문화재로 지정된 개별 건축물은 15개로, 일본식 가옥 4곳, 구 목포부립병원 관사, 구 목포 일본기독교회, 상가주택 6곳, 구 동아부인상회 목포지점, 목포 해안로 붉은 벽돌창고, 구 목포 화신연쇄점이 포함되어 있다.",공간으로 읽는 근대문화 역사유산,근대 거리를 거닐다,https://minio.nculture.org/amsweb-opt/multimedia_assets/70/30448/22531/c/%EB%AA%A9%ED%8F%AC-%EA%B7%BC%EB%8C%80%EB%AC%B8%ED%99%94%EC%97%AD%EC%82%AC%EA%B3%B5%EA%B0%84_%EB%AA%A9%ED%8F%AC-%EB%B2%88%ED%99%94%EB%A1%9C-%EC%9D%BC%EB%B3%B8%EC%8B%9D%EA%B0%80%EC%98%A5-12019-12-07-12.45.44-thumb.jpg,https://ncms.nculture.org/legacy/story/4542,근대-일제강점기(1910.8.22~1945.8.14),전라남도,목포시,전라남도 목포시 번화로 25,34.78630756,126.3823141,동아부인상회 목포지점,20230101,"목포 구 도심, 구 동아부인상회 목포지점, 목포의 눈물",M,미디어 & 엔터테인먼트/만화 & 애니메이션 팬,12,12,20231230
20231200564,"민주주의가 자라다, 인천 제물포고등학교 강당","인천 제물포고등학교 강당은 1935년 인천 공립중학교의 강당으로 세워졌다. 화강석 기단 위에 적벽돌을 쌓아 지은 건물이다. 지하 1층, 지상 1층인 외관은 간결하며 기능 중심으로 설계되었다. 내부는 너비가 15m에 이르지만, 중간 기둥 없이 하나의 공간을 이루도록 했다. 일본인 학교였던 인천 공립학교는 해방 후 학제 변경으로 1954년 제물포고등학교 강당이 되었다. 제물포고등학교 설립을 주도했고 초대 교장이었던 교육자 길영희 선생은 ‘성덕당’이라고 불리는 강당에서 전교생에게 양심적인 나라의 일꾼이 되라고 열변을 토했다고 한다. 성덕당은 당대 인사들의 특강 장소이자 학생들의 자유로운 토론의 장으로 활용되었다. 1930년대 세워졌던 옛 학교 건물들은 모두 사라졌지만, 성덕당은 남아 제물포고등학교의 역사와 전통을 상징하는 공간으로 꼽힌다.",공간으로 읽는 근대문화 역사유산,근대의 산실 학교,https://minio.nculture.org/amsweb-opt/multimedia_assets/88/14595/20088/c/14595-thumb.jpg,https://ncms.nculture.org/legacy/story/2821,근대-일제강점기(1910.8.22~1945.8.14),인천광역시,중구,인천광역시 중구 자유공원로 58-9,37.476895,126.62402,인천 제물포고등학교,20230101,"제물포고등학교, 성덕당, 길영희, 무감독시험, 등록문화재 제427호, 인천 공립중학교, 제물포고등학교 강당, 망사드르지붕, 인천 자유공원, 무감독 시험, 인천역",F,미디어 & 엔터테인먼트/TV 애호가/드라마 팬,12,12,20231230
20231200565,고종황제를 매혹시킨 커피,커피는 개항이후 조선의 궁궐인 경복궁이나 덕수궁에서 서양인을 접대할 때 사용되었다. 고종은 커피를 상당히 좋아했다. 서양인 선교사들은 커피를 가지고 한국에 왔는데 한국인에게 대접하기도 하였다. 일제시대 커피는 일반인들에게 많이 퍼져서 1930년대 후반에는 다방도 많이 생겼다. 이 시기 커피는 원두를 갈아 주전자에 끓여 체에 받쳐 걸러 먹었다. 1930년대 후반 전쟁으로 수입이 통제되면서 커피의 사용은 줄어들었다.,근대 신문으로 보는 음식,개항 이후 들어온 음식과 식재료,https://minio.nculture.org/amsweb-opt/multimedia_assets/221/14820/2419/c/14820-thumb.jpg,https://ncms.nculture.org/legacy/story/2853,근대-개항기(1864~1910),서울특별시,중구,서울특별시 중구 정동 세종대로 99,37.565807,126.975143,대불호텔,20230101,"고종황제, 다방, 원두, 선교사, 접대",M,은행 및 금융/열렬한 투자자,12,12,20231230
20231200566,고종황제를 매혹시킨 커피,커피는 개항이후 조선의 궁궐인 경복궁이나 덕수궁에서 서양인을 접대할 때 사용되었다. 고종은 커피를 상당히 좋아했다. 서양인 선교사들은 커피를 가지고 한국에 왔는데 한국인에게 대접하기도 하였다. 일제시대 커피는 일반인들에게 많이 퍼져서 1930년대 후반에는 다방도 많이 생겼다. 이 시기 커피는 원두를 갈아 주전자에 끓여 체에 받쳐 걸러 먹었다. 1930년대 후반 전쟁으로 수입이 통제되면서 커피의 사용은 줄어들었다.,근대 신문으로 보는 음식,개항 이후 들어온 음식과 식재료,https://minio.nculture.org/amsweb-opt/multimedia_assets/221/14820/2419/c/14820-thumb.jpg,https://ncms.nculture.org/legacy/story/2853,근대-개항기(1864~1910),서울특별시,중구,서울특별시 중구 정동 세종대로 99,37.565807,126.975143,대불호텔,20230101,"고종황제, 다방, 원두, 선교사, 접대",F,미디어 & 엔터테인먼트/만화 & 애니메이션 팬,12,12,20231230
20231200567,고종황제를 매혹시킨 커피,커피는 개항이후 조선의 궁궐인 경복궁이나 덕수궁에서 서양인을 접대할 때 사용되었다. 고종은 커피를 상당히 좋아했다. 서양인 선교사들은 커피를 가지고 한국에 왔는데 한국인에게 대접하기도 하였다. 일제시대 커피는 일반인들에게 많이 퍼져서 1930년대 후반에는 다방도 많이 생겼다. 이 시기 커피는 원두를 갈아 주전자에 끓여 체에 받쳐 걸러 먹었다. 1930년대 후반 전쟁으로 수입이 통제되면서 커피의 사용은 줄어들었다.,근대 신문으로 보는 음식,개항 이후 들어온 음식과 식재료,https://minio.nculture.org/amsweb-opt/multimedia_assets/221/14820/2419/c/14820-thumb.jpg,https://ncms.nculture.org/legacy/story/2853,근대-개항기(1864~1910),서울특별시,중구,서울특별시 중구 정동 세종대로 99,37.565807,126.975143,대불호텔,20230101,"고종황제, 다방, 원두, 선교사, 접대",M,미디어 & 엔터테인먼트/게이머/하드코어 게이머,12,12,20231230
20231200568,고종황제를 매혹시킨 커피,커피는 개항이후 조선의 궁궐인 경복궁이나 덕수궁에서 서양인을 접대할 때 사용되었다. 고종은 커피를 상당히 좋아했다. 서양인 선교사들은 커피를 가지고 한국에 왔는데 한국인에게 대접하기도 하였다. 일제시대 커피는 일반인들에게 많이 퍼져서 1930년대 후반에는 다방도 많이 생겼다. 이 시기 커피는 원두를 갈아 주전자에 끓여 체에 받쳐 걸러 먹었다. 1930년대 후반 전쟁으로 수입이 통제되면서 커피의 사용은 줄어들었다.,근대 신문으로 보는 음식,개항 이후 들어온 음식과 식재료,https://minio.nculture.org/amsweb-opt/multimedia_assets/221/14820/2419/c/14820-thumb.jpg,https://ncms.nculture.org/legacy/story/2853,근대-개항기(1864~1910),서울특별시,중구,서울특별시 중구 정동 세종대로 99,37.565807,126.975143,대불호텔,20230101,"고종황제, 다방, 원두, 선교사, 접대",M,미디어 & 엔터테인먼트/음악 애호가,12,12,20231230
20231200569,고종황제를 매혹시킨 커피,커피는 개항이후 조선의 궁궐인 경복궁이나 덕수궁에서 서양인을 접대할 때 사용되었다. 고종은 커피를 상당히 좋아했다. 서양인 선교사들은 커피를 가지고 한국에 왔는데 한국인에게 대접하기도 하였다. 일제시대 커피는 일반인들에게 많이 퍼져서 1930년대 후반에는 다방도 많이 생겼다. 이 시기 커피는 원두를 갈아 주전자에 끓여 체에 받쳐 걸러 먹었다. 1930년대 후반 전쟁으로 수입이 통제되면서 커피의 사용은 줄어들었다.,근대 신문으로 보는 음식,개항 이후 들어온 음식과 식재료,https://minio.nculture.org/amsweb-opt/multimedia_assets/221/14820/2419/c/14820-thumb.jpg,https://ncms.nculture.org/legacy/story/2853,근대-개항기(1864~1910),서울특별시,중구,서울특별시 중구 정동 세종대로 99,37.565807,126.975143,대불호텔,20230101,"고종황제, 다방, 원두, 선교사, 접대",M,미디어 & 엔터테인먼트/TV 애호가/드라마 팬,12,12,20231230
20231200570,고종황제를 매혹시킨 커피,커피는 개항이후 조선의 궁궐인 경복궁이나 덕수궁에서 서양인을 접대할 때 사용되었다. 고종은 커피를 상당히 좋아했다. 서양인 선교사들은 커피를 가지고 한국에 왔는데 한국인에게 대접하기도 하였다. 일제시대 커피는 일반인들에게 많이 퍼져서 1930년대 후반에는 다방도 많이 생겼다. 이 시기 커피는 원두를 갈아 주전자에 끓여 체에 받쳐 걸러 먹었다. 1930년대 후반 전쟁으로 수입이 통제되면서 커피의 사용은 줄어들었다.,근대 신문으로 보는 음식,개항 이후 들어온 음식과 식재료,https://minio.nculture.org/amsweb-opt/multimedia_assets/221/14820/2419/c/14820-thumb.jpg,https://ncms.nculture.org/legacy/story/2853,근대-개항기(1864~1910),서울특별시,중구,서울특별시 중구 정동 세종대로 99,37.565807,126.975143,대불호텔,20230101,"고종황제, 다방, 원두, 선교사, 접대",M,뉴스 & 정치/열렬한 뉴스 독자/열렬한 정치 뉴스 독자,12,12,20231230
20231200571,국가폭력의 근대화 - 안산 선감학원 자리,"경기도 단원구 선감동에 일제 강점기 말 설치된 선감학원은 ‘부랑아 수용소’였다. 식민지 행정 기관과 경찰은 길거리에서 자의적 잣대로 청소년들을 단속해 정확한 신원 확인 없이 선감도로 보냈다. 선감도 주민들을 강제로 이주시키고 들어선 선감학원은 수용된 청소년들에게 강제 노역을 시켰다. 소년들은 가혹한 매질과 배고픔에 시달렸으며, 바다를 건너 탈출하려다가 익사한 경우도 많았다. 선감학원은 심한 구타로 숨지거나 익사한 수용생들을 암매장했다. 해방 후에도 식민지 시절의 관행은 그대로 이어뎌 1982년 폐원될 때까지 선감학원은 행정기관과 경찰이 조사 없이 보낸 하층민 청소년들을 수용했다. 현재 선감학원 자리는 경기창작센터로 변했다. 일본인 이하라 히로미츠가 1989년 자전적 소설로 선감학원의 비극을 알렸다. 하지만 지금도 선감학원에서 일어났던 참상은 완전히 밝혀지지 않았으며, 피해자들에게 보상도 이뤄지지 않고 있다.",공간으로 읽는 근대문화 역사유산,"빼앗긴 들, 뒤틀린 근대",https://minio.nculture.org/amsweb-opt/3ds/11/84366/84366_thumbnail.jpg,https://ncms.nculture.org/legacy/story/797,근대-일제강점기(1910.8.22~1945.8.14),경기도,안산시,경기도 안산시 단원구 선감로 77-7,37.22855183,126.6292286,장항제련소,20230101,"국가폭력, 선감학원, 조선소년령, 이하라 히로미츠, 경기창작센터",M,미디어 & 엔터테인먼트/게이머/하드코어 게이머,12,12,20231230
20231200572,국가폭력의 근대화 - 안산 선감학원 자리,"경기도 단원구 선감동에 일제 강점기 말 설치된 선감학원은 ‘부랑아 수용소’였다. 식민지 행정 기관과 경찰은 길거리에서 자의적 잣대로 청소년들을 단속해 정확한 신원 확인 없이 선감도로 보냈다. 선감도 주민들을 강제로 이주시키고 들어선 선감학원은 수용된 청소년들에게 강제 노역을 시켰다. 소년들은 가혹한 매질과 배고픔에 시달렸으며, 바다를 건너 탈출하려다가 익사한 경우도 많았다. 선감학원은 심한 구타로 숨지거나 익사한 수용생들을 암매장했다. 해방 후에도 식민지 시절의 관행은 그대로 이어뎌 1982년 폐원될 때까지 선감학원은 행정기관과 경찰이 조사 없이 보낸 하층민 청소년들을 수용했다. 현재 선감학원 자리는 경기창작센터로 변했다. 일본인 이하라 히로미츠가 1989년 자전적 소설로 선감학원의 비극을 알렸다. 하지만 지금도 선감학원에서 일어났던 참상은 완전히 밝혀지지 않았으며, 피해자들에게 보상도 이뤄지지 않고 있다.",공간으로 읽는 근대문화 역사유산,"빼앗긴 들, 뒤틀린 근대",https://minio.nculture.org/amsweb-opt/3ds/11/84366/84366_thumbnail.jpg,https://ncms.nculture.org/legacy/story/797,근대-일제강점기(1910.8.22~1945.8.14),경기도,안산시,경기도 안산시 단원구 선감로 77-7,37.22855183,126.6292286,장항제련소,20230101,"국가폭력, 선감학원, 조선소년령, 이하라 히로미츠, 경기창작센터",M,미디어 & 엔터테인먼트/음악 애호가/월드 뮤직 팬,12,12,20231230
20231200573,대전발 0시50분이 떠나기 전에 - 대전 원도심 근대문화탐방로,"대전광역시는 경부선(1905)와 호남선(1914)이 분기하는 철도의 도시다. 조그마한 한촌이었던 대전은 충청남도 도청이 1932년 충청남도 공주에서 옮겨옴으로써 비약적인 발전을 하게 된다. 대전역을 중심으로 형성되었던 중심가는 충청남도 도청과 대전역을 잇는 도로(현재의 중앙로) 변으로 확장되었다. 대전의 원도심인 중구와 동구 일대에는 일제강점기부터 현대에 이르기까지 다양한 시간의 층위를 가지는 근대유산들이 산재해 있다. 대전시는 2010년대 들어 원도심 활성화에 적극적으로 나서, 2017년부터 근대문화예술 특구 사업을 진행하고 있다. 특구 사업의 일환으로 5㎞가 넘는 근대문화탐방로를 지정했는데, 탐방로를 따라 9곳의 근현대 건축물을 둘러볼 수 있다. 탐방로가 아니더라도 대전 원도심 곳곳에서 근현대사를 배우고 성찰케 하는 근대문화유산들을 만날 수 있다.",공간으로 읽는 근대문화 역사유산,근대 거리를 거닐다,https://minio.nculture.org/amsweb-opt/multimedia_assets/84/30460/22711/c/%EB%8C%80%EC%A0%84_%EB%8C%80%EC%A0%84%EC%9B%90%EB%8F%84%EC%8B%AC%EA%B7%BC%EB%8C%80%EB%AC%B8%ED%99%94%EC%9C%A0%EC%82%B0_20191106_094020-thumb.jpg,https://ncms.nculture.org/legacy/story/4544,근대-일제강점기(1910.8.22~1945.8.14),대전광역시,동구,대전 동구 중앙로 215 대전역,36.33439767,127.43211,대전근현대사 전시관,20230101,"목척교, 대전 철도관사촌, 옛 충청남도 도청, 대전역",F,음식 & 다이닝/요리 매니아/셰프 지망생,12,12,20231230
20231200574,1882년 임오군란 이후 한국에 들어온 자장면,"자장면(炸醬麵)은 장을 튀겨 면에 비벼먹은 음식이라는 의미이다. 여기서 튀기는 장은 콩 70%와 밀 30%를 섞어 짜게 발효시킨 면장(麵醬)인데 중국 산둥지역에서 주로 담궈 먹었다고 한다. 1882년 임오군란이 일어난 후 청나라와 조선은 ‘상민수륙무역장정(商民水陸貿易章程이라는 조약을 체결하는데, 이 조약으로 청나라와 조선의 상인들은 자유롭게 무역을 할 수 있게 되었다. 상민수륙무역장정에 따라 청나라 사람들 특히 주로 중국 산둥 지방 사람들이 인천등 개항장에 이주하기 시작하였다. 산동지방의 향토음식이 한국에 정착한 것이 짜장면이다.",근대 신문으로 보는 음식,개항 이후 들어온 음식과 식재료,https://minio.nculture.org/amsweb-opt/multimedia_assets/5/13787/20519/c/13787-thumb.jpg,https://ncms.nculture.org/legacy/story/2753,근대-개항기(1864~1910),인천광역시,중구,인천광역시 중구 선린동,37.474508,126.618205,인천항,20230101,"화교, 인천, 산둥음식",M,뉴스 & 정치/열렬한 뉴스 독자/열렬한 비즈니스 뉴스 독자,12,12,20231230
20231200575,1882년 임오군란 이후 한국에 들어온 자장면,"자장면(炸醬麵)은 장을 튀겨 면에 비벼먹은 음식이라는 의미이다. 여기서 튀기는 장은 콩 70%와 밀 30%를 섞어 짜게 발효시킨 면장(麵醬)인데 중국 산둥지역에서 주로 담궈 먹었다고 한다. 1882년 임오군란이 일어난 후 청나라와 조선은 ‘상민수륙무역장정(商民水陸貿易章程이라는 조약을 체결하는데, 이 조약으로 청나라와 조선의 상인들은 자유롭게 무역을 할 수 있게 되었다. 상민수륙무역장정에 따라 청나라 사람들 특히 주로 중국 산둥 지방 사람들이 인천등 개항장에 이주하기 시작하였다. 산동지방의 향토음식이 한국에 정착한 것이 짜장면이다.",근대 신문으로 보는 음식,개항 이후 들어온 음식과 식재료,https://minio.nculture.org/amsweb-opt/multimedia_assets/5/13787/20519/c/13787-thumb.jpg,https://ncms.nculture.org/legacy/story/2753,근대-개항기(1864~1910),인천광역시,중구,인천광역시 중구 선린동,37.474508,126.618205,인천항,20230101,"화교, 인천, 산둥음식",M,여행/여행 매니아,12,12,20231230
20231200576,전통배추를 밀어내고 김치의 원료가 된 결구배추,"배추김치의 주재료인 배추는 조선시대까지 한양과 개성에서 자란 것이 유명했다. 이 배추는 배추잎이 절반정도 뭉친 반결구종으로, 무게는 결구종보다 적고 생육기간도 길었다. 임오군란 이후 중국인들이 한국땅에 살고 중국과 왕래하면서 중국의 결구배추가 들어오게 된다. 결구배추는 배추잎이 서로 감싸 완전히 뭉친 것인데 생육기간이 짧고 크기도 컸다. 일제강점기 반결구배추가 병충해에 시달리면서 결구종 배추가 보급되어 오늘날 김치를 만드는 배추는 결구종배추가 주를 이루게 되었다.",근대 신문으로 보는 음식,전통 음식과 식재료의 변화,,https://ncms.nculture.org/legacy/story/2831,근대-일제강점기(1910.8.22~1945.8.14),,,,,,덕천,20230101,"배추김치, 호배추, 결구배추",F,음식 & 다이닝/자주 외식/끼니별 외식/점심 외식을 주로하는 사람,12,11,20231230
20231200577,전통배추를 밀어내고 김치의 원료가 된 결구배추,"배추김치의 주재료인 배추는 조선시대까지 한양과 개성에서 자란 것이 유명했다. 이 배추는 배추잎이 절반정도 뭉친 반결구종으로, 무게는 결구종보다 적고 생육기간도 길었다. 임오군란 이후 중국인들이 한국땅에 살고 중국과 왕래하면서 중국의 결구배추가 들어오게 된다. 결구배추는 배추잎이 서로 감싸 완전히 뭉친 것인데 생육기간이 짧고 크기도 컸다. 일제강점기 반결구배추가 병충해에 시달리면서 결구종 배추가 보급되어 오늘날 김치를 만드는 배추는 결구종배추가 주를 이루게 되었다.",근대 신문으로 보는 음식,전통 음식과 식재료의 변화,,https://ncms.nculture.org/legacy/story/2831,근대-일제강점기(1910.8.22~1945.8.14),,,,,,덕천,20230101,"배추김치, 호배추, 결구배추",F,라이프스타일 & 취미/친환경 라이프스타일,12,11,20231230
20231200578,"누룩, 국가가 통제하다.",누룩은 곡식을 발효시켜 술로 만들 때 필요한 발효제이다. 전근대 시기 누룩은 주로 밀로 만들었는데 밀 농사를 지은 농민들이 부업으로 만들어 장에서 팔았다. 일제시대 대규모로 누룩을 제조하는 공장들이 출현하였는데 농촌에서 부업으로 만드는 누룩도 공존하였다. 1930년대 일제는 누룩 제조를 특정 공장에만 허가하고 전매권을 주었다. 다양하게 만들어지던 누룩은 국가에 의해 통제되었다.,근대 신문으로 보는 음식,전통 음식과 식재료의 변화,https://minio.nculture.org/amsweb-opt/multimedia_assets/202/25909/7566/c/25909-thumb.jpg,https://ncms.nculture.org/legacy/story/2727,근대-일제강점기(1910.8.22~1945.8.14),부산광역시,금정구,부산광역시 금정구 금성동 554-1 금정산성 막걸리 찾아가는 양조장,35.250417,129.056476,부산 산성마을,20230101,"곡자화시, 곡자제조장, 산성누룩, 재래종 밀",F,음식 & 다이닝/자주 외식/끼니별 외식/저녁 외식을 주로하는 사람,12,11,20231230
20231200579,"동양 최초의 바다 밑 터널, 통영 해저터널","통영반도 남단과 미륵도를 연결하는 통영 해저터널은 동양 최초의 해저터널이다. 일제강점기 이전부터 통영으로 이주해온 일본인 이주 어민들은 연안에서 어로 활동을 하며 물고기 떼를 쫓아 빠르게 이동할 필요가 있었는데, 미륵도와 통영 사이의 해협이 너무 좁아 미륵도를 빙 돌아 가야 하는 불편함이 있었다. 그래서 일제는 1932년 통영운하를 완공했다. 통영운하 개통 후 운하를 건너다니도록 하기 위해 교량 대신 만든 것이 해저터널이다. 터널을 만든 지역은 판데목이라는 곳인데, 임진왜란 한산대첩 때 많은 왜군이 이순신의 학익진에 대패해 판데목 부근에서 수장됐다고 한다. 일본인들이 조상의 유해 위로 건너다닐 수 없어서 해저터널을 팠다는 이야기도 전해진다.",공간으로 읽는 근대문화 역사유산,"빼앗긴 들, 뒤틀린 근대",https://minio.nculture.org/amsweb-opt/multimedia_assets/140/85835/93850/c/%ED%86%B5%EC%98%81-%ED%95%B4%EC%A0%80%ED%84%B0%EB%84%90-%281%29_rev-thumb.jpg,https://ncms.nculture.org/legacy/story/2936,근대-일제강점기(1910.8.22~1945.8.14),경상남도,통영시,경상남도 통영시 도남로 57-1,34.834788,128.40991,충무교,20230101,"통영 해저터널, 통영운하, 충무공 이순신, 판데목, 미륵도",F,스포츠 & 피트니스/스포츠 팬,12,11,20231230
20231200580,근대의 슬픔이 오롯이 남은 항구 - 목포 근대역사문화공간,"1897년 개항한 전라남도 목포시는 일제강점기를 거치며 조선 4대 항구이자 6대 도시로 꼽히는 근대도시로 성장했다. 현재 유달동, 만호동에 해당하는 목포의 구 도심은 일본 등 외국자본에 의해서 간척된 계획도시였다. 만호동과 유달동 일대의 번영로에 근대건축 유산이 집중되어 있다. 문화재청은 2018년 8월 6일 이 일대 11만4,038㎡(602필지)를 ‘목포 근대역사문화공간’이라는 이름으로 등록문화재 제718호로 지정했다. 기존 ‘점’(點) 단위 개별 문화재 중심의 보존에서 탈피해 문화재청이 ‘선(線)?면(面)’ 단위 문화재 등록제도를 도입한 첫 사례이다. 등록문화재로 지정된 개별 건축물은 15개로, 일본식 가옥 4곳, 구 목포부립병원 관사, 구 목포 일본기독교회, 상가주택 6곳, 구 동아부인상회 목포지점, 목포 해안로 붉은 벽돌창고, 구 목포 화신연쇄점이 포함되어 있다.",공간으로 읽는 근대문화 역사유산,근대 거리를 거닐다,https://minio.nculture.org/amsweb-opt/multimedia_assets/70/30448/22531/c/%EB%AA%A9%ED%8F%AC-%EA%B7%BC%EB%8C%80%EB%AC%B8%ED%99%94%EC%97%AD%EC%82%AC%EA%B3%B5%EA%B0%84_%EB%AA%A9%ED%8F%AC-%EB%B2%88%ED%99%94%EB%A1%9C-%EC%9D%BC%EB%B3%B8%EC%8B%9D%EA%B0%80%EC%98%A5-12019-12-07-12.45.44-thumb.jpg,https://ncms.nculture.org/legacy/story/4542,근대-일제강점기(1910.8.22~1945.8.14),전라남도,목포시,전라남도 목포시 번화로 25,34.78630756,126.3823141,동아부인상회 목포지점,20230101,"목포 구 도심, 구 동아부인상회 목포지점, 목포의 눈물",F,여행/여행 매니아,12,11,20231230
20231200581,"민주주의가 자라다, 인천 제물포고등학교 강당","인천 제물포고등학교 강당은 1935년 인천 공립중학교의 강당으로 세워졌다. 화강석 기단 위에 적벽돌을 쌓아 지은 건물이다. 지하 1층, 지상 1층인 외관은 간결하며 기능 중심으로 설계되었다. 내부는 너비가 15m에 이르지만, 중간 기둥 없이 하나의 공간을 이루도록 했다. 일본인 학교였던 인천 공립학교는 해방 후 학제 변경으로 1954년 제물포고등학교 강당이 되었다. 제물포고등학교 설립을 주도했고 초대 교장이었던 교육자 길영희 선생은 ‘성덕당’이라고 불리는 강당에서 전교생에게 양심적인 나라의 일꾼이 되라고 열변을 토했다고 한다. 성덕당은 당대 인사들의 특강 장소이자 학생들의 자유로운 토론의 장으로 활용되었다. 1930년대 세워졌던 옛 학교 건물들은 모두 사라졌지만, 성덕당은 남아 제물포고등학교의 역사와 전통을 상징하는 공간으로 꼽힌다.",공간으로 읽는 근대문화 역사유산,근대의 산실 학교,https://minio.nculture.org/amsweb-opt/multimedia_assets/88/14595/20088/c/14595-thumb.jpg,https://ncms.nculture.org/legacy/story/2821,근대-일제강점기(1910.8.22~1945.8.14),인천광역시,중구,인천광역시 중구 자유공원로 58-9,37.476895,126.62402,인천 제물포고등학교,20230101,"제물포고등학교, 성덕당, 길영희, 무감독시험, 등록문화재 제427호, 인천 공립중학교, 제물포고등학교 강당, 망사드르지붕, 인천 자유공원, 무감독 시험, 인천역",M,미디어 & 엔터테인먼트/TV 대중 시청자,12,11,20231230
20231200582,"민주주의가 자라다, 인천 제물포고등학교 강당","인천 제물포고등학교 강당은 1935년 인천 공립중학교의 강당으로 세워졌다. 화강석 기단 위에 적벽돌을 쌓아 지은 건물이다. 지하 1층, 지상 1층인 외관은 간결하며 기능 중심으로 설계되었다. 내부는 너비가 15m에 이르지만, 중간 기둥 없이 하나의 공간을 이루도록 했다. 일본인 학교였던 인천 공립학교는 해방 후 학제 변경으로 1954년 제물포고등학교 강당이 되었다. 제물포고등학교 설립을 주도했고 초대 교장이었던 교육자 길영희 선생은 ‘성덕당’이라고 불리는 강당에서 전교생에게 양심적인 나라의 일꾼이 되라고 열변을 토했다고 한다. 성덕당은 당대 인사들의 특강 장소이자 학생들의 자유로운 토론의 장으로 활용되었다. 1930년대 세워졌던 옛 학교 건물들은 모두 사라졌지만, 성덕당은 남아 제물포고등학교의 역사와 전통을 상징하는 공간으로 꼽힌다.",공간으로 읽는 근대문화 역사유산,근대의 산실 학교,https://minio.nculture.org/amsweb-opt/multimedia_assets/88/14595/20088/c/14595-thumb.jpg,https://ncms.nculture.org/legacy/story/2821,근대-일제강점기(1910.8.22~1945.8.14),인천광역시,중구,인천광역시 중구 자유공원로 58-9,37.476895,126.62402,인천 제물포고등학교,20230101,"제물포고등학교, 성덕당, 길영희, 무감독시험, 등록문화재 제427호, 인천 공립중학교, 제물포고등학교 강당, 망사드르지붕, 인천 자유공원, 무감독 시험, 인천역",M,미디어 & 엔터테인먼트/TV 애호가/드라마 팬,12,11,20231230
20231200583,고종황제를 매혹시킨 커피,커피는 개항이후 조선의 궁궐인 경복궁이나 덕수궁에서 서양인을 접대할 때 사용되었다. 고종은 커피를 상당히 좋아했다. 서양인 선교사들은 커피를 가지고 한국에 왔는데 한국인에게 대접하기도 하였다. 일제시대 커피는 일반인들에게 많이 퍼져서 1930년대 후반에는 다방도 많이 생겼다. 이 시기 커피는 원두를 갈아 주전자에 끓여 체에 받쳐 걸러 먹었다. 1930년대 후반 전쟁으로 수입이 통제되면서 커피의 사용은 줄어들었다.,근대 신문으로 보는 음식,개항 이후 들어온 음식과 식재료,https://minio.nculture.org/amsweb-opt/multimedia_assets/221/14820/2419/c/14820-thumb.jpg,https://ncms.nculture.org/legacy/story/2853,근대-개항기(1864~1910),서울특별시,중구,서울특별시 중구 정동 세종대로 99,37.565807,126.975143,대불호텔,20230101,"고종황제, 다방, 원두, 선교사, 접대",F,뉴스 & 정치/열렬한 뉴스 독자/열렬한 정치 뉴스 독자,12,11,20231230
20231200584,일본인 거리의 의미를 묻다 - 포항 구룡포 근대문화역사거리,경상북도 포항시 구룡포는 1900년부터 일본 어부들이 어업 근거지로 삼으면서 근대 항구가 되었다. 일본인들은 일제강점기부터 본국의 지원을 받으면서 구룡포로 이주하기 시작했다. 구룡포에 정착한 일본인 가운데는 가가와현 출신이 많았다. 이들은 일본 타 지역 출신들과 경쟁관계에 있었으나 1920년대부터 1930년대 중반까지 2차례에 걸친 축항 공사를 통해 방파제를 쌓고 일본인 거리를 확장했다. 구룡포의 조선인들은 상당수가 일본 선주들에게 고용돼 어로 노동자로 일했다. 구룡포의 조선인과 일본인 거주 공간도 달랐다. 일제강점기 극소수의 일본 선주들은 전체 어획 소득의 절반가량을 가져갔다. 일본인들이 부를 늘려감에 따라 구룡포의 일본인 거리도 계속 확장됐다. 그러나 1945년 갑작스러운 패망으로 일본인은 자신들 나라로 돌아갔다. 포항시는 2011년부터 ‘구룡포 근대역사문화거리’를 조성했다. 가가와 출신 어부들의 중심인물로 구룡포에서 부를 쌓은 하시모토가 1923년 지은 일본식 집은 구룡포 근대역사관이 되었다. 그러나 문화재청은 하시모토의 집과 일본 가옥의 등록문화재 지정 신청을 보류했다. 구룡포 근대역사문화거리는 역사 인식의 측면에서 계속 비판이 제기되고 있다.,공간으로 읽는 근대문화 역사유산,근대 거리를 거닐다,https://minio.nculture.org/amsweb-opt/3ds/234/84339/84339_thumbnail.jpg,https://ncms.nculture.org/legacy/story/4534,근대-일제강점기(1910.8.22~1945.8.14),경상북도,포항시,경북 포항시 남구 구룡포읍 구룡포길 147-2,35.99079907,129.5609111,구룡포 근대 역사관,20230101,"어업, 일제강점기, 근대역사관",M,미디어 & 엔터테인먼트/게이머/하드코어 게이머,12,11,20231230
20231200585,일본인 거리의 의미를 묻다 - 포항 구룡포 근대문화역사거리,경상북도 포항시 구룡포는 1900년부터 일본 어부들이 어업 근거지로 삼으면서 근대 항구가 되었다. 일본인들은 일제강점기부터 본국의 지원을 받으면서 구룡포로 이주하기 시작했다. 구룡포에 정착한 일본인 가운데는 가가와현 출신이 많았다. 이들은 일본 타 지역 출신들과 경쟁관계에 있었으나 1920년대부터 1930년대 중반까지 2차례에 걸친 축항 공사를 통해 방파제를 쌓고 일본인 거리를 확장했다. 구룡포의 조선인들은 상당수가 일본 선주들에게 고용돼 어로 노동자로 일했다. 구룡포의 조선인과 일본인 거주 공간도 달랐다. 일제강점기 극소수의 일본 선주들은 전체 어획 소득의 절반가량을 가져갔다. 일본인들이 부를 늘려감에 따라 구룡포의 일본인 거리도 계속 확장됐다. 그러나 1945년 갑작스러운 패망으로 일본인은 자신들 나라로 돌아갔다. 포항시는 2011년부터 ‘구룡포 근대역사문화거리’를 조성했다. 가가와 출신 어부들의 중심인물로 구룡포에서 부를 쌓은 하시모토가 1923년 지은 일본식 집은 구룡포 근대역사관이 되었다. 그러나 문화재청은 하시모토의 집과 일본 가옥의 등록문화재 지정 신청을 보류했다. 구룡포 근대역사문화거리는 역사 인식의 측면에서 계속 비판이 제기되고 있다.,공간으로 읽는 근대문화 역사유산,근대 거리를 거닐다,https://minio.nculture.org/amsweb-opt/3ds/234/84339/84339_thumbnail.jpg,https://ncms.nculture.org/legacy/story/4534,근대-일제강점기(1910.8.22~1945.8.14),경상북도,포항시,경북 포항시 남구 구룡포읍 구룡포길 147-2,35.99079907,129.5609111,구룡포 근대 역사관,20230101,"어업, 일제강점기, 근대역사관",M,미디어 & 엔터테인먼트/게이머/롤플레잉 게임 팬,12,11,20231230
20231200586,"한센인들의 한숨과 눈물, 손양원의 사랑 - 여수 구 애양원교회와 애양병원","전라남도 여수시 율촌면 신풍리 애양원은 1911년 문을 연 광주 나병원이 뿌리다. 한센병 환자가 몰리자, 광주 나병원의 원장 윌슨 선교사는 신풍리로 근거지를 옮기기로 했다. 한센인에 대한 사회적 편견과 차별 때문에 600여 환우는 ‘눈물의 이주’를 해야 했다. 여수에 지어진 애양병원과 애양원교회는 비록 격리정책에 따른 수용시설이지만, 한센인들에게는 의지할 수 있는 공동체의 구심점이 되었다. 특히 애양원교회 2대 목사로 부임한 「사랑의 원자탄」 손양원 목사는 헌신적으로 사랑의 봉사를 실천했다. 한센병 환자는 줄어들고, 한센병은 퇴치되었으나, 한센인의 고통과 한센인을 정성으로 돌보았던 손길들을 되돌아 볼 수 있는 공간으로서 구 애양병원(현 애양 역사박물관)과 애양원교회는 중요한 공간이다.",공간으로 읽는 근대문화 역사유산,근대 의술과 인술 사이에서,https://minio.nculture.org/amsweb-opt/3ds/15/84370/84370_thumbnail.jpg,https://ncms.nculture.org/legacy/story/777,근대-일제강점기(1910.8.22~1945.8.14),전라남도,여수시,전라남도 여수시 율촌면 도성길 30-15,34.84224228,127.6300468,손양원 기념 공원,20230101,"광주 나병원, 우일선, 애양원교회, 한센병, 도성농원, 애양 역사 박물관, 손양원",F,미디어 & 엔터테인먼트/음악 애호가/팝 음악 팬,12,11,20231230
20231200587,일제강점기 초밥으로 만든 김밥,"김은 조선시대부터 전라도의 특산물로 기록에 남아있지만 김밥에 대한 기록은 일제강점기 밥에 초를 넣고 계란지단, 덴부(도미살을 분홍색으로 물들인 것) 등을 속으로 하여 김에 싼다고 나온다. 식초로 간을 한 김밥은 해방 후의 신문기사에서도 그 조리법이 보인다. 오늘날의 김밥은 식초보다 참기름과 소금으로 간을 한다. 김밥의 대중화는 일제강점기 김이 어느 정도 생산되고 일본의 도시락 문화가 정착되면서 만들어졌다.",근대 신문으로 보는 음식,개항 이후 들어온 음식과 식재료,,https://ncms.nculture.org/legacy/story/2951,시대미상,,,,,,청파동,20230101,"노리마기스시, 통영김밥, 김쌈밥, 초밥, 김밥",M,미디어 & 엔터테인먼트/영화 애호가,12,11,20231230
20231200588,음식점 반찬에서 빠지지 않는 단무지,일제시대부터 음식점의 필수반찬이 되었던 단무지는 일본사람이 일상적으로 먹는 다꾸앙쓰케에서 유래하였다. 일제시대 조선사람들이 가정에서 다꾸앙쓰케를 담가 먹는 일은 굉장히 드물었는데 조선의 김치문화가 많이 발달했기 때문이다. 그러나 다꾸앙쓰케 즉 단무지는 식당의 밑반찬으로는 유용했다. 해방후에는 많은 단무지 공장이 생겨서 식당등 대규모 급식소에 단무지를 공급하였다.,근대 신문으로 보는 음식,개항 이후 들어온 음식과 식재료,https://minio.nculture.org/amsweb-opt/multimedia_assets/158/14757/20013/c/14757-thumb.jpg,https://ncms.nculture.org/legacy/story/2764,현대-현대(1945.8.15~현재),서울특별시,종로구,서울특별시 종로구 인사동길 35-4 플무원 김치박물관,37.573609,126.984864,충남 연기군,20230101,"다꾸앙스케, 겨울단무지, 여름단무지, 단무지공장",F,뉴스 & 정치/열렬한 뉴스 독자/연예 뉴스 매니아,12,11,20231230
20231200589,1882년 임오군란 이후 한국에 들어온 자장면,"자장면(炸醬麵)은 장을 튀겨 면에 비벼먹은 음식이라는 의미이다. 여기서 튀기는 장은 콩 70%와 밀 30%를 섞어 짜게 발효시킨 면장(麵醬)인데 중국 산둥지역에서 주로 담궈 먹었다고 한다. 1882년 임오군란이 일어난 후 청나라와 조선은 ‘상민수륙무역장정(商民水陸貿易章程이라는 조약을 체결하는데, 이 조약으로 청나라와 조선의 상인들은 자유롭게 무역을 할 수 있게 되었다. 상민수륙무역장정에 따라 청나라 사람들 특히 주로 중국 산둥 지방 사람들이 인천등 개항장에 이주하기 시작하였다. 산동지방의 향토음식이 한국에 정착한 것이 짜장면이다.",근대 신문으로 보는 음식,개항 이후 들어온 음식과 식재료,https://minio.nculture.org/amsweb-opt/multimedia_assets/5/13787/20519/c/13787-thumb.jpg,https://ncms.nculture.org/legacy/story/2753,근대-개항기(1864~1910),인천광역시,중구,인천광역시 중구 선린동,37.474508,126.618205,인천항,20230101,"화교, 인천, 산둥음식",M,미디어 & 엔터테인먼트/영화 애호가,12,11,20231230
20231200590,1882년 임오군란 이후 한국에 들어온 자장면,"자장면(炸醬麵)은 장을 튀겨 면에 비벼먹은 음식이라는 의미이다. 여기서 튀기는 장은 콩 70%와 밀 30%를 섞어 짜게 발효시킨 면장(麵醬)인데 중국 산둥지역에서 주로 담궈 먹었다고 한다. 1882년 임오군란이 일어난 후 청나라와 조선은 ‘상민수륙무역장정(商民水陸貿易章程이라는 조약을 체결하는데, 이 조약으로 청나라와 조선의 상인들은 자유롭게 무역을 할 수 있게 되었다. 상민수륙무역장정에 따라 청나라 사람들 특히 주로 중국 산둥 지방 사람들이 인천등 개항장에 이주하기 시작하였다. 산동지방의 향토음식이 한국에 정착한 것이 짜장면이다.",근대 신문으로 보는 음식,개항 이후 들어온 음식과 식재료,https://minio.nculture.org/amsweb-opt/multimedia_assets/5/13787/20519/c/13787-thumb.jpg,https://ncms.nculture.org/legacy/story/2753,근대-개항기(1864~1910),인천광역시,중구,인천광역시 중구 선린동,37.474508,126.618205,인천항,20230101,"화교, 인천, 산둥음식",M,뉴스 & 정치/열렬한 뉴스 독자/열렬한 정치 뉴스 독자,12,11,20231230
20231200591,영국에서 일본을 거쳐 들어온 카레,"오늘날 한국의 카레는 인도의 카레요리를 영국이 기존의 스튜요리와 접목시켜 변형한 것을 미국이 받아들이고 이것을 다시 일본이 받아들인 것이 한국에 정착된 것이다. 한국에서 최초로 카레를 요리해 먹은 사람은 영국의 지리학자인 이사벨라 버드 비숍여사였다. 일제 강점기 한국의 카레요리는 일본의 카레가 정착된 것으로, 1920-30년대 신문에서는 가정에서 만드는 법을 소개하여 가정요리로 정착하였다. 이 시기 카레는 오늘날 카레와 달리 밀가루를 따로 볶고 야채와 물을 넣고 끓이면서 향신료인 카레가루도 별도로 넣었다.&nbsp;",근대 신문으로 보는 음식,개항 이후 들어온 음식과 식재료,https://minio.nculture.org/amsweb-opt/multimedia_assets/202/14801/19918/c/14801-thumb.jpg,https://ncms.nculture.org/legacy/story/2980,근대-일제강점기(1910.8.22~1945.8.14),,,,,,,20230101,"카레, 양식형 일본음식, 카레가루, 밀가루, 향신료가루 믹스제품",M,뉴스 & 정치/열렬한 뉴스 독자/연예 뉴스 매니아,12,11,20231230
20231200592,"서울 최초의 근대 백화점, 미츠코시 백화점 경성지점","미츠코시 백화점 경성지점은 서울특별시에 세워진 최초의 근대식 백화점이다. 미츠코시 오복점이 1929년에 지점으로 승격되면서 본격적으로 백화점의 면모를 갖추게 되었다. 대형 백화점의 등장은 정찰제 판매, 박리다매 전략의 등장으로 우리나라 유통에 큰 변화를 불러왔다. 미츠코시 백화점은 일반 시민들에게 일상적인 공간으로 자리 잡았으나 이면에는 일제강점기 소비문화의 모순이 감춰져 있기도 했다. 현재는 서울특별시 중구 신세계백화점 본점 본관으로 사용되고 있다.",공간으로 읽는 근대문화 역사유산,"근대, 한반도에 발을 딛다",https://minio.nculture.org/amsweb-opt/multimedia_assets/125/85820/93650/c/%EA%B5%AC-%EB%AF%B8%EC%93%B0%EC%BD%94%EC%8B%9C-%EA%B2%BD%EC%84%B1%EC%A7%80%EC%A0%90-%281%29_rev-thumb.jpg,https://ncms.nculture.org/legacy/story/7134,근대-일제강점기(1910.8.22~1945.8.14),서울특별시,중구,서울특별시 중구 소공로 63,37.56091902,126.980979,신세계백화점 본점,20230101,"백화점, 미츠코시, 이상, 채만식",M,뉴스 & 정치/열렬한 뉴스 독자,12,10,20231230
20231200593,우리나라 최초의 철근 콘크리트 다리  - 강원 화천 꺼먹다리,"일제강점기 말에 건설된 화천댐과 더불어 만들어진 꺼먹다리는 화천군 간동면 구만리와 화천읍 대이리를 잇는 우리나라 최초의 철근 콘크리트 교량이다. 나무로 된 상판에 검은색 콜타르를 칠한 모습에서 꺼먹다리라는 이름이 붙었다. 1940년대에 일제가 교각을 세웠고, 해방 후에는 화천지역에서 군정을 실시했던 소련이 철골을 올렸으며, 한국전쟁 당시에 남한이 다리 상판을 얹어 뜻하지 않게 3국 합작품이 된 묘한 이력을 가지고 있다. 한국전쟁 당시 파로호 전투로 인해 꺼먹다리에는 아직도 포탄과 총탄 흔적이 남아있다. 당시 전투에서 국군, 유엔군, 북한군, 중공군을 모두 합해 10만여 명이 전사했다. 수많은 전투를 치렀음에도 불구하고 건립 당시의 원형을 비교적 잘 보전하고 있는 꺼먹다리는 산업과 교량의 역사 연구에 중요한 자료로 평가된다. 다리에는 군 입대를 앞둔 남자와 그 애인이 다리 양끝에서 출발해 한가운데서 만나면 남자가 군복무를 마칠 때까지 여자가 ‘고무신을 거꾸로 신지 않는다’는 이야기가 전해지고 있다.",공간으로 읽는 근대문화 역사유산,근대를 떠받친 토목시설과 광산,,https://ncms.nculture.org/legacy/story/1016,근대-일제강점기(1910.8.22~1945.8.14),강원특별자치도,화천군,"강원도 화천군 화천읍 평화로 656 외 1필지, 간동면 구만리 산9-1",38.10342519,127.761732,파로호,20230101,"화천댐, 화천수력발전소, 파로호, 파로호전투, 대붕호, 구만리, 처녀고개, 화천전투",F,미디어 & 엔터테인먼트/TV 애호가,12,10,20231230
20231200594,우리나라 최초의 철근 콘크리트 다리  - 강원 화천 꺼먹다리,"일제강점기 말에 건설된 화천댐과 더불어 만들어진 꺼먹다리는 화천군 간동면 구만리와 화천읍 대이리를 잇는 우리나라 최초의 철근 콘크리트 교량이다. 나무로 된 상판에 검은색 콜타르를 칠한 모습에서 꺼먹다리라는 이름이 붙었다. 1940년대에 일제가 교각을 세웠고, 해방 후에는 화천지역에서 군정을 실시했던 소련이 철골을 올렸으며, 한국전쟁 당시에 남한이 다리 상판을 얹어 뜻하지 않게 3국 합작품이 된 묘한 이력을 가지고 있다. 한국전쟁 당시 파로호 전투로 인해 꺼먹다리에는 아직도 포탄과 총탄 흔적이 남아있다. 당시 전투에서 국군, 유엔군, 북한군, 중공군을 모두 합해 10만여 명이 전사했다. 수많은 전투를 치렀음에도 불구하고 건립 당시의 원형을 비교적 잘 보전하고 있는 꺼먹다리는 산업과 교량의 역사 연구에 중요한 자료로 평가된다. 다리에는 군 입대를 앞둔 남자와 그 애인이 다리 양끝에서 출발해 한가운데서 만나면 남자가 군복무를 마칠 때까지 여자가 ‘고무신을 거꾸로 신지 않는다’는 이야기가 전해지고 있다.",공간으로 읽는 근대문화 역사유산,근대를 떠받친 토목시설과 광산,,https://ncms.nculture.org/legacy/story/1016,근대-일제강점기(1910.8.22~1945.8.14),강원특별자치도,화천군,"강원도 화천군 화천읍 평화로 656 외 1필지, 간동면 구만리 산9-1",38.10342519,127.761732,파로호,20230101,"화천댐, 화천수력발전소, 파로호, 파로호전투, 대붕호, 구만리, 처녀고개, 화천전투",F,뉴스 & 정치/열렬한 뉴스 독자/열렬한 비즈니스 뉴스 독자,12,10,20231230
20231200595,인천육군조병창(仁川陸軍造兵廠),"인천육군조병창은 당시 경기도 부천군 부내면 대정리, 현 부평구 산곡동에 건립되었으며 이곳에 본부와 제1제조소가 있었다. 인천육군조병창은 제1제조소 외에도 평양역 인근에 평양제조소를 예하에 두고 있었다. 인천육군조병창의 주요 임무는 99식 소총·총검·군도 등의 생산 및 수리였다. 인천 부평에 병기공장을 건립하게 된 배경에는 1937년 시작된 중일전쟁의 장기화에 따라, “만선(滿鮮) 북지(北)에 대한 수송의 신속 안전 및 조선 내 병기 공업 능력의 비약적 발전”을 기하기 위함이었다.","한반도 유일한, 부평의 인천육군조병창 이야기",,https://minio.nculture.org/amsweb-opt/multimedia_assets/70/86030/95821/c/%EC%9D%B8%EC%B2%9C%EC%9C%A1%EA%B5%B0%EC%A1%B0%EB%B3%91%EC%B0%BD%EC%9D%98-%EB%B3%B8%EB%B6%80%EA%B1%B4%EB%AC%BC%28%EB%B3%91%EC%9B%90%29_%28%EB%B6%80%ED%8F%89%EB%AC%B8%ED%99%94%EC%9B%90%29-thumb.jpg,https://ncms.nculture.org/legacy/story/8764,,인천광역시,부평구,인천광역시 부평구 안남로 146 (부영공원),37.49590926,126.7098147,부평문화원,20230101,"인천육군조병창, 일제강점기, 고쿠라육군조병창, 아시아태평양전쟁",M,미디어 & 엔터테인먼트/TV 대중 시청자,12,10,20231230
20231200596,인천육군조병창(仁川陸軍造兵廠),"인천육군조병창은 당시 경기도 부천군 부내면 대정리, 현 부평구 산곡동에 건립되었으며 이곳에 본부와 제1제조소가 있었다. 인천육군조병창은 제1제조소 외에도 평양역 인근에 평양제조소를 예하에 두고 있었다. 인천육군조병창의 주요 임무는 99식 소총·총검·군도 등의 생산 및 수리였다. 인천 부평에 병기공장을 건립하게 된 배경에는 1937년 시작된 중일전쟁의 장기화에 따라, “만선(滿鮮) 북지(北)에 대한 수송의 신속 안전 및 조선 내 병기 공업 능력의 비약적 발전”을 기하기 위함이었다.","한반도 유일한, 부평의 인천육군조병창 이야기",,https://minio.nculture.org/amsweb-opt/multimedia_assets/70/86030/95821/c/%EC%9D%B8%EC%B2%9C%EC%9C%A1%EA%B5%B0%EC%A1%B0%EB%B3%91%EC%B0%BD%EC%9D%98-%EB%B3%B8%EB%B6%80%EA%B1%B4%EB%AC%BC%28%EB%B3%91%EC%9B%90%29_%28%EB%B6%80%ED%8F%89%EB%AC%B8%ED%99%94%EC%9B%90%29-thumb.jpg,https://ncms.nculture.org/legacy/story/8764,,인천광역시,부평구,인천광역시 부평구 안남로 146 (부영공원),37.49590926,126.7098147,부평문화원,20230101,"인천육군조병창, 일제강점기, 고쿠라육군조병창, 아시아태평양전쟁",M,미디어 & 엔터테인먼트/영화 애호가,12,10,20231230
20231200597,일본 경찰의 고문으로 숨진 28세 독립운동가 - 예천 윤우식 생가,"경상북도 예천군 지보면 신풍리 남석 윤우식 선생의 생가는 16세기에 지어진 고택이다. 1922년 화재로 예전 집은 불탔고, 같은 자리에 규모를 줄여 지은 집이 현재 남아있는 기와집이다. 안채와 사랑채가 튼 입구 자로 배치되어 있고, 옆에는 사당(죽호당)이 있다. 윤우식은 1920년대 후반부터 농민운동을 벌였고, 1934년 ‘예천 무명당’이 결성될 때 참여하여 지보면의 조직을 책임졌다. ‘예천 무명당’은 농민을 넘어 각계각층의 조직을 통해 항일 독립운동을 벌이려 했던 조직이다. 예천 무명당은 1934년 초 일경에 발각되어 무더기로 체포되었고, 윤우식은 지도부 11인으로 모진 고문을 받다가 순국했다. 낙동강이 바라다 보이는 윤우식 생가는 등록문화재 제571호다.",공간으로 읽는 근대문화 역사유산,근현대 인물들의 공간,https://minio.nculture.org/amsweb-opt/3ds/19/84374/84374_thumbnail.jpg,https://ncms.nculture.org/legacy/story/4539,근대-일제강점기(1910.8.22~1945.8.14),경상북도,예천군,경상북도 예천군 지보면 신풍1리길 25,36.53849413,128.4365732,예천박물관,20230101,"남석 윤우식, 예천 무명당, 죽고서원",F,미디어 & 엔터테인먼트/TV 애호가,12,10,20231230
20231200598,고종황제를 매혹시킨 커피,커피는 개항이후 조선의 궁궐인 경복궁이나 덕수궁에서 서양인을 접대할 때 사용되었다. 고종은 커피를 상당히 좋아했다. 서양인 선교사들은 커피를 가지고 한국에 왔는데 한국인에게 대접하기도 하였다. 일제시대 커피는 일반인들에게 많이 퍼져서 1930년대 후반에는 다방도 많이 생겼다. 이 시기 커피는 원두를 갈아 주전자에 끓여 체에 받쳐 걸러 먹었다. 1930년대 후반 전쟁으로 수입이 통제되면서 커피의 사용은 줄어들었다.,근대 신문으로 보는 음식,개항 이후 들어온 음식과 식재료,https://minio.nculture.org/amsweb-opt/multimedia_assets/221/14820/2419/c/14820-thumb.jpg,https://ncms.nculture.org/legacy/story/2853,근대-개항기(1864~1910),서울특별시,중구,서울특별시 중구 정동 세종대로 99,37.565807,126.975143,대불호텔,20230101,"고종황제, 다방, 원두, 선교사, 접대",F,미디어 & 엔터테인먼트/TV 애호가,12,10,20231230
20231200599,고종황제를 매혹시킨 커피,커피는 개항이후 조선의 궁궐인 경복궁이나 덕수궁에서 서양인을 접대할 때 사용되었다. 고종은 커피를 상당히 좋아했다. 서양인 선교사들은 커피를 가지고 한국에 왔는데 한국인에게 대접하기도 하였다. 일제시대 커피는 일반인들에게 많이 퍼져서 1930년대 후반에는 다방도 많이 생겼다. 이 시기 커피는 원두를 갈아 주전자에 끓여 체에 받쳐 걸러 먹었다. 1930년대 후반 전쟁으로 수입이 통제되면서 커피의 사용은 줄어들었다.,근대 신문으로 보는 음식,개항 이후 들어온 음식과 식재료,https://minio.nculture.org/amsweb-opt/multimedia_assets/221/14820/2419/c/14820-thumb.jpg,https://ncms.nculture.org/legacy/story/2853,근대-개항기(1864~1910),서울특별시,중구,서울특별시 중구 정동 세종대로 99,37.565807,126.975143,대불호텔,20230101,"고종황제, 다방, 원두, 선교사, 접대",F,스포츠 & 피트니스/스포츠 팬/축구 팬,12,10,20231230
20231200600,일본인 거리의 의미를 묻다 - 포항 구룡포 근대문화역사거리,경상북도 포항시 구룡포는 1900년부터 일본 어부들이 어업 근거지로 삼으면서 근대 항구가 되었다. 일본인들은 일제강점기부터 본국의 지원을 받으면서 구룡포로 이주하기 시작했다. 구룡포에 정착한 일본인 가운데는 가가와현 출신이 많았다. 이들은 일본 타 지역 출신들과 경쟁관계에 있었으나 1920년대부터 1930년대 중반까지 2차례에 걸친 축항 공사를 통해 방파제를 쌓고 일본인 거리를 확장했다. 구룡포의 조선인들은 상당수가 일본 선주들에게 고용돼 어로 노동자로 일했다. 구룡포의 조선인과 일본인 거주 공간도 달랐다. 일제강점기 극소수의 일본 선주들은 전체 어획 소득의 절반가량을 가져갔다. 일본인들이 부를 늘려감에 따라 구룡포의 일본인 거리도 계속 확장됐다. 그러나 1945년 갑작스러운 패망으로 일본인은 자신들 나라로 돌아갔다. 포항시는 2011년부터 ‘구룡포 근대역사문화거리’를 조성했다. 가가와 출신 어부들의 중심인물로 구룡포에서 부를 쌓은 하시모토가 1923년 지은 일본식 집은 구룡포 근대역사관이 되었다. 그러나 문화재청은 하시모토의 집과 일본 가옥의 등록문화재 지정 신청을 보류했다. 구룡포 근대역사문화거리는 역사 인식의 측면에서 계속 비판이 제기되고 있다.,공간으로 읽는 근대문화 역사유산,근대 거리를 거닐다,https://minio.nculture.org/amsweb-opt/3ds/234/84339/84339_thumbnail.jpg,https://ncms.nculture.org/legacy/story/4534,근대-일제강점기(1910.8.22~1945.8.14),경상북도,포항시,경북 포항시 남구 구룡포읍 구룡포길 147-2,35.99079907,129.5609111,구룡포 근대 역사관,20230101,"어업, 일제강점기, 근대역사관",M,스포츠 & 피트니스/스포츠 팬/야구 팬,12,10,20231230
20231200601,국가폭력의 근대화 - 안산 선감학원 자리,"경기도 단원구 선감동에 일제 강점기 말 설치된 선감학원은 ‘부랑아 수용소’였다. 식민지 행정 기관과 경찰은 길거리에서 자의적 잣대로 청소년들을 단속해 정확한 신원 확인 없이 선감도로 보냈다. 선감도 주민들을 강제로 이주시키고 들어선 선감학원은 수용된 청소년들에게 강제 노역을 시켰다. 소년들은 가혹한 매질과 배고픔에 시달렸으며, 바다를 건너 탈출하려다가 익사한 경우도 많았다. 선감학원은 심한 구타로 숨지거나 익사한 수용생들을 암매장했다. 해방 후에도 식민지 시절의 관행은 그대로 이어뎌 1982년 폐원될 때까지 선감학원은 행정기관과 경찰이 조사 없이 보낸 하층민 청소년들을 수용했다. 현재 선감학원 자리는 경기창작센터로 변했다. 일본인 이하라 히로미츠가 1989년 자전적 소설로 선감학원의 비극을 알렸다. 하지만 지금도 선감학원에서 일어났던 참상은 완전히 밝혀지지 않았으며, 피해자들에게 보상도 이뤄지지 않고 있다.",공간으로 읽는 근대문화 역사유산,"빼앗긴 들, 뒤틀린 근대",https://minio.nculture.org/amsweb-opt/3ds/11/84366/84366_thumbnail.jpg,https://ncms.nculture.org/legacy/story/797,근대-일제강점기(1910.8.22~1945.8.14),경기도,안산시,경기도 안산시 단원구 선감로 77-7,37.22855183,126.6292286,장항제련소,20230101,"국가폭력, 선감학원, 조선소년령, 이하라 히로미츠, 경기창작센터",F,뉴스 & 정치/열렬한 뉴스 독자/연예 뉴스 매니아,12,10,20231230
20231200602,대전발 0시50분이 떠나기 전에 - 대전 원도심 근대문화탐방로,"대전광역시는 경부선(1905)와 호남선(1914)이 분기하는 철도의 도시다. 조그마한 한촌이었던 대전은 충청남도 도청이 1932년 충청남도 공주에서 옮겨옴으로써 비약적인 발전을 하게 된다. 대전역을 중심으로 형성되었던 중심가는 충청남도 도청과 대전역을 잇는 도로(현재의 중앙로) 변으로 확장되었다. 대전의 원도심인 중구와 동구 일대에는 일제강점기부터 현대에 이르기까지 다양한 시간의 층위를 가지는 근대유산들이 산재해 있다. 대전시는 2010년대 들어 원도심 활성화에 적극적으로 나서, 2017년부터 근대문화예술 특구 사업을 진행하고 있다. 특구 사업의 일환으로 5㎞가 넘는 근대문화탐방로를 지정했는데, 탐방로를 따라 9곳의 근현대 건축물을 둘러볼 수 있다. 탐방로가 아니더라도 대전 원도심 곳곳에서 근현대사를 배우고 성찰케 하는 근대문화유산들을 만날 수 있다.",공간으로 읽는 근대문화 역사유산,근대 거리를 거닐다,https://minio.nculture.org/amsweb-opt/multimedia_assets/84/30460/22711/c/%EB%8C%80%EC%A0%84_%EB%8C%80%EC%A0%84%EC%9B%90%EB%8F%84%EC%8B%AC%EA%B7%BC%EB%8C%80%EB%AC%B8%ED%99%94%EC%9C%A0%EC%82%B0_20191106_094020-thumb.jpg,https://ncms.nculture.org/legacy/story/4544,근대-일제강점기(1910.8.22~1945.8.14),대전광역시,동구,대전 동구 중앙로 215 대전역,36.33439767,127.43211,대전근현대사 전시관,20230101,"목척교, 대전 철도관사촌, 옛 충청남도 도청, 대전역",F,여행/여행 매니아,12,10,20231230
20231200603,"명월관, 요릿집이 시작되다.",명월관은 최초의 근대적 음식점이었지만 기생들이 시중을 드는 전근대적인 면도 공존하고 있었다. 명월관은 주로 잔치를 여는 장소였으므로 기본적으로 음식값이 비쌌고 기생을 불러 공연할 경우 비용이 더 비싸졌다. 처음 명월관은 광화문 사거리에서 문을 열었는데 1919년 화재로 소실된 후 인사동에 있던 분점에 사람들이 몰렸다. 1921년 인사동의 명월관 지점 태화관이 남감리교 여자선교회에 매각된 후에는 돈의동 145번지로 이전하여 해방 후까지 영업하다 6.25때 소실되었다.,근대 신문으로 보는 음식,근대의 음식점,https://minio.nculture.org/amsweb-opt/multimedia_assets/128/14727/19977/c/14727-thumb.jpg,https://ncms.nculture.org/legacy/story/2943,근대-일제강점기(1910.8.22~1945.8.14),서울특별시,종로구,서울특별시 종로구 세종로 139-8,37.569857,126.977622,태화기독교사회복지관,20230101,"명월관, 태화관, 회갑연, 관혼례연",F,뉴스 & 정치/열렬한 뉴스 독자/연예 뉴스 매니아,12,10,20231230
20231200604,"천년 고찰 속의 현대식 법당, 남양주 봉선사 큰법당","경기도 남양주시 봉선사는 고려 광종 시기인 서기 697년에 창건된 운악사에서 비롯된 천년 고찰이다. 조선 예종 때 세조의 능인 광릉을 받드는 절로 중창되어 봉선사가 되었다. 봉선사는 임진왜란, 병자호란, 한국전쟁 등 전란으로 여러 차례 소실되었다가 중건됐다. 봉선사 큰법당은 운허 스님이 주지이던 1970년 지어졌다. 석가여래를 모신 전각인데도 운허 스님이 대웅전이라 하지 않고 큰법당이라는 풀어 쓴 이름을 붙였다. 봉선사 큰법당은 철근 콘크리트로 전통 목조 사찰을 정교하게 재현해냈다. 큰법당의 기단과 앞 층계, 뒤편 화계는 조선시대 것이어서 전통과 현대가 공존하는 공간이 탄생한 것이다.",공간으로 읽는 근대문화 역사유산,삶을 보듬은 종교 시설,https://minio.nculture.org/amsweb-opt/pdfs/54/27453/27453_thumbnail.jpg,https://ncms.nculture.org/legacy/story/2985,현대-현대(1945.8.15~현재),경기도,남양주시,경기도 남양주시 진접읍 봉선사길 32,37.74642,127.18355,국립수목원,20230101,"봉선사, 봉선사 큰법당, 운허 스님, 부평리 만세시위",F,음식 & 다이닝/요리 매니아/셰프 지망생,12,10,20231230
20231200605,"천년 고찰 속의 현대식 법당, 남양주 봉선사 큰법당","경기도 남양주시 봉선사는 고려 광종 시기인 서기 697년에 창건된 운악사에서 비롯된 천년 고찰이다. 조선 예종 때 세조의 능인 광릉을 받드는 절로 중창되어 봉선사가 되었다. 봉선사는 임진왜란, 병자호란, 한국전쟁 등 전란으로 여러 차례 소실되었다가 중건됐다. 봉선사 큰법당은 운허 스님이 주지이던 1970년 지어졌다. 석가여래를 모신 전각인데도 운허 스님이 대웅전이라 하지 않고 큰법당이라는 풀어 쓴 이름을 붙였다. 봉선사 큰법당은 철근 콘크리트로 전통 목조 사찰을 정교하게 재현해냈다. 큰법당의 기단과 앞 층계, 뒤편 화계는 조선시대 것이어서 전통과 현대가 공존하는 공간이 탄생한 것이다.",공간으로 읽는 근대문화 역사유산,삶을 보듬은 종교 시설,https://minio.nculture.org/amsweb-opt/pdfs/54/27453/27453_thumbnail.jpg,https://ncms.nculture.org/legacy/story/2985,현대-현대(1945.8.15~현재),경기도,남양주시,경기도 남양주시 진접읍 봉선사길 32,37.74642,127.18355,국립수목원,20230101,"봉선사, 봉선사 큰법당, 운허 스님, 부평리 만세시위",M,미디어 & 엔터테인먼트/TV 대중 시청자,12,10,20231230
20231200606,"천년 고찰 속의 현대식 법당, 남양주 봉선사 큰법당","경기도 남양주시 봉선사는 고려 광종 시기인 서기 697년에 창건된 운악사에서 비롯된 천년 고찰이다. 조선 예종 때 세조의 능인 광릉을 받드는 절로 중창되어 봉선사가 되었다. 봉선사는 임진왜란, 병자호란, 한국전쟁 등 전란으로 여러 차례 소실되었다가 중건됐다. 봉선사 큰법당은 운허 스님이 주지이던 1970년 지어졌다. 석가여래를 모신 전각인데도 운허 스님이 대웅전이라 하지 않고 큰법당이라는 풀어 쓴 이름을 붙였다. 봉선사 큰법당은 철근 콘크리트로 전통 목조 사찰을 정교하게 재현해냈다. 큰법당의 기단과 앞 층계, 뒤편 화계는 조선시대 것이어서 전통과 현대가 공존하는 공간이 탄생한 것이다.",공간으로 읽는 근대문화 역사유산,삶을 보듬은 종교 시설,https://minio.nculture.org/amsweb-opt/pdfs/54/27453/27453_thumbnail.jpg,https://ncms.nculture.org/legacy/story/2985,현대-현대(1945.8.15~현재),경기도,남양주시,경기도 남양주시 진접읍 봉선사길 32,37.74642,127.18355,국립수목원,20230101,"봉선사, 봉선사 큰법당, 운허 스님, 부평리 만세시위",M,미디어 & 엔터테인먼트/영화 애호가,12,10,20231230
20231200607,"천년 고찰 속의 현대식 법당, 남양주 봉선사 큰법당","경기도 남양주시 봉선사는 고려 광종 시기인 서기 697년에 창건된 운악사에서 비롯된 천년 고찰이다. 조선 예종 때 세조의 능인 광릉을 받드는 절로 중창되어 봉선사가 되었다. 봉선사는 임진왜란, 병자호란, 한국전쟁 등 전란으로 여러 차례 소실되었다가 중건됐다. 봉선사 큰법당은 운허 스님이 주지이던 1970년 지어졌다. 석가여래를 모신 전각인데도 운허 스님이 대웅전이라 하지 않고 큰법당이라는 풀어 쓴 이름을 붙였다. 봉선사 큰법당은 철근 콘크리트로 전통 목조 사찰을 정교하게 재현해냈다. 큰법당의 기단과 앞 층계, 뒤편 화계는 조선시대 것이어서 전통과 현대가 공존하는 공간이 탄생한 것이다.",공간으로 읽는 근대문화 역사유산,삶을 보듬은 종교 시설,https://minio.nculture.org/amsweb-opt/pdfs/54/27453/27453_thumbnail.jpg,https://ncms.nculture.org/legacy/story/2985,현대-현대(1945.8.15~현재),경기도,남양주시,경기도 남양주시 진접읍 봉선사길 32,37.74642,127.18355,국립수목원,20230101,"봉선사, 봉선사 큰법당, 운허 스님, 부평리 만세시위",F,뉴스 & 정치/열렬한 뉴스 독자/열렬한 정치 뉴스 독자,12,10,20231230
20231200608,바다보다 역동적인 제물포의 근대 - 인천 개항장 근대역사문화지구,"제물포는 1883년 개항 직후부터 일본과 청나라, 영국 미국 독일 프랑스 등 각국이 주도권을 잡기 위해 각축을 벌인 지역이다. 일본이 가장 먼저 조계를 설정하자, 청과 다른 나라들이 뒤따랐다. 초기 모습은 청 조계지가 일본 쪽보다 나았다. 상권에서도 청 상인들이 우세한 편이었으나, 1894년 청일전쟁에서 일본이 승리한 뒤로는 일본이 앞서기 시작했고, 1904년 러일전쟁을 거친 뒤에는 일본의 절대 우세가 확정되었다. 일본은 금융기관을 앞세워 해운업과 화물운송업을 장악했고, 인천은 일본 주도 아래 식민지 근대의 대도시로 변모하기 시작했다. 현재의 자유공원(만국공원)은 일본 조계지와 청국 조계지(훗날 인천 차이나타운)를 비롯해 개항 이후 인천 근현대사의 역동성을 답사하기 적당한 출발점이다.",공간으로 읽는 근대문화 역사유산,근대 거리를 거닐다,https://minio.nculture.org/amsweb-opt/multimedia_assets/79/30457/22671/c/%EC%9D%B8%EC%B2%9C_%EA%B7%BC%EB%8C%80%EB%AC%B8%ED%99%94%EC%9C%A0%EC%82%B0%EA%B1%B0%EB%A6%AC-%283%29-thumb.jpg,https://ncms.nculture.org/legacy/story/4549,근대-개항기(1864~1910),인천광역시,중구,인천광역시 중구 자유공원남로 25,37.47467242,126.6225672,제물포고등학교,20230101,"제물포, 자유공원, 조계지, 만국공원, 차이나타운",F,미디어 & 엔터테인먼트/TV 애호가/드라마 팬,12,9,20231230
20231200609,전통배추를 밀어내고 김치의 원료가 된 결구배추,"배추김치의 주재료인 배추는 조선시대까지 한양과 개성에서 자란 것이 유명했다. 이 배추는 배추잎이 절반정도 뭉친 반결구종으로, 무게는 결구종보다 적고 생육기간도 길었다. 임오군란 이후 중국인들이 한국땅에 살고 중국과 왕래하면서 중국의 결구배추가 들어오게 된다. 결구배추는 배추잎이 서로 감싸 완전히 뭉친 것인데 생육기간이 짧고 크기도 컸다. 일제강점기 반결구배추가 병충해에 시달리면서 결구종 배추가 보급되어 오늘날 김치를 만드는 배추는 결구종배추가 주를 이루게 되었다.",근대 신문으로 보는 음식,전통 음식과 식재료의 변화,,https://ncms.nculture.org/legacy/story/2831,근대-일제강점기(1910.8.22~1945.8.14),,,,,,덕천,20230101,"배추김치, 호배추, 결구배추",M,라이프스타일 & 취미/가족 중심,11,11,20231230
20231200610,전통배추를 밀어내고 김치의 원료가 된 결구배추,"배추김치의 주재료인 배추는 조선시대까지 한양과 개성에서 자란 것이 유명했다. 이 배추는 배추잎이 절반정도 뭉친 반결구종으로, 무게는 결구종보다 적고 생육기간도 길었다. 임오군란 이후 중국인들이 한국땅에 살고 중국과 왕래하면서 중국의 결구배추가 들어오게 된다. 결구배추는 배추잎이 서로 감싸 완전히 뭉친 것인데 생육기간이 짧고 크기도 컸다. 일제강점기 반결구배추가 병충해에 시달리면서 결구종 배추가 보급되어 오늘날 김치를 만드는 배추는 결구종배추가 주를 이루게 되었다.",근대 신문으로 보는 음식,전통 음식과 식재료의 변화,,https://ncms.nculture.org/legacy/story/2831,근대-일제강점기(1910.8.22~1945.8.14),,,,,,덕천,20230101,"배추김치, 호배추, 결구배추",M,미디어 & 엔터테인먼트/TV 애호가/TV 코미디 팬,11,11,20231230
20231200611,"동양 최초의 바다 밑 터널, 통영 해저터널","통영반도 남단과 미륵도를 연결하는 통영 해저터널은 동양 최초의 해저터널이다. 일제강점기 이전부터 통영으로 이주해온 일본인 이주 어민들은 연안에서 어로 활동을 하며 물고기 떼를 쫓아 빠르게 이동할 필요가 있었는데, 미륵도와 통영 사이의 해협이 너무 좁아 미륵도를 빙 돌아 가야 하는 불편함이 있었다. 그래서 일제는 1932년 통영운하를 완공했다. 통영운하 개통 후 운하를 건너다니도록 하기 위해 교량 대신 만든 것이 해저터널이다. 터널을 만든 지역은 판데목이라는 곳인데, 임진왜란 한산대첩 때 많은 왜군이 이순신의 학익진에 대패해 판데목 부근에서 수장됐다고 한다. 일본인들이 조상의 유해 위로 건너다닐 수 없어서 해저터널을 팠다는 이야기도 전해진다.",공간으로 읽는 근대문화 역사유산,"빼앗긴 들, 뒤틀린 근대",https://minio.nculture.org/amsweb-opt/multimedia_assets/140/85835/93850/c/%ED%86%B5%EC%98%81-%ED%95%B4%EC%A0%80%ED%84%B0%EB%84%90-%281%29_rev-thumb.jpg,https://ncms.nculture.org/legacy/story/2936,근대-일제강점기(1910.8.22~1945.8.14),경상남도,통영시,경상남도 통영시 도남로 57-1,34.834788,128.40991,충무교,20230101,"통영 해저터널, 통영운하, 충무공 이순신, 판데목, 미륵도",M,음식 & 다이닝/요리 매니아,11,11,20231230
20231200612,"동양 최초의 바다 밑 터널, 통영 해저터널","통영반도 남단과 미륵도를 연결하는 통영 해저터널은 동양 최초의 해저터널이다. 일제강점기 이전부터 통영으로 이주해온 일본인 이주 어민들은 연안에서 어로 활동을 하며 물고기 떼를 쫓아 빠르게 이동할 필요가 있었는데, 미륵도와 통영 사이의 해협이 너무 좁아 미륵도를 빙 돌아 가야 하는 불편함이 있었다. 그래서 일제는 1932년 통영운하를 완공했다. 통영운하 개통 후 운하를 건너다니도록 하기 위해 교량 대신 만든 것이 해저터널이다. 터널을 만든 지역은 판데목이라는 곳인데, 임진왜란 한산대첩 때 많은 왜군이 이순신의 학익진에 대패해 판데목 부근에서 수장됐다고 한다. 일본인들이 조상의 유해 위로 건너다닐 수 없어서 해저터널을 팠다는 이야기도 전해진다.",공간으로 읽는 근대문화 역사유산,"빼앗긴 들, 뒤틀린 근대",https://minio.nculture.org/amsweb-opt/multimedia_assets/140/85835/93850/c/%ED%86%B5%EC%98%81-%ED%95%B4%EC%A0%80%ED%84%B0%EB%84%90-%281%29_rev-thumb.jpg,https://ncms.nculture.org/legacy/story/2936,근대-일제강점기(1910.8.22~1945.8.14),경상남도,통영시,경상남도 통영시 도남로 57-1,34.834788,128.40991,충무교,20230101,"통영 해저터널, 통영운하, 충무공 이순신, 판데목, 미륵도",M,라이프스타일 & 취미/친환경 라이프스타일,11,11,20231230
20231200613,"동양 최초의 바다 밑 터널, 통영 해저터널","통영반도 남단과 미륵도를 연결하는 통영 해저터널은 동양 최초의 해저터널이다. 일제강점기 이전부터 통영으로 이주해온 일본인 이주 어민들은 연안에서 어로 활동을 하며 물고기 떼를 쫓아 빠르게 이동할 필요가 있었는데, 미륵도와 통영 사이의 해협이 너무 좁아 미륵도를 빙 돌아 가야 하는 불편함이 있었다. 그래서 일제는 1932년 통영운하를 완공했다. 통영운하 개통 후 운하를 건너다니도록 하기 위해 교량 대신 만든 것이 해저터널이다. 터널을 만든 지역은 판데목이라는 곳인데, 임진왜란 한산대첩 때 많은 왜군이 이순신의 학익진에 대패해 판데목 부근에서 수장됐다고 한다. 일본인들이 조상의 유해 위로 건너다닐 수 없어서 해저터널을 팠다는 이야기도 전해진다.",공간으로 읽는 근대문화 역사유산,"빼앗긴 들, 뒤틀린 근대",https://minio.nculture.org/amsweb-opt/multimedia_assets/140/85835/93850/c/%ED%86%B5%EC%98%81-%ED%95%B4%EC%A0%80%ED%84%B0%EB%84%90-%281%29_rev-thumb.jpg,https://ncms.nculture.org/legacy/story/2936,근대-일제강점기(1910.8.22~1945.8.14),경상남도,통영시,경상남도 통영시 도남로 57-1,34.834788,128.40991,충무교,20230101,"통영 해저터널, 통영운하, 충무공 이순신, 판데목, 미륵도",F,미디어 & 엔터테인먼트/음악 애호가,11,11,20231230
20231200614,한센인 격리와 정착의 역사 - 의왕 한국한센복지협회,"경기도 의왕시 한국한센복지협회의 뿌리는 1926년 발족한 조선나병근절책연구회라고 할 수 있다. 한센인은 격리 수용하는 것이 최선이라는 당시의 인식에 따라 대규모 수용소 건설을 추진한 명망가 단체다. 격리 정책은 해방 후에도 계속되다가 1960년대 들어서야 정착촌 정책으로 바뀌었다. 1948년 대한나예방협회 역시 격리에 중점을 두었다. 한국한센복지협회는 과거 문둥병, 나병으로 불리던 질병이 2000년에 한센병으로 공식 명명됨에 따라 새로운 이름을 가지게 되었다. 의왕 한국한센복지협회는 인근 성 나자로 마을에서 50년 무상 대여한 땅에 병원과 사무실을 지었다. 1951년 모락산 자락에 자리 잡은 성 나자로 마을은 1970부터 원장으로 28년 봉직한 이경재 신부 재임 기간에 현재의 모습을 갖추었다. 한국한센복지협회와 성 나자로 마을은 문둥병이라는 차별적인 병명이 한센병으로 바뀌기까지 한센인들이 겪은 고통과 시련의 삶을 간직하고 있다.",공간으로 읽는 근대문화 역사유산,근대 의술과 인술 사이에서,https://minio.nculture.org/amsweb-opt/3ds/28/84383/84383_thumbnail.jpg,https://ncms.nculture.org/legacy/story/778,현대-현대(1945.8.15~현재),경기도,의왕시,경기도 의왕시 원골로 59,37.3619452,126.9711473,소록도 시설 (국립소록도병원),20230101,"한국한센복지협회, 성 나자로 마을, 이경재, 조선나병근절책연구회",F,음식 & 다이닝/식도락가,11,11,20231230
20231200615,한센인 격리와 정착의 역사 - 의왕 한국한센복지협회,"경기도 의왕시 한국한센복지협회의 뿌리는 1926년 발족한 조선나병근절책연구회라고 할 수 있다. 한센인은 격리 수용하는 것이 최선이라는 당시의 인식에 따라 대규모 수용소 건설을 추진한 명망가 단체다. 격리 정책은 해방 후에도 계속되다가 1960년대 들어서야 정착촌 정책으로 바뀌었다. 1948년 대한나예방협회 역시 격리에 중점을 두었다. 한국한센복지협회는 과거 문둥병, 나병으로 불리던 질병이 2000년에 한센병으로 공식 명명됨에 따라 새로운 이름을 가지게 되었다. 의왕 한국한센복지협회는 인근 성 나자로 마을에서 50년 무상 대여한 땅에 병원과 사무실을 지었다. 1951년 모락산 자락에 자리 잡은 성 나자로 마을은 1970부터 원장으로 28년 봉직한 이경재 신부 재임 기간에 현재의 모습을 갖추었다. 한국한센복지협회와 성 나자로 마을은 문둥병이라는 차별적인 병명이 한센병으로 바뀌기까지 한센인들이 겪은 고통과 시련의 삶을 간직하고 있다.",공간으로 읽는 근대문화 역사유산,근대 의술과 인술 사이에서,https://minio.nculture.org/amsweb-opt/3ds/28/84383/84383_thumbnail.jpg,https://ncms.nculture.org/legacy/story/778,현대-현대(1945.8.15~현재),경기도,의왕시,경기도 의왕시 원골로 59,37.3619452,126.9711473,소록도 시설 (국립소록도병원),20230101,"한국한센복지협회, 성 나자로 마을, 이경재, 조선나병근절책연구회",F,쇼핑객/쇼핑 애호가,11,11,20231230
20231200616,일제시대에도 계속된 인삼전매제,"인삼은 옛날부터 만병통치약으로 먹던 산삼을 인공재배한 것이다. 인삼 밭에서 수확한 인삼을 수삼(水蔘)이라고 한다. 이 수삼을 쪄서 말린 것이 홍삼이고 그냥 말린 것이 백삼이다. 홍삼은 직삼으로 만들고 백삼은 곡삼으로 만드는데, 직삼은 개성인삼, 곡삼은 금산인삼이 대표적이다. 조선시대 홍삼은 국가가 재배부터 판매까지 직접 관리하였는데 백삼은 크게 규제하지 않았다. 백삼은 1934년 지정구역 외의 인삼 경작도 전매국의 허가를 받고, 1943년 백삼의 유통·배급도 총독부가 관리하면서 규제되었다.",근대 신문으로 보는 음식,전통 음식과 식재료의 변화,,https://ncms.nculture.org/legacy/story/2779,근대-일제강점기(1910.8.22~1945.8.14),경상북도,영주시,경상북도 영주시 풍기읍 죽령로 1378 인삼박물관,36.885943,128.479715,금산,20230101,"인삼전매제, 홍삼전매제, 직삼, 곡삼, 홍삼, 백삼",F,미디어 & 엔터테인먼트/독서가,11,11,20231230
20231200617,일제시대에도 계속된 인삼전매제,"인삼은 옛날부터 만병통치약으로 먹던 산삼을 인공재배한 것이다. 인삼 밭에서 수확한 인삼을 수삼(水蔘)이라고 한다. 이 수삼을 쪄서 말린 것이 홍삼이고 그냥 말린 것이 백삼이다. 홍삼은 직삼으로 만들고 백삼은 곡삼으로 만드는데, 직삼은 개성인삼, 곡삼은 금산인삼이 대표적이다. 조선시대 홍삼은 국가가 재배부터 판매까지 직접 관리하였는데 백삼은 크게 규제하지 않았다. 백삼은 1934년 지정구역 외의 인삼 경작도 전매국의 허가를 받고, 1943년 백삼의 유통·배급도 총독부가 관리하면서 규제되었다.",근대 신문으로 보는 음식,전통 음식과 식재료의 변화,,https://ncms.nculture.org/legacy/story/2779,근대-일제강점기(1910.8.22~1945.8.14),경상북도,영주시,경상북도 영주시 풍기읍 죽령로 1378 인삼박물관,36.885943,128.479715,금산,20230101,"인삼전매제, 홍삼전매제, 직삼, 곡삼, 홍삼, 백삼",F,미디어 & 엔터테인먼트/만화 & 애니메이션 팬,11,11,20231230
20231200618,일제강점기 나타난 뻥튀기,"오늘날 뻥튀기를 만드는 기계는 일제강점기 일본에서 수입한 것이 시초이다. 이 기계는 과자장수들에게 ‘7홉이 1말이 된다’라는 문구로 광고하여 판매되었다. 백미, 현미, 수수, 조 등을 15배 이상 팽창시키는데 시간은 3분 걸리고 비용은 5리(厘)가 든다고 하였다. 뻥튀기 기계는 곡물을 쉽게 과자로 만들어주었지만 사고의 위험이 늘 있었다. 1980년대까지도 뻥튀기 기계의 사고기사가 종종 보인다. 쌀 5홉으로 뻥튀기를 하면 일반 가정집은 1년 정도 먹을 수 있었다. 1980년대 들어 과자들이 많이 나오면서 뻥튀기는 서서히 자취를 감추게 되었다.",근대 신문으로 보는 음식,개항 이후 들어온 음식과 식재료,https://minio.nculture.org/amsweb-opt/multimedia_assets/180/14779/19965/c/14779-thumb.jpg,https://ncms.nculture.org/legacy/story/2829,근대-일제강점기(1910.8.22~1945.8.14),,,,,,덕천,20230101,"뻥튀기, 곡물팽창기, 폭발",F,미디어 & 엔터테인먼트/TV 애호가,11,11,20231230
20231200619,일제강점기 나타난 뻥튀기,"오늘날 뻥튀기를 만드는 기계는 일제강점기 일본에서 수입한 것이 시초이다. 이 기계는 과자장수들에게 ‘7홉이 1말이 된다’라는 문구로 광고하여 판매되었다. 백미, 현미, 수수, 조 등을 15배 이상 팽창시키는데 시간은 3분 걸리고 비용은 5리(厘)가 든다고 하였다. 뻥튀기 기계는 곡물을 쉽게 과자로 만들어주었지만 사고의 위험이 늘 있었다. 1980년대까지도 뻥튀기 기계의 사고기사가 종종 보인다. 쌀 5홉으로 뻥튀기를 하면 일반 가정집은 1년 정도 먹을 수 있었다. 1980년대 들어 과자들이 많이 나오면서 뻥튀기는 서서히 자취를 감추게 되었다.",근대 신문으로 보는 음식,개항 이후 들어온 음식과 식재료,https://minio.nculture.org/amsweb-opt/multimedia_assets/180/14779/19965/c/14779-thumb.jpg,https://ncms.nculture.org/legacy/story/2829,근대-일제강점기(1910.8.22~1945.8.14),,,,,,덕천,20230101,"뻥튀기, 곡물팽창기, 폭발",F,스포츠 & 피트니스/스포츠 팬/축구 팬,11,11,20231230
20231200620,근대의 슬픔이 오롯이 남은 항구 - 목포 근대역사문화공간,"1897년 개항한 전라남도 목포시는 일제강점기를 거치며 조선 4대 항구이자 6대 도시로 꼽히는 근대도시로 성장했다. 현재 유달동, 만호동에 해당하는 목포의 구 도심은 일본 등 외국자본에 의해서 간척된 계획도시였다. 만호동과 유달동 일대의 번영로에 근대건축 유산이 집중되어 있다. 문화재청은 2018년 8월 6일 이 일대 11만4,038㎡(602필지)를 ‘목포 근대역사문화공간’이라는 이름으로 등록문화재 제718호로 지정했다. 기존 ‘점’(點) 단위 개별 문화재 중심의 보존에서 탈피해 문화재청이 ‘선(線)?면(面)’ 단위 문화재 등록제도를 도입한 첫 사례이다. 등록문화재로 지정된 개별 건축물은 15개로, 일본식 가옥 4곳, 구 목포부립병원 관사, 구 목포 일본기독교회, 상가주택 6곳, 구 동아부인상회 목포지점, 목포 해안로 붉은 벽돌창고, 구 목포 화신연쇄점이 포함되어 있다.",공간으로 읽는 근대문화 역사유산,근대 거리를 거닐다,https://minio.nculture.org/amsweb-opt/multimedia_assets/70/30448/22531/c/%EB%AA%A9%ED%8F%AC-%EA%B7%BC%EB%8C%80%EB%AC%B8%ED%99%94%EC%97%AD%EC%82%AC%EA%B3%B5%EA%B0%84_%EB%AA%A9%ED%8F%AC-%EB%B2%88%ED%99%94%EB%A1%9C-%EC%9D%BC%EB%B3%B8%EC%8B%9D%EA%B0%80%EC%98%A5-12019-12-07-12.45.44-thumb.jpg,https://ncms.nculture.org/legacy/story/4542,근대-일제강점기(1910.8.22~1945.8.14),전라남도,목포시,전라남도 목포시 번화로 25,34.78630756,126.3823141,동아부인상회 목포지점,20230101,"목포 구 도심, 구 동아부인상회 목포지점, 목포의 눈물",F,음식 & 다이닝/요리 매니아/셰프 지망생,11,11,20231230
20231200621,근대의 슬픔이 오롯이 남은 항구 - 목포 근대역사문화공간,"1897년 개항한 전라남도 목포시는 일제강점기를 거치며 조선 4대 항구이자 6대 도시로 꼽히는 근대도시로 성장했다. 현재 유달동, 만호동에 해당하는 목포의 구 도심은 일본 등 외국자본에 의해서 간척된 계획도시였다. 만호동과 유달동 일대의 번영로에 근대건축 유산이 집중되어 있다. 문화재청은 2018년 8월 6일 이 일대 11만4,038㎡(602필지)를 ‘목포 근대역사문화공간’이라는 이름으로 등록문화재 제718호로 지정했다. 기존 ‘점’(點) 단위 개별 문화재 중심의 보존에서 탈피해 문화재청이 ‘선(線)?면(面)’ 단위 문화재 등록제도를 도입한 첫 사례이다. 등록문화재로 지정된 개별 건축물은 15개로, 일본식 가옥 4곳, 구 목포부립병원 관사, 구 목포 일본기독교회, 상가주택 6곳, 구 동아부인상회 목포지점, 목포 해안로 붉은 벽돌창고, 구 목포 화신연쇄점이 포함되어 있다.",공간으로 읽는 근대문화 역사유산,근대 거리를 거닐다,https://minio.nculture.org/amsweb-opt/multimedia_assets/70/30448/22531/c/%EB%AA%A9%ED%8F%AC-%EA%B7%BC%EB%8C%80%EB%AC%B8%ED%99%94%EC%97%AD%EC%82%AC%EA%B3%B5%EA%B0%84_%EB%AA%A9%ED%8F%AC-%EB%B2%88%ED%99%94%EB%A1%9C-%EC%9D%BC%EB%B3%B8%EC%8B%9D%EA%B0%80%EC%98%A5-12019-12-07-12.45.44-thumb.jpg,https://ncms.nculture.org/legacy/story/4542,근대-일제강점기(1910.8.22~1945.8.14),전라남도,목포시,전라남도 목포시 번화로 25,34.78630756,126.3823141,동아부인상회 목포지점,20230101,"목포 구 도심, 구 동아부인상회 목포지점, 목포의 눈물",M,미디어 & 엔터테인먼트/TV 애호가/드라마 팬,11,11,20231230
20231200622,근대의 슬픔이 오롯이 남은 항구 - 목포 근대역사문화공간,"1897년 개항한 전라남도 목포시는 일제강점기를 거치며 조선 4대 항구이자 6대 도시로 꼽히는 근대도시로 성장했다. 현재 유달동, 만호동에 해당하는 목포의 구 도심은 일본 등 외국자본에 의해서 간척된 계획도시였다. 만호동과 유달동 일대의 번영로에 근대건축 유산이 집중되어 있다. 문화재청은 2018년 8월 6일 이 일대 11만4,038㎡(602필지)를 ‘목포 근대역사문화공간’이라는 이름으로 등록문화재 제718호로 지정했다. 기존 ‘점’(點) 단위 개별 문화재 중심의 보존에서 탈피해 문화재청이 ‘선(線)?면(面)’ 단위 문화재 등록제도를 도입한 첫 사례이다. 등록문화재로 지정된 개별 건축물은 15개로, 일본식 가옥 4곳, 구 목포부립병원 관사, 구 목포 일본기독교회, 상가주택 6곳, 구 동아부인상회 목포지점, 목포 해안로 붉은 벽돌창고, 구 목포 화신연쇄점이 포함되어 있다.",공간으로 읽는 근대문화 역사유산,근대 거리를 거닐다,https://minio.nculture.org/amsweb-opt/multimedia_assets/70/30448/22531/c/%EB%AA%A9%ED%8F%AC-%EA%B7%BC%EB%8C%80%EB%AC%B8%ED%99%94%EC%97%AD%EC%82%AC%EA%B3%B5%EA%B0%84_%EB%AA%A9%ED%8F%AC-%EB%B2%88%ED%99%94%EB%A1%9C-%EC%9D%BC%EB%B3%B8%EC%8B%9D%EA%B0%80%EC%98%A5-12019-12-07-12.45.44-thumb.jpg,https://ncms.nculture.org/legacy/story/4542,근대-일제강점기(1910.8.22~1945.8.14),전라남도,목포시,전라남도 목포시 번화로 25,34.78630756,126.3823141,동아부인상회 목포지점,20230101,"목포 구 도심, 구 동아부인상회 목포지점, 목포의 눈물",M,쇼핑객/쇼핑 애호가,11,11,20231230
20231200623,근대의 슬픔이 오롯이 남은 항구 - 목포 근대역사문화공간,"1897년 개항한 전라남도 목포시는 일제강점기를 거치며 조선 4대 항구이자 6대 도시로 꼽히는 근대도시로 성장했다. 현재 유달동, 만호동에 해당하는 목포의 구 도심은 일본 등 외국자본에 의해서 간척된 계획도시였다. 만호동과 유달동 일대의 번영로에 근대건축 유산이 집중되어 있다. 문화재청은 2018년 8월 6일 이 일대 11만4,038㎡(602필지)를 ‘목포 근대역사문화공간’이라는 이름으로 등록문화재 제718호로 지정했다. 기존 ‘점’(點) 단위 개별 문화재 중심의 보존에서 탈피해 문화재청이 ‘선(線)?면(面)’ 단위 문화재 등록제도를 도입한 첫 사례이다. 등록문화재로 지정된 개별 건축물은 15개로, 일본식 가옥 4곳, 구 목포부립병원 관사, 구 목포 일본기독교회, 상가주택 6곳, 구 동아부인상회 목포지점, 목포 해안로 붉은 벽돌창고, 구 목포 화신연쇄점이 포함되어 있다.",공간으로 읽는 근대문화 역사유산,근대 거리를 거닐다,https://minio.nculture.org/amsweb-opt/multimedia_assets/70/30448/22531/c/%EB%AA%A9%ED%8F%AC-%EA%B7%BC%EB%8C%80%EB%AC%B8%ED%99%94%EC%97%AD%EC%82%AC%EA%B3%B5%EA%B0%84_%EB%AA%A9%ED%8F%AC-%EB%B2%88%ED%99%94%EB%A1%9C-%EC%9D%BC%EB%B3%B8%EC%8B%9D%EA%B0%80%EC%98%A5-12019-12-07-12.45.44-thumb.jpg,https://ncms.nculture.org/legacy/story/4542,근대-일제강점기(1910.8.22~1945.8.14),전라남도,목포시,전라남도 목포시 번화로 25,34.78630756,126.3823141,동아부인상회 목포지점,20230101,"목포 구 도심, 구 동아부인상회 목포지점, 목포의 눈물",F,스포츠 & 피트니스/스포츠 팬,11,11,20231230
20231200624,고종황제를 매혹시킨 커피,커피는 개항이후 조선의 궁궐인 경복궁이나 덕수궁에서 서양인을 접대할 때 사용되었다. 고종은 커피를 상당히 좋아했다. 서양인 선교사들은 커피를 가지고 한국에 왔는데 한국인에게 대접하기도 하였다. 일제시대 커피는 일반인들에게 많이 퍼져서 1930년대 후반에는 다방도 많이 생겼다. 이 시기 커피는 원두를 갈아 주전자에 끓여 체에 받쳐 걸러 먹었다. 1930년대 후반 전쟁으로 수입이 통제되면서 커피의 사용은 줄어들었다.,근대 신문으로 보는 음식,개항 이후 들어온 음식과 식재료,https://minio.nculture.org/amsweb-opt/multimedia_assets/221/14820/2419/c/14820-thumb.jpg,https://ncms.nculture.org/legacy/story/2853,근대-개항기(1864~1910),서울특별시,중구,서울특별시 중구 정동 세종대로 99,37.565807,126.975143,대불호텔,20230101,"고종황제, 다방, 원두, 선교사, 접대",M,미디어 & 엔터테인먼트/만화 & 애니메이션 팬,11,11,20231230
20231200625,국가폭력의 근대화 - 안산 선감학원 자리,"경기도 단원구 선감동에 일제 강점기 말 설치된 선감학원은 ‘부랑아 수용소’였다. 식민지 행정 기관과 경찰은 길거리에서 자의적 잣대로 청소년들을 단속해 정확한 신원 확인 없이 선감도로 보냈다. 선감도 주민들을 강제로 이주시키고 들어선 선감학원은 수용된 청소년들에게 강제 노역을 시켰다. 소년들은 가혹한 매질과 배고픔에 시달렸으며, 바다를 건너 탈출하려다가 익사한 경우도 많았다. 선감학원은 심한 구타로 숨지거나 익사한 수용생들을 암매장했다. 해방 후에도 식민지 시절의 관행은 그대로 이어뎌 1982년 폐원될 때까지 선감학원은 행정기관과 경찰이 조사 없이 보낸 하층민 청소년들을 수용했다. 현재 선감학원 자리는 경기창작센터로 변했다. 일본인 이하라 히로미츠가 1989년 자전적 소설로 선감학원의 비극을 알렸다. 하지만 지금도 선감학원에서 일어났던 참상은 완전히 밝혀지지 않았으며, 피해자들에게 보상도 이뤄지지 않고 있다.",공간으로 읽는 근대문화 역사유산,"빼앗긴 들, 뒤틀린 근대",https://minio.nculture.org/amsweb-opt/3ds/11/84366/84366_thumbnail.jpg,https://ncms.nculture.org/legacy/story/797,근대-일제강점기(1910.8.22~1945.8.14),경기도,안산시,경기도 안산시 단원구 선감로 77-7,37.22855183,126.6292286,장항제련소,20230101,"국가폭력, 선감학원, 조선소년령, 이하라 히로미츠, 경기창작센터",M,미디어 & 엔터테인먼트/만화 & 애니메이션 팬,11,11,20231230
20231200626,국가폭력의 근대화 - 안산 선감학원 자리,"경기도 단원구 선감동에 일제 강점기 말 설치된 선감학원은 ‘부랑아 수용소’였다. 식민지 행정 기관과 경찰은 길거리에서 자의적 잣대로 청소년들을 단속해 정확한 신원 확인 없이 선감도로 보냈다. 선감도 주민들을 강제로 이주시키고 들어선 선감학원은 수용된 청소년들에게 강제 노역을 시켰다. 소년들은 가혹한 매질과 배고픔에 시달렸으며, 바다를 건너 탈출하려다가 익사한 경우도 많았다. 선감학원은 심한 구타로 숨지거나 익사한 수용생들을 암매장했다. 해방 후에도 식민지 시절의 관행은 그대로 이어뎌 1982년 폐원될 때까지 선감학원은 행정기관과 경찰이 조사 없이 보낸 하층민 청소년들을 수용했다. 현재 선감학원 자리는 경기창작센터로 변했다. 일본인 이하라 히로미츠가 1989년 자전적 소설로 선감학원의 비극을 알렸다. 하지만 지금도 선감학원에서 일어났던 참상은 완전히 밝혀지지 않았으며, 피해자들에게 보상도 이뤄지지 않고 있다.",공간으로 읽는 근대문화 역사유산,"빼앗긴 들, 뒤틀린 근대",https://minio.nculture.org/amsweb-opt/3ds/11/84366/84366_thumbnail.jpg,https://ncms.nculture.org/legacy/story/797,근대-일제강점기(1910.8.22~1945.8.14),경기도,안산시,경기도 안산시 단원구 선감로 77-7,37.22855183,126.6292286,장항제련소,20230101,"국가폭력, 선감학원, 조선소년령, 이하라 히로미츠, 경기창작센터",M,미디어 & 엔터테인먼트/음악 애호가/팝 음악 팬,11,11,20231230
20231200627,일제강점기 초밥으로 만든 김밥,"김은 조선시대부터 전라도의 특산물로 기록에 남아있지만 김밥에 대한 기록은 일제강점기 밥에 초를 넣고 계란지단, 덴부(도미살을 분홍색으로 물들인 것) 등을 속으로 하여 김에 싼다고 나온다. 식초로 간을 한 김밥은 해방 후의 신문기사에서도 그 조리법이 보인다. 오늘날의 김밥은 식초보다 참기름과 소금으로 간을 한다. 김밥의 대중화는 일제강점기 김이 어느 정도 생산되고 일본의 도시락 문화가 정착되면서 만들어졌다.",근대 신문으로 보는 음식,개항 이후 들어온 음식과 식재료,,https://ncms.nculture.org/legacy/story/2951,시대미상,,,,,,청파동,20230101,"노리마기스시, 통영김밥, 김쌈밥, 초밥, 김밥",M,미디어 & 엔터테인먼트/만화 & 애니메이션 팬,11,11,20231230
20231200628,1882년 임오군란 이후 한국에 들어온 자장면,"자장면(炸醬麵)은 장을 튀겨 면에 비벼먹은 음식이라는 의미이다. 여기서 튀기는 장은 콩 70%와 밀 30%를 섞어 짜게 발효시킨 면장(麵醬)인데 중국 산둥지역에서 주로 담궈 먹었다고 한다. 1882년 임오군란이 일어난 후 청나라와 조선은 ‘상민수륙무역장정(商民水陸貿易章程이라는 조약을 체결하는데, 이 조약으로 청나라와 조선의 상인들은 자유롭게 무역을 할 수 있게 되었다. 상민수륙무역장정에 따라 청나라 사람들 특히 주로 중국 산둥 지방 사람들이 인천등 개항장에 이주하기 시작하였다. 산동지방의 향토음식이 한국에 정착한 것이 짜장면이다.",근대 신문으로 보는 음식,개항 이후 들어온 음식과 식재료,https://minio.nculture.org/amsweb-opt/multimedia_assets/5/13787/20519/c/13787-thumb.jpg,https://ncms.nculture.org/legacy/story/2753,근대-개항기(1864~1910),인천광역시,중구,인천광역시 중구 선린동,37.474508,126.618205,인천항,20230101,"화교, 인천, 산둥음식",M,스포츠 & 피트니스/스포츠 팬/축구 팬,11,11,20231230
20231200629,"만선의 꿈, 귀향의 꿈 - 속초 교동 칠성조선소","강원도 속초시 칠성조선소는 1952년 ‘원산조선소’라는 간판으로 문을 열었다. 함경남도 원산 출신인 최칠봉 씨가 청초호 호숫가 뻘밭을 메우고 세운 조선소는 1970년대까지 호황을 누렸다. 속초는 해방 후 북쪽 땅이었으나, 한국전쟁 시기에 수복된 후 실향민들이 모여 들어 인구가 급증한 어항이었다. 1950년대엔 전국에서 부산 다음으로 어획고가 높은 항구였다. 그러나 1960년대에 악재가 잇따르고, 어장마저 축소되면서 1970년대 들어 서서히 어항 기능을 잃었다. 목선 건조가 주종이었던 칠성조선소도 결국 사양길에 접어들어 경영난이 심해졌다. 창업자의 아들-손자가 이어받았으나 결국 2017년 배 만드는 작업을 완전히 그만두었다. 대신 손자는 조선소 사택을 카페로, 조선소 자리는 문화공간으로 개조했는데, 속초 관광의 명소로 성공을 거두었다. 칠성조선소는 속초의 현대사가 응축된 장소라고 할 수 있다.",공간으로 읽는 근대문화 역사유산,보통사람들의 자취,https://minio.nculture.org/amsweb-opt/3ds/224/84329/84329_thumbnail.jpg,https://ncms.nculture.org/legacy/story/1014,현대-현대(1945.8.15~현재),강원특별자치도,속초시,강원도 속초시 중앙로46번길 45,38.19824353,128.5833669,아바이 마을,20230101,"칠성조선소, 칠성조선소 살롱, 청초호, 이바이 마을",F,뉴스 & 정치/열렬한 뉴스 독자/연예 뉴스 매니아,11,11,20231230
20231200630,"인기있는 외식메뉴, 비빔밥","비빔밥은 옛날부터 만들었던 음식으로 생각된다. 안동의 헛제사밥처럼 제사를 지내고 남은 음식들을 밥과 섞어 먹은 것이 비빔밥이기 때문이다. 비빔밥은 조선후기부터 음식점에서 팔았다. 일제시대 유명한 비빔밥으로 『별건곤』잡지는 진주(晉州)비빔밥을 거론하고 있다. 이 비빔밥은 육회비빔밥으로, 서울의 육회비빔밥보다 낫다고 하여 서울에도 육회비빔밥이 있던 것을 보여준다. 『동아일보』에서는 함평 소주와 함평비빔밥이 기막힌 조합을 이룬다고 하였다. 오늘날에는 전주비빔밥이 유명하다. 가을에 전주에서 비빔밥축제가 열리기도 한다.",근대 신문으로 보는 음식,전통 음식과 식재료의 변화,https://minio.nculture.org/amsweb-opt/multimedia_assets/127/29017/11481/c/29017-thumb.jpg,https://ncms.nculture.org/legacy/story/2729,근대-일제강점기(1910.8.22~1945.8.14),전라북도,전주시,전라북도 전주시 완산구 서학로 95 국립무형유산원,35.809871,127.159647,진주시,20230101,"육회비빔밥, 진주, 함평",M,뉴스 & 정치/열렬한 뉴스 독자/연예 뉴스 매니아,11,11,20231230
20231200631,"한국 근대철도의 달빛, 대구 구 반야월역사","대구광역시에서 경상북도 영천과 경상북도 포항으로 가는 길목에 반야월이라 불리는 지역이 있다. 반야월은 공식 지명이 아니지만 후삼국 시대부터 전해지는 전설로 유명한 지명이다. 1917년 대구~하양 간 협궤 선로가 놓이면서 기차가 반야월을 지나가게 되었다. 반야월역사는 1938년 협궤가 광궤로 확장 개통될 때 건립되었다. 대구선 반야월역은 반야월 주민들의 통근과 통학로인 동시에 화물을 수송하는 중요한 역이었다. 1960년 화물전용 홈이 개설되었고, 1971년부터는 안심 지역의 석탄저장소이자 수송 역이 되었다. 이등변삼각형 모양의 박공이 돋보이는 반야월역사는 일제강점기 후반 남부지방의 표준 역사로 꼽힌다. 대구선이 이설되면서 반야월역은 2008년 폐쇄되었으나, 2010년 인근 대구선 반야월 공원 내로 이전 복원되었다.",공간으로 읽는 근대문화 역사유산,보통사람들의 자취,https://minio.nculture.org/amsweb-opt/multimedia_assets/55/14410/20130/c/14410-thumb.jpg,https://ncms.nculture.org/legacy/story/2910,근대-일제강점기(1910.8.22~1945.8.14),대구광역시,동구,대구광역시 동구 신서동 823-25,35.872385,128.72483,반야월역사 작은도서관,20230101,"반야월역, 구 대구선, 반야월공원 작은도서관, 동촌역, 안심연료산업단지, 경동선",M,은행 및 금융/열렬한 투자자,11,11,20231230
20231200632,근대를 끌어안은 한국 제1 항구도시 - 부산 원도심 근대문화유산,"부산광역시는 1876년 개항으로 근대 항만도시로 첫발을 내디뎠다. 그러나 일본의 지배권이 관철되는 식민지근대로서 출발할 수밖에 없었다. 17세기에 설치됐던 초량왜관을 중심으로 일본은 시가지를 형성하고, 부산항을 건설했다. 현재 부산시 중앙동, 남포동, 광복동, 초량동 일대 원도심은 일제강점기 동안 계획도시와 자연발생적 면모가 공존하는 도시로 변모해 나갔다. 1925년에는 경상남도 도청이 진주에서 부산으로 옮겨왔다. 해방 후 부산은 귀국 동포와 한국전쟁 시기 피란민들이 몰려들면서 몸살을 앓았다. 원도심 시가지 북쪽 산은 중턱 위에까지 판잣집이 대거 들어섰다. 서울에서 부산으로 내려온 정부는 1,000일이 넘는 기간 동안 부산을 임시 수도로 하여 버텼다. 현재 부산 원도심에는 개항기부터 한국전쟁 시기까지 부산의 근현대사를 보여주는 다양한 자취들이 남아 있다.",공간으로 읽는 근대문화 역사유산,근대 거리를 거닐다,,https://ncms.nculture.org/legacy/story/4546,근대-일제강점기(1910.8.22~1945.8.14),부산광역시,중구,부산 중구 용두산길 37-55,35.1009305,129.0324434,부산항,20230101,"임시 수도, 6.25전쟁, 항구",M,뉴스 & 정치/열렬한 뉴스 독자/연예 뉴스 매니아,11,11,20231230
20231200633,"서울 최초의 근대 백화점, 미츠코시 백화점 경성지점","미츠코시 백화점 경성지점은 서울특별시에 세워진 최초의 근대식 백화점이다. 미츠코시 오복점이 1929년에 지점으로 승격되면서 본격적으로 백화점의 면모를 갖추게 되었다. 대형 백화점의 등장은 정찰제 판매, 박리다매 전략의 등장으로 우리나라 유통에 큰 변화를 불러왔다. 미츠코시 백화점은 일반 시민들에게 일상적인 공간으로 자리 잡았으나 이면에는 일제강점기 소비문화의 모순이 감춰져 있기도 했다. 현재는 서울특별시 중구 신세계백화점 본점 본관으로 사용되고 있다.",공간으로 읽는 근대문화 역사유산,"근대, 한반도에 발을 딛다",https://minio.nculture.org/amsweb-opt/multimedia_assets/125/85820/93650/c/%EA%B5%AC-%EB%AF%B8%EC%93%B0%EC%BD%94%EC%8B%9C-%EA%B2%BD%EC%84%B1%EC%A7%80%EC%A0%90-%281%29_rev-thumb.jpg,https://ncms.nculture.org/legacy/story/7134,근대-일제강점기(1910.8.22~1945.8.14),서울특별시,중구,서울특별시 중구 소공로 63,37.56091902,126.980979,신세계백화점 본점,20230101,"백화점, 미츠코시, 이상, 채만식",F,음식 & 다이닝/자주 외식/끼니별 외식/저녁 외식을 주로하는 사람,11,10,20231230
20231200634,"일제강점기 한국의 우뭇가사리로 만든 일본 과자, 양갱","양갱은 중국에서 일본에 전해져 정착된 과자로 우뭇가사리를 냉동건조시킨 한천에 팥, 설탕 등을 넣고 쪄서 만든 과자다. 양갱은 일제강점기 조선에 들어와 지금도 팔릴만큼 한국인의 과자로 정착되었다. 양갱의 원료인 우뭇가사리는 일제강점기 본격적으로 한반도 바다에서 채취되었는데 우뭇가사리가 양갱 원료 이외에 의약품, 화장품 등의 원료로 쓰였기 때문이다. 일제강점기 우뭇가사리 채취는 주로 제주도 출신 해녀들이 담당하였다. 해방 후에도 한천은 계속 만들어져 주로 외국으로 수출되었다.",근대 신문으로 보는 음식,개항 이후 들어온 음식과 식재료,https://minio.nculture.org/amsweb-opt/multimedia_assets/233/14832/2431/c/14832-thumb.jpg,https://ncms.nculture.org/legacy/story/2876,근대-일제강점기(1910.8.22~1945.8.14),경상남도,밀양시,경상남도 밀양시 산내면 봉의로 58-31,35.591708,128.880929,,20230101,"양갱, 요깡, 우뭇가사리, 한천, 제주해녀, 나카오카제과, 해태제과합명회사",M,라이프스타일 & 취미/아웃도어 매니아,11,10,20231230
20231200635,인천육군조병창(仁川陸軍造兵廠),"인천육군조병창은 당시 경기도 부천군 부내면 대정리, 현 부평구 산곡동에 건립되었으며 이곳에 본부와 제1제조소가 있었다. 인천육군조병창은 제1제조소 외에도 평양역 인근에 평양제조소를 예하에 두고 있었다. 인천육군조병창의 주요 임무는 99식 소총·총검·군도 등의 생산 및 수리였다. 인천 부평에 병기공장을 건립하게 된 배경에는 1937년 시작된 중일전쟁의 장기화에 따라, “만선(滿鮮) 북지(北)에 대한 수송의 신속 안전 및 조선 내 병기 공업 능력의 비약적 발전”을 기하기 위함이었다.","한반도 유일한, 부평의 인천육군조병창 이야기",,https://minio.nculture.org/amsweb-opt/multimedia_assets/70/86030/95821/c/%EC%9D%B8%EC%B2%9C%EC%9C%A1%EA%B5%B0%EC%A1%B0%EB%B3%91%EC%B0%BD%EC%9D%98-%EB%B3%B8%EB%B6%80%EA%B1%B4%EB%AC%BC%28%EB%B3%91%EC%9B%90%29_%28%EB%B6%80%ED%8F%89%EB%AC%B8%ED%99%94%EC%9B%90%29-thumb.jpg,https://ncms.nculture.org/legacy/story/8764,,인천광역시,부평구,인천광역시 부평구 안남로 146 (부영공원),37.49590926,126.7098147,부평문화원,20230101,"인천육군조병창, 일제강점기, 고쿠라육군조병창, 아시아태평양전쟁",M,뉴스 & 정치/열렬한 뉴스 독자/열렬한 정치 뉴스 독자,11,10,20231230
20231200636,한센인 격리와 정착의 역사 - 의왕 한국한센복지협회,"경기도 의왕시 한국한센복지협회의 뿌리는 1926년 발족한 조선나병근절책연구회라고 할 수 있다. 한센인은 격리 수용하는 것이 최선이라는 당시의 인식에 따라 대규모 수용소 건설을 추진한 명망가 단체다. 격리 정책은 해방 후에도 계속되다가 1960년대 들어서야 정착촌 정책으로 바뀌었다. 1948년 대한나예방협회 역시 격리에 중점을 두었다. 한국한센복지협회는 과거 문둥병, 나병으로 불리던 질병이 2000년에 한센병으로 공식 명명됨에 따라 새로운 이름을 가지게 되었다. 의왕 한국한센복지협회는 인근 성 나자로 마을에서 50년 무상 대여한 땅에 병원과 사무실을 지었다. 1951년 모락산 자락에 자리 잡은 성 나자로 마을은 1970부터 원장으로 28년 봉직한 이경재 신부 재임 기간에 현재의 모습을 갖추었다. 한국한센복지협회와 성 나자로 마을은 문둥병이라는 차별적인 병명이 한센병으로 바뀌기까지 한센인들이 겪은 고통과 시련의 삶을 간직하고 있다.",공간으로 읽는 근대문화 역사유산,근대 의술과 인술 사이에서,https://minio.nculture.org/amsweb-opt/3ds/28/84383/84383_thumbnail.jpg,https://ncms.nculture.org/legacy/story/778,현대-현대(1945.8.15~현재),경기도,의왕시,경기도 의왕시 원골로 59,37.3619452,126.9711473,소록도 시설 (국립소록도병원),20230101,"한국한센복지협회, 성 나자로 마을, 이경재, 조선나병근절책연구회",M,미디어 & 엔터테인먼트/TV 대중 시청자,11,10,20231230
20231200637,한센인 격리와 정착의 역사 - 의왕 한국한센복지협회,"경기도 의왕시 한국한센복지협회의 뿌리는 1926년 발족한 조선나병근절책연구회라고 할 수 있다. 한센인은 격리 수용하는 것이 최선이라는 당시의 인식에 따라 대규모 수용소 건설을 추진한 명망가 단체다. 격리 정책은 해방 후에도 계속되다가 1960년대 들어서야 정착촌 정책으로 바뀌었다. 1948년 대한나예방협회 역시 격리에 중점을 두었다. 한국한센복지협회는 과거 문둥병, 나병으로 불리던 질병이 2000년에 한센병으로 공식 명명됨에 따라 새로운 이름을 가지게 되었다. 의왕 한국한센복지협회는 인근 성 나자로 마을에서 50년 무상 대여한 땅에 병원과 사무실을 지었다. 1951년 모락산 자락에 자리 잡은 성 나자로 마을은 1970부터 원장으로 28년 봉직한 이경재 신부 재임 기간에 현재의 모습을 갖추었다. 한국한센복지협회와 성 나자로 마을은 문둥병이라는 차별적인 병명이 한센병으로 바뀌기까지 한센인들이 겪은 고통과 시련의 삶을 간직하고 있다.",공간으로 읽는 근대문화 역사유산,근대 의술과 인술 사이에서,https://minio.nculture.org/amsweb-opt/3ds/28/84383/84383_thumbnail.jpg,https://ncms.nculture.org/legacy/story/778,현대-현대(1945.8.15~현재),경기도,의왕시,경기도 의왕시 원골로 59,37.3619452,126.9711473,소록도 시설 (국립소록도병원),20230101,"한국한센복지협회, 성 나자로 마을, 이경재, 조선나병근절책연구회",M,미디어 & 엔터테인먼트/영화 애호가,11,10,20231230
20231200638,"민주주의가 자라다, 인천 제물포고등학교 강당","인천 제물포고등학교 강당은 1935년 인천 공립중학교의 강당으로 세워졌다. 화강석 기단 위에 적벽돌을 쌓아 지은 건물이다. 지하 1층, 지상 1층인 외관은 간결하며 기능 중심으로 설계되었다. 내부는 너비가 15m에 이르지만, 중간 기둥 없이 하나의 공간을 이루도록 했다. 일본인 학교였던 인천 공립학교는 해방 후 학제 변경으로 1954년 제물포고등학교 강당이 되었다. 제물포고등학교 설립을 주도했고 초대 교장이었던 교육자 길영희 선생은 ‘성덕당’이라고 불리는 강당에서 전교생에게 양심적인 나라의 일꾼이 되라고 열변을 토했다고 한다. 성덕당은 당대 인사들의 특강 장소이자 학생들의 자유로운 토론의 장으로 활용되었다. 1930년대 세워졌던 옛 학교 건물들은 모두 사라졌지만, 성덕당은 남아 제물포고등학교의 역사와 전통을 상징하는 공간으로 꼽힌다.",공간으로 읽는 근대문화 역사유산,근대의 산실 학교,https://minio.nculture.org/amsweb-opt/multimedia_assets/88/14595/20088/c/14595-thumb.jpg,https://ncms.nculture.org/legacy/story/2821,근대-일제강점기(1910.8.22~1945.8.14),인천광역시,중구,인천광역시 중구 자유공원로 58-9,37.476895,126.62402,인천 제물포고등학교,20230101,"제물포고등학교, 성덕당, 길영희, 무감독시험, 등록문화재 제427호, 인천 공립중학교, 제물포고등학교 강당, 망사드르지붕, 인천 자유공원, 무감독 시험, 인천역",M,뉴스 & 정치/열렬한 뉴스 독자/열렬한 정치 뉴스 독자,11,10,20231230
20231200639,"민주주의가 자라다, 인천 제물포고등학교 강당","인천 제물포고등학교 강당은 1935년 인천 공립중학교의 강당으로 세워졌다. 화강석 기단 위에 적벽돌을 쌓아 지은 건물이다. 지하 1층, 지상 1층인 외관은 간결하며 기능 중심으로 설계되었다. 내부는 너비가 15m에 이르지만, 중간 기둥 없이 하나의 공간을 이루도록 했다. 일본인 학교였던 인천 공립학교는 해방 후 학제 변경으로 1954년 제물포고등학교 강당이 되었다. 제물포고등학교 설립을 주도했고 초대 교장이었던 교육자 길영희 선생은 ‘성덕당’이라고 불리는 강당에서 전교생에게 양심적인 나라의 일꾼이 되라고 열변을 토했다고 한다. 성덕당은 당대 인사들의 특강 장소이자 학생들의 자유로운 토론의 장으로 활용되었다. 1930년대 세워졌던 옛 학교 건물들은 모두 사라졌지만, 성덕당은 남아 제물포고등학교의 역사와 전통을 상징하는 공간으로 꼽힌다.",공간으로 읽는 근대문화 역사유산,근대의 산실 학교,https://minio.nculture.org/amsweb-opt/multimedia_assets/88/14595/20088/c/14595-thumb.jpg,https://ncms.nculture.org/legacy/story/2821,근대-일제강점기(1910.8.22~1945.8.14),인천광역시,중구,인천광역시 중구 자유공원로 58-9,37.476895,126.62402,인천 제물포고등학교,20230101,"제물포고등학교, 성덕당, 길영희, 무감독시험, 등록문화재 제427호, 인천 공립중학교, 제물포고등학교 강당, 망사드르지붕, 인천 자유공원, 무감독 시험, 인천역",M,스포츠 & 피트니스/스포츠 팬/축구 팬,11,10,20231230
20231200640,바다보다 역동적인 제물포의 근대 - 인천 개항장 근대역사문화지구,"제물포는 1883년 개항 직후부터 일본과 청나라, 영국 미국 독일 프랑스 등 각국이 주도권을 잡기 위해 각축을 벌인 지역이다. 일본이 가장 먼저 조계를 설정하자, 청과 다른 나라들이 뒤따랐다. 초기 모습은 청 조계지가 일본 쪽보다 나았다. 상권에서도 청 상인들이 우세한 편이었으나, 1894년 청일전쟁에서 일본이 승리한 뒤로는 일본이 앞서기 시작했고, 1904년 러일전쟁을 거친 뒤에는 일본의 절대 우세가 확정되었다. 일본은 금융기관을 앞세워 해운업과 화물운송업을 장악했고, 인천은 일본 주도 아래 식민지 근대의 대도시로 변모하기 시작했다. 현재의 자유공원(만국공원)은 일본 조계지와 청국 조계지(훗날 인천 차이나타운)를 비롯해 개항 이후 인천 근현대사의 역동성을 답사하기 적당한 출발점이다.",공간으로 읽는 근대문화 역사유산,근대 거리를 거닐다,https://minio.nculture.org/amsweb-opt/multimedia_assets/79/30457/22671/c/%EC%9D%B8%EC%B2%9C_%EA%B7%BC%EB%8C%80%EB%AC%B8%ED%99%94%EC%9C%A0%EC%82%B0%EA%B1%B0%EB%A6%AC-%283%29-thumb.jpg,https://ncms.nculture.org/legacy/story/4549,근대-개항기(1864~1910),인천광역시,중구,인천광역시 중구 자유공원남로 25,37.47467242,126.6225672,제물포고등학교,20230101,"제물포, 자유공원, 조계지, 만국공원, 차이나타운",F,뉴스 & 정치/열렬한 뉴스 독자/열렬한 비즈니스 뉴스 독자,11,10,20231230
20231200641,일제강점기 초밥으로 만든 김밥,"김은 조선시대부터 전라도의 특산물로 기록에 남아있지만 김밥에 대한 기록은 일제강점기 밥에 초를 넣고 계란지단, 덴부(도미살을 분홍색으로 물들인 것) 등을 속으로 하여 김에 싼다고 나온다. 식초로 간을 한 김밥은 해방 후의 신문기사에서도 그 조리법이 보인다. 오늘날의 김밥은 식초보다 참기름과 소금으로 간을 한다. 김밥의 대중화는 일제강점기 김이 어느 정도 생산되고 일본의 도시락 문화가 정착되면서 만들어졌다.",근대 신문으로 보는 음식,개항 이후 들어온 음식과 식재료,,https://ncms.nculture.org/legacy/story/2951,시대미상,,,,,,청파동,20230101,"노리마기스시, 통영김밥, 김쌈밥, 초밥, 김밥",M,미디어 & 엔터테인먼트/TV 애호가,11,10,20231230
20231200642,1882년 임오군란 이후 한국에 들어온 자장면,"자장면(炸醬麵)은 장을 튀겨 면에 비벼먹은 음식이라는 의미이다. 여기서 튀기는 장은 콩 70%와 밀 30%를 섞어 짜게 발효시킨 면장(麵醬)인데 중국 산둥지역에서 주로 담궈 먹었다고 한다. 1882년 임오군란이 일어난 후 청나라와 조선은 ‘상민수륙무역장정(商民水陸貿易章程이라는 조약을 체결하는데, 이 조약으로 청나라와 조선의 상인들은 자유롭게 무역을 할 수 있게 되었다. 상민수륙무역장정에 따라 청나라 사람들 특히 주로 중국 산둥 지방 사람들이 인천등 개항장에 이주하기 시작하였다. 산동지방의 향토음식이 한국에 정착한 것이 짜장면이다.",근대 신문으로 보는 음식,개항 이후 들어온 음식과 식재료,https://minio.nculture.org/amsweb-opt/multimedia_assets/5/13787/20519/c/13787-thumb.jpg,https://ncms.nculture.org/legacy/story/2753,근대-개항기(1864~1910),인천광역시,중구,인천광역시 중구 선린동,37.474508,126.618205,인천항,20230101,"화교, 인천, 산둥음식",M,미디어 & 엔터테인먼트/TV 대중 시청자,11,10,20231230
20231200643,1882년 임오군란 이후 한국에 들어온 자장면,"자장면(炸醬麵)은 장을 튀겨 면에 비벼먹은 음식이라는 의미이다. 여기서 튀기는 장은 콩 70%와 밀 30%를 섞어 짜게 발효시킨 면장(麵醬)인데 중국 산둥지역에서 주로 담궈 먹었다고 한다. 1882년 임오군란이 일어난 후 청나라와 조선은 ‘상민수륙무역장정(商民水陸貿易章程이라는 조약을 체결하는데, 이 조약으로 청나라와 조선의 상인들은 자유롭게 무역을 할 수 있게 되었다. 상민수륙무역장정에 따라 청나라 사람들 특히 주로 중국 산둥 지방 사람들이 인천등 개항장에 이주하기 시작하였다. 산동지방의 향토음식이 한국에 정착한 것이 짜장면이다.",근대 신문으로 보는 음식,개항 이후 들어온 음식과 식재료,https://minio.nculture.org/amsweb-opt/multimedia_assets/5/13787/20519/c/13787-thumb.jpg,https://ncms.nculture.org/legacy/story/2753,근대-개항기(1864~1910),인천광역시,중구,인천광역시 중구 선린동,37.474508,126.618205,인천항,20230101,"화교, 인천, 산둥음식",M,미디어 & 엔터테인먼트/음악 애호가/월드 뮤직 팬,11,10,20231230
20231200644,"‘울긋불긋 꽃대궐’, 창원 소답동 김종영 생가","“울긋불긋 꽃 대궐 차린 동네 / 그 속에서 놀던 때가 그립습니다"" &lt;고향의 봄&gt; 노랫말을 쓴 아동 문학가 이원수가 울긋불긋 꽃 대궐이라고 추억한 동네가 바로 김종영의 생가가 있는 경상남도 창원시 소답동이다. 김종영은 우리나라 현대 조각의 개척자이자 미술교육의 선구자이다. 1940년에 증개축한 창원 소답동 김종영 생가는 꽃이 많아서 마을 사람들이 ‘소답 꽃집’으로 불렀다고 한다. 이원수는 김종영의 집에 자주 가서 놀았다. 김종영 생가는 원래 김종영의 증조부가 지은 집으로, 안채·아래채·대문채의 본가와 정자·사미루의 별채로 이루어진 전형적인 목조 근대 한옥이다.",공간으로 읽는 근대문화 역사유산,근현대 인물들의 공간,https://minio.nculture.org/amsweb-opt/multimedia_assets/104/14667/2366/c/14667-thumb.jpg,https://ncms.nculture.org/legacy/story/2982,근대-일제강점기(1910.8.22~1945.8.14),경상남도,창원시,경상남도 창원시 의창구 의안로 44번길 33,35.265625,128.627846,창원,20230101,"김종영, 김종영 생가, 이원수, 꽃대궐, 창원 소답동",F,뉴스 & 정치/열렬한 뉴스 독자/연예 뉴스 매니아,11,10,20231230
20231200645,"누룩, 국가가 통제하다.",누룩은 곡식을 발효시켜 술로 만들 때 필요한 발효제이다. 전근대 시기 누룩은 주로 밀로 만들었는데 밀 농사를 지은 농민들이 부업으로 만들어 장에서 팔았다. 일제시대 대규모로 누룩을 제조하는 공장들이 출현하였는데 농촌에서 부업으로 만드는 누룩도 공존하였다. 1930년대 일제는 누룩 제조를 특정 공장에만 허가하고 전매권을 주었다. 다양하게 만들어지던 누룩은 국가에 의해 통제되었다.,근대 신문으로 보는 음식,전통 음식과 식재료의 변화,https://minio.nculture.org/amsweb-opt/multimedia_assets/202/25909/7566/c/25909-thumb.jpg,https://ncms.nculture.org/legacy/story/2727,근대-일제강점기(1910.8.22~1945.8.14),부산광역시,금정구,부산광역시 금정구 금성동 554-1 금정산성 막걸리 찾아가는 양조장,35.250417,129.056476,부산 산성마을,20230101,"곡자화시, 곡자제조장, 산성누룩, 재래종 밀",F,테크놀로지/기술애호가,11,9,20231230
20231200646,"서울 최초의 근대 백화점, 미츠코시 백화점 경성지점","미츠코시 백화점 경성지점은 서울특별시에 세워진 최초의 근대식 백화점이다. 미츠코시 오복점이 1929년에 지점으로 승격되면서 본격적으로 백화점의 면모를 갖추게 되었다. 대형 백화점의 등장은 정찰제 판매, 박리다매 전략의 등장으로 우리나라 유통에 큰 변화를 불러왔다. 미츠코시 백화점은 일반 시민들에게 일상적인 공간으로 자리 잡았으나 이면에는 일제강점기 소비문화의 모순이 감춰져 있기도 했다. 현재는 서울특별시 중구 신세계백화점 본점 본관으로 사용되고 있다.",공간으로 읽는 근대문화 역사유산,"근대, 한반도에 발을 딛다",https://minio.nculture.org/amsweb-opt/multimedia_assets/125/85820/93650/c/%EA%B5%AC-%EB%AF%B8%EC%93%B0%EC%BD%94%EC%8B%9C-%EA%B2%BD%EC%84%B1%EC%A7%80%EC%A0%90-%281%29_rev-thumb.jpg,https://ncms.nculture.org/legacy/story/7134,근대-일제강점기(1910.8.22~1945.8.14),서울특별시,중구,서울특별시 중구 소공로 63,37.56091902,126.980979,신세계백화점 본점,20230101,"백화점, 미츠코시, 이상, 채만식",F,테크놀로지/소셜 미디어 매니아,10,10,20231230
20231200647,"일제강점기 한국의 우뭇가사리로 만든 일본 과자, 양갱","양갱은 중국에서 일본에 전해져 정착된 과자로 우뭇가사리를 냉동건조시킨 한천에 팥, 설탕 등을 넣고 쪄서 만든 과자다. 양갱은 일제강점기 조선에 들어와 지금도 팔릴만큼 한국인의 과자로 정착되었다. 양갱의 원료인 우뭇가사리는 일제강점기 본격적으로 한반도 바다에서 채취되었는데 우뭇가사리가 양갱 원료 이외에 의약품, 화장품 등의 원료로 쓰였기 때문이다. 일제강점기 우뭇가사리 채취는 주로 제주도 출신 해녀들이 담당하였다. 해방 후에도 한천은 계속 만들어져 주로 외국으로 수출되었다.",근대 신문으로 보는 음식,개항 이후 들어온 음식과 식재료,https://minio.nculture.org/amsweb-opt/multimedia_assets/233/14832/2431/c/14832-thumb.jpg,https://ncms.nculture.org/legacy/story/2876,근대-일제강점기(1910.8.22~1945.8.14),경상남도,밀양시,경상남도 밀양시 산내면 봉의로 58-31,35.591708,128.880929,,20230101,"양갱, 요깡, 우뭇가사리, 한천, 제주해녀, 나카오카제과, 해태제과합명회사",M,음식 & 다이닝/식도락가,10,10,20231230
20231200648,"일제강점기 한국의 우뭇가사리로 만든 일본 과자, 양갱","양갱은 중국에서 일본에 전해져 정착된 과자로 우뭇가사리를 냉동건조시킨 한천에 팥, 설탕 등을 넣고 쪄서 만든 과자다. 양갱은 일제강점기 조선에 들어와 지금도 팔릴만큼 한국인의 과자로 정착되었다. 양갱의 원료인 우뭇가사리는 일제강점기 본격적으로 한반도 바다에서 채취되었는데 우뭇가사리가 양갱 원료 이외에 의약품, 화장품 등의 원료로 쓰였기 때문이다. 일제강점기 우뭇가사리 채취는 주로 제주도 출신 해녀들이 담당하였다. 해방 후에도 한천은 계속 만들어져 주로 외국으로 수출되었다.",근대 신문으로 보는 음식,개항 이후 들어온 음식과 식재료,https://minio.nculture.org/amsweb-opt/multimedia_assets/233/14832/2431/c/14832-thumb.jpg,https://ncms.nculture.org/legacy/story/2876,근대-일제강점기(1910.8.22~1945.8.14),경상남도,밀양시,경상남도 밀양시 산내면 봉의로 58-31,35.591708,128.880929,,20230101,"양갱, 요깡, 우뭇가사리, 한천, 제주해녀, 나카오카제과, 해태제과합명회사",F,라이프스타일 & 취미/가족 중심,10,10,20231230
20231200649,"일제강점기 한국의 우뭇가사리로 만든 일본 과자, 양갱","양갱은 중국에서 일본에 전해져 정착된 과자로 우뭇가사리를 냉동건조시킨 한천에 팥, 설탕 등을 넣고 쪄서 만든 과자다. 양갱은 일제강점기 조선에 들어와 지금도 팔릴만큼 한국인의 과자로 정착되었다. 양갱의 원료인 우뭇가사리는 일제강점기 본격적으로 한반도 바다에서 채취되었는데 우뭇가사리가 양갱 원료 이외에 의약품, 화장품 등의 원료로 쓰였기 때문이다. 일제강점기 우뭇가사리 채취는 주로 제주도 출신 해녀들이 담당하였다. 해방 후에도 한천은 계속 만들어져 주로 외국으로 수출되었다.",근대 신문으로 보는 음식,개항 이후 들어온 음식과 식재료,https://minio.nculture.org/amsweb-opt/multimedia_assets/233/14832/2431/c/14832-thumb.jpg,https://ncms.nculture.org/legacy/story/2876,근대-일제강점기(1910.8.22~1945.8.14),경상남도,밀양시,경상남도 밀양시 산내면 봉의로 58-31,35.591708,128.880929,,20230101,"양갱, 요깡, 우뭇가사리, 한천, 제주해녀, 나카오카제과, 해태제과합명회사",F,차량 및 운송/자동차 매니아,10,10,20231230
20231200650,전통배추를 밀어내고 김치의 원료가 된 결구배추,"배추김치의 주재료인 배추는 조선시대까지 한양과 개성에서 자란 것이 유명했다. 이 배추는 배추잎이 절반정도 뭉친 반결구종으로, 무게는 결구종보다 적고 생육기간도 길었다. 임오군란 이후 중국인들이 한국땅에 살고 중국과 왕래하면서 중국의 결구배추가 들어오게 된다. 결구배추는 배추잎이 서로 감싸 완전히 뭉친 것인데 생육기간이 짧고 크기도 컸다. 일제강점기 반결구배추가 병충해에 시달리면서 결구종 배추가 보급되어 오늘날 김치를 만드는 배추는 결구종배추가 주를 이루게 되었다.",근대 신문으로 보는 음식,전통 음식과 식재료의 변화,,https://ncms.nculture.org/legacy/story/2831,근대-일제강점기(1910.8.22~1945.8.14),,,,,,덕천,20230101,"배추김치, 호배추, 결구배추",M,음식 & 다이닝/요리 매니아/간단 요리,10,10,20231230
20231200651,"동양 최초의 바다 밑 터널, 통영 해저터널","통영반도 남단과 미륵도를 연결하는 통영 해저터널은 동양 최초의 해저터널이다. 일제강점기 이전부터 통영으로 이주해온 일본인 이주 어민들은 연안에서 어로 활동을 하며 물고기 떼를 쫓아 빠르게 이동할 필요가 있었는데, 미륵도와 통영 사이의 해협이 너무 좁아 미륵도를 빙 돌아 가야 하는 불편함이 있었다. 그래서 일제는 1932년 통영운하를 완공했다. 통영운하 개통 후 운하를 건너다니도록 하기 위해 교량 대신 만든 것이 해저터널이다. 터널을 만든 지역은 판데목이라는 곳인데, 임진왜란 한산대첩 때 많은 왜군이 이순신의 학익진에 대패해 판데목 부근에서 수장됐다고 한다. 일본인들이 조상의 유해 위로 건너다닐 수 없어서 해저터널을 팠다는 이야기도 전해진다.",공간으로 읽는 근대문화 역사유산,"빼앗긴 들, 뒤틀린 근대",https://minio.nculture.org/amsweb-opt/multimedia_assets/140/85835/93850/c/%ED%86%B5%EC%98%81-%ED%95%B4%EC%A0%80%ED%84%B0%EB%84%90-%281%29_rev-thumb.jpg,https://ncms.nculture.org/legacy/story/2936,근대-일제강점기(1910.8.22~1945.8.14),경상남도,통영시,경상남도 통영시 도남로 57-1,34.834788,128.40991,충무교,20230101,"통영 해저터널, 통영운하, 충무공 이순신, 판데목, 미륵도",M,라이프스타일 & 취미/비즈니스 전문가,10,10,20231230
20231200652,"동양 최초의 바다 밑 터널, 통영 해저터널","통영반도 남단과 미륵도를 연결하는 통영 해저터널은 동양 최초의 해저터널이다. 일제강점기 이전부터 통영으로 이주해온 일본인 이주 어민들은 연안에서 어로 활동을 하며 물고기 떼를 쫓아 빠르게 이동할 필요가 있었는데, 미륵도와 통영 사이의 해협이 너무 좁아 미륵도를 빙 돌아 가야 하는 불편함이 있었다. 그래서 일제는 1932년 통영운하를 완공했다. 통영운하 개통 후 운하를 건너다니도록 하기 위해 교량 대신 만든 것이 해저터널이다. 터널을 만든 지역은 판데목이라는 곳인데, 임진왜란 한산대첩 때 많은 왜군이 이순신의 학익진에 대패해 판데목 부근에서 수장됐다고 한다. 일본인들이 조상의 유해 위로 건너다닐 수 없어서 해저터널을 팠다는 이야기도 전해진다.",공간으로 읽는 근대문화 역사유산,"빼앗긴 들, 뒤틀린 근대",https://minio.nculture.org/amsweb-opt/multimedia_assets/140/85835/93850/c/%ED%86%B5%EC%98%81-%ED%95%B4%EC%A0%80%ED%84%B0%EB%84%90-%281%29_rev-thumb.jpg,https://ncms.nculture.org/legacy/story/2936,근대-일제강점기(1910.8.22~1945.8.14),경상남도,통영시,경상남도 통영시 도남로 57-1,34.834788,128.40991,충무교,20230101,"통영 해저터널, 통영운하, 충무공 이순신, 판데목, 미륵도",M,미디어 & 엔터테인먼트/게이머/하드코어 게이머,10,10,20231230
20231200653,일제시대에도 계속된 인삼전매제,"인삼은 옛날부터 만병통치약으로 먹던 산삼을 인공재배한 것이다. 인삼 밭에서 수확한 인삼을 수삼(水蔘)이라고 한다. 이 수삼을 쪄서 말린 것이 홍삼이고 그냥 말린 것이 백삼이다. 홍삼은 직삼으로 만들고 백삼은 곡삼으로 만드는데, 직삼은 개성인삼, 곡삼은 금산인삼이 대표적이다. 조선시대 홍삼은 국가가 재배부터 판매까지 직접 관리하였는데 백삼은 크게 규제하지 않았다. 백삼은 1934년 지정구역 외의 인삼 경작도 전매국의 허가를 받고, 1943년 백삼의 유통·배급도 총독부가 관리하면서 규제되었다.",근대 신문으로 보는 음식,전통 음식과 식재료의 변화,,https://ncms.nculture.org/legacy/story/2779,근대-일제강점기(1910.8.22~1945.8.14),경상북도,영주시,경상북도 영주시 풍기읍 죽령로 1378 인삼박물관,36.885943,128.479715,금산,20230101,"인삼전매제, 홍삼전매제, 직삼, 곡삼, 홍삼, 백삼",F,미디어 & 엔터테인먼트/TV 애호가/드라마 팬,10,10,20231230
20231200654,일제강점기 나타난 뻥튀기,"오늘날 뻥튀기를 만드는 기계는 일제강점기 일본에서 수입한 것이 시초이다. 이 기계는 과자장수들에게 ‘7홉이 1말이 된다’라는 문구로 광고하여 판매되었다. 백미, 현미, 수수, 조 등을 15배 이상 팽창시키는데 시간은 3분 걸리고 비용은 5리(厘)가 든다고 하였다. 뻥튀기 기계는 곡물을 쉽게 과자로 만들어주었지만 사고의 위험이 늘 있었다. 1980년대까지도 뻥튀기 기계의 사고기사가 종종 보인다. 쌀 5홉으로 뻥튀기를 하면 일반 가정집은 1년 정도 먹을 수 있었다. 1980년대 들어 과자들이 많이 나오면서 뻥튀기는 서서히 자취를 감추게 되었다.",근대 신문으로 보는 음식,개항 이후 들어온 음식과 식재료,https://minio.nculture.org/amsweb-opt/multimedia_assets/180/14779/19965/c/14779-thumb.jpg,https://ncms.nculture.org/legacy/story/2829,근대-일제강점기(1910.8.22~1945.8.14),,,,,,덕천,20230101,"뻥튀기, 곡물팽창기, 폭발",F,뉴스 & 정치/열렬한 뉴스 독자/열렬한 비즈니스 뉴스 독자,10,10,20231230
20231200655,일제강점기 나타난 뻥튀기,"오늘날 뻥튀기를 만드는 기계는 일제강점기 일본에서 수입한 것이 시초이다. 이 기계는 과자장수들에게 ‘7홉이 1말이 된다’라는 문구로 광고하여 판매되었다. 백미, 현미, 수수, 조 등을 15배 이상 팽창시키는데 시간은 3분 걸리고 비용은 5리(厘)가 든다고 하였다. 뻥튀기 기계는 곡물을 쉽게 과자로 만들어주었지만 사고의 위험이 늘 있었다. 1980년대까지도 뻥튀기 기계의 사고기사가 종종 보인다. 쌀 5홉으로 뻥튀기를 하면 일반 가정집은 1년 정도 먹을 수 있었다. 1980년대 들어 과자들이 많이 나오면서 뻥튀기는 서서히 자취를 감추게 되었다.",근대 신문으로 보는 음식,개항 이후 들어온 음식과 식재료,https://minio.nculture.org/amsweb-opt/multimedia_assets/180/14779/19965/c/14779-thumb.jpg,https://ncms.nculture.org/legacy/story/2829,근대-일제강점기(1910.8.22~1945.8.14),,,,,,덕천,20230101,"뻥튀기, 곡물팽창기, 폭발",F,스포츠 & 피트니스/건강 및 피트니스,10,10,20231230
20231200656,"민주주의가 자라다, 인천 제물포고등학교 강당","인천 제물포고등학교 강당은 1935년 인천 공립중학교의 강당으로 세워졌다. 화강석 기단 위에 적벽돌을 쌓아 지은 건물이다. 지하 1층, 지상 1층인 외관은 간결하며 기능 중심으로 설계되었다. 내부는 너비가 15m에 이르지만, 중간 기둥 없이 하나의 공간을 이루도록 했다. 일본인 학교였던 인천 공립학교는 해방 후 학제 변경으로 1954년 제물포고등학교 강당이 되었다. 제물포고등학교 설립을 주도했고 초대 교장이었던 교육자 길영희 선생은 ‘성덕당’이라고 불리는 강당에서 전교생에게 양심적인 나라의 일꾼이 되라고 열변을 토했다고 한다. 성덕당은 당대 인사들의 특강 장소이자 학생들의 자유로운 토론의 장으로 활용되었다. 1930년대 세워졌던 옛 학교 건물들은 모두 사라졌지만, 성덕당은 남아 제물포고등학교의 역사와 전통을 상징하는 공간으로 꼽힌다.",공간으로 읽는 근대문화 역사유산,근대의 산실 학교,https://minio.nculture.org/amsweb-opt/multimedia_assets/88/14595/20088/c/14595-thumb.jpg,https://ncms.nculture.org/legacy/story/2821,근대-일제강점기(1910.8.22~1945.8.14),인천광역시,중구,인천광역시 중구 자유공원로 58-9,37.476895,126.62402,인천 제물포고등학교,20230101,"제물포고등학교, 성덕당, 길영희, 무감독시험, 등록문화재 제427호, 인천 공립중학교, 제물포고등학교 강당, 망사드르지붕, 인천 자유공원, 무감독 시험, 인천역",F,음식 & 다이닝/요리 매니아/셰프 지망생,10,10,20231230
20231200657,"민주주의가 자라다, 인천 제물포고등학교 강당","인천 제물포고등학교 강당은 1935년 인천 공립중학교의 강당으로 세워졌다. 화강석 기단 위에 적벽돌을 쌓아 지은 건물이다. 지하 1층, 지상 1층인 외관은 간결하며 기능 중심으로 설계되었다. 내부는 너비가 15m에 이르지만, 중간 기둥 없이 하나의 공간을 이루도록 했다. 일본인 학교였던 인천 공립학교는 해방 후 학제 변경으로 1954년 제물포고등학교 강당이 되었다. 제물포고등학교 설립을 주도했고 초대 교장이었던 교육자 길영희 선생은 ‘성덕당’이라고 불리는 강당에서 전교생에게 양심적인 나라의 일꾼이 되라고 열변을 토했다고 한다. 성덕당은 당대 인사들의 특강 장소이자 학생들의 자유로운 토론의 장으로 활용되었다. 1930년대 세워졌던 옛 학교 건물들은 모두 사라졌지만, 성덕당은 남아 제물포고등학교의 역사와 전통을 상징하는 공간으로 꼽힌다.",공간으로 읽는 근대문화 역사유산,근대의 산실 학교,https://minio.nculture.org/amsweb-opt/multimedia_assets/88/14595/20088/c/14595-thumb.jpg,https://ncms.nculture.org/legacy/story/2821,근대-일제강점기(1910.8.22~1945.8.14),인천광역시,중구,인천광역시 중구 자유공원로 58-9,37.476895,126.62402,인천 제물포고등학교,20230101,"제물포고등학교, 성덕당, 길영희, 무감독시험, 등록문화재 제427호, 인천 공립중학교, 제물포고등학교 강당, 망사드르지붕, 인천 자유공원, 무감독 시험, 인천역",M,여행/여행 매니아,10,10,20231230
20231200658,고종황제를 매혹시킨 커피,커피는 개항이후 조선의 궁궐인 경복궁이나 덕수궁에서 서양인을 접대할 때 사용되었다. 고종은 커피를 상당히 좋아했다. 서양인 선교사들은 커피를 가지고 한국에 왔는데 한국인에게 대접하기도 하였다. 일제시대 커피는 일반인들에게 많이 퍼져서 1930년대 후반에는 다방도 많이 생겼다. 이 시기 커피는 원두를 갈아 주전자에 끓여 체에 받쳐 걸러 먹었다. 1930년대 후반 전쟁으로 수입이 통제되면서 커피의 사용은 줄어들었다.,근대 신문으로 보는 음식,개항 이후 들어온 음식과 식재료,https://minio.nculture.org/amsweb-opt/multimedia_assets/221/14820/2419/c/14820-thumb.jpg,https://ncms.nculture.org/legacy/story/2853,근대-개항기(1864~1910),서울특별시,중구,서울특별시 중구 정동 세종대로 99,37.565807,126.975143,대불호텔,20230101,"고종황제, 다방, 원두, 선교사, 접대",M,음식 & 다이닝/요리 매니아,10,10,20231230
20231200659,고종황제를 매혹시킨 커피,커피는 개항이후 조선의 궁궐인 경복궁이나 덕수궁에서 서양인을 접대할 때 사용되었다. 고종은 커피를 상당히 좋아했다. 서양인 선교사들은 커피를 가지고 한국에 왔는데 한국인에게 대접하기도 하였다. 일제시대 커피는 일반인들에게 많이 퍼져서 1930년대 후반에는 다방도 많이 생겼다. 이 시기 커피는 원두를 갈아 주전자에 끓여 체에 받쳐 걸러 먹었다. 1930년대 후반 전쟁으로 수입이 통제되면서 커피의 사용은 줄어들었다.,근대 신문으로 보는 음식,개항 이후 들어온 음식과 식재료,https://minio.nculture.org/amsweb-opt/multimedia_assets/221/14820/2419/c/14820-thumb.jpg,https://ncms.nculture.org/legacy/story/2853,근대-개항기(1864~1910),서울특별시,중구,서울특별시 중구 정동 세종대로 99,37.565807,126.975143,대불호텔,20230101,"고종황제, 다방, 원두, 선교사, 접대",M,음식 & 다이닝/요리 매니아/셰프 지망생,10,10,20231230
20231200660,고종황제를 매혹시킨 커피,커피는 개항이후 조선의 궁궐인 경복궁이나 덕수궁에서 서양인을 접대할 때 사용되었다. 고종은 커피를 상당히 좋아했다. 서양인 선교사들은 커피를 가지고 한국에 왔는데 한국인에게 대접하기도 하였다. 일제시대 커피는 일반인들에게 많이 퍼져서 1930년대 후반에는 다방도 많이 생겼다. 이 시기 커피는 원두를 갈아 주전자에 끓여 체에 받쳐 걸러 먹었다. 1930년대 후반 전쟁으로 수입이 통제되면서 커피의 사용은 줄어들었다.,근대 신문으로 보는 음식,개항 이후 들어온 음식과 식재료,https://minio.nculture.org/amsweb-opt/multimedia_assets/221/14820/2419/c/14820-thumb.jpg,https://ncms.nculture.org/legacy/story/2853,근대-개항기(1864~1910),서울특별시,중구,서울특별시 중구 정동 세종대로 99,37.565807,126.975143,대불호텔,20230101,"고종황제, 다방, 원두, 선교사, 접대",M,쇼핑객/쇼핑 애호가,10,10,20231230
20231200661,일본인 거리의 의미를 묻다 - 포항 구룡포 근대문화역사거리,경상북도 포항시 구룡포는 1900년부터 일본 어부들이 어업 근거지로 삼으면서 근대 항구가 되었다. 일본인들은 일제강점기부터 본국의 지원을 받으면서 구룡포로 이주하기 시작했다. 구룡포에 정착한 일본인 가운데는 가가와현 출신이 많았다. 이들은 일본 타 지역 출신들과 경쟁관계에 있었으나 1920년대부터 1930년대 중반까지 2차례에 걸친 축항 공사를 통해 방파제를 쌓고 일본인 거리를 확장했다. 구룡포의 조선인들은 상당수가 일본 선주들에게 고용돼 어로 노동자로 일했다. 구룡포의 조선인과 일본인 거주 공간도 달랐다. 일제강점기 극소수의 일본 선주들은 전체 어획 소득의 절반가량을 가져갔다. 일본인들이 부를 늘려감에 따라 구룡포의 일본인 거리도 계속 확장됐다. 그러나 1945년 갑작스러운 패망으로 일본인은 자신들 나라로 돌아갔다. 포항시는 2011년부터 ‘구룡포 근대역사문화거리’를 조성했다. 가가와 출신 어부들의 중심인물로 구룡포에서 부를 쌓은 하시모토가 1923년 지은 일본식 집은 구룡포 근대역사관이 되었다. 그러나 문화재청은 하시모토의 집과 일본 가옥의 등록문화재 지정 신청을 보류했다. 구룡포 근대역사문화거리는 역사 인식의 측면에서 계속 비판이 제기되고 있다.,공간으로 읽는 근대문화 역사유산,근대 거리를 거닐다,https://minio.nculture.org/amsweb-opt/3ds/234/84339/84339_thumbnail.jpg,https://ncms.nculture.org/legacy/story/4534,근대-일제강점기(1910.8.22~1945.8.14),경상북도,포항시,경북 포항시 남구 구룡포읍 구룡포길 147-2,35.99079907,129.5609111,구룡포 근대 역사관,20230101,"어업, 일제강점기, 근대역사관",M,테크놀로지/모바일 매니아,10,10,20231230
20231200662,일본인 거리의 의미를 묻다 - 포항 구룡포 근대문화역사거리,경상북도 포항시 구룡포는 1900년부터 일본 어부들이 어업 근거지로 삼으면서 근대 항구가 되었다. 일본인들은 일제강점기부터 본국의 지원을 받으면서 구룡포로 이주하기 시작했다. 구룡포에 정착한 일본인 가운데는 가가와현 출신이 많았다. 이들은 일본 타 지역 출신들과 경쟁관계에 있었으나 1920년대부터 1930년대 중반까지 2차례에 걸친 축항 공사를 통해 방파제를 쌓고 일본인 거리를 확장했다. 구룡포의 조선인들은 상당수가 일본 선주들에게 고용돼 어로 노동자로 일했다. 구룡포의 조선인과 일본인 거주 공간도 달랐다. 일제강점기 극소수의 일본 선주들은 전체 어획 소득의 절반가량을 가져갔다. 일본인들이 부를 늘려감에 따라 구룡포의 일본인 거리도 계속 확장됐다. 그러나 1945년 갑작스러운 패망으로 일본인은 자신들 나라로 돌아갔다. 포항시는 2011년부터 ‘구룡포 근대역사문화거리’를 조성했다. 가가와 출신 어부들의 중심인물로 구룡포에서 부를 쌓은 하시모토가 1923년 지은 일본식 집은 구룡포 근대역사관이 되었다. 그러나 문화재청은 하시모토의 집과 일본 가옥의 등록문화재 지정 신청을 보류했다. 구룡포 근대역사문화거리는 역사 인식의 측면에서 계속 비판이 제기되고 있다.,공간으로 읽는 근대문화 역사유산,근대 거리를 거닐다,https://minio.nculture.org/amsweb-opt/3ds/234/84339/84339_thumbnail.jpg,https://ncms.nculture.org/legacy/story/4534,근대-일제강점기(1910.8.22~1945.8.14),경상북도,포항시,경북 포항시 남구 구룡포읍 구룡포길 147-2,35.99079907,129.5609111,구룡포 근대 역사관,20230101,"어업, 일제강점기, 근대역사관",M,테크놀로지/기술애호가,10,10,20231230
20231200663,궁중음식이라는 전설을 품은 구절판,구절판은 1930년대 신문에 처음 만드는 법이 소개된다. 비록 이 시기에 처음 소개되지만 소개하는 사람은 궁중음식이라고 하고있다. 구절판이 의궤에 기록된 음식은 아니다. 그러나 밀가루가 귀했던 조선시대 궁중에서 만들어먹었을 가능성은 있다. 구절판은 정성스럽게 밀전병을 부치는 것에서 많은 정성이 들어가는 음식이다.,근대 신문으로 보는 음식,전통 음식과 식재료의 변화,https://minio.nculture.org/amsweb-opt/multimedia_assets/118/25465/7328/c/25465-thumb.jpg,https://ncms.nculture.org/legacy/story/2802,근대-일제강점기(1910.8.22~1945.8.14),서울특별시,종로구,서울특별시 종로구 창덕궁 5길 궁중음식연구원,37.583663,126.989246,,20230101,"밀전병, 구절판(그릇), 8가지 찬, 밀쌈",F,음식 & 다이닝/요리 매니아/셰프 지망생,10,10,20231230
20231200664,궁중음식이라는 전설을 품은 구절판,구절판은 1930년대 신문에 처음 만드는 법이 소개된다. 비록 이 시기에 처음 소개되지만 소개하는 사람은 궁중음식이라고 하고있다. 구절판이 의궤에 기록된 음식은 아니다. 그러나 밀가루가 귀했던 조선시대 궁중에서 만들어먹었을 가능성은 있다. 구절판은 정성스럽게 밀전병을 부치는 것에서 많은 정성이 들어가는 음식이다.,근대 신문으로 보는 음식,전통 음식과 식재료의 변화,https://minio.nculture.org/amsweb-opt/multimedia_assets/118/25465/7328/c/25465-thumb.jpg,https://ncms.nculture.org/legacy/story/2802,근대-일제강점기(1910.8.22~1945.8.14),서울특별시,종로구,서울특별시 종로구 창덕궁 5길 궁중음식연구원,37.583663,126.989246,,20230101,"밀전병, 구절판(그릇), 8가지 찬, 밀쌈",F,미디어 & 엔터테인먼트/영화 애호가,10,10,20231230
20231200665,"구경거리가 된 왕궁, 창경궁 대온실","일제는 왕의 위엄을 깎아내리기 위해 창경궁 뜰에 동물원과 함께 식물원을 1909년 건립했다. 창경궁 대온실은 10.5m 높이의 철골 구조에 연속되는 유리창과 지붕까지 판유리를 기와처럼 덮은, 서양 세계박람회 전시장 형식을 본뜬 건축물이다. 유리창과 프레임은 100년 넘는 세월에 크게 훼손되었으나, 원형을 잃지는 않았다. 지금도 식물원으로서, 창경궁 뜰 한 자리를 지키고 있다.",공간으로 읽는 근대문화 역사유산,"근대, 한반도에 발을 딛다",https://minio.nculture.org/amsweb-opt/multimedia_assets/103/14660/2359/c/14660-thumb.jpg,https://ncms.nculture.org/legacy/story/2984,,서울특별시,종로구,서울특별시 종로구 창경궁로 185,37.577687,126.99403,,20230101,"창경궁, 대온실, 후계목, 프랑스식 정원, 최초의 서양식 온실, 순종 창덕궁 유폐",F,은행 및 금융/열렬한 투자자,10,10,20231230
20231200666,"구경거리가 된 왕궁, 창경궁 대온실","일제는 왕의 위엄을 깎아내리기 위해 창경궁 뜰에 동물원과 함께 식물원을 1909년 건립했다. 창경궁 대온실은 10.5m 높이의 철골 구조에 연속되는 유리창과 지붕까지 판유리를 기와처럼 덮은, 서양 세계박람회 전시장 형식을 본뜬 건축물이다. 유리창과 프레임은 100년 넘는 세월에 크게 훼손되었으나, 원형을 잃지는 않았다. 지금도 식물원으로서, 창경궁 뜰 한 자리를 지키고 있다.",공간으로 읽는 근대문화 역사유산,"근대, 한반도에 발을 딛다",https://minio.nculture.org/amsweb-opt/multimedia_assets/103/14660/2359/c/14660-thumb.jpg,https://ncms.nculture.org/legacy/story/2984,,서울특별시,종로구,서울특별시 종로구 창경궁로 185,37.577687,126.99403,,20230101,"창경궁, 대온실, 후계목, 프랑스식 정원, 최초의 서양식 온실, 순종 창덕궁 유폐",F,미디어 & 엔터테인먼트/TV 대중 시청자,10,10,20231230
20231200667,"구경거리가 된 왕궁, 창경궁 대온실","일제는 왕의 위엄을 깎아내리기 위해 창경궁 뜰에 동물원과 함께 식물원을 1909년 건립했다. 창경궁 대온실은 10.5m 높이의 철골 구조에 연속되는 유리창과 지붕까지 판유리를 기와처럼 덮은, 서양 세계박람회 전시장 형식을 본뜬 건축물이다. 유리창과 프레임은 100년 넘는 세월에 크게 훼손되었으나, 원형을 잃지는 않았다. 지금도 식물원으로서, 창경궁 뜰 한 자리를 지키고 있다.",공간으로 읽는 근대문화 역사유산,"근대, 한반도에 발을 딛다",https://minio.nculture.org/amsweb-opt/multimedia_assets/103/14660/2359/c/14660-thumb.jpg,https://ncms.nculture.org/legacy/story/2984,,서울특별시,종로구,서울특별시 종로구 창경궁로 185,37.577687,126.99403,,20230101,"창경궁, 대온실, 후계목, 프랑스식 정원, 최초의 서양식 온실, 순종 창덕궁 유폐",F,미디어 & 엔터테인먼트/영화 애호가,10,10,20231230
20231200668,"구경거리가 된 왕궁, 창경궁 대온실","일제는 왕의 위엄을 깎아내리기 위해 창경궁 뜰에 동물원과 함께 식물원을 1909년 건립했다. 창경궁 대온실은 10.5m 높이의 철골 구조에 연속되는 유리창과 지붕까지 판유리를 기와처럼 덮은, 서양 세계박람회 전시장 형식을 본뜬 건축물이다. 유리창과 프레임은 100년 넘는 세월에 크게 훼손되었으나, 원형을 잃지는 않았다. 지금도 식물원으로서, 창경궁 뜰 한 자리를 지키고 있다.",공간으로 읽는 근대문화 역사유산,"근대, 한반도에 발을 딛다",https://minio.nculture.org/amsweb-opt/multimedia_assets/103/14660/2359/c/14660-thumb.jpg,https://ncms.nculture.org/legacy/story/2984,,서울특별시,종로구,서울특별시 종로구 창경궁로 185,37.577687,126.99403,,20230101,"창경궁, 대온실, 후계목, 프랑스식 정원, 최초의 서양식 온실, 순종 창덕궁 유폐",F,미디어 & 엔터테인먼트/TV 애호가,10,10,20231230
20231200669,"구경거리가 된 왕궁, 창경궁 대온실","일제는 왕의 위엄을 깎아내리기 위해 창경궁 뜰에 동물원과 함께 식물원을 1909년 건립했다. 창경궁 대온실은 10.5m 높이의 철골 구조에 연속되는 유리창과 지붕까지 판유리를 기와처럼 덮은, 서양 세계박람회 전시장 형식을 본뜬 건축물이다. 유리창과 프레임은 100년 넘는 세월에 크게 훼손되었으나, 원형을 잃지는 않았다. 지금도 식물원으로서, 창경궁 뜰 한 자리를 지키고 있다.",공간으로 읽는 근대문화 역사유산,"근대, 한반도에 발을 딛다",https://minio.nculture.org/amsweb-opt/multimedia_assets/103/14660/2359/c/14660-thumb.jpg,https://ncms.nculture.org/legacy/story/2984,,서울특별시,종로구,서울특별시 종로구 창경궁로 185,37.577687,126.99403,,20230101,"창경궁, 대온실, 후계목, 프랑스식 정원, 최초의 서양식 온실, 순종 창덕궁 유폐",F,뉴스 & 정치/열렬한 뉴스 독자/열렬한 정치 뉴스 독자,10,10,20231230
20231200670,"누룩, 국가가 통제하다.",누룩은 곡식을 발효시켜 술로 만들 때 필요한 발효제이다. 전근대 시기 누룩은 주로 밀로 만들었는데 밀 농사를 지은 농민들이 부업으로 만들어 장에서 팔았다. 일제시대 대규모로 누룩을 제조하는 공장들이 출현하였는데 농촌에서 부업으로 만드는 누룩도 공존하였다. 1930년대 일제는 누룩 제조를 특정 공장에만 허가하고 전매권을 주었다. 다양하게 만들어지던 누룩은 국가에 의해 통제되었다.,근대 신문으로 보는 음식,전통 음식과 식재료의 변화,https://minio.nculture.org/amsweb-opt/multimedia_assets/202/25909/7566/c/25909-thumb.jpg,https://ncms.nculture.org/legacy/story/2727,근대-일제강점기(1910.8.22~1945.8.14),부산광역시,금정구,부산광역시 금정구 금성동 554-1 금정산성 막걸리 찾아가는 양조장,35.250417,129.056476,부산 산성마을,20230101,"곡자화시, 곡자제조장, 산성누룩, 재래종 밀",M,차량 및 운송/자동차 매니아,10,9,20231230
