DATA_MANAGE_NO,DATA_TITLE_NM,SUMRY_CN,SBJT_NM,MAIN_THUMB_URL,CNTNTS_URL,CTPRVN_NM,SIGNGU_NM,ADDR,FSTVL_PROGRM_NM,FSTVL_PROGRM_DC,REGIST_DE,CORE_KWRD_CN,SEXDSTN_CD,INTRST_REALM_NM,PGE_VIEWS_CO,VISIT_CO,OPN_DE
20231200001,우리나라의 대표적인 아리랑 '정선아리랑제',"정선은 아리랑의 대표적인 전승지이다. 정선아리랑제는 정선 아리랑의 문화적 가치를 전승하고자 1976년부터 시작되었다. 정선아리랑은 국내 아리랑 중 유일한 무형문화재이다. 정선에서는 이미 5천수 이상의 아리랑 가사가 채록되었고 지금도 끊임없이 창작, 전승되고 있다. 정선아리랑제에서는 어르신, 학생, 성인 등 다양한 사람들이 경창대회를 열고, 아리랑을 주제로한 인형극, 공연, 콘서트, 포럼이 열린다.",춤·음악 축제,https://minio.nculture.org/amsweb-opt/multimedia_assets/73/30127/16061/c/026_2019정선아리랑제-thumb.jpg,https://ncms.nculture.org/local-festival/story/323,강원특별자치도,정선군,강원도 정선군 정선읍 봉양리 112,민속체험 &한복체험,정선의 대표문화인 짚풀공예와 삼찌기 시현을 보고 한복 대여 체험을 통해 축제를 더욱 재밌게 즐길 수 있다.,20230101,"정선, 아리랑, 아라리, 문화예술, 무형문화재, 소리문화",F,뉴스 & 정치/열렬한 뉴스 독자/연예 뉴스 매니아,169,106,20231230
20231200002,세계 3대 마임축제 중 하나 '춘천마임축제',"춘천마임축제는 프랑스의 미모스 축제, 런던의 마임축제와 어깨를 나란히 하는 세계 3대 마임축제의 하나이다. 한 해에 12만명의 관람객이 다녀가고, 10여 개국의 마임 단체들이 참가하며, 공지천, 미군기지터, 극장 등 춘천 시내 곳곳에서 열리는 춘천의 대표 축제이다. 춘천마임축제는 예술 영역에 머물렀던 마임을 대중적인 마임으로 전환하기 위한 노력을 기울이고 있다.",춤·음악 축제,https://minio.nculture.org/amsweb-opt/multimedia_assets/200/30254/17169/c/150_2019-춘천마임축제-thumb.jpg,https://ncms.nculture.org/local-festival/story/240,강원특별자치도,춘천시,강원도 춘천시 효자동 531,걷다 보는 마임,춘천의 산책로를 무대로 만든다. 걷다가 공연보다가 다시 걷다가 드라이브스루 대신 워킹스루 형식으로 마임을 즐긴다.,20230101,"춘천, 마임, 축제, 미모스, 신체극, 광대극",F,뉴스 & 정치/열렬한 뉴스 독자/연예 뉴스 매니아,165,55,20231230
20231200003,우리나라의 대표적인 아리랑 '정선아리랑제',"정선은 아리랑의 대표적인 전승지이다. 정선아리랑제는 정선 아리랑의 문화적 가치를 전승하고자 1976년부터 시작되었다. 정선아리랑은 국내 아리랑 중 유일한 무형문화재이다. 정선에서는 이미 5천수 이상의 아리랑 가사가 채록되었고 지금도 끊임없이 창작, 전승되고 있다. 정선아리랑제에서는 어르신, 학생, 성인 등 다양한 사람들이 경창대회를 열고, 아리랑을 주제로한 인형극, 공연, 콘서트, 포럼이 열린다.",춤·음악 축제,https://minio.nculture.org/amsweb-opt/multimedia_assets/73/30127/16061/c/026_2019정선아리랑제-thumb.jpg,https://ncms.nculture.org/local-festival/story/323,강원특별자치도,정선군,강원도 정선군 정선읍 봉양리 112,민속체험 &한복체험,정선의 대표문화인 짚풀공예와 삼찌기 시현을 보고 한복 대여 체험을 통해 축제를 더욱 재밌게 즐길 수 있다.,20230101,"정선, 아리랑, 아라리, 문화예술, 무형문화재, 소리문화",F,미디어 & 엔터테인먼트/TV 대중 시청자,145,98,20231230
20231200004,우리나라의 대표적인 아리랑 '정선아리랑제',"정선은 아리랑의 대표적인 전승지이다. 정선아리랑제는 정선 아리랑의 문화적 가치를 전승하고자 1976년부터 시작되었다. 정선아리랑은 국내 아리랑 중 유일한 무형문화재이다. 정선에서는 이미 5천수 이상의 아리랑 가사가 채록되었고 지금도 끊임없이 창작, 전승되고 있다. 정선아리랑제에서는 어르신, 학생, 성인 등 다양한 사람들이 경창대회를 열고, 아리랑을 주제로한 인형극, 공연, 콘서트, 포럼이 열린다.",춤·음악 축제,https://minio.nculture.org/amsweb-opt/multimedia_assets/73/30127/16061/c/026_2019정선아리랑제-thumb.jpg,https://ncms.nculture.org/local-festival/story/323,강원특별자치도,정선군,강원도 정선군 정선읍 봉양리 112,민속체험 &한복체험,정선의 대표문화인 짚풀공예와 삼찌기 시현을 보고 한복 대여 체험을 통해 축제를 더욱 재밌게 즐길 수 있다.,20230101,"정선, 아리랑, 아라리, 문화예술, 무형문화재, 소리문화",F,미디어 & 엔터테인먼트/영화 애호가,143,96,20231230
20231200005,우리나라의 대표적인 아리랑 '정선아리랑제',"정선은 아리랑의 대표적인 전승지이다. 정선아리랑제는 정선 아리랑의 문화적 가치를 전승하고자 1976년부터 시작되었다. 정선아리랑은 국내 아리랑 중 유일한 무형문화재이다. 정선에서는 이미 5천수 이상의 아리랑 가사가 채록되었고 지금도 끊임없이 창작, 전승되고 있다. 정선아리랑제에서는 어르신, 학생, 성인 등 다양한 사람들이 경창대회를 열고, 아리랑을 주제로한 인형극, 공연, 콘서트, 포럼이 열린다.",춤·음악 축제,https://minio.nculture.org/amsweb-opt/multimedia_assets/73/30127/16061/c/026_2019정선아리랑제-thumb.jpg,https://ncms.nculture.org/local-festival/story/323,강원특별자치도,정선군,강원도 정선군 정선읍 봉양리 112,민속체험 &한복체험,정선의 대표문화인 짚풀공예와 삼찌기 시현을 보고 한복 대여 체험을 통해 축제를 더욱 재밌게 즐길 수 있다.,20230101,"정선, 아리랑, 아라리, 문화예술, 무형문화재, 소리문화",F,미디어 & 엔터테인먼트/음악 애호가/월드 뮤직 팬,142,99,20231230
20231200006,세계 3대 마임축제 중 하나 '춘천마임축제',"춘천마임축제는 프랑스의 미모스 축제, 런던의 마임축제와 어깨를 나란히 하는 세계 3대 마임축제의 하나이다. 한 해에 12만명의 관람객이 다녀가고, 10여 개국의 마임 단체들이 참가하며, 공지천, 미군기지터, 극장 등 춘천 시내 곳곳에서 열리는 춘천의 대표 축제이다. 춘천마임축제는 예술 영역에 머물렀던 마임을 대중적인 마임으로 전환하기 위한 노력을 기울이고 있다.",춤·음악 축제,https://minio.nculture.org/amsweb-opt/multimedia_assets/200/30254/17169/c/150_2019-춘천마임축제-thumb.jpg,https://ncms.nculture.org/local-festival/story/240,강원특별자치도,춘천시,강원도 춘천시 효자동 531,걷다 보는 마임,춘천의 산책로를 무대로 만든다. 걷다가 공연보다가 다시 걷다가 드라이브스루 대신 워킹스루 형식으로 마임을 즐긴다.,20230101,"춘천, 마임, 축제, 미모스, 신체극, 광대극",F,미디어 & 엔터테인먼트/TV 대중 시청자,127,42,20231230
20231200007,세계 3대 마임축제 중 하나 '춘천마임축제',"춘천마임축제는 프랑스의 미모스 축제, 런던의 마임축제와 어깨를 나란히 하는 세계 3대 마임축제의 하나이다. 한 해에 12만명의 관람객이 다녀가고, 10여 개국의 마임 단체들이 참가하며, 공지천, 미군기지터, 극장 등 춘천 시내 곳곳에서 열리는 춘천의 대표 축제이다. 춘천마임축제는 예술 영역에 머물렀던 마임을 대중적인 마임으로 전환하기 위한 노력을 기울이고 있다.",춤·음악 축제,https://minio.nculture.org/amsweb-opt/multimedia_assets/200/30254/17169/c/150_2019-춘천마임축제-thumb.jpg,https://ncms.nculture.org/local-festival/story/240,강원특별자치도,춘천시,강원도 춘천시 효자동 531,걷다 보는 마임,춘천의 산책로를 무대로 만든다. 걷다가 공연보다가 다시 걷다가 드라이브스루 대신 워킹스루 형식으로 마임을 즐긴다.,20230101,"춘천, 마임, 축제, 미모스, 신체극, 광대극",F,미디어 & 엔터테인먼트/영화 애호가,126,42,20231230
20231200008,국내외 유명 밴드를 만날 수 있는 '인천펜타포트음악축제',"인천펜타포드음악축제는 ‘락 페스티벌, 펜타 유스 스타, 펜타 라이브 스테이지, 펜타포트 라이브 뮤직파티’로 구성되어 있다. 락 페스티벌의 모든 공연은 스탠딩으로 진행되며 한국의 원년 록 그룹과 인디밴드, 아이돌 그룹 등이 참가한다. 3일간 60여개의 팀이 무대에 오르며, 연간 10만명에 가까운 관객들이 찾아온다. 영국 ‘타임아웃’이 4년 연속 ‘꼭 가봐야 할 세계 페스티벌50’에 선정하였다.",춤·음악 축제,https://minio.nculture.org/amsweb-opt/multimedia_assets/55/30109/16036/c/009_2019-인천펜타포트음악축제-thumb.jpg,https://ncms.nculture.org/local-festival/story/218,인천광역시,연수구,인천광역시 연수구 송도동 1,라이브 클럽 파티,전야제 성격을 띤 연계 프로그램으로 다가오는 락 페스티벌을 맞아 인천을 대표하는 여러 클럽에서 열리는 밴드 라이브 공연 파티이다.,20230101,"인천, 펜타포트, 축제, 송도, 달빛축제공원, 펜타유스스타",F,뉴스 & 정치/열렬한 뉴스 독자/연예 뉴스 매니아,126,31,20231230
20231200009,우리나라의 대표적인 아리랑 '정선아리랑제',"정선은 아리랑의 대표적인 전승지이다. 정선아리랑제는 정선 아리랑의 문화적 가치를 전승하고자 1976년부터 시작되었다. 정선아리랑은 국내 아리랑 중 유일한 무형문화재이다. 정선에서는 이미 5천수 이상의 아리랑 가사가 채록되었고 지금도 끊임없이 창작, 전승되고 있다. 정선아리랑제에서는 어르신, 학생, 성인 등 다양한 사람들이 경창대회를 열고, 아리랑을 주제로한 인형극, 공연, 콘서트, 포럼이 열린다.",춤·음악 축제,https://minio.nculture.org/amsweb-opt/multimedia_assets/73/30127/16061/c/026_2019정선아리랑제-thumb.jpg,https://ncms.nculture.org/local-festival/story/323,강원특별자치도,정선군,강원도 정선군 정선읍 봉양리 112,민속체험 &한복체험,정선의 대표문화인 짚풀공예와 삼찌기 시현을 보고 한복 대여 체험을 통해 축제를 더욱 재밌게 즐길 수 있다.,20230101,"정선, 아리랑, 아라리, 문화예술, 무형문화재, 소리문화",F,미디어 & 엔터테인먼트/음악 애호가/팝 음악 팬,123,82,20231230
20231200010,우리나라의 대표적인 아리랑 '정선아리랑제',"정선은 아리랑의 대표적인 전승지이다. 정선아리랑제는 정선 아리랑의 문화적 가치를 전승하고자 1976년부터 시작되었다. 정선아리랑은 국내 아리랑 중 유일한 무형문화재이다. 정선에서는 이미 5천수 이상의 아리랑 가사가 채록되었고 지금도 끊임없이 창작, 전승되고 있다. 정선아리랑제에서는 어르신, 학생, 성인 등 다양한 사람들이 경창대회를 열고, 아리랑을 주제로한 인형극, 공연, 콘서트, 포럼이 열린다.",춤·음악 축제,https://minio.nculture.org/amsweb-opt/multimedia_assets/73/30127/16061/c/026_2019정선아리랑제-thumb.jpg,https://ncms.nculture.org/local-festival/story/323,강원특별자치도,정선군,강원도 정선군 정선읍 봉양리 112,민속체험 &한복체험,정선의 대표문화인 짚풀공예와 삼찌기 시현을 보고 한복 대여 체험을 통해 축제를 더욱 재밌게 즐길 수 있다.,20230101,"정선, 아리랑, 아라리, 문화예술, 무형문화재, 소리문화",F,미디어 & 엔터테인먼트/TV 애호가,106,77,20231230
20231200011,세계 3대 마임축제 중 하나 '춘천마임축제',"춘천마임축제는 프랑스의 미모스 축제, 런던의 마임축제와 어깨를 나란히 하는 세계 3대 마임축제의 하나이다. 한 해에 12만명의 관람객이 다녀가고, 10여 개국의 마임 단체들이 참가하며, 공지천, 미군기지터, 극장 등 춘천 시내 곳곳에서 열리는 춘천의 대표 축제이다. 춘천마임축제는 예술 영역에 머물렀던 마임을 대중적인 마임으로 전환하기 위한 노력을 기울이고 있다.",춤·음악 축제,https://minio.nculture.org/amsweb-opt/multimedia_assets/200/30254/17169/c/150_2019-춘천마임축제-thumb.jpg,https://ncms.nculture.org/local-festival/story/240,강원특별자치도,춘천시,강원도 춘천시 효자동 531,걷다 보는 마임,춘천의 산책로를 무대로 만든다. 걷다가 공연보다가 다시 걷다가 드라이브스루 대신 워킹스루 형식으로 마임을 즐긴다.,20230101,"춘천, 마임, 축제, 미모스, 신체극, 광대극",F,미디어 & 엔터테인먼트/TV 애호가,105,34,20231230
20231200012,우리나라의 대표적인 아리랑 '정선아리랑제',"정선은 아리랑의 대표적인 전승지이다. 정선아리랑제는 정선 아리랑의 문화적 가치를 전승하고자 1976년부터 시작되었다. 정선아리랑은 국내 아리랑 중 유일한 무형문화재이다. 정선에서는 이미 5천수 이상의 아리랑 가사가 채록되었고 지금도 끊임없이 창작, 전승되고 있다. 정선아리랑제에서는 어르신, 학생, 성인 등 다양한 사람들이 경창대회를 열고, 아리랑을 주제로한 인형극, 공연, 콘서트, 포럼이 열린다.",춤·음악 축제,https://minio.nculture.org/amsweb-opt/multimedia_assets/73/30127/16061/c/026_2019정선아리랑제-thumb.jpg,https://ncms.nculture.org/local-festival/story/323,강원특별자치도,정선군,강원도 정선군 정선읍 봉양리 112,민속체험 &한복체험,정선의 대표문화인 짚풀공예와 삼찌기 시현을 보고 한복 대여 체험을 통해 축제를 더욱 재밌게 즐길 수 있다.,20230101,"정선, 아리랑, 아라리, 문화예술, 무형문화재, 소리문화",F,여행/여행 매니아,103,59,20231230
20231200013,국내외 유명 밴드를 만날 수 있는 '인천펜타포트음악축제',"인천펜타포드음악축제는 ‘락 페스티벌, 펜타 유스 스타, 펜타 라이브 스테이지, 펜타포트 라이브 뮤직파티’로 구성되어 있다. 락 페스티벌의 모든 공연은 스탠딩으로 진행되며 한국의 원년 록 그룹과 인디밴드, 아이돌 그룹 등이 참가한다. 3일간 60여개의 팀이 무대에 오르며, 연간 10만명에 가까운 관객들이 찾아온다. 영국 ‘타임아웃’이 4년 연속 ‘꼭 가봐야 할 세계 페스티벌50’에 선정하였다.",춤·음악 축제,https://minio.nculture.org/amsweb-opt/multimedia_assets/55/30109/16036/c/009_2019-인천펜타포트음악축제-thumb.jpg,https://ncms.nculture.org/local-festival/story/218,인천광역시,연수구,인천광역시 연수구 송도동 1,라이브 클럽 파티,전야제 성격을 띤 연계 프로그램으로 다가오는 락 페스티벌을 맞아 인천을 대표하는 여러 클럽에서 열리는 밴드 라이브 공연 파티이다.,20230101,"인천, 펜타포트, 축제, 송도, 달빛축제공원, 펜타유스스타",F,미디어 & 엔터테인먼트/영화 애호가,95,19,20231230
20231200014,세계 3대 마임축제 중 하나 '춘천마임축제',"춘천마임축제는 프랑스의 미모스 축제, 런던의 마임축제와 어깨를 나란히 하는 세계 3대 마임축제의 하나이다. 한 해에 12만명의 관람객이 다녀가고, 10여 개국의 마임 단체들이 참가하며, 공지천, 미군기지터, 극장 등 춘천 시내 곳곳에서 열리는 춘천의 대표 축제이다. 춘천마임축제는 예술 영역에 머물렀던 마임을 대중적인 마임으로 전환하기 위한 노력을 기울이고 있다.",춤·음악 축제,https://minio.nculture.org/amsweb-opt/multimedia_assets/200/30254/17169/c/150_2019-춘천마임축제-thumb.jpg,https://ncms.nculture.org/local-festival/story/240,강원특별자치도,춘천시,강원도 춘천시 효자동 531,걷다 보는 마임,춘천의 산책로를 무대로 만든다. 걷다가 공연보다가 다시 걷다가 드라이브스루 대신 워킹스루 형식으로 마임을 즐긴다.,20230101,"춘천, 마임, 축제, 미모스, 신체극, 광대극",F,뉴스 & 정치/열렬한 뉴스 독자/열렬한 정치 뉴스 독자,93,28,20231230
20231200015,세계 3대 마임축제 중 하나 '춘천마임축제',"춘천마임축제는 프랑스의 미모스 축제, 런던의 마임축제와 어깨를 나란히 하는 세계 3대 마임축제의 하나이다. 한 해에 12만명의 관람객이 다녀가고, 10여 개국의 마임 단체들이 참가하며, 공지천, 미군기지터, 극장 등 춘천 시내 곳곳에서 열리는 춘천의 대표 축제이다. 춘천마임축제는 예술 영역에 머물렀던 마임을 대중적인 마임으로 전환하기 위한 노력을 기울이고 있다.",춤·음악 축제,https://minio.nculture.org/amsweb-opt/multimedia_assets/200/30254/17169/c/150_2019-춘천마임축제-thumb.jpg,https://ncms.nculture.org/local-festival/story/240,강원특별자치도,춘천시,강원도 춘천시 효자동 531,걷다 보는 마임,춘천의 산책로를 무대로 만든다. 걷다가 공연보다가 다시 걷다가 드라이브스루 대신 워킹스루 형식으로 마임을 즐긴다.,20230101,"춘천, 마임, 축제, 미모스, 신체극, 광대극",F,미디어 & 엔터테인먼트/음악 애호가/월드 뮤직 팬,92,34,20231230
20231200016,세계 3대 마임축제 중 하나 '춘천마임축제',"춘천마임축제는 프랑스의 미모스 축제, 런던의 마임축제와 어깨를 나란히 하는 세계 3대 마임축제의 하나이다. 한 해에 12만명의 관람객이 다녀가고, 10여 개국의 마임 단체들이 참가하며, 공지천, 미군기지터, 극장 등 춘천 시내 곳곳에서 열리는 춘천의 대표 축제이다. 춘천마임축제는 예술 영역에 머물렀던 마임을 대중적인 마임으로 전환하기 위한 노력을 기울이고 있다.",춤·음악 축제,https://minio.nculture.org/amsweb-opt/multimedia_assets/200/30254/17169/c/150_2019-춘천마임축제-thumb.jpg,https://ncms.nculture.org/local-festival/story/240,강원특별자치도,춘천시,강원도 춘천시 효자동 531,걷다 보는 마임,춘천의 산책로를 무대로 만든다. 걷다가 공연보다가 다시 걷다가 드라이브스루 대신 워킹스루 형식으로 마임을 즐긴다.,20230101,"춘천, 마임, 축제, 미모스, 신체극, 광대극",F,여행/여행 매니아,91,30,20231230
20231200017,우리나라의 대표적인 아리랑 '정선아리랑제',"정선은 아리랑의 대표적인 전승지이다. 정선아리랑제는 정선 아리랑의 문화적 가치를 전승하고자 1976년부터 시작되었다. 정선아리랑은 국내 아리랑 중 유일한 무형문화재이다. 정선에서는 이미 5천수 이상의 아리랑 가사가 채록되었고 지금도 끊임없이 창작, 전승되고 있다. 정선아리랑제에서는 어르신, 학생, 성인 등 다양한 사람들이 경창대회를 열고, 아리랑을 주제로한 인형극, 공연, 콘서트, 포럼이 열린다.",춤·음악 축제,https://minio.nculture.org/amsweb-opt/multimedia_assets/73/30127/16061/c/026_2019정선아리랑제-thumb.jpg,https://ncms.nculture.org/local-festival/story/323,강원특별자치도,정선군,강원도 정선군 정선읍 봉양리 112,민속체험 &한복체험,정선의 대표문화인 짚풀공예와 삼찌기 시현을 보고 한복 대여 체험을 통해 축제를 더욱 재밌게 즐길 수 있다.,20230101,"정선, 아리랑, 아라리, 문화예술, 무형문화재, 소리문화",M,뉴스 & 정치/열렬한 뉴스 독자/연예 뉴스 매니아,90,49,20231230
20231200018,국내외 유명 밴드를 만날 수 있는 '인천펜타포트음악축제',"인천펜타포드음악축제는 ‘락 페스티벌, 펜타 유스 스타, 펜타 라이브 스테이지, 펜타포트 라이브 뮤직파티’로 구성되어 있다. 락 페스티벌의 모든 공연은 스탠딩으로 진행되며 한국의 원년 록 그룹과 인디밴드, 아이돌 그룹 등이 참가한다. 3일간 60여개의 팀이 무대에 오르며, 연간 10만명에 가까운 관객들이 찾아온다. 영국 ‘타임아웃’이 4년 연속 ‘꼭 가봐야 할 세계 페스티벌50’에 선정하였다.",춤·음악 축제,https://minio.nculture.org/amsweb-opt/multimedia_assets/55/30109/16036/c/009_2019-인천펜타포트음악축제-thumb.jpg,https://ncms.nculture.org/local-festival/story/218,인천광역시,연수구,인천광역시 연수구 송도동 1,라이브 클럽 파티,전야제 성격을 띤 연계 프로그램으로 다가오는 락 페스티벌을 맞아 인천을 대표하는 여러 클럽에서 열리는 밴드 라이브 공연 파티이다.,20230101,"인천, 펜타포트, 축제, 송도, 달빛축제공원, 펜타유스스타",F,미디어 & 엔터테인먼트/TV 대중 시청자,86,17,20231230
20231200019,우리나라의 대표적인 아리랑 '정선아리랑제',"정선은 아리랑의 대표적인 전승지이다. 정선아리랑제는 정선 아리랑의 문화적 가치를 전승하고자 1976년부터 시작되었다. 정선아리랑은 국내 아리랑 중 유일한 무형문화재이다. 정선에서는 이미 5천수 이상의 아리랑 가사가 채록되었고 지금도 끊임없이 창작, 전승되고 있다. 정선아리랑제에서는 어르신, 학생, 성인 등 다양한 사람들이 경창대회를 열고, 아리랑을 주제로한 인형극, 공연, 콘서트, 포럼이 열린다.",춤·음악 축제,https://minio.nculture.org/amsweb-opt/multimedia_assets/73/30127/16061/c/026_2019정선아리랑제-thumb.jpg,https://ncms.nculture.org/local-festival/story/323,강원특별자치도,정선군,강원도 정선군 정선읍 봉양리 112,민속체험 &한복체험,정선의 대표문화인 짚풀공예와 삼찌기 시현을 보고 한복 대여 체험을 통해 축제를 더욱 재밌게 즐길 수 있다.,20230101,"정선, 아리랑, 아라리, 문화예술, 무형문화재, 소리문화",F,뉴스 & 정치/열렬한 뉴스 독자/열렬한 정치 뉴스 독자,85,55,20231230
20231200020,국내외 유명 밴드를 만날 수 있는 '인천펜타포트음악축제',"인천펜타포드음악축제는 ‘락 페스티벌, 펜타 유스 스타, 펜타 라이브 스테이지, 펜타포트 라이브 뮤직파티’로 구성되어 있다. 락 페스티벌의 모든 공연은 스탠딩으로 진행되며 한국의 원년 록 그룹과 인디밴드, 아이돌 그룹 등이 참가한다. 3일간 60여개의 팀이 무대에 오르며, 연간 10만명에 가까운 관객들이 찾아온다. 영국 ‘타임아웃’이 4년 연속 ‘꼭 가봐야 할 세계 페스티벌50’에 선정하였다.",춤·음악 축제,https://minio.nculture.org/amsweb-opt/multimedia_assets/55/30109/16036/c/009_2019-인천펜타포트음악축제-thumb.jpg,https://ncms.nculture.org/local-festival/story/218,인천광역시,연수구,인천광역시 연수구 송도동 1,라이브 클럽 파티,전야제 성격을 띤 연계 프로그램으로 다가오는 락 페스티벌을 맞아 인천을 대표하는 여러 클럽에서 열리는 밴드 라이브 공연 파티이다.,20230101,"인천, 펜타포트, 축제, 송도, 달빛축제공원, 펜타유스스타",F,미디어 & 엔터테인먼트/음악 애호가/월드 뮤직 팬,83,24,20231230
20231200021,세계 3대 마임축제 중 하나 '춘천마임축제',"춘천마임축제는 프랑스의 미모스 축제, 런던의 마임축제와 어깨를 나란히 하는 세계 3대 마임축제의 하나이다. 한 해에 12만명의 관람객이 다녀가고, 10여 개국의 마임 단체들이 참가하며, 공지천, 미군기지터, 극장 등 춘천 시내 곳곳에서 열리는 춘천의 대표 축제이다. 춘천마임축제는 예술 영역에 머물렀던 마임을 대중적인 마임으로 전환하기 위한 노력을 기울이고 있다.",춤·음악 축제,https://minio.nculture.org/amsweb-opt/multimedia_assets/200/30254/17169/c/150_2019-춘천마임축제-thumb.jpg,https://ncms.nculture.org/local-festival/story/240,강원특별자치도,춘천시,강원도 춘천시 효자동 531,걷다 보는 마임,춘천의 산책로를 무대로 만든다. 걷다가 공연보다가 다시 걷다가 드라이브스루 대신 워킹스루 형식으로 마임을 즐긴다.,20230101,"춘천, 마임, 축제, 미모스, 신체극, 광대극",F,미디어 & 엔터테인먼트/음악 애호가/팝 음악 팬,81,28,20231230
20231200022,우리나라의 대표적인 아리랑 '정선아리랑제',"정선은 아리랑의 대표적인 전승지이다. 정선아리랑제는 정선 아리랑의 문화적 가치를 전승하고자 1976년부터 시작되었다. 정선아리랑은 국내 아리랑 중 유일한 무형문화재이다. 정선에서는 이미 5천수 이상의 아리랑 가사가 채록되었고 지금도 끊임없이 창작, 전승되고 있다. 정선아리랑제에서는 어르신, 학생, 성인 등 다양한 사람들이 경창대회를 열고, 아리랑을 주제로한 인형극, 공연, 콘서트, 포럼이 열린다.",춤·음악 축제,https://minio.nculture.org/amsweb-opt/multimedia_assets/73/30127/16061/c/026_2019정선아리랑제-thumb.jpg,https://ncms.nculture.org/local-festival/story/323,강원특별자치도,정선군,강원도 정선군 정선읍 봉양리 112,민속체험 &한복체험,정선의 대표문화인 짚풀공예와 삼찌기 시현을 보고 한복 대여 체험을 통해 축제를 더욱 재밌게 즐길 수 있다.,20230101,"정선, 아리랑, 아라리, 문화예술, 무형문화재, 소리문화",F,미디어 & 엔터테인먼트/TV 애호가/드라마 팬,80,51,20231230
20231200023,우리나라의 대표적인 아리랑 '정선아리랑제',"정선은 아리랑의 대표적인 전승지이다. 정선아리랑제는 정선 아리랑의 문화적 가치를 전승하고자 1976년부터 시작되었다. 정선아리랑은 국내 아리랑 중 유일한 무형문화재이다. 정선에서는 이미 5천수 이상의 아리랑 가사가 채록되었고 지금도 끊임없이 창작, 전승되고 있다. 정선아리랑제에서는 어르신, 학생, 성인 등 다양한 사람들이 경창대회를 열고, 아리랑을 주제로한 인형극, 공연, 콘서트, 포럼이 열린다.",춤·음악 축제,https://minio.nculture.org/amsweb-opt/multimedia_assets/73/30127/16061/c/026_2019정선아리랑제-thumb.jpg,https://ncms.nculture.org/local-festival/story/323,강원특별자치도,정선군,강원도 정선군 정선읍 봉양리 112,민속체험 &한복체험,정선의 대표문화인 짚풀공예와 삼찌기 시현을 보고 한복 대여 체험을 통해 축제를 더욱 재밌게 즐길 수 있다.,20230101,"정선, 아리랑, 아라리, 문화예술, 무형문화재, 소리문화",M,뉴스 & 정치/열렬한 뉴스 독자/열렬한 정치 뉴스 독자,78,42,20231230
20231200024,우리나라의 대표적인 아리랑 '정선아리랑제',"정선은 아리랑의 대표적인 전승지이다. 정선아리랑제는 정선 아리랑의 문화적 가치를 전승하고자 1976년부터 시작되었다. 정선아리랑은 국내 아리랑 중 유일한 무형문화재이다. 정선에서는 이미 5천수 이상의 아리랑 가사가 채록되었고 지금도 끊임없이 창작, 전승되고 있다. 정선아리랑제에서는 어르신, 학생, 성인 등 다양한 사람들이 경창대회를 열고, 아리랑을 주제로한 인형극, 공연, 콘서트, 포럼이 열린다.",춤·음악 축제,https://minio.nculture.org/amsweb-opt/multimedia_assets/73/30127/16061/c/026_2019정선아리랑제-thumb.jpg,https://ncms.nculture.org/local-festival/story/323,강원특별자치도,정선군,강원도 정선군 정선읍 봉양리 112,민속체험 &한복체험,정선의 대표문화인 짚풀공예와 삼찌기 시현을 보고 한복 대여 체험을 통해 축제를 더욱 재밌게 즐길 수 있다.,20230101,"정선, 아리랑, 아라리, 문화예술, 무형문화재, 소리문화",F,미디어 & 엔터테인먼트/만화 & 애니메이션 팬,77,51,20231230
20231200025,세계 3대 마임축제 중 하나 '춘천마임축제',"춘천마임축제는 프랑스의 미모스 축제, 런던의 마임축제와 어깨를 나란히 하는 세계 3대 마임축제의 하나이다. 한 해에 12만명의 관람객이 다녀가고, 10여 개국의 마임 단체들이 참가하며, 공지천, 미군기지터, 극장 등 춘천 시내 곳곳에서 열리는 춘천의 대표 축제이다. 춘천마임축제는 예술 영역에 머물렀던 마임을 대중적인 마임으로 전환하기 위한 노력을 기울이고 있다.",춤·음악 축제,https://minio.nculture.org/amsweb-opt/multimedia_assets/200/30254/17169/c/150_2019-춘천마임축제-thumb.jpg,https://ncms.nculture.org/local-festival/story/240,강원특별자치도,춘천시,강원도 춘천시 효자동 531,걷다 보는 마임,춘천의 산책로를 무대로 만든다. 걷다가 공연보다가 다시 걷다가 드라이브스루 대신 워킹스루 형식으로 마임을 즐긴다.,20230101,"춘천, 마임, 축제, 미모스, 신체극, 광대극",F,테크놀로지/기술애호가,77,25,20231230
20231200026,세계 3대 마임축제 중 하나 '춘천마임축제',"춘천마임축제는 프랑스의 미모스 축제, 런던의 마임축제와 어깨를 나란히 하는 세계 3대 마임축제의 하나이다. 한 해에 12만명의 관람객이 다녀가고, 10여 개국의 마임 단체들이 참가하며, 공지천, 미군기지터, 극장 등 춘천 시내 곳곳에서 열리는 춘천의 대표 축제이다. 춘천마임축제는 예술 영역에 머물렀던 마임을 대중적인 마임으로 전환하기 위한 노력을 기울이고 있다.",춤·음악 축제,https://minio.nculture.org/amsweb-opt/multimedia_assets/200/30254/17169/c/150_2019-춘천마임축제-thumb.jpg,https://ncms.nculture.org/local-festival/story/240,강원특별자치도,춘천시,강원도 춘천시 효자동 531,걷다 보는 마임,춘천의 산책로를 무대로 만든다. 걷다가 공연보다가 다시 걷다가 드라이브스루 대신 워킹스루 형식으로 마임을 즐긴다.,20230101,"춘천, 마임, 축제, 미모스, 신체극, 광대극",F,미디어 & 엔터테인먼트/만화 & 애니메이션 팬,76,25,20231230
20231200027,국내외 유명 밴드를 만날 수 있는 '인천펜타포트음악축제',"인천펜타포드음악축제는 ‘락 페스티벌, 펜타 유스 스타, 펜타 라이브 스테이지, 펜타포트 라이브 뮤직파티’로 구성되어 있다. 락 페스티벌의 모든 공연은 스탠딩으로 진행되며 한국의 원년 록 그룹과 인디밴드, 아이돌 그룹 등이 참가한다. 3일간 60여개의 팀이 무대에 오르며, 연간 10만명에 가까운 관객들이 찾아온다. 영국 ‘타임아웃’이 4년 연속 ‘꼭 가봐야 할 세계 페스티벌50’에 선정하였다.",춤·음악 축제,https://minio.nculture.org/amsweb-opt/multimedia_assets/55/30109/16036/c/009_2019-인천펜타포트음악축제-thumb.jpg,https://ncms.nculture.org/local-festival/story/218,인천광역시,연수구,인천광역시 연수구 송도동 1,라이브 클럽 파티,전야제 성격을 띤 연계 프로그램으로 다가오는 락 페스티벌을 맞아 인천을 대표하는 여러 클럽에서 열리는 밴드 라이브 공연 파티이다.,20230101,"인천, 펜타포트, 축제, 송도, 달빛축제공원, 펜타유스스타",F,미디어 & 엔터테인먼트/TV 애호가,76,14,20231230
20231200028,국내외 유명 밴드를 만날 수 있는 '인천펜타포트음악축제',"인천펜타포드음악축제는 ‘락 페스티벌, 펜타 유스 스타, 펜타 라이브 스테이지, 펜타포트 라이브 뮤직파티’로 구성되어 있다. 락 페스티벌의 모든 공연은 스탠딩으로 진행되며 한국의 원년 록 그룹과 인디밴드, 아이돌 그룹 등이 참가한다. 3일간 60여개의 팀이 무대에 오르며, 연간 10만명에 가까운 관객들이 찾아온다. 영국 ‘타임아웃’이 4년 연속 ‘꼭 가봐야 할 세계 페스티벌50’에 선정하였다.",춤·음악 축제,https://minio.nculture.org/amsweb-opt/multimedia_assets/55/30109/16036/c/009_2019-인천펜타포트음악축제-thumb.jpg,https://ncms.nculture.org/local-festival/story/218,인천광역시,연수구,인천광역시 연수구 송도동 1,라이브 클럽 파티,전야제 성격을 띤 연계 프로그램으로 다가오는 락 페스티벌을 맞아 인천을 대표하는 여러 클럽에서 열리는 밴드 라이브 공연 파티이다.,20230101,"인천, 펜타포트, 축제, 송도, 달빛축제공원, 펜타유스스타",F,뉴스 & 정치/열렬한 뉴스 독자/열렬한 비즈니스 뉴스 독자,75,14,20231230
20231200029,우리나라의 대표적인 아리랑 '정선아리랑제',"정선은 아리랑의 대표적인 전승지이다. 정선아리랑제는 정선 아리랑의 문화적 가치를 전승하고자 1976년부터 시작되었다. 정선아리랑은 국내 아리랑 중 유일한 무형문화재이다. 정선에서는 이미 5천수 이상의 아리랑 가사가 채록되었고 지금도 끊임없이 창작, 전승되고 있다. 정선아리랑제에서는 어르신, 학생, 성인 등 다양한 사람들이 경창대회를 열고, 아리랑을 주제로한 인형극, 공연, 콘서트, 포럼이 열린다.",춤·음악 축제,https://minio.nculture.org/amsweb-opt/multimedia_assets/73/30127/16061/c/026_2019정선아리랑제-thumb.jpg,https://ncms.nculture.org/local-festival/story/323,강원특별자치도,정선군,강원도 정선군 정선읍 봉양리 112,민속체험 &한복체험,정선의 대표문화인 짚풀공예와 삼찌기 시현을 보고 한복 대여 체험을 통해 축제를 더욱 재밌게 즐길 수 있다.,20230101,"정선, 아리랑, 아라리, 문화예술, 무형문화재, 소리문화",F,스포츠 & 피트니스/스포츠 팬/축구 팬,72,46,20231230
20231200030,세계 3대 마임축제 중 하나 '춘천마임축제',"춘천마임축제는 프랑스의 미모스 축제, 런던의 마임축제와 어깨를 나란히 하는 세계 3대 마임축제의 하나이다. 한 해에 12만명의 관람객이 다녀가고, 10여 개국의 마임 단체들이 참가하며, 공지천, 미군기지터, 극장 등 춘천 시내 곳곳에서 열리는 춘천의 대표 축제이다. 춘천마임축제는 예술 영역에 머물렀던 마임을 대중적인 마임으로 전환하기 위한 노력을 기울이고 있다.",춤·음악 축제,https://minio.nculture.org/amsweb-opt/multimedia_assets/200/30254/17169/c/150_2019-춘천마임축제-thumb.jpg,https://ncms.nculture.org/local-festival/story/240,강원특별자치도,춘천시,강원도 춘천시 효자동 531,걷다 보는 마임,춘천의 산책로를 무대로 만든다. 걷다가 공연보다가 다시 걷다가 드라이브스루 대신 워킹스루 형식으로 마임을 즐긴다.,20230101,"춘천, 마임, 축제, 미모스, 신체극, 광대극",F,은행 및 금융/열렬한 투자자,71,20,20231230
20231200031,세계 3대 마임축제 중 하나 '춘천마임축제',"춘천마임축제는 프랑스의 미모스 축제, 런던의 마임축제와 어깨를 나란히 하는 세계 3대 마임축제의 하나이다. 한 해에 12만명의 관람객이 다녀가고, 10여 개국의 마임 단체들이 참가하며, 공지천, 미군기지터, 극장 등 춘천 시내 곳곳에서 열리는 춘천의 대표 축제이다. 춘천마임축제는 예술 영역에 머물렀던 마임을 대중적인 마임으로 전환하기 위한 노력을 기울이고 있다.",춤·음악 축제,https://minio.nculture.org/amsweb-opt/multimedia_assets/200/30254/17169/c/150_2019-춘천마임축제-thumb.jpg,https://ncms.nculture.org/local-festival/story/240,강원특별자치도,춘천시,강원도 춘천시 효자동 531,걷다 보는 마임,춘천의 산책로를 무대로 만든다. 걷다가 공연보다가 다시 걷다가 드라이브스루 대신 워킹스루 형식으로 마임을 즐긴다.,20230101,"춘천, 마임, 축제, 미모스, 신체극, 광대극",F,뉴스 & 정치/열렬한 뉴스 독자/열렬한 비즈니스 뉴스 독자,71,20,20231230
20231200032,우리나라의 대표적인 아리랑 '정선아리랑제',"정선은 아리랑의 대표적인 전승지이다. 정선아리랑제는 정선 아리랑의 문화적 가치를 전승하고자 1976년부터 시작되었다. 정선아리랑은 국내 아리랑 중 유일한 무형문화재이다. 정선에서는 이미 5천수 이상의 아리랑 가사가 채록되었고 지금도 끊임없이 창작, 전승되고 있다. 정선아리랑제에서는 어르신, 학생, 성인 등 다양한 사람들이 경창대회를 열고, 아리랑을 주제로한 인형극, 공연, 콘서트, 포럼이 열린다.",춤·음악 축제,https://minio.nculture.org/amsweb-opt/multimedia_assets/73/30127/16061/c/026_2019정선아리랑제-thumb.jpg,https://ncms.nculture.org/local-festival/story/323,강원특별자치도,정선군,강원도 정선군 정선읍 봉양리 112,민속체험 &한복체험,정선의 대표문화인 짚풀공예와 삼찌기 시현을 보고 한복 대여 체험을 통해 축제를 더욱 재밌게 즐길 수 있다.,20230101,"정선, 아리랑, 아라리, 문화예술, 무형문화재, 소리문화",F,은행 및 금융/열렬한 투자자,68,44,20231230
20231200033,우리나라의 대표적인 아리랑 '정선아리랑제',"정선은 아리랑의 대표적인 전승지이다. 정선아리랑제는 정선 아리랑의 문화적 가치를 전승하고자 1976년부터 시작되었다. 정선아리랑은 국내 아리랑 중 유일한 무형문화재이다. 정선에서는 이미 5천수 이상의 아리랑 가사가 채록되었고 지금도 끊임없이 창작, 전승되고 있다. 정선아리랑제에서는 어르신, 학생, 성인 등 다양한 사람들이 경창대회를 열고, 아리랑을 주제로한 인형극, 공연, 콘서트, 포럼이 열린다.",춤·음악 축제,https://minio.nculture.org/amsweb-opt/multimedia_assets/73/30127/16061/c/026_2019정선아리랑제-thumb.jpg,https://ncms.nculture.org/local-festival/story/323,강원특별자치도,정선군,강원도 정선군 정선읍 봉양리 112,민속체험 &한복체험,정선의 대표문화인 짚풀공예와 삼찌기 시현을 보고 한복 대여 체험을 통해 축제를 더욱 재밌게 즐길 수 있다.,20230101,"정선, 아리랑, 아라리, 문화예술, 무형문화재, 소리문화",F,음식 & 다이닝/요리 매니아/셰프 지망생,67,41,20231230
20231200034,국내외 유명 밴드를 만날 수 있는 '인천펜타포트음악축제',"인천펜타포드음악축제는 ‘락 페스티벌, 펜타 유스 스타, 펜타 라이브 스테이지, 펜타포트 라이브 뮤직파티’로 구성되어 있다. 락 페스티벌의 모든 공연은 스탠딩으로 진행되며 한국의 원년 록 그룹과 인디밴드, 아이돌 그룹 등이 참가한다. 3일간 60여개의 팀이 무대에 오르며, 연간 10만명에 가까운 관객들이 찾아온다. 영국 ‘타임아웃’이 4년 연속 ‘꼭 가봐야 할 세계 페스티벌50’에 선정하였다.",춤·음악 축제,https://minio.nculture.org/amsweb-opt/multimedia_assets/55/30109/16036/c/009_2019-인천펜타포트음악축제-thumb.jpg,https://ncms.nculture.org/local-festival/story/218,인천광역시,연수구,인천광역시 연수구 송도동 1,라이브 클럽 파티,전야제 성격을 띤 연계 프로그램으로 다가오는 락 페스티벌을 맞아 인천을 대표하는 여러 클럽에서 열리는 밴드 라이브 공연 파티이다.,20230101,"인천, 펜타포트, 축제, 송도, 달빛축제공원, 펜타유스스타",F,미디어 & 엔터테인먼트/음악 애호가/팝 음악 팬,66,18,20231230
20231200035,우리나라의 대표적인 아리랑 '정선아리랑제',"정선은 아리랑의 대표적인 전승지이다. 정선아리랑제는 정선 아리랑의 문화적 가치를 전승하고자 1976년부터 시작되었다. 정선아리랑은 국내 아리랑 중 유일한 무형문화재이다. 정선에서는 이미 5천수 이상의 아리랑 가사가 채록되었고 지금도 끊임없이 창작, 전승되고 있다. 정선아리랑제에서는 어르신, 학생, 성인 등 다양한 사람들이 경창대회를 열고, 아리랑을 주제로한 인형극, 공연, 콘서트, 포럼이 열린다.",춤·음악 축제,https://minio.nculture.org/amsweb-opt/multimedia_assets/73/30127/16061/c/026_2019정선아리랑제-thumb.jpg,https://ncms.nculture.org/local-festival/story/323,강원특별자치도,정선군,강원도 정선군 정선읍 봉양리 112,민속체험 &한복체험,정선의 대표문화인 짚풀공예와 삼찌기 시현을 보고 한복 대여 체험을 통해 축제를 더욱 재밌게 즐길 수 있다.,20230101,"정선, 아리랑, 아라리, 문화예술, 무형문화재, 소리문화",F,뉴스 & 정치/열렬한 뉴스 독자/열렬한 비즈니스 뉴스 독자,65,41,20231230
20231200036,우리나라의 대표적인 아리랑 '정선아리랑제',"정선은 아리랑의 대표적인 전승지이다. 정선아리랑제는 정선 아리랑의 문화적 가치를 전승하고자 1976년부터 시작되었다. 정선아리랑은 국내 아리랑 중 유일한 무형문화재이다. 정선에서는 이미 5천수 이상의 아리랑 가사가 채록되었고 지금도 끊임없이 창작, 전승되고 있다. 정선아리랑제에서는 어르신, 학생, 성인 등 다양한 사람들이 경창대회를 열고, 아리랑을 주제로한 인형극, 공연, 콘서트, 포럼이 열린다.",춤·음악 축제,https://minio.nculture.org/amsweb-opt/multimedia_assets/73/30127/16061/c/026_2019정선아리랑제-thumb.jpg,https://ncms.nculture.org/local-festival/story/323,강원특별자치도,정선군,강원도 정선군 정선읍 봉양리 112,민속체험 &한복체험,정선의 대표문화인 짚풀공예와 삼찌기 시현을 보고 한복 대여 체험을 통해 축제를 더욱 재밌게 즐길 수 있다.,20230101,"정선, 아리랑, 아라리, 문화예술, 무형문화재, 소리문화",F,테크놀로지/기술애호가,62,41,20231230
20231200037,세계 3대 마임축제 중 하나 '춘천마임축제',"춘천마임축제는 프랑스의 미모스 축제, 런던의 마임축제와 어깨를 나란히 하는 세계 3대 마임축제의 하나이다. 한 해에 12만명의 관람객이 다녀가고, 10여 개국의 마임 단체들이 참가하며, 공지천, 미군기지터, 극장 등 춘천 시내 곳곳에서 열리는 춘천의 대표 축제이다. 춘천마임축제는 예술 영역에 머물렀던 마임을 대중적인 마임으로 전환하기 위한 노력을 기울이고 있다.",춤·음악 축제,https://minio.nculture.org/amsweb-opt/multimedia_assets/200/30254/17169/c/150_2019-춘천마임축제-thumb.jpg,https://ncms.nculture.org/local-festival/story/240,강원특별자치도,춘천시,강원도 춘천시 효자동 531,걷다 보는 마임,춘천의 산책로를 무대로 만든다. 걷다가 공연보다가 다시 걷다가 드라이브스루 대신 워킹스루 형식으로 마임을 즐긴다.,20230101,"춘천, 마임, 축제, 미모스, 신체극, 광대극",F,스포츠 & 피트니스/스포츠 팬/축구 팬,61,22,20231230
20231200038,세계 3대 마임축제 중 하나 '춘천마임축제',"춘천마임축제는 프랑스의 미모스 축제, 런던의 마임축제와 어깨를 나란히 하는 세계 3대 마임축제의 하나이다. 한 해에 12만명의 관람객이 다녀가고, 10여 개국의 마임 단체들이 참가하며, 공지천, 미군기지터, 극장 등 춘천 시내 곳곳에서 열리는 춘천의 대표 축제이다. 춘천마임축제는 예술 영역에 머물렀던 마임을 대중적인 마임으로 전환하기 위한 노력을 기울이고 있다.",춤·음악 축제,https://minio.nculture.org/amsweb-opt/multimedia_assets/200/30254/17169/c/150_2019-춘천마임축제-thumb.jpg,https://ncms.nculture.org/local-festival/story/240,강원특별자치도,춘천시,강원도 춘천시 효자동 531,걷다 보는 마임,춘천의 산책로를 무대로 만든다. 걷다가 공연보다가 다시 걷다가 드라이브스루 대신 워킹스루 형식으로 마임을 즐긴다.,20230101,"춘천, 마임, 축제, 미모스, 신체극, 광대극",F,스포츠 & 피트니스/스포츠 팬,60,19,20231230
20231200039,국내외 유명 밴드를 만날 수 있는 '인천펜타포트음악축제',"인천펜타포드음악축제는 ‘락 페스티벌, 펜타 유스 스타, 펜타 라이브 스테이지, 펜타포트 라이브 뮤직파티’로 구성되어 있다. 락 페스티벌의 모든 공연은 스탠딩으로 진행되며 한국의 원년 록 그룹과 인디밴드, 아이돌 그룹 등이 참가한다. 3일간 60여개의 팀이 무대에 오르며, 연간 10만명에 가까운 관객들이 찾아온다. 영국 ‘타임아웃’이 4년 연속 ‘꼭 가봐야 할 세계 페스티벌50’에 선정하였다.",춤·음악 축제,https://minio.nculture.org/amsweb-opt/multimedia_assets/55/30109/16036/c/009_2019-인천펜타포트음악축제-thumb.jpg,https://ncms.nculture.org/local-festival/story/218,인천광역시,연수구,인천광역시 연수구 송도동 1,라이브 클럽 파티,전야제 성격을 띤 연계 프로그램으로 다가오는 락 페스티벌을 맞아 인천을 대표하는 여러 클럽에서 열리는 밴드 라이브 공연 파티이다.,20230101,"인천, 펜타포트, 축제, 송도, 달빛축제공원, 펜타유스스타",F,뉴스 & 정치/열렬한 뉴스 독자/열렬한 정치 뉴스 독자,59,21,20231230
20231200040,국내외 유명 밴드를 만날 수 있는 '인천펜타포트음악축제',"인천펜타포드음악축제는 ‘락 페스티벌, 펜타 유스 스타, 펜타 라이브 스테이지, 펜타포트 라이브 뮤직파티’로 구성되어 있다. 락 페스티벌의 모든 공연은 스탠딩으로 진행되며 한국의 원년 록 그룹과 인디밴드, 아이돌 그룹 등이 참가한다. 3일간 60여개의 팀이 무대에 오르며, 연간 10만명에 가까운 관객들이 찾아온다. 영국 ‘타임아웃’이 4년 연속 ‘꼭 가봐야 할 세계 페스티벌50’에 선정하였다.",춤·음악 축제,https://minio.nculture.org/amsweb-opt/multimedia_assets/55/30109/16036/c/009_2019-인천펜타포트음악축제-thumb.jpg,https://ncms.nculture.org/local-festival/story/218,인천광역시,연수구,인천광역시 연수구 송도동 1,라이브 클럽 파티,전야제 성격을 띤 연계 프로그램으로 다가오는 락 페스티벌을 맞아 인천을 대표하는 여러 클럽에서 열리는 밴드 라이브 공연 파티이다.,20230101,"인천, 펜타포트, 축제, 송도, 달빛축제공원, 펜타유스스타",F,은행 및 금융/열렬한 투자자,59,14,20231230
20231200041,우리나라의 대표적인 아리랑 '정선아리랑제',"정선은 아리랑의 대표적인 전승지이다. 정선아리랑제는 정선 아리랑의 문화적 가치를 전승하고자 1976년부터 시작되었다. 정선아리랑은 국내 아리랑 중 유일한 무형문화재이다. 정선에서는 이미 5천수 이상의 아리랑 가사가 채록되었고 지금도 끊임없이 창작, 전승되고 있다. 정선아리랑제에서는 어르신, 학생, 성인 등 다양한 사람들이 경창대회를 열고, 아리랑을 주제로한 인형극, 공연, 콘서트, 포럼이 열린다.",춤·음악 축제,https://minio.nculture.org/amsweb-opt/multimedia_assets/73/30127/16061/c/026_2019정선아리랑제-thumb.jpg,https://ncms.nculture.org/local-festival/story/323,강원특별자치도,정선군,강원도 정선군 정선읍 봉양리 112,민속체험 &한복체험,정선의 대표문화인 짚풀공예와 삼찌기 시현을 보고 한복 대여 체험을 통해 축제를 더욱 재밌게 즐길 수 있다.,20230101,"정선, 아리랑, 아라리, 문화예술, 무형문화재, 소리문화",M,스포츠 & 피트니스/스포츠 팬/축구 팬,56,32,20231230
20231200042,박연을 기리는 영동난계국악축제,"대한민국의 3대 악성(樂聖)을 왕산악(고구려), 우륵(신라), 박연(조선)이라고 한다. 영동지역에서 펼쳐지는 국악축제인 ‘영동난계국악축제’는 3대 악성 가운데 박연을 기리는 전국유일의 국악축제다. 난계는 박연의 아호다. 1965년 시작할 때의 이름은 난계예술제로, 경연대회 정도의 성격이었다가 1975년 전국적인 축제로 발전한다. 난계국악축제라는 명칭으로의 변화는 1998년부터이다.",춤·음악 축제,https://minio.nculture.org/amsweb-opt/multimedia_assets/215/30268/17183/c/166_-2019-영동난계국악축제-thumb.jpg,https://ncms.nculture.org/local-festival/story/401,충청북도,영동군,충청북도 영동군 영동읍 중앙로 11,국악기 제작 및 연주 체험,"다양한 국악기를 직접 연주해보고 전통 방식의 대금, 장구, 북 등의 만들기를 누구나 직접 체험해 볼 수 있다.",20230101,"박연, 난계사, 국악",F,뉴스 & 정치/열렬한 뉴스 독자/연예 뉴스 매니아,55,42,20231230
20231200043,세계 3대 마임축제 중 하나 '춘천마임축제',"춘천마임축제는 프랑스의 미모스 축제, 런던의 마임축제와 어깨를 나란히 하는 세계 3대 마임축제의 하나이다. 한 해에 12만명의 관람객이 다녀가고, 10여 개국의 마임 단체들이 참가하며, 공지천, 미군기지터, 극장 등 춘천 시내 곳곳에서 열리는 춘천의 대표 축제이다. 춘천마임축제는 예술 영역에 머물렀던 마임을 대중적인 마임으로 전환하기 위한 노력을 기울이고 있다.",춤·음악 축제,https://minio.nculture.org/amsweb-opt/multimedia_assets/200/30254/17169/c/150_2019-춘천마임축제-thumb.jpg,https://ncms.nculture.org/local-festival/story/240,강원특별자치도,춘천시,강원도 춘천시 효자동 531,걷다 보는 마임,춘천의 산책로를 무대로 만든다. 걷다가 공연보다가 다시 걷다가 드라이브스루 대신 워킹스루 형식으로 마임을 즐긴다.,20230101,"춘천, 마임, 축제, 미모스, 신체극, 광대극",F,미디어 & 엔터테인먼트/TV 애호가/드라마 팬,55,16,20231230
20231200044,우리나라의 대표적인 아리랑 '정선아리랑제',"정선은 아리랑의 대표적인 전승지이다. 정선아리랑제는 정선 아리랑의 문화적 가치를 전승하고자 1976년부터 시작되었다. 정선아리랑은 국내 아리랑 중 유일한 무형문화재이다. 정선에서는 이미 5천수 이상의 아리랑 가사가 채록되었고 지금도 끊임없이 창작, 전승되고 있다. 정선아리랑제에서는 어르신, 학생, 성인 등 다양한 사람들이 경창대회를 열고, 아리랑을 주제로한 인형극, 공연, 콘서트, 포럼이 열린다.",춤·음악 축제,https://minio.nculture.org/amsweb-opt/multimedia_assets/73/30127/16061/c/026_2019정선아리랑제-thumb.jpg,https://ncms.nculture.org/local-festival/story/323,강원특별자치도,정선군,강원도 정선군 정선읍 봉양리 112,민속체험 &한복체험,정선의 대표문화인 짚풀공예와 삼찌기 시현을 보고 한복 대여 체험을 통해 축제를 더욱 재밌게 즐길 수 있다.,20230101,"정선, 아리랑, 아라리, 문화예술, 무형문화재, 소리문화",F,미디어 & 엔터테인먼트/음악 애호가,54,37,20231230
20231200045,우리나라의 대표적인 아리랑 '정선아리랑제',"정선은 아리랑의 대표적인 전승지이다. 정선아리랑제는 정선 아리랑의 문화적 가치를 전승하고자 1976년부터 시작되었다. 정선아리랑은 국내 아리랑 중 유일한 무형문화재이다. 정선에서는 이미 5천수 이상의 아리랑 가사가 채록되었고 지금도 끊임없이 창작, 전승되고 있다. 정선아리랑제에서는 어르신, 학생, 성인 등 다양한 사람들이 경창대회를 열고, 아리랑을 주제로한 인형극, 공연, 콘서트, 포럼이 열린다.",춤·음악 축제,https://minio.nculture.org/amsweb-opt/multimedia_assets/73/30127/16061/c/026_2019정선아리랑제-thumb.jpg,https://ncms.nculture.org/local-festival/story/323,강원특별자치도,정선군,강원도 정선군 정선읍 봉양리 112,민속체험 &한복체험,정선의 대표문화인 짚풀공예와 삼찌기 시현을 보고 한복 대여 체험을 통해 축제를 더욱 재밌게 즐길 수 있다.,20230101,"정선, 아리랑, 아라리, 문화예술, 무형문화재, 소리문화",F,미디어 & 엔터테인먼트/게이머/하드코어 게이머,53,37,20231230
20231200046,우리나라의 대표적인 아리랑 '정선아리랑제',"정선은 아리랑의 대표적인 전승지이다. 정선아리랑제는 정선 아리랑의 문화적 가치를 전승하고자 1976년부터 시작되었다. 정선아리랑은 국내 아리랑 중 유일한 무형문화재이다. 정선에서는 이미 5천수 이상의 아리랑 가사가 채록되었고 지금도 끊임없이 창작, 전승되고 있다. 정선아리랑제에서는 어르신, 학생, 성인 등 다양한 사람들이 경창대회를 열고, 아리랑을 주제로한 인형극, 공연, 콘서트, 포럼이 열린다.",춤·음악 축제,https://minio.nculture.org/amsweb-opt/multimedia_assets/73/30127/16061/c/026_2019정선아리랑제-thumb.jpg,https://ncms.nculture.org/local-festival/story/323,강원특별자치도,정선군,강원도 정선군 정선읍 봉양리 112,민속체험 &한복체험,정선의 대표문화인 짚풀공예와 삼찌기 시현을 보고 한복 대여 체험을 통해 축제를 더욱 재밌게 즐길 수 있다.,20230101,"정선, 아리랑, 아라리, 문화예술, 무형문화재, 소리문화",M,미디어 & 엔터테인먼트/영화 애호가,53,37,20231230
20231200047,6만평 하늘공원에서 펼쳐지는 서울억새축제,"서울억새축제는2002년 쓰레기 매립장 난지도에서 월드컵 공원 환경생태공원으로 변화한 하늘공원에서 억새꽃이 피는10월에 개최되는 축제이다.난지도는 서울의 쓰레기 매립장이었으나 생태공원으로 조성되었고, 하늘공원을 만들 당시 전국 23개 도시의 억새를 가져다 심었다. 6만평 억새밭 사이로 난 23개의 길을 걸어보는 것도 좋은 경험이고, 밤에 억새밭에서 서울의 야경을 감상하는 것도 좋은 추억이 될 것이다.",자연축제,https://minio.nculture.org/amsweb-opt/multimedia_assets/87/29766/14271/c/서울억새축제2019-10-18-20.03.57-thumb.jpg,https://ncms.nculture.org/local-festival/story/488,서울특별시,마포구,서울 마포구 상암동 481-72,가을 음악공연,7080 포크송 및 인디밴드 버스킹 등 다양한 라이브 공연이 중앙무대에서 펼쳐진다.,20230101,"억새, 난지도, 하늘공원, 월드컵 공원, 가을바람따라",M,뉴스 & 정치/열렬한 뉴스 독자/연예 뉴스 매니아,52,47,20231230
20231200048,박연을 기리는 영동난계국악축제,"대한민국의 3대 악성(樂聖)을 왕산악(고구려), 우륵(신라), 박연(조선)이라고 한다. 영동지역에서 펼쳐지는 국악축제인 ‘영동난계국악축제’는 3대 악성 가운데 박연을 기리는 전국유일의 국악축제다. 난계는 박연의 아호다. 1965년 시작할 때의 이름은 난계예술제로, 경연대회 정도의 성격이었다가 1975년 전국적인 축제로 발전한다. 난계국악축제라는 명칭으로의 변화는 1998년부터이다.",춤·음악 축제,https://minio.nculture.org/amsweb-opt/multimedia_assets/215/30268/17183/c/166_-2019-영동난계국악축제-thumb.jpg,https://ncms.nculture.org/local-festival/story/401,충청북도,영동군,충청북도 영동군 영동읍 중앙로 11,국악기 제작 및 연주 체험,"다양한 국악기를 직접 연주해보고 전통 방식의 대금, 장구, 북 등의 만들기를 누구나 직접 체험해 볼 수 있다.",20230101,"박연, 난계사, 국악",F,미디어 & 엔터테인먼트/영화 애호가,50,32,20231230
20231200049,세계 3대 마임축제 중 하나 '춘천마임축제',"춘천마임축제는 프랑스의 미모스 축제, 런던의 마임축제와 어깨를 나란히 하는 세계 3대 마임축제의 하나이다. 한 해에 12만명의 관람객이 다녀가고, 10여 개국의 마임 단체들이 참가하며, 공지천, 미군기지터, 극장 등 춘천 시내 곳곳에서 열리는 춘천의 대표 축제이다. 춘천마임축제는 예술 영역에 머물렀던 마임을 대중적인 마임으로 전환하기 위한 노력을 기울이고 있다.",춤·음악 축제,https://minio.nculture.org/amsweb-opt/multimedia_assets/200/30254/17169/c/150_2019-춘천마임축제-thumb.jpg,https://ncms.nculture.org/local-festival/story/240,강원특별자치도,춘천시,강원도 춘천시 효자동 531,걷다 보는 마임,춘천의 산책로를 무대로 만든다. 걷다가 공연보다가 다시 걷다가 드라이브스루 대신 워킹스루 형식으로 마임을 즐긴다.,20230101,"춘천, 마임, 축제, 미모스, 신체극, 광대극",F,미디어 & 엔터테인먼트/음악 애호가,50,17,20231230
20231200050,가을의 절정에서 단풍을 즐기는 장성백양단풍축제,"장성백양단풍축제는 전라남도 장성에 있는 백암산과 백양사의 아름다운 가을 단풍을 선보이는 축제다. 1996년부터 개최되었고, 단풍이 절정에 이르는 시기를 택해 매년 10월 말 ~ 11월 초에 개최된다. 백암산은 내장산 국립공원에 속한다. 백양사는 백암산 동쪽에 있는 절로 백제 무왕 때 세워졌는데, 백양사라고 불린 이유는 조선 숙종 때 환양선사가 설법하던 도중 백양 한 마리가 내려와 설법을 듣고 신이 되어 하늘로 올라갔기 때문이라고 한다. 장성백양단풍축제는 가을의 절정에서 자연의 멋을 느낄 수 있는 축제이다.",자연축제,https://minio.nculture.org/amsweb-opt/multimedia_assets/170/30224/17137/c/115_-2019-장성백양단풍축제-thumb.jpg,https://ncms.nculture.org/local-festival/story/494,전라남도,장성군,전남 장성군 북이면 사거리 656-5,단풍숲 거리공연,"쌍계루, 일광정에서 통기타 공연부터 국악, 클래식, 팝페라, 버스킹, 포크 콘서트까지 다양한 장르의 공연이 열린다.",20230101,"백양사, 백암산, 단풍, 정토사",F,여행/여행 매니아,47,33,20231230
20231200051,우리나라의 대표적인 아리랑 '정선아리랑제',"정선은 아리랑의 대표적인 전승지이다. 정선아리랑제는 정선 아리랑의 문화적 가치를 전승하고자 1976년부터 시작되었다. 정선아리랑은 국내 아리랑 중 유일한 무형문화재이다. 정선에서는 이미 5천수 이상의 아리랑 가사가 채록되었고 지금도 끊임없이 창작, 전승되고 있다. 정선아리랑제에서는 어르신, 학생, 성인 등 다양한 사람들이 경창대회를 열고, 아리랑을 주제로한 인형극, 공연, 콘서트, 포럼이 열린다.",춤·음악 축제,https://minio.nculture.org/amsweb-opt/multimedia_assets/73/30127/16061/c/026_2019정선아리랑제-thumb.jpg,https://ncms.nculture.org/local-festival/story/323,강원특별자치도,정선군,강원도 정선군 정선읍 봉양리 112,민속체험 &한복체험,정선의 대표문화인 짚풀공예와 삼찌기 시현을 보고 한복 대여 체험을 통해 축제를 더욱 재밌게 즐길 수 있다.,20230101,"정선, 아리랑, 아라리, 문화예술, 무형문화재, 소리문화",M,미디어 & 엔터테인먼트/TV 대중 시청자,47,32,20231230
20231200052,국내외 수준급 재즈를 라이브로 즐기는 '자라섬 재즈페스티벌',자라섬 국제재즈페스티벌은 국내에서 생소한 장르인 재즈(jazz)를 소재로 한 대한민국의 대표 음악축제이다. 자라섬은 1943년 국내 최초의 발전 전용 댐인 청평댐이 완공되면서 생긴 섬이다. 자라섬 국제재즈페스티벌은 ‘자연 속의 소풍 같은 축제’를 지향한다. 재즈 마니아 뿐 아니라 음악을 잘 모르는 사람들도 즐길 수 있도록 메인스트림 재즈 외에 보사노바ㆍ비밥ㆍ스윙ㆍ퓨전ㆍ일렉트릭ㆍ월드뮤직 등 다양한 장르별 재즈 뮤지션들의 공연이 다채롭게 펼쳐진다.,춤·음악 축제,https://minio.nculture.org/amsweb-opt/multimedia_assets/65/30119/16049/c/018_2019-자라섬-국제재즈페스티벌-thumb.jpg,https://ncms.nculture.org/local-festival/story/238,경기도,가평군,경기 가평군 가평읍 달전리 28,재즈 스테이션,가평의 읍내에 위치한 음악역 1939 내의 뮤직홀에서 펼쳐지는 무료 공연으로 재즈 페스티벌을 멀리서 찾은 사람뿐만 아니라 가평 시민들도 공연을 쉽게 접할 수 있도록 했다.,20230101,"가평, 자라섬, 재즈, 페스티벌, 청평댐, 땅콩섬, 중국섬, 재즈막걸리",F,미디어 & 엔터테인먼트/영화 애호가,47,14,20231230
20231200053,세계 3대 마임축제 중 하나 '춘천마임축제',"춘천마임축제는 프랑스의 미모스 축제, 런던의 마임축제와 어깨를 나란히 하는 세계 3대 마임축제의 하나이다. 한 해에 12만명의 관람객이 다녀가고, 10여 개국의 마임 단체들이 참가하며, 공지천, 미군기지터, 극장 등 춘천 시내 곳곳에서 열리는 춘천의 대표 축제이다. 춘천마임축제는 예술 영역에 머물렀던 마임을 대중적인 마임으로 전환하기 위한 노력을 기울이고 있다.",춤·음악 축제,https://minio.nculture.org/amsweb-opt/multimedia_assets/200/30254/17169/c/150_2019-춘천마임축제-thumb.jpg,https://ncms.nculture.org/local-festival/story/240,강원특별자치도,춘천시,강원도 춘천시 효자동 531,걷다 보는 마임,춘천의 산책로를 무대로 만든다. 걷다가 공연보다가 다시 걷다가 드라이브스루 대신 워킹스루 형식으로 마임을 즐긴다.,20230101,"춘천, 마임, 축제, 미모스, 신체극, 광대극",F,스포츠 & 피트니스/건강 및 피트니스,46,15,20231230
20231200054,세계 3대 마임축제 중 하나 '춘천마임축제',"춘천마임축제는 프랑스의 미모스 축제, 런던의 마임축제와 어깨를 나란히 하는 세계 3대 마임축제의 하나이다. 한 해에 12만명의 관람객이 다녀가고, 10여 개국의 마임 단체들이 참가하며, 공지천, 미군기지터, 극장 등 춘천 시내 곳곳에서 열리는 춘천의 대표 축제이다. 춘천마임축제는 예술 영역에 머물렀던 마임을 대중적인 마임으로 전환하기 위한 노력을 기울이고 있다.",춤·음악 축제,https://minio.nculture.org/amsweb-opt/multimedia_assets/200/30254/17169/c/150_2019-춘천마임축제-thumb.jpg,https://ncms.nculture.org/local-festival/story/240,강원특별자치도,춘천시,강원도 춘천시 효자동 531,걷다 보는 마임,춘천의 산책로를 무대로 만든다. 걷다가 공연보다가 다시 걷다가 드라이브스루 대신 워킹스루 형식으로 마임을 즐긴다.,20230101,"춘천, 마임, 축제, 미모스, 신체극, 광대극",F,쇼핑객/쇼핑 애호가,46,12,20231230
20231200055,가을의 절정에서 단풍을 즐기는 장성백양단풍축제,"장성백양단풍축제는 전라남도 장성에 있는 백암산과 백양사의 아름다운 가을 단풍을 선보이는 축제다. 1996년부터 개최되었고, 단풍이 절정에 이르는 시기를 택해 매년 10월 말 ~ 11월 초에 개최된다. 백암산은 내장산 국립공원에 속한다. 백양사는 백암산 동쪽에 있는 절로 백제 무왕 때 세워졌는데, 백양사라고 불린 이유는 조선 숙종 때 환양선사가 설법하던 도중 백양 한 마리가 내려와 설법을 듣고 신이 되어 하늘로 올라갔기 때문이라고 한다. 장성백양단풍축제는 가을의 절정에서 자연의 멋을 느낄 수 있는 축제이다.",자연축제,https://minio.nculture.org/amsweb-opt/multimedia_assets/170/30224/17137/c/115_-2019-장성백양단풍축제-thumb.jpg,https://ncms.nculture.org/local-festival/story/494,전라남도,장성군,전남 장성군 북이면 사거리 656-5,단풍숲 거리공연,"쌍계루, 일광정에서 통기타 공연부터 국악, 클래식, 팝페라, 버스킹, 포크 콘서트까지 다양한 장르의 공연이 열린다.",20230101,"백양사, 백암산, 단풍, 정토사",F,뉴스 & 정치/열렬한 뉴스 독자/연예 뉴스 매니아,45,39,20231230
20231200056,우리나라의 대표적인 아리랑 '정선아리랑제',"정선은 아리랑의 대표적인 전승지이다. 정선아리랑제는 정선 아리랑의 문화적 가치를 전승하고자 1976년부터 시작되었다. 정선아리랑은 국내 아리랑 중 유일한 무형문화재이다. 정선에서는 이미 5천수 이상의 아리랑 가사가 채록되었고 지금도 끊임없이 창작, 전승되고 있다. 정선아리랑제에서는 어르신, 학생, 성인 등 다양한 사람들이 경창대회를 열고, 아리랑을 주제로한 인형극, 공연, 콘서트, 포럼이 열린다.",춤·음악 축제,https://minio.nculture.org/amsweb-opt/multimedia_assets/73/30127/16061/c/026_2019정선아리랑제-thumb.jpg,https://ncms.nculture.org/local-festival/story/323,강원특별자치도,정선군,강원도 정선군 정선읍 봉양리 112,민속체험 &한복체험,정선의 대표문화인 짚풀공예와 삼찌기 시현을 보고 한복 대여 체험을 통해 축제를 더욱 재밌게 즐길 수 있다.,20230101,"정선, 아리랑, 아라리, 문화예술, 무형문화재, 소리문화",F,스포츠 & 피트니스/스포츠 팬,45,35,20231230
20231200057,국내외 유명 밴드를 만날 수 있는 '인천펜타포트음악축제',"인천펜타포드음악축제는 ‘락 페스티벌, 펜타 유스 스타, 펜타 라이브 스테이지, 펜타포트 라이브 뮤직파티’로 구성되어 있다. 락 페스티벌의 모든 공연은 스탠딩으로 진행되며 한국의 원년 록 그룹과 인디밴드, 아이돌 그룹 등이 참가한다. 3일간 60여개의 팀이 무대에 오르며, 연간 10만명에 가까운 관객들이 찾아온다. 영국 ‘타임아웃’이 4년 연속 ‘꼭 가봐야 할 세계 페스티벌50’에 선정하였다.",춤·음악 축제,https://minio.nculture.org/amsweb-opt/multimedia_assets/55/30109/16036/c/009_2019-인천펜타포트음악축제-thumb.jpg,https://ncms.nculture.org/local-festival/story/218,인천광역시,연수구,인천광역시 연수구 송도동 1,라이브 클럽 파티,전야제 성격을 띤 연계 프로그램으로 다가오는 락 페스티벌을 맞아 인천을 대표하는 여러 클럽에서 열리는 밴드 라이브 공연 파티이다.,20230101,"인천, 펜타포트, 축제, 송도, 달빛축제공원, 펜타유스스타",F,여행/여행 매니아,45,13,20231230
20231200058,우리나라의 대표적인 아리랑 '정선아리랑제',"정선은 아리랑의 대표적인 전승지이다. 정선아리랑제는 정선 아리랑의 문화적 가치를 전승하고자 1976년부터 시작되었다. 정선아리랑은 국내 아리랑 중 유일한 무형문화재이다. 정선에서는 이미 5천수 이상의 아리랑 가사가 채록되었고 지금도 끊임없이 창작, 전승되고 있다. 정선아리랑제에서는 어르신, 학생, 성인 등 다양한 사람들이 경창대회를 열고, 아리랑을 주제로한 인형극, 공연, 콘서트, 포럼이 열린다.",춤·음악 축제,https://minio.nculture.org/amsweb-opt/multimedia_assets/73/30127/16061/c/026_2019정선아리랑제-thumb.jpg,https://ncms.nculture.org/local-festival/story/323,강원특별자치도,정선군,강원도 정선군 정선읍 봉양리 112,민속체험 &한복체험,정선의 대표문화인 짚풀공예와 삼찌기 시현을 보고 한복 대여 체험을 통해 축제를 더욱 재밌게 즐길 수 있다.,20230101,"정선, 아리랑, 아라리, 문화예술, 무형문화재, 소리문화",M,미디어 & 엔터테인먼트/TV 애호가,44,30,20231230
20231200059,국내외 유명 밴드를 만날 수 있는 '인천펜타포트음악축제',"인천펜타포드음악축제는 ‘락 페스티벌, 펜타 유스 스타, 펜타 라이브 스테이지, 펜타포트 라이브 뮤직파티’로 구성되어 있다. 락 페스티벌의 모든 공연은 스탠딩으로 진행되며 한국의 원년 록 그룹과 인디밴드, 아이돌 그룹 등이 참가한다. 3일간 60여개의 팀이 무대에 오르며, 연간 10만명에 가까운 관객들이 찾아온다. 영국 ‘타임아웃’이 4년 연속 ‘꼭 가봐야 할 세계 페스티벌50’에 선정하였다.",춤·음악 축제,https://minio.nculture.org/amsweb-opt/multimedia_assets/55/30109/16036/c/009_2019-인천펜타포트음악축제-thumb.jpg,https://ncms.nculture.org/local-festival/story/218,인천광역시,연수구,인천광역시 연수구 송도동 1,라이브 클럽 파티,전야제 성격을 띤 연계 프로그램으로 다가오는 락 페스티벌을 맞아 인천을 대표하는 여러 클럽에서 열리는 밴드 라이브 공연 파티이다.,20230101,"인천, 펜타포트, 축제, 송도, 달빛축제공원, 펜타유스스타",F,미디어 & 엔터테인먼트/만화 & 애니메이션 팬,44,14,20231230
20231200060,국내외 수준급 재즈를 라이브로 즐기는 '자라섬 재즈페스티벌',자라섬 국제재즈페스티벌은 국내에서 생소한 장르인 재즈(jazz)를 소재로 한 대한민국의 대표 음악축제이다. 자라섬은 1943년 국내 최초의 발전 전용 댐인 청평댐이 완공되면서 생긴 섬이다. 자라섬 국제재즈페스티벌은 ‘자연 속의 소풍 같은 축제’를 지향한다. 재즈 마니아 뿐 아니라 음악을 잘 모르는 사람들도 즐길 수 있도록 메인스트림 재즈 외에 보사노바ㆍ비밥ㆍ스윙ㆍ퓨전ㆍ일렉트릭ㆍ월드뮤직 등 다양한 장르별 재즈 뮤지션들의 공연이 다채롭게 펼쳐진다.,춤·음악 축제,https://minio.nculture.org/amsweb-opt/multimedia_assets/65/30119/16049/c/018_2019-자라섬-국제재즈페스티벌-thumb.jpg,https://ncms.nculture.org/local-festival/story/238,경기도,가평군,경기 가평군 가평읍 달전리 28,재즈 스테이션,가평의 읍내에 위치한 음악역 1939 내의 뮤직홀에서 펼쳐지는 무료 공연으로 재즈 페스티벌을 멀리서 찾은 사람뿐만 아니라 가평 시민들도 공연을 쉽게 접할 수 있도록 했다.,20230101,"가평, 자라섬, 재즈, 페스티벌, 청평댐, 땅콩섬, 중국섬, 재즈막걸리",F,미디어 & 엔터테인먼트/TV 대중 시청자,44,14,20231230
20231200061,6만평 하늘공원에서 펼쳐지는 서울억새축제,"서울억새축제는2002년 쓰레기 매립장 난지도에서 월드컵 공원 환경생태공원으로 변화한 하늘공원에서 억새꽃이 피는10월에 개최되는 축제이다.난지도는 서울의 쓰레기 매립장이었으나 생태공원으로 조성되었고, 하늘공원을 만들 당시 전국 23개 도시의 억새를 가져다 심었다. 6만평 억새밭 사이로 난 23개의 길을 걸어보는 것도 좋은 경험이고, 밤에 억새밭에서 서울의 야경을 감상하는 것도 좋은 추억이 될 것이다.",자연축제,https://minio.nculture.org/amsweb-opt/multimedia_assets/87/29766/14271/c/서울억새축제2019-10-18-20.03.57-thumb.jpg,https://ncms.nculture.org/local-festival/story/488,서울특별시,마포구,서울 마포구 상암동 481-72,가을 음악공연,7080 포크송 및 인디밴드 버스킹 등 다양한 라이브 공연이 중앙무대에서 펼쳐진다.,20230101,"억새, 난지도, 하늘공원, 월드컵 공원, 가을바람따라",M,뉴스 & 정치/열렬한 뉴스 독자/열렬한 정치 뉴스 독자,43,38,20231230
20231200062,6만평 하늘공원에서 펼쳐지는 서울억새축제,"서울억새축제는2002년 쓰레기 매립장 난지도에서 월드컵 공원 환경생태공원으로 변화한 하늘공원에서 억새꽃이 피는10월에 개최되는 축제이다.난지도는 서울의 쓰레기 매립장이었으나 생태공원으로 조성되었고, 하늘공원을 만들 당시 전국 23개 도시의 억새를 가져다 심었다. 6만평 억새밭 사이로 난 23개의 길을 걸어보는 것도 좋은 경험이고, 밤에 억새밭에서 서울의 야경을 감상하는 것도 좋은 추억이 될 것이다.",자연축제,https://minio.nculture.org/amsweb-opt/multimedia_assets/87/29766/14271/c/서울억새축제2019-10-18-20.03.57-thumb.jpg,https://ncms.nculture.org/local-festival/story/488,서울특별시,마포구,서울 마포구 상암동 481-72,가을 음악공연,7080 포크송 및 인디밴드 버스킹 등 다양한 라이브 공연이 중앙무대에서 펼쳐진다.,20230101,"억새, 난지도, 하늘공원, 월드컵 공원, 가을바람따라",M,미디어 & 엔터테인먼트/영화 애호가,42,38,20231230
20231200063,6만평 하늘공원에서 펼쳐지는 서울억새축제,"서울억새축제는2002년 쓰레기 매립장 난지도에서 월드컵 공원 환경생태공원으로 변화한 하늘공원에서 억새꽃이 피는10월에 개최되는 축제이다.난지도는 서울의 쓰레기 매립장이었으나 생태공원으로 조성되었고, 하늘공원을 만들 당시 전국 23개 도시의 억새를 가져다 심었다. 6만평 억새밭 사이로 난 23개의 길을 걸어보는 것도 좋은 경험이고, 밤에 억새밭에서 서울의 야경을 감상하는 것도 좋은 추억이 될 것이다.",자연축제,https://minio.nculture.org/amsweb-opt/multimedia_assets/87/29766/14271/c/서울억새축제2019-10-18-20.03.57-thumb.jpg,https://ncms.nculture.org/local-festival/story/488,서울특별시,마포구,서울 마포구 상암동 481-72,가을 음악공연,7080 포크송 및 인디밴드 버스킹 등 다양한 라이브 공연이 중앙무대에서 펼쳐진다.,20230101,"억새, 난지도, 하늘공원, 월드컵 공원, 가을바람따라",M,스포츠 & 피트니스/스포츠 팬/축구 팬,42,37,20231230
20231200064,가을의 절정에서 단풍을 즐기는 장성백양단풍축제,"장성백양단풍축제는 전라남도 장성에 있는 백암산과 백양사의 아름다운 가을 단풍을 선보이는 축제다. 1996년부터 개최되었고, 단풍이 절정에 이르는 시기를 택해 매년 10월 말 ~ 11월 초에 개최된다. 백암산은 내장산 국립공원에 속한다. 백양사는 백암산 동쪽에 있는 절로 백제 무왕 때 세워졌는데, 백양사라고 불린 이유는 조선 숙종 때 환양선사가 설법하던 도중 백양 한 마리가 내려와 설법을 듣고 신이 되어 하늘로 올라갔기 때문이라고 한다. 장성백양단풍축제는 가을의 절정에서 자연의 멋을 느낄 수 있는 축제이다.",자연축제,https://minio.nculture.org/amsweb-opt/multimedia_assets/170/30224/17137/c/115_-2019-장성백양단풍축제-thumb.jpg,https://ncms.nculture.org/local-festival/story/494,전라남도,장성군,전남 장성군 북이면 사거리 656-5,단풍숲 거리공연,"쌍계루, 일광정에서 통기타 공연부터 국악, 클래식, 팝페라, 버스킹, 포크 콘서트까지 다양한 장르의 공연이 열린다.",20230101,"백양사, 백암산, 단풍, 정토사",M,뉴스 & 정치/열렬한 뉴스 독자/연예 뉴스 매니아,42,36,20231230
20231200065,6만평 하늘공원에서 펼쳐지는 서울억새축제,"서울억새축제는2002년 쓰레기 매립장 난지도에서 월드컵 공원 환경생태공원으로 변화한 하늘공원에서 억새꽃이 피는10월에 개최되는 축제이다.난지도는 서울의 쓰레기 매립장이었으나 생태공원으로 조성되었고, 하늘공원을 만들 당시 전국 23개 도시의 억새를 가져다 심었다. 6만평 억새밭 사이로 난 23개의 길을 걸어보는 것도 좋은 경험이고, 밤에 억새밭에서 서울의 야경을 감상하는 것도 좋은 추억이 될 것이다.",자연축제,https://minio.nculture.org/amsweb-opt/multimedia_assets/87/29766/14271/c/서울억새축제2019-10-18-20.03.57-thumb.jpg,https://ncms.nculture.org/local-festival/story/488,서울특별시,마포구,서울 마포구 상암동 481-72,가을 음악공연,7080 포크송 및 인디밴드 버스킹 등 다양한 라이브 공연이 중앙무대에서 펼쳐진다.,20230101,"억새, 난지도, 하늘공원, 월드컵 공원, 가을바람따라",M,은행 및 금융/열렬한 투자자,42,35,20231230
20231200066,6만평 하늘공원에서 펼쳐지는 서울억새축제,"서울억새축제는2002년 쓰레기 매립장 난지도에서 월드컵 공원 환경생태공원으로 변화한 하늘공원에서 억새꽃이 피는10월에 개최되는 축제이다.난지도는 서울의 쓰레기 매립장이었으나 생태공원으로 조성되었고, 하늘공원을 만들 당시 전국 23개 도시의 억새를 가져다 심었다. 6만평 억새밭 사이로 난 23개의 길을 걸어보는 것도 좋은 경험이고, 밤에 억새밭에서 서울의 야경을 감상하는 것도 좋은 추억이 될 것이다.",자연축제,https://minio.nculture.org/amsweb-opt/multimedia_assets/87/29766/14271/c/서울억새축제2019-10-18-20.03.57-thumb.jpg,https://ncms.nculture.org/local-festival/story/488,서울특별시,마포구,서울 마포구 상암동 481-72,가을 음악공연,7080 포크송 및 인디밴드 버스킹 등 다양한 라이브 공연이 중앙무대에서 펼쳐진다.,20230101,"억새, 난지도, 하늘공원, 월드컵 공원, 가을바람따라",M,뉴스 & 정치/열렬한 뉴스 독자/열렬한 비즈니스 뉴스 독자,42,35,20231230
20231200067,우리나라의 대표적인 아리랑 '정선아리랑제',"정선은 아리랑의 대표적인 전승지이다. 정선아리랑제는 정선 아리랑의 문화적 가치를 전승하고자 1976년부터 시작되었다. 정선아리랑은 국내 아리랑 중 유일한 무형문화재이다. 정선에서는 이미 5천수 이상의 아리랑 가사가 채록되었고 지금도 끊임없이 창작, 전승되고 있다. 정선아리랑제에서는 어르신, 학생, 성인 등 다양한 사람들이 경창대회를 열고, 아리랑을 주제로한 인형극, 공연, 콘서트, 포럼이 열린다.",춤·음악 축제,https://minio.nculture.org/amsweb-opt/multimedia_assets/73/30127/16061/c/026_2019정선아리랑제-thumb.jpg,https://ncms.nculture.org/local-festival/story/323,강원특별자치도,정선군,강원도 정선군 정선읍 봉양리 112,민속체험 &한복체험,정선의 대표문화인 짚풀공예와 삼찌기 시현을 보고 한복 대여 체험을 통해 축제를 더욱 재밌게 즐길 수 있다.,20230101,"정선, 아리랑, 아라리, 문화예술, 무형문화재, 소리문화",F,미디어 & 엔터테인먼트/독서가,42,31,20231230
20231200068,세계 3대 마임축제 중 하나 '춘천마임축제',"춘천마임축제는 프랑스의 미모스 축제, 런던의 마임축제와 어깨를 나란히 하는 세계 3대 마임축제의 하나이다. 한 해에 12만명의 관람객이 다녀가고, 10여 개국의 마임 단체들이 참가하며, 공지천, 미군기지터, 극장 등 춘천 시내 곳곳에서 열리는 춘천의 대표 축제이다. 춘천마임축제는 예술 영역에 머물렀던 마임을 대중적인 마임으로 전환하기 위한 노력을 기울이고 있다.",춤·음악 축제,https://minio.nculture.org/amsweb-opt/multimedia_assets/200/30254/17169/c/150_2019-춘천마임축제-thumb.jpg,https://ncms.nculture.org/local-festival/story/240,강원특별자치도,춘천시,강원도 춘천시 효자동 531,걷다 보는 마임,춘천의 산책로를 무대로 만든다. 걷다가 공연보다가 다시 걷다가 드라이브스루 대신 워킹스루 형식으로 마임을 즐긴다.,20230101,"춘천, 마임, 축제, 미모스, 신체극, 광대극",F,미디어 & 엔터테인먼트/게이머/캐주얼 & 소셜 게이머,42,14,20231230
20231200069,6만평 하늘공원에서 펼쳐지는 서울억새축제,"서울억새축제는2002년 쓰레기 매립장 난지도에서 월드컵 공원 환경생태공원으로 변화한 하늘공원에서 억새꽃이 피는10월에 개최되는 축제이다.난지도는 서울의 쓰레기 매립장이었으나 생태공원으로 조성되었고, 하늘공원을 만들 당시 전국 23개 도시의 억새를 가져다 심었다. 6만평 억새밭 사이로 난 23개의 길을 걸어보는 것도 좋은 경험이고, 밤에 억새밭에서 서울의 야경을 감상하는 것도 좋은 추억이 될 것이다.",자연축제,https://minio.nculture.org/amsweb-opt/multimedia_assets/87/29766/14271/c/서울억새축제2019-10-18-20.03.57-thumb.jpg,https://ncms.nculture.org/local-festival/story/488,서울특별시,마포구,서울 마포구 상암동 481-72,가을 음악공연,7080 포크송 및 인디밴드 버스킹 등 다양한 라이브 공연이 중앙무대에서 펼쳐진다.,20230101,"억새, 난지도, 하늘공원, 월드컵 공원, 가을바람따라",M,여행/여행 매니아,41,36,20231230
20231200070,우리나라의 대표적인 아리랑 '정선아리랑제',"정선은 아리랑의 대표적인 전승지이다. 정선아리랑제는 정선 아리랑의 문화적 가치를 전승하고자 1976년부터 시작되었다. 정선아리랑은 국내 아리랑 중 유일한 무형문화재이다. 정선에서는 이미 5천수 이상의 아리랑 가사가 채록되었고 지금도 끊임없이 창작, 전승되고 있다. 정선아리랑제에서는 어르신, 학생, 성인 등 다양한 사람들이 경창대회를 열고, 아리랑을 주제로한 인형극, 공연, 콘서트, 포럼이 열린다.",춤·음악 축제,https://minio.nculture.org/amsweb-opt/multimedia_assets/73/30127/16061/c/026_2019정선아리랑제-thumb.jpg,https://ncms.nculture.org/local-festival/story/323,강원특별자치도,정선군,강원도 정선군 정선읍 봉양리 112,민속체험 &한복체험,정선의 대표문화인 짚풀공예와 삼찌기 시현을 보고 한복 대여 체험을 통해 축제를 더욱 재밌게 즐길 수 있다.,20230101,"정선, 아리랑, 아라리, 문화예술, 무형문화재, 소리문화",M,미디어 & 엔터테인먼트/음악 애호가/월드 뮤직 팬,41,29,20231230
20231200071,우리나라의 대표적인 아리랑 '정선아리랑제',"정선은 아리랑의 대표적인 전승지이다. 정선아리랑제는 정선 아리랑의 문화적 가치를 전승하고자 1976년부터 시작되었다. 정선아리랑은 국내 아리랑 중 유일한 무형문화재이다. 정선에서는 이미 5천수 이상의 아리랑 가사가 채록되었고 지금도 끊임없이 창작, 전승되고 있다. 정선아리랑제에서는 어르신, 학생, 성인 등 다양한 사람들이 경창대회를 열고, 아리랑을 주제로한 인형극, 공연, 콘서트, 포럼이 열린다.",춤·음악 축제,https://minio.nculture.org/amsweb-opt/multimedia_assets/73/30127/16061/c/026_2019정선아리랑제-thumb.jpg,https://ncms.nculture.org/local-festival/story/323,강원특별자치도,정선군,강원도 정선군 정선읍 봉양리 112,민속체험 &한복체험,정선의 대표문화인 짚풀공예와 삼찌기 시현을 보고 한복 대여 체험을 통해 축제를 더욱 재밌게 즐길 수 있다.,20230101,"정선, 아리랑, 아라리, 문화예술, 무형문화재, 소리문화",M,여행/여행 매니아,41,22,20231230
20231200072,박연을 기리는 영동난계국악축제,"대한민국의 3대 악성(樂聖)을 왕산악(고구려), 우륵(신라), 박연(조선)이라고 한다. 영동지역에서 펼쳐지는 국악축제인 ‘영동난계국악축제’는 3대 악성 가운데 박연을 기리는 전국유일의 국악축제다. 난계는 박연의 아호다. 1965년 시작할 때의 이름은 난계예술제로, 경연대회 정도의 성격이었다가 1975년 전국적인 축제로 발전한다. 난계국악축제라는 명칭으로의 변화는 1998년부터이다.",춤·음악 축제,https://minio.nculture.org/amsweb-opt/multimedia_assets/215/30268/17183/c/166_-2019-영동난계국악축제-thumb.jpg,https://ncms.nculture.org/local-festival/story/401,충청북도,영동군,충청북도 영동군 영동읍 중앙로 11,국악기 제작 및 연주 체험,"다양한 국악기를 직접 연주해보고 전통 방식의 대금, 장구, 북 등의 만들기를 누구나 직접 체험해 볼 수 있다.",20230101,"박연, 난계사, 국악",F,미디어 & 엔터테인먼트/TV 대중 시청자,40,26,20231230
20231200073,박연을 기리는 영동난계국악축제,"대한민국의 3대 악성(樂聖)을 왕산악(고구려), 우륵(신라), 박연(조선)이라고 한다. 영동지역에서 펼쳐지는 국악축제인 ‘영동난계국악축제’는 3대 악성 가운데 박연을 기리는 전국유일의 국악축제다. 난계는 박연의 아호다. 1965년 시작할 때의 이름은 난계예술제로, 경연대회 정도의 성격이었다가 1975년 전국적인 축제로 발전한다. 난계국악축제라는 명칭으로의 변화는 1998년부터이다.",춤·음악 축제,https://minio.nculture.org/amsweb-opt/multimedia_assets/215/30268/17183/c/166_-2019-영동난계국악축제-thumb.jpg,https://ncms.nculture.org/local-festival/story/401,충청북도,영동군,충청북도 영동군 영동읍 중앙로 11,국악기 제작 및 연주 체험,"다양한 국악기를 직접 연주해보고 전통 방식의 대금, 장구, 북 등의 만들기를 누구나 직접 체험해 볼 수 있다.",20230101,"박연, 난계사, 국악",F,미디어 & 엔터테인먼트/TV 애호가,40,26,20231230
20231200074,우리나라의 대표적인 아리랑 '정선아리랑제',"정선은 아리랑의 대표적인 전승지이다. 정선아리랑제는 정선 아리랑의 문화적 가치를 전승하고자 1976년부터 시작되었다. 정선아리랑은 국내 아리랑 중 유일한 무형문화재이다. 정선에서는 이미 5천수 이상의 아리랑 가사가 채록되었고 지금도 끊임없이 창작, 전승되고 있다. 정선아리랑제에서는 어르신, 학생, 성인 등 다양한 사람들이 경창대회를 열고, 아리랑을 주제로한 인형극, 공연, 콘서트, 포럼이 열린다.",춤·음악 축제,https://minio.nculture.org/amsweb-opt/multimedia_assets/73/30127/16061/c/026_2019정선아리랑제-thumb.jpg,https://ncms.nculture.org/local-festival/story/323,강원특별자치도,정선군,강원도 정선군 정선읍 봉양리 112,민속체험 &한복체험,정선의 대표문화인 짚풀공예와 삼찌기 시현을 보고 한복 대여 체험을 통해 축제를 더욱 재밌게 즐길 수 있다.,20230101,"정선, 아리랑, 아라리, 문화예술, 무형문화재, 소리문화",F,미디어 & 엔터테인먼트/게이머/롤플레잉 게임 팬,40,25,20231230
20231200075,가을의 절정에서 단풍을 즐기는 장성백양단풍축제,"장성백양단풍축제는 전라남도 장성에 있는 백암산과 백양사의 아름다운 가을 단풍을 선보이는 축제다. 1996년부터 개최되었고, 단풍이 절정에 이르는 시기를 택해 매년 10월 말 ~ 11월 초에 개최된다. 백암산은 내장산 국립공원에 속한다. 백양사는 백암산 동쪽에 있는 절로 백제 무왕 때 세워졌는데, 백양사라고 불린 이유는 조선 숙종 때 환양선사가 설법하던 도중 백양 한 마리가 내려와 설법을 듣고 신이 되어 하늘로 올라갔기 때문이라고 한다. 장성백양단풍축제는 가을의 절정에서 자연의 멋을 느낄 수 있는 축제이다.",자연축제,https://minio.nculture.org/amsweb-opt/multimedia_assets/170/30224/17137/c/115_-2019-장성백양단풍축제-thumb.jpg,https://ncms.nculture.org/local-festival/story/494,전라남도,장성군,전남 장성군 북이면 사거리 656-5,단풍숲 거리공연,"쌍계루, 일광정에서 통기타 공연부터 국악, 클래식, 팝페라, 버스킹, 포크 콘서트까지 다양한 장르의 공연이 열린다.",20230101,"백양사, 백암산, 단풍, 정토사",F,뉴스 & 정치/열렬한 뉴스 독자/열렬한 정치 뉴스 독자,39,33,20231230
20231200076,박연을 기리는 영동난계국악축제,"대한민국의 3대 악성(樂聖)을 왕산악(고구려), 우륵(신라), 박연(조선)이라고 한다. 영동지역에서 펼쳐지는 국악축제인 ‘영동난계국악축제’는 3대 악성 가운데 박연을 기리는 전국유일의 국악축제다. 난계는 박연의 아호다. 1965년 시작할 때의 이름은 난계예술제로, 경연대회 정도의 성격이었다가 1975년 전국적인 축제로 발전한다. 난계국악축제라는 명칭으로의 변화는 1998년부터이다.",춤·음악 축제,https://minio.nculture.org/amsweb-opt/multimedia_assets/215/30268/17183/c/166_-2019-영동난계국악축제-thumb.jpg,https://ncms.nculture.org/local-festival/story/401,충청북도,영동군,충청북도 영동군 영동읍 중앙로 11,국악기 제작 및 연주 체험,"다양한 국악기를 직접 연주해보고 전통 방식의 대금, 장구, 북 등의 만들기를 누구나 직접 체험해 볼 수 있다.",20230101,"박연, 난계사, 국악",F,뉴스 & 정치/열렬한 뉴스 독자/열렬한 정치 뉴스 독자,39,31,20231230
20231200077,우리나라의 대표적인 아리랑 '정선아리랑제',"정선은 아리랑의 대표적인 전승지이다. 정선아리랑제는 정선 아리랑의 문화적 가치를 전승하고자 1976년부터 시작되었다. 정선아리랑은 국내 아리랑 중 유일한 무형문화재이다. 정선에서는 이미 5천수 이상의 아리랑 가사가 채록되었고 지금도 끊임없이 창작, 전승되고 있다. 정선아리랑제에서는 어르신, 학생, 성인 등 다양한 사람들이 경창대회를 열고, 아리랑을 주제로한 인형극, 공연, 콘서트, 포럼이 열린다.",춤·음악 축제,https://minio.nculture.org/amsweb-opt/multimedia_assets/73/30127/16061/c/026_2019정선아리랑제-thumb.jpg,https://ncms.nculture.org/local-festival/story/323,강원특별자치도,정선군,강원도 정선군 정선읍 봉양리 112,민속체험 &한복체험,정선의 대표문화인 짚풀공예와 삼찌기 시현을 보고 한복 대여 체험을 통해 축제를 더욱 재밌게 즐길 수 있다.,20230101,"정선, 아리랑, 아라리, 문화예술, 무형문화재, 소리문화",F,스포츠 & 피트니스/건강 및 피트니스,39,22,20231230
20231200078,우리나라의 대표적인 아리랑 '정선아리랑제',"정선은 아리랑의 대표적인 전승지이다. 정선아리랑제는 정선 아리랑의 문화적 가치를 전승하고자 1976년부터 시작되었다. 정선아리랑은 국내 아리랑 중 유일한 무형문화재이다. 정선에서는 이미 5천수 이상의 아리랑 가사가 채록되었고 지금도 끊임없이 창작, 전승되고 있다. 정선아리랑제에서는 어르신, 학생, 성인 등 다양한 사람들이 경창대회를 열고, 아리랑을 주제로한 인형극, 공연, 콘서트, 포럼이 열린다.",춤·음악 축제,https://minio.nculture.org/amsweb-opt/multimedia_assets/73/30127/16061/c/026_2019정선아리랑제-thumb.jpg,https://ncms.nculture.org/local-festival/story/323,강원특별자치도,정선군,강원도 정선군 정선읍 봉양리 112,민속체험 &한복체험,정선의 대표문화인 짚풀공예와 삼찌기 시현을 보고 한복 대여 체험을 통해 축제를 더욱 재밌게 즐길 수 있다.,20230101,"정선, 아리랑, 아라리, 문화예술, 무형문화재, 소리문화",F,라이프스타일 & 취미/사진광,39,21,20231230
20231200079,세계 3대 마임축제 중 하나 '춘천마임축제',"춘천마임축제는 프랑스의 미모스 축제, 런던의 마임축제와 어깨를 나란히 하는 세계 3대 마임축제의 하나이다. 한 해에 12만명의 관람객이 다녀가고, 10여 개국의 마임 단체들이 참가하며, 공지천, 미군기지터, 극장 등 춘천 시내 곳곳에서 열리는 춘천의 대표 축제이다. 춘천마임축제는 예술 영역에 머물렀던 마임을 대중적인 마임으로 전환하기 위한 노력을 기울이고 있다.",춤·음악 축제,https://minio.nculture.org/amsweb-opt/multimedia_assets/200/30254/17169/c/150_2019-춘천마임축제-thumb.jpg,https://ncms.nculture.org/local-festival/story/240,강원특별자치도,춘천시,강원도 춘천시 효자동 531,걷다 보는 마임,춘천의 산책로를 무대로 만든다. 걷다가 공연보다가 다시 걷다가 드라이브스루 대신 워킹스루 형식으로 마임을 즐긴다.,20230101,"춘천, 마임, 축제, 미모스, 신체극, 광대극",F,음식 & 다이닝/요리 매니아/셰프 지망생,39,20,20231230
20231200080,국내외 수준급 재즈를 라이브로 즐기는 '자라섬 재즈페스티벌',자라섬 국제재즈페스티벌은 국내에서 생소한 장르인 재즈(jazz)를 소재로 한 대한민국의 대표 음악축제이다. 자라섬은 1943년 국내 최초의 발전 전용 댐인 청평댐이 완공되면서 생긴 섬이다. 자라섬 국제재즈페스티벌은 ‘자연 속의 소풍 같은 축제’를 지향한다. 재즈 마니아 뿐 아니라 음악을 잘 모르는 사람들도 즐길 수 있도록 메인스트림 재즈 외에 보사노바ㆍ비밥ㆍ스윙ㆍ퓨전ㆍ일렉트릭ㆍ월드뮤직 등 다양한 장르별 재즈 뮤지션들의 공연이 다채롭게 펼쳐진다.,춤·음악 축제,https://minio.nculture.org/amsweb-opt/multimedia_assets/65/30119/16049/c/018_2019-자라섬-국제재즈페스티벌-thumb.jpg,https://ncms.nculture.org/local-festival/story/238,경기도,가평군,경기 가평군 가평읍 달전리 28,재즈 스테이션,가평의 읍내에 위치한 음악역 1939 내의 뮤직홀에서 펼쳐지는 무료 공연으로 재즈 페스티벌을 멀리서 찾은 사람뿐만 아니라 가평 시민들도 공연을 쉽게 접할 수 있도록 했다.,20230101,"가평, 자라섬, 재즈, 페스티벌, 청평댐, 땅콩섬, 중국섬, 재즈막걸리",F,뉴스 & 정치/열렬한 뉴스 독자/연예 뉴스 매니아,39,16,20231230
20231200081,가을의 절정에서 단풍을 즐기는 장성백양단풍축제,"장성백양단풍축제는 전라남도 장성에 있는 백암산과 백양사의 아름다운 가을 단풍을 선보이는 축제다. 1996년부터 개최되었고, 단풍이 절정에 이르는 시기를 택해 매년 10월 말 ~ 11월 초에 개최된다. 백암산은 내장산 국립공원에 속한다. 백양사는 백암산 동쪽에 있는 절로 백제 무왕 때 세워졌는데, 백양사라고 불린 이유는 조선 숙종 때 환양선사가 설법하던 도중 백양 한 마리가 내려와 설법을 듣고 신이 되어 하늘로 올라갔기 때문이라고 한다. 장성백양단풍축제는 가을의 절정에서 자연의 멋을 느낄 수 있는 축제이다.",자연축제,https://minio.nculture.org/amsweb-opt/multimedia_assets/170/30224/17137/c/115_-2019-장성백양단풍축제-thumb.jpg,https://ncms.nculture.org/local-festival/story/494,전라남도,장성군,전남 장성군 북이면 사거리 656-5,단풍숲 거리공연,"쌍계루, 일광정에서 통기타 공연부터 국악, 클래식, 팝페라, 버스킹, 포크 콘서트까지 다양한 장르의 공연이 열린다.",20230101,"백양사, 백암산, 단풍, 정토사",M,뉴스 & 정치/열렬한 뉴스 독자/열렬한 정치 뉴스 독자,38,33,20231230
20231200082,가을의 절정에서 단풍을 즐기는 장성백양단풍축제,"장성백양단풍축제는 전라남도 장성에 있는 백암산과 백양사의 아름다운 가을 단풍을 선보이는 축제다. 1996년부터 개최되었고, 단풍이 절정에 이르는 시기를 택해 매년 10월 말 ~ 11월 초에 개최된다. 백암산은 내장산 국립공원에 속한다. 백양사는 백암산 동쪽에 있는 절로 백제 무왕 때 세워졌는데, 백양사라고 불린 이유는 조선 숙종 때 환양선사가 설법하던 도중 백양 한 마리가 내려와 설법을 듣고 신이 되어 하늘로 올라갔기 때문이라고 한다. 장성백양단풍축제는 가을의 절정에서 자연의 멋을 느낄 수 있는 축제이다.",자연축제,https://minio.nculture.org/amsweb-opt/multimedia_assets/170/30224/17137/c/115_-2019-장성백양단풍축제-thumb.jpg,https://ncms.nculture.org/local-festival/story/494,전라남도,장성군,전남 장성군 북이면 사거리 656-5,단풍숲 거리공연,"쌍계루, 일광정에서 통기타 공연부터 국악, 클래식, 팝페라, 버스킹, 포크 콘서트까지 다양한 장르의 공연이 열린다.",20230101,"백양사, 백암산, 단풍, 정토사",M,여행/여행 매니아,38,32,20231230
20231200083,세계 3대 마임축제 중 하나 '춘천마임축제',"춘천마임축제는 프랑스의 미모스 축제, 런던의 마임축제와 어깨를 나란히 하는 세계 3대 마임축제의 하나이다. 한 해에 12만명의 관람객이 다녀가고, 10여 개국의 마임 단체들이 참가하며, 공지천, 미군기지터, 극장 등 춘천 시내 곳곳에서 열리는 춘천의 대표 축제이다. 춘천마임축제는 예술 영역에 머물렀던 마임을 대중적인 마임으로 전환하기 위한 노력을 기울이고 있다.",춤·음악 축제,https://minio.nculture.org/amsweb-opt/multimedia_assets/200/30254/17169/c/150_2019-춘천마임축제-thumb.jpg,https://ncms.nculture.org/local-festival/story/240,강원특별자치도,춘천시,강원도 춘천시 효자동 531,걷다 보는 마임,춘천의 산책로를 무대로 만든다. 걷다가 공연보다가 다시 걷다가 드라이브스루 대신 워킹스루 형식으로 마임을 즐긴다.,20230101,"춘천, 마임, 축제, 미모스, 신체극, 광대극",F,라이프스타일 & 취미/사진광,38,14,20231230
20231200084,세계 3대 마임축제 중 하나 '춘천마임축제',"춘천마임축제는 프랑스의 미모스 축제, 런던의 마임축제와 어깨를 나란히 하는 세계 3대 마임축제의 하나이다. 한 해에 12만명의 관람객이 다녀가고, 10여 개국의 마임 단체들이 참가하며, 공지천, 미군기지터, 극장 등 춘천 시내 곳곳에서 열리는 춘천의 대표 축제이다. 춘천마임축제는 예술 영역에 머물렀던 마임을 대중적인 마임으로 전환하기 위한 노력을 기울이고 있다.",춤·음악 축제,https://minio.nculture.org/amsweb-opt/multimedia_assets/200/30254/17169/c/150_2019-춘천마임축제-thumb.jpg,https://ncms.nculture.org/local-festival/story/240,강원특별자치도,춘천시,강원도 춘천시 효자동 531,걷다 보는 마임,춘천의 산책로를 무대로 만든다. 걷다가 공연보다가 다시 걷다가 드라이브스루 대신 워킹스루 형식으로 마임을 즐긴다.,20230101,"춘천, 마임, 축제, 미모스, 신체극, 광대극",F,테크놀로지/모바일 매니아,38,13,20231230
20231200085,6만평 하늘공원에서 펼쳐지는 서울억새축제,"서울억새축제는2002년 쓰레기 매립장 난지도에서 월드컵 공원 환경생태공원으로 변화한 하늘공원에서 억새꽃이 피는10월에 개최되는 축제이다.난지도는 서울의 쓰레기 매립장이었으나 생태공원으로 조성되었고, 하늘공원을 만들 당시 전국 23개 도시의 억새를 가져다 심었다. 6만평 억새밭 사이로 난 23개의 길을 걸어보는 것도 좋은 경험이고, 밤에 억새밭에서 서울의 야경을 감상하는 것도 좋은 추억이 될 것이다.",자연축제,https://minio.nculture.org/amsweb-opt/multimedia_assets/87/29766/14271/c/서울억새축제2019-10-18-20.03.57-thumb.jpg,https://ncms.nculture.org/local-festival/story/488,서울특별시,마포구,서울 마포구 상암동 481-72,가을 음악공연,7080 포크송 및 인디밴드 버스킹 등 다양한 라이브 공연이 중앙무대에서 펼쳐진다.,20230101,"억새, 난지도, 하늘공원, 월드컵 공원, 가을바람따라",M,미디어 & 엔터테인먼트/TV 대중 시청자,37,33,20231230
20231200086,6만평 하늘공원에서 펼쳐지는 서울억새축제,"서울억새축제는2002년 쓰레기 매립장 난지도에서 월드컵 공원 환경생태공원으로 변화한 하늘공원에서 억새꽃이 피는10월에 개최되는 축제이다.난지도는 서울의 쓰레기 매립장이었으나 생태공원으로 조성되었고, 하늘공원을 만들 당시 전국 23개 도시의 억새를 가져다 심었다. 6만평 억새밭 사이로 난 23개의 길을 걸어보는 것도 좋은 경험이고, 밤에 억새밭에서 서울의 야경을 감상하는 것도 좋은 추억이 될 것이다.",자연축제,https://minio.nculture.org/amsweb-opt/multimedia_assets/87/29766/14271/c/서울억새축제2019-10-18-20.03.57-thumb.jpg,https://ncms.nculture.org/local-festival/story/488,서울특별시,마포구,서울 마포구 상암동 481-72,가을 음악공연,7080 포크송 및 인디밴드 버스킹 등 다양한 라이브 공연이 중앙무대에서 펼쳐진다.,20230101,"억새, 난지도, 하늘공원, 월드컵 공원, 가을바람따라",M,미디어 & 엔터테인먼트/TV 애호가,37,32,20231230
20231200087,우리나라의 대표적인 아리랑 '정선아리랑제',"정선은 아리랑의 대표적인 전승지이다. 정선아리랑제는 정선 아리랑의 문화적 가치를 전승하고자 1976년부터 시작되었다. 정선아리랑은 국내 아리랑 중 유일한 무형문화재이다. 정선에서는 이미 5천수 이상의 아리랑 가사가 채록되었고 지금도 끊임없이 창작, 전승되고 있다. 정선아리랑제에서는 어르신, 학생, 성인 등 다양한 사람들이 경창대회를 열고, 아리랑을 주제로한 인형극, 공연, 콘서트, 포럼이 열린다.",춤·음악 축제,https://minio.nculture.org/amsweb-opt/multimedia_assets/73/30127/16061/c/026_2019정선아리랑제-thumb.jpg,https://ncms.nculture.org/local-festival/story/323,강원특별자치도,정선군,강원도 정선군 정선읍 봉양리 112,민속체험 &한복체험,정선의 대표문화인 짚풀공예와 삼찌기 시현을 보고 한복 대여 체험을 통해 축제를 더욱 재밌게 즐길 수 있다.,20230101,"정선, 아리랑, 아라리, 문화예술, 무형문화재, 소리문화",F,홈 앤 가든/홈 데코 매니아,37,24,20231230
20231200088,가을의 절정에서 단풍을 즐기는 장성백양단풍축제,"장성백양단풍축제는 전라남도 장성에 있는 백암산과 백양사의 아름다운 가을 단풍을 선보이는 축제다. 1996년부터 개최되었고, 단풍이 절정에 이르는 시기를 택해 매년 10월 말 ~ 11월 초에 개최된다. 백암산은 내장산 국립공원에 속한다. 백양사는 백암산 동쪽에 있는 절로 백제 무왕 때 세워졌는데, 백양사라고 불린 이유는 조선 숙종 때 환양선사가 설법하던 도중 백양 한 마리가 내려와 설법을 듣고 신이 되어 하늘로 올라갔기 때문이라고 한다. 장성백양단풍축제는 가을의 절정에서 자연의 멋을 느낄 수 있는 축제이다.",자연축제,https://minio.nculture.org/amsweb-opt/multimedia_assets/170/30224/17137/c/115_-2019-장성백양단풍축제-thumb.jpg,https://ncms.nculture.org/local-festival/story/494,전라남도,장성군,전남 장성군 북이면 사거리 656-5,단풍숲 거리공연,"쌍계루, 일광정에서 통기타 공연부터 국악, 클래식, 팝페라, 버스킹, 포크 콘서트까지 다양한 장르의 공연이 열린다.",20230101,"백양사, 백암산, 단풍, 정토사",F,미디어 & 엔터테인먼트/영화 애호가,36,31,20231230
20231200089,가을의 절정에서 단풍을 즐기는 장성백양단풍축제,"장성백양단풍축제는 전라남도 장성에 있는 백암산과 백양사의 아름다운 가을 단풍을 선보이는 축제다. 1996년부터 개최되었고, 단풍이 절정에 이르는 시기를 택해 매년 10월 말 ~ 11월 초에 개최된다. 백암산은 내장산 국립공원에 속한다. 백양사는 백암산 동쪽에 있는 절로 백제 무왕 때 세워졌는데, 백양사라고 불린 이유는 조선 숙종 때 환양선사가 설법하던 도중 백양 한 마리가 내려와 설법을 듣고 신이 되어 하늘로 올라갔기 때문이라고 한다. 장성백양단풍축제는 가을의 절정에서 자연의 멋을 느낄 수 있는 축제이다.",자연축제,https://minio.nculture.org/amsweb-opt/multimedia_assets/170/30224/17137/c/115_-2019-장성백양단풍축제-thumb.jpg,https://ncms.nculture.org/local-festival/story/494,전라남도,장성군,전남 장성군 북이면 사거리 656-5,단풍숲 거리공연,"쌍계루, 일광정에서 통기타 공연부터 국악, 클래식, 팝페라, 버스킹, 포크 콘서트까지 다양한 장르의 공연이 열린다.",20230101,"백양사, 백암산, 단풍, 정토사",M,미디어 & 엔터테인먼트/영화 애호가,36,31,20231230
20231200090,가을의 절정에서 단풍을 즐기는 장성백양단풍축제,"장성백양단풍축제는 전라남도 장성에 있는 백암산과 백양사의 아름다운 가을 단풍을 선보이는 축제다. 1996년부터 개최되었고, 단풍이 절정에 이르는 시기를 택해 매년 10월 말 ~ 11월 초에 개최된다. 백암산은 내장산 국립공원에 속한다. 백양사는 백암산 동쪽에 있는 절로 백제 무왕 때 세워졌는데, 백양사라고 불린 이유는 조선 숙종 때 환양선사가 설법하던 도중 백양 한 마리가 내려와 설법을 듣고 신이 되어 하늘로 올라갔기 때문이라고 한다. 장성백양단풍축제는 가을의 절정에서 자연의 멋을 느낄 수 있는 축제이다.",자연축제,https://minio.nculture.org/amsweb-opt/multimedia_assets/170/30224/17137/c/115_-2019-장성백양단풍축제-thumb.jpg,https://ncms.nculture.org/local-festival/story/494,전라남도,장성군,전남 장성군 북이면 사거리 656-5,단풍숲 거리공연,"쌍계루, 일광정에서 통기타 공연부터 국악, 클래식, 팝페라, 버스킹, 포크 콘서트까지 다양한 장르의 공연이 열린다.",20230101,"백양사, 백암산, 단풍, 정토사",M,미디어 & 엔터테인먼트/TV 대중 시청자,36,30,20231230
20231200091,우리나라의 대표적인 아리랑 '정선아리랑제',"정선은 아리랑의 대표적인 전승지이다. 정선아리랑제는 정선 아리랑의 문화적 가치를 전승하고자 1976년부터 시작되었다. 정선아리랑은 국내 아리랑 중 유일한 무형문화재이다. 정선에서는 이미 5천수 이상의 아리랑 가사가 채록되었고 지금도 끊임없이 창작, 전승되고 있다. 정선아리랑제에서는 어르신, 학생, 성인 등 다양한 사람들이 경창대회를 열고, 아리랑을 주제로한 인형극, 공연, 콘서트, 포럼이 열린다.",춤·음악 축제,https://minio.nculture.org/amsweb-opt/multimedia_assets/73/30127/16061/c/026_2019정선아리랑제-thumb.jpg,https://ncms.nculture.org/local-festival/story/323,강원특별자치도,정선군,강원도 정선군 정선읍 봉양리 112,민속체험 &한복체험,정선의 대표문화인 짚풀공예와 삼찌기 시현을 보고 한복 대여 체험을 통해 축제를 더욱 재밌게 즐길 수 있다.,20230101,"정선, 아리랑, 아라리, 문화예술, 무형문화재, 소리문화",M,미디어 & 엔터테인먼트/만화 & 애니메이션 팬,36,26,20231230
20231200092,우리나라의 대표적인 아리랑 '정선아리랑제',"정선은 아리랑의 대표적인 전승지이다. 정선아리랑제는 정선 아리랑의 문화적 가치를 전승하고자 1976년부터 시작되었다. 정선아리랑은 국내 아리랑 중 유일한 무형문화재이다. 정선에서는 이미 5천수 이상의 아리랑 가사가 채록되었고 지금도 끊임없이 창작, 전승되고 있다. 정선아리랑제에서는 어르신, 학생, 성인 등 다양한 사람들이 경창대회를 열고, 아리랑을 주제로한 인형극, 공연, 콘서트, 포럼이 열린다.",춤·음악 축제,https://minio.nculture.org/amsweb-opt/multimedia_assets/73/30127/16061/c/026_2019정선아리랑제-thumb.jpg,https://ncms.nculture.org/local-festival/story/323,강원특별자치도,정선군,강원도 정선군 정선읍 봉양리 112,민속체험 &한복체험,정선의 대표문화인 짚풀공예와 삼찌기 시현을 보고 한복 대여 체험을 통해 축제를 더욱 재밌게 즐길 수 있다.,20230101,"정선, 아리랑, 아라리, 문화예술, 무형문화재, 소리문화",F,쇼핑객/쇼핑 애호가,36,26,20231230
20231200093,우리나라의 대표적인 아리랑 '정선아리랑제',"정선은 아리랑의 대표적인 전승지이다. 정선아리랑제는 정선 아리랑의 문화적 가치를 전승하고자 1976년부터 시작되었다. 정선아리랑은 국내 아리랑 중 유일한 무형문화재이다. 정선에서는 이미 5천수 이상의 아리랑 가사가 채록되었고 지금도 끊임없이 창작, 전승되고 있다. 정선아리랑제에서는 어르신, 학생, 성인 등 다양한 사람들이 경창대회를 열고, 아리랑을 주제로한 인형극, 공연, 콘서트, 포럼이 열린다.",춤·음악 축제,https://minio.nculture.org/amsweb-opt/multimedia_assets/73/30127/16061/c/026_2019정선아리랑제-thumb.jpg,https://ncms.nculture.org/local-festival/story/323,강원특별자치도,정선군,강원도 정선군 정선읍 봉양리 112,민속체험 &한복체험,정선의 대표문화인 짚풀공예와 삼찌기 시현을 보고 한복 대여 체험을 통해 축제를 더욱 재밌게 즐길 수 있다.,20230101,"정선, 아리랑, 아라리, 문화예술, 무형문화재, 소리문화",M,미디어 & 엔터테인먼트/게이머/하드코어 게이머,36,23,20231230
20231200094,쿵쿵 심장을 두드리는 서울드럼페스티벌,"서울드럼페스티벌은 1999년 새천년맞이 전야제 행사로 처음 개최되었다. 2000년에는 아시아유럽정상회의 기념사업, 2001년에는 한국 방문의해 공식행사, 2002년에는 월드컵 전야제로 개최되다가 2003년 동양과 서양의 소리를 모은 문화예술축제로 개최되어 현재에 이르고 있다. 5월의 단 이틀간 펼쳐지는 축제 동안 국내외 타악 예술인들의 수준 높은 공연을 감상할 수 있고, 최근에는 타악경연과 타악프로모션 콘퍼런스를 격년으로 개최하고 있다. 악천후에도 굴하지 않는 마니아층이 형성될 정도로 인기있는 축제다.",춤·음악 축제,https://minio.nculture.org/amsweb-opt/multimedia_assets/222/30276/18370/c/174_-2019-서울드럼페스티벌-thumb.jpg,https://ncms.nculture.org/local-festival/story/433,서울특별시,중구,서울 중구 태평로2가 17-3,드러머들의 공연,해마다 다른 라인업의 국내 및 국외의 정상급 드러머와 신예 드러머들이 펼치는 공연으로 축제의 메인 행사이다.,20230101,"드럼, 타악기, 공연예술",F,미디어 & 엔터테인먼트/음악 애호가/월드 뮤직 팬,36,18,20231230
20231200095,쿵쿵 심장을 두드리는 서울드럼페스티벌,"서울드럼페스티벌은 1999년 새천년맞이 전야제 행사로 처음 개최되었다. 2000년에는 아시아유럽정상회의 기념사업, 2001년에는 한국 방문의해 공식행사, 2002년에는 월드컵 전야제로 개최되다가 2003년 동양과 서양의 소리를 모은 문화예술축제로 개최되어 현재에 이르고 있다. 5월의 단 이틀간 펼쳐지는 축제 동안 국내외 타악 예술인들의 수준 높은 공연을 감상할 수 있고, 최근에는 타악경연과 타악프로모션 콘퍼런스를 격년으로 개최하고 있다. 악천후에도 굴하지 않는 마니아층이 형성될 정도로 인기있는 축제다.",춤·음악 축제,https://minio.nculture.org/amsweb-opt/multimedia_assets/222/30276/18370/c/174_-2019-서울드럼페스티벌-thumb.jpg,https://ncms.nculture.org/local-festival/story/433,서울특별시,중구,서울 중구 태평로2가 17-3,드러머들의 공연,해마다 다른 라인업의 국내 및 국외의 정상급 드러머와 신예 드러머들이 펼치는 공연으로 축제의 메인 행사이다.,20230101,"드럼, 타악기, 공연예술",F,뉴스 & 정치/열렬한 뉴스 독자/연예 뉴스 매니아,36,18,20231230
20231200096,판소리의 성지 보성에서 열리는 서편제보성소리축제,"전라남도 보성은 근대 판소리의 성지로, 서편제에서 갈라진 강산제(岡山制)를 창시한 보성 서편제의 비조인 박유전(朴裕全)과 보성소리를 만든 정응민 등의 소리를 계승하고 기념하고, 판소리를 대중화하기 위한 축제의 장이다. 1998년 제1회 축제를 시작으로 지금까지 천하제일 명창무대, 전국판소리경연대회, 판소리 성지순례, 판소리 한대목 배우기 등의 다채로운 행사를 펼쳐왔다.",지역음식축제,https://minio.nculture.org/amsweb-opt/multimedia_assets/173/30227/17140/c/118_-2019-서편제보성소리축제-thumb.jpg,https://ncms.nculture.org/local-festival/story/101,전라남도,보성군,전라남도 보성군 보성읍 송재로 165,서편제보성소리 명창 추모행사,"서편제의 비조인 박유전 선생 추모행사와 더불어 보성소리를 정립한 정응민 선생, 조상현, 성창순 등 여러 판소리명창들을 추모하며 옛시대의 정서를 풍부하게 담아낸 예술을 충분히 느낄 수 있다.",20230101,"서편제, 보성소리, 판소리 경연대회",F,뉴스 & 정치/열렬한 뉴스 독자/연예 뉴스 매니아,36,13,20231230
20231200097,6만평 하늘공원에서 펼쳐지는 서울억새축제,"서울억새축제는2002년 쓰레기 매립장 난지도에서 월드컵 공원 환경생태공원으로 변화한 하늘공원에서 억새꽃이 피는10월에 개최되는 축제이다.난지도는 서울의 쓰레기 매립장이었으나 생태공원으로 조성되었고, 하늘공원을 만들 당시 전국 23개 도시의 억새를 가져다 심었다. 6만평 억새밭 사이로 난 23개의 길을 걸어보는 것도 좋은 경험이고, 밤에 억새밭에서 서울의 야경을 감상하는 것도 좋은 추억이 될 것이다.",자연축제,https://minio.nculture.org/amsweb-opt/multimedia_assets/87/29766/14271/c/서울억새축제2019-10-18-20.03.57-thumb.jpg,https://ncms.nculture.org/local-festival/story/488,서울특별시,마포구,서울 마포구 상암동 481-72,가을 음악공연,7080 포크송 및 인디밴드 버스킹 등 다양한 라이브 공연이 중앙무대에서 펼쳐진다.,20230101,"억새, 난지도, 하늘공원, 월드컵 공원, 가을바람따라",M,미디어 & 엔터테인먼트/음악 애호가/월드 뮤직 팬,35,32,20231230
20231200098,가을의 절정에서 단풍을 즐기는 장성백양단풍축제,"장성백양단풍축제는 전라남도 장성에 있는 백암산과 백양사의 아름다운 가을 단풍을 선보이는 축제다. 1996년부터 개최되었고, 단풍이 절정에 이르는 시기를 택해 매년 10월 말 ~ 11월 초에 개최된다. 백암산은 내장산 국립공원에 속한다. 백양사는 백암산 동쪽에 있는 절로 백제 무왕 때 세워졌는데, 백양사라고 불린 이유는 조선 숙종 때 환양선사가 설법하던 도중 백양 한 마리가 내려와 설법을 듣고 신이 되어 하늘로 올라갔기 때문이라고 한다. 장성백양단풍축제는 가을의 절정에서 자연의 멋을 느낄 수 있는 축제이다.",자연축제,https://minio.nculture.org/amsweb-opt/multimedia_assets/170/30224/17137/c/115_-2019-장성백양단풍축제-thumb.jpg,https://ncms.nculture.org/local-festival/story/494,전라남도,장성군,전남 장성군 북이면 사거리 656-5,단풍숲 거리공연,"쌍계루, 일광정에서 통기타 공연부터 국악, 클래식, 팝페라, 버스킹, 포크 콘서트까지 다양한 장르의 공연이 열린다.",20230101,"백양사, 백암산, 단풍, 정토사",F,미디어 & 엔터테인먼트/TV 대중 시청자,35,30,20231230
20231200099,가을의 절정에서 단풍을 즐기는 장성백양단풍축제,"장성백양단풍축제는 전라남도 장성에 있는 백암산과 백양사의 아름다운 가을 단풍을 선보이는 축제다. 1996년부터 개최되었고, 단풍이 절정에 이르는 시기를 택해 매년 10월 말 ~ 11월 초에 개최된다. 백암산은 내장산 국립공원에 속한다. 백양사는 백암산 동쪽에 있는 절로 백제 무왕 때 세워졌는데, 백양사라고 불린 이유는 조선 숙종 때 환양선사가 설법하던 도중 백양 한 마리가 내려와 설법을 듣고 신이 되어 하늘로 올라갔기 때문이라고 한다. 장성백양단풍축제는 가을의 절정에서 자연의 멋을 느낄 수 있는 축제이다.",자연축제,https://minio.nculture.org/amsweb-opt/multimedia_assets/170/30224/17137/c/115_-2019-장성백양단풍축제-thumb.jpg,https://ncms.nculture.org/local-festival/story/494,전라남도,장성군,전남 장성군 북이면 사거리 656-5,단풍숲 거리공연,"쌍계루, 일광정에서 통기타 공연부터 국악, 클래식, 팝페라, 버스킹, 포크 콘서트까지 다양한 장르의 공연이 열린다.",20230101,"백양사, 백암산, 단풍, 정토사",M,미디어 & 엔터테인먼트/TV 애호가,35,30,20231230
20231200100,"여자만 갯벌의 보물을 캐자, ‘벌교꼬막축제’","전라남도 벌교의 갯벌은 미세한 진흙으로 이루어져 있고, 모래가 섞이지 않고, 오염되지 않아 꼬막 서식의 최적지이다. 일찍이 넓은 여자만 갯벌에 꼬막 양식을 시작했다. 많은 양의 꼬막을 채취하기 위해 널배와 특별히 제작된 꼬막채취 도구를 이용하는데, '벌교의 널배를 이용한 꼬막 채취’는 2016년 국가중요어업유산 2호로 지정되었다. 대표적인 꼬막 양식지인 벌교읍과 대포리에서 2001년부터 매년 11월에 꼬막을 주제로 수산물 축제를 연다.",지역음식축제,https://minio.nculture.org/amsweb-opt/multimedia_assets/85/29764/14282/c/%EB%B2%8C%EA%B5%90%EA%BC%AC%EB%A7%89%EC%B6%95%EC%A0%9C2019-11-02-16.37.44-thumb.jpg,https://ncms.nculture.org/local-festival/story/99,전라남도,보성군,전라남도 보성군 벌교읍 벌교천1길 19,꼬막체험행사,"진석리 갯벌에서 펼쳐지는 꼬막과 관련한 다양한 체험 행사를 만나볼 수 있다. 꼬막 잡기, 까기, 던지기는 물론 갯벌달리기, 널배타기 등으로 구성되어 있다.",20230101,"꼬막, 개펄, 꼬막무침, 생꼬막",F,뉴스 & 정치/열렬한 뉴스 독자/연예 뉴스 매니아,35,26,20231230
20231200101,가을의 절정에서 단풍을 즐기는 장성백양단풍축제,"장성백양단풍축제는 전라남도 장성에 있는 백암산과 백양사의 아름다운 가을 단풍을 선보이는 축제다. 1996년부터 개최되었고, 단풍이 절정에 이르는 시기를 택해 매년 10월 말 ~ 11월 초에 개최된다. 백암산은 내장산 국립공원에 속한다. 백양사는 백암산 동쪽에 있는 절로 백제 무왕 때 세워졌는데, 백양사라고 불린 이유는 조선 숙종 때 환양선사가 설법하던 도중 백양 한 마리가 내려와 설법을 듣고 신이 되어 하늘로 올라갔기 때문이라고 한다. 장성백양단풍축제는 가을의 절정에서 자연의 멋을 느낄 수 있는 축제이다.",자연축제,https://minio.nculture.org/amsweb-opt/multimedia_assets/170/30224/17137/c/115_-2019-장성백양단풍축제-thumb.jpg,https://ncms.nculture.org/local-festival/story/494,전라남도,장성군,전남 장성군 북이면 사거리 656-5,단풍숲 거리공연,"쌍계루, 일광정에서 통기타 공연부터 국악, 클래식, 팝페라, 버스킹, 포크 콘서트까지 다양한 장르의 공연이 열린다.",20230101,"백양사, 백암산, 단풍, 정토사",F,미디어 & 엔터테인먼트/TV 애호가,35,23,20231230
20231200102,세계 3대 마임축제 중 하나 '춘천마임축제',"춘천마임축제는 프랑스의 미모스 축제, 런던의 마임축제와 어깨를 나란히 하는 세계 3대 마임축제의 하나이다. 한 해에 12만명의 관람객이 다녀가고, 10여 개국의 마임 단체들이 참가하며, 공지천, 미군기지터, 극장 등 춘천 시내 곳곳에서 열리는 춘천의 대표 축제이다. 춘천마임축제는 예술 영역에 머물렀던 마임을 대중적인 마임으로 전환하기 위한 노력을 기울이고 있다.",춤·음악 축제,https://minio.nculture.org/amsweb-opt/multimedia_assets/200/30254/17169/c/150_2019-춘천마임축제-thumb.jpg,https://ncms.nculture.org/local-festival/story/240,강원특별자치도,춘천시,강원도 춘천시 효자동 531,걷다 보는 마임,춘천의 산책로를 무대로 만든다. 걷다가 공연보다가 다시 걷다가 드라이브스루 대신 워킹스루 형식으로 마임을 즐긴다.,20230101,"춘천, 마임, 축제, 미모스, 신체극, 광대극",F,홈 앤 가든/홈 데코 매니아,35,13,20231230
20231200103,세계 3대 마임축제 중 하나 '춘천마임축제',"춘천마임축제는 프랑스의 미모스 축제, 런던의 마임축제와 어깨를 나란히 하는 세계 3대 마임축제의 하나이다. 한 해에 12만명의 관람객이 다녀가고, 10여 개국의 마임 단체들이 참가하며, 공지천, 미군기지터, 극장 등 춘천 시내 곳곳에서 열리는 춘천의 대표 축제이다. 춘천마임축제는 예술 영역에 머물렀던 마임을 대중적인 마임으로 전환하기 위한 노력을 기울이고 있다.",춤·음악 축제,https://minio.nculture.org/amsweb-opt/multimedia_assets/200/30254/17169/c/150_2019-춘천마임축제-thumb.jpg,https://ncms.nculture.org/local-festival/story/240,강원특별자치도,춘천시,강원도 춘천시 효자동 531,걷다 보는 마임,춘천의 산책로를 무대로 만든다. 걷다가 공연보다가 다시 걷다가 드라이브스루 대신 워킹스루 형식으로 마임을 즐긴다.,20230101,"춘천, 마임, 축제, 미모스, 신체극, 광대극",M,뉴스 & 정치/열렬한 뉴스 독자/연예 뉴스 매니아,35,13,20231230
20231200104,세계 3대 마임축제 중 하나 '춘천마임축제',"춘천마임축제는 프랑스의 미모스 축제, 런던의 마임축제와 어깨를 나란히 하는 세계 3대 마임축제의 하나이다. 한 해에 12만명의 관람객이 다녀가고, 10여 개국의 마임 단체들이 참가하며, 공지천, 미군기지터, 극장 등 춘천 시내 곳곳에서 열리는 춘천의 대표 축제이다. 춘천마임축제는 예술 영역에 머물렀던 마임을 대중적인 마임으로 전환하기 위한 노력을 기울이고 있다.",춤·음악 축제,https://minio.nculture.org/amsweb-opt/multimedia_assets/200/30254/17169/c/150_2019-춘천마임축제-thumb.jpg,https://ncms.nculture.org/local-festival/story/240,강원특별자치도,춘천시,강원도 춘천시 효자동 531,걷다 보는 마임,춘천의 산책로를 무대로 만든다. 걷다가 공연보다가 다시 걷다가 드라이브스루 대신 워킹스루 형식으로 마임을 즐긴다.,20230101,"춘천, 마임, 축제, 미모스, 신체극, 광대극",F,미디어 & 엔터테인먼트/독서가,35,12,20231230
20231200105,국내외 수준급 재즈를 라이브로 즐기는 '자라섬 재즈페스티벌',자라섬 국제재즈페스티벌은 국내에서 생소한 장르인 재즈(jazz)를 소재로 한 대한민국의 대표 음악축제이다. 자라섬은 1943년 국내 최초의 발전 전용 댐인 청평댐이 완공되면서 생긴 섬이다. 자라섬 국제재즈페스티벌은 ‘자연 속의 소풍 같은 축제’를 지향한다. 재즈 마니아 뿐 아니라 음악을 잘 모르는 사람들도 즐길 수 있도록 메인스트림 재즈 외에 보사노바ㆍ비밥ㆍ스윙ㆍ퓨전ㆍ일렉트릭ㆍ월드뮤직 등 다양한 장르별 재즈 뮤지션들의 공연이 다채롭게 펼쳐진다.,춤·음악 축제,https://minio.nculture.org/amsweb-opt/multimedia_assets/65/30119/16049/c/018_2019-자라섬-국제재즈페스티벌-thumb.jpg,https://ncms.nculture.org/local-festival/story/238,경기도,가평군,경기 가평군 가평읍 달전리 28,재즈 스테이션,가평의 읍내에 위치한 음악역 1939 내의 뮤직홀에서 펼쳐지는 무료 공연으로 재즈 페스티벌을 멀리서 찾은 사람뿐만 아니라 가평 시민들도 공연을 쉽게 접할 수 있도록 했다.,20230101,"가평, 자라섬, 재즈, 페스티벌, 청평댐, 땅콩섬, 중국섬, 재즈막걸리",F,미디어 & 엔터테인먼트/음악 애호가/월드 뮤직 팬,35,12,20231230
20231200106,6만평 하늘공원에서 펼쳐지는 서울억새축제,"서울억새축제는2002년 쓰레기 매립장 난지도에서 월드컵 공원 환경생태공원으로 변화한 하늘공원에서 억새꽃이 피는10월에 개최되는 축제이다.난지도는 서울의 쓰레기 매립장이었으나 생태공원으로 조성되었고, 하늘공원을 만들 당시 전국 23개 도시의 억새를 가져다 심었다. 6만평 억새밭 사이로 난 23개의 길을 걸어보는 것도 좋은 경험이고, 밤에 억새밭에서 서울의 야경을 감상하는 것도 좋은 추억이 될 것이다.",자연축제,https://minio.nculture.org/amsweb-opt/multimedia_assets/87/29766/14271/c/서울억새축제2019-10-18-20.03.57-thumb.jpg,https://ncms.nculture.org/local-festival/story/488,서울특별시,마포구,서울 마포구 상암동 481-72,가을 음악공연,7080 포크송 및 인디밴드 버스킹 등 다양한 라이브 공연이 중앙무대에서 펼쳐진다.,20230101,"억새, 난지도, 하늘공원, 월드컵 공원, 가을바람따라",M,테크놀로지/기술애호가,34,28,20231230
20231200107,우리나라의 대표적인 아리랑 '정선아리랑제',"정선은 아리랑의 대표적인 전승지이다. 정선아리랑제는 정선 아리랑의 문화적 가치를 전승하고자 1976년부터 시작되었다. 정선아리랑은 국내 아리랑 중 유일한 무형문화재이다. 정선에서는 이미 5천수 이상의 아리랑 가사가 채록되었고 지금도 끊임없이 창작, 전승되고 있다. 정선아리랑제에서는 어르신, 학생, 성인 등 다양한 사람들이 경창대회를 열고, 아리랑을 주제로한 인형극, 공연, 콘서트, 포럼이 열린다.",춤·음악 축제,https://minio.nculture.org/amsweb-opt/multimedia_assets/73/30127/16061/c/026_2019정선아리랑제-thumb.jpg,https://ncms.nculture.org/local-festival/story/323,강원특별자치도,정선군,강원도 정선군 정선읍 봉양리 112,민속체험 &한복체험,정선의 대표문화인 짚풀공예와 삼찌기 시현을 보고 한복 대여 체험을 통해 축제를 더욱 재밌게 즐길 수 있다.,20230101,"정선, 아리랑, 아라리, 문화예술, 무형문화재, 소리문화",F,스포츠 & 피트니스/스포츠 팬/야구 팬,34,20,20231230
20231200108,가을의 절정에서 단풍을 즐기는 장성백양단풍축제,"장성백양단풍축제는 전라남도 장성에 있는 백암산과 백양사의 아름다운 가을 단풍을 선보이는 축제다. 1996년부터 개최되었고, 단풍이 절정에 이르는 시기를 택해 매년 10월 말 ~ 11월 초에 개최된다. 백암산은 내장산 국립공원에 속한다. 백양사는 백암산 동쪽에 있는 절로 백제 무왕 때 세워졌는데, 백양사라고 불린 이유는 조선 숙종 때 환양선사가 설법하던 도중 백양 한 마리가 내려와 설법을 듣고 신이 되어 하늘로 올라갔기 때문이라고 한다. 장성백양단풍축제는 가을의 절정에서 자연의 멋을 느낄 수 있는 축제이다.",자연축제,https://minio.nculture.org/amsweb-opt/multimedia_assets/170/30224/17137/c/115_-2019-장성백양단풍축제-thumb.jpg,https://ncms.nculture.org/local-festival/story/494,전라남도,장성군,전남 장성군 북이면 사거리 656-5,단풍숲 거리공연,"쌍계루, 일광정에서 통기타 공연부터 국악, 클래식, 팝페라, 버스킹, 포크 콘서트까지 다양한 장르의 공연이 열린다.",20230101,"백양사, 백암산, 단풍, 정토사",M,은행 및 금융/열렬한 투자자,33,30,20231230
20231200109,우리나라의 대표적인 아리랑 '정선아리랑제',"정선은 아리랑의 대표적인 전승지이다. 정선아리랑제는 정선 아리랑의 문화적 가치를 전승하고자 1976년부터 시작되었다. 정선아리랑은 국내 아리랑 중 유일한 무형문화재이다. 정선에서는 이미 5천수 이상의 아리랑 가사가 채록되었고 지금도 끊임없이 창작, 전승되고 있다. 정선아리랑제에서는 어르신, 학생, 성인 등 다양한 사람들이 경창대회를 열고, 아리랑을 주제로한 인형극, 공연, 콘서트, 포럼이 열린다.",춤·음악 축제,https://minio.nculture.org/amsweb-opt/multimedia_assets/73/30127/16061/c/026_2019정선아리랑제-thumb.jpg,https://ncms.nculture.org/local-festival/story/323,강원특별자치도,정선군,강원도 정선군 정선읍 봉양리 112,민속체험 &한복체험,정선의 대표문화인 짚풀공예와 삼찌기 시현을 보고 한복 대여 체험을 통해 축제를 더욱 재밌게 즐길 수 있다.,20230101,"정선, 아리랑, 아라리, 문화예술, 무형문화재, 소리문화",F,라이프스타일 & 취미/예술과 연극 애호가,33,22,20231230
20231200110,세계 3대 마임축제 중 하나 '춘천마임축제',"춘천마임축제는 프랑스의 미모스 축제, 런던의 마임축제와 어깨를 나란히 하는 세계 3대 마임축제의 하나이다. 한 해에 12만명의 관람객이 다녀가고, 10여 개국의 마임 단체들이 참가하며, 공지천, 미군기지터, 극장 등 춘천 시내 곳곳에서 열리는 춘천의 대표 축제이다. 춘천마임축제는 예술 영역에 머물렀던 마임을 대중적인 마임으로 전환하기 위한 노력을 기울이고 있다.",춤·음악 축제,https://minio.nculture.org/amsweb-opt/multimedia_assets/200/30254/17169/c/150_2019-춘천마임축제-thumb.jpg,https://ncms.nculture.org/local-festival/story/240,강원특별자치도,춘천시,강원도 춘천시 효자동 531,걷다 보는 마임,춘천의 산책로를 무대로 만든다. 걷다가 공연보다가 다시 걷다가 드라이브스루 대신 워킹스루 형식으로 마임을 즐긴다.,20230101,"춘천, 마임, 축제, 미모스, 신체극, 광대극",F,스포츠 & 피트니스/스포츠 팬/야구 팬,33,11,20231230
20231200111,국내외 수준급 재즈를 라이브로 즐기는 '자라섬 재즈페스티벌',자라섬 국제재즈페스티벌은 국내에서 생소한 장르인 재즈(jazz)를 소재로 한 대한민국의 대표 음악축제이다. 자라섬은 1943년 국내 최초의 발전 전용 댐인 청평댐이 완공되면서 생긴 섬이다. 자라섬 국제재즈페스티벌은 ‘자연 속의 소풍 같은 축제’를 지향한다. 재즈 마니아 뿐 아니라 음악을 잘 모르는 사람들도 즐길 수 있도록 메인스트림 재즈 외에 보사노바ㆍ비밥ㆍ스윙ㆍ퓨전ㆍ일렉트릭ㆍ월드뮤직 등 다양한 장르별 재즈 뮤지션들의 공연이 다채롭게 펼쳐진다.,춤·음악 축제,https://minio.nculture.org/amsweb-opt/multimedia_assets/65/30119/16049/c/018_2019-자라섬-국제재즈페스티벌-thumb.jpg,https://ncms.nculture.org/local-festival/story/238,경기도,가평군,경기 가평군 가평읍 달전리 28,재즈 스테이션,가평의 읍내에 위치한 음악역 1939 내의 뮤직홀에서 펼쳐지는 무료 공연으로 재즈 페스티벌을 멀리서 찾은 사람뿐만 아니라 가평 시민들도 공연을 쉽게 접할 수 있도록 했다.,20230101,"가평, 자라섬, 재즈, 페스티벌, 청평댐, 땅콩섬, 중국섬, 재즈막걸리",F,미디어 & 엔터테인먼트/TV 애호가,33,11,20231230
20231200112,가을의 절정에서 단풍을 즐기는 장성백양단풍축제,"장성백양단풍축제는 전라남도 장성에 있는 백암산과 백양사의 아름다운 가을 단풍을 선보이는 축제다. 1996년부터 개최되었고, 단풍이 절정에 이르는 시기를 택해 매년 10월 말 ~ 11월 초에 개최된다. 백암산은 내장산 국립공원에 속한다. 백양사는 백암산 동쪽에 있는 절로 백제 무왕 때 세워졌는데, 백양사라고 불린 이유는 조선 숙종 때 환양선사가 설법하던 도중 백양 한 마리가 내려와 설법을 듣고 신이 되어 하늘로 올라갔기 때문이라고 한다. 장성백양단풍축제는 가을의 절정에서 자연의 멋을 느낄 수 있는 축제이다.",자연축제,https://minio.nculture.org/amsweb-opt/multimedia_assets/170/30224/17137/c/115_-2019-장성백양단풍축제-thumb.jpg,https://ncms.nculture.org/local-festival/story/494,전라남도,장성군,전남 장성군 북이면 사거리 656-5,단풍숲 거리공연,"쌍계루, 일광정에서 통기타 공연부터 국악, 클래식, 팝페라, 버스킹, 포크 콘서트까지 다양한 장르의 공연이 열린다.",20230101,"백양사, 백암산, 단풍, 정토사",M,스포츠 & 피트니스/스포츠 팬/축구 팬,32,28,20231230
20231200113,우리나라의 대표적인 아리랑 '정선아리랑제',"정선은 아리랑의 대표적인 전승지이다. 정선아리랑제는 정선 아리랑의 문화적 가치를 전승하고자 1976년부터 시작되었다. 정선아리랑은 국내 아리랑 중 유일한 무형문화재이다. 정선에서는 이미 5천수 이상의 아리랑 가사가 채록되었고 지금도 끊임없이 창작, 전승되고 있다. 정선아리랑제에서는 어르신, 학생, 성인 등 다양한 사람들이 경창대회를 열고, 아리랑을 주제로한 인형극, 공연, 콘서트, 포럼이 열린다.",춤·음악 축제,https://minio.nculture.org/amsweb-opt/multimedia_assets/73/30127/16061/c/026_2019정선아리랑제-thumb.jpg,https://ncms.nculture.org/local-festival/story/323,강원특별자치도,정선군,강원도 정선군 정선읍 봉양리 112,민속체험 &한복체험,정선의 대표문화인 짚풀공예와 삼찌기 시현을 보고 한복 대여 체험을 통해 축제를 더욱 재밌게 즐길 수 있다.,20230101,"정선, 아리랑, 아라리, 문화예술, 무형문화재, 소리문화",F,미디어 & 엔터테인먼트/게이머,32,24,20231230
20231200114,우리나라의 대표적인 아리랑 '정선아리랑제',"정선은 아리랑의 대표적인 전승지이다. 정선아리랑제는 정선 아리랑의 문화적 가치를 전승하고자 1976년부터 시작되었다. 정선아리랑은 국내 아리랑 중 유일한 무형문화재이다. 정선에서는 이미 5천수 이상의 아리랑 가사가 채록되었고 지금도 끊임없이 창작, 전승되고 있다. 정선아리랑제에서는 어르신, 학생, 성인 등 다양한 사람들이 경창대회를 열고, 아리랑을 주제로한 인형극, 공연, 콘서트, 포럼이 열린다.",춤·음악 축제,https://minio.nculture.org/amsweb-opt/multimedia_assets/73/30127/16061/c/026_2019정선아리랑제-thumb.jpg,https://ncms.nculture.org/local-festival/story/323,강원특별자치도,정선군,강원도 정선군 정선읍 봉양리 112,민속체험 &한복체험,정선의 대표문화인 짚풀공예와 삼찌기 시현을 보고 한복 대여 체험을 통해 축제를 더욱 재밌게 즐길 수 있다.,20230101,"정선, 아리랑, 아라리, 문화예술, 무형문화재, 소리문화",M,미디어 & 엔터테인먼트/음악 애호가/팝 음악 팬,32,22,20231230
20231200115,우리나라의 대표적인 아리랑 '정선아리랑제',"정선은 아리랑의 대표적인 전승지이다. 정선아리랑제는 정선 아리랑의 문화적 가치를 전승하고자 1976년부터 시작되었다. 정선아리랑은 국내 아리랑 중 유일한 무형문화재이다. 정선에서는 이미 5천수 이상의 아리랑 가사가 채록되었고 지금도 끊임없이 창작, 전승되고 있다. 정선아리랑제에서는 어르신, 학생, 성인 등 다양한 사람들이 경창대회를 열고, 아리랑을 주제로한 인형극, 공연, 콘서트, 포럼이 열린다.",춤·음악 축제,https://minio.nculture.org/amsweb-opt/multimedia_assets/73/30127/16061/c/026_2019정선아리랑제-thumb.jpg,https://ncms.nculture.org/local-festival/story/323,강원특별자치도,정선군,강원도 정선군 정선읍 봉양리 112,민속체험 &한복체험,정선의 대표문화인 짚풀공예와 삼찌기 시현을 보고 한복 대여 체험을 통해 축제를 더욱 재밌게 즐길 수 있다.,20230101,"정선, 아리랑, 아라리, 문화예술, 무형문화재, 소리문화",F,음식 & 다이닝/식도락가,32,21,20231230
20231200116,우리나라의 대표적인 아리랑 '정선아리랑제',"정선은 아리랑의 대표적인 전승지이다. 정선아리랑제는 정선 아리랑의 문화적 가치를 전승하고자 1976년부터 시작되었다. 정선아리랑은 국내 아리랑 중 유일한 무형문화재이다. 정선에서는 이미 5천수 이상의 아리랑 가사가 채록되었고 지금도 끊임없이 창작, 전승되고 있다. 정선아리랑제에서는 어르신, 학생, 성인 등 다양한 사람들이 경창대회를 열고, 아리랑을 주제로한 인형극, 공연, 콘서트, 포럼이 열린다.",춤·음악 축제,https://minio.nculture.org/amsweb-opt/multimedia_assets/73/30127/16061/c/026_2019정선아리랑제-thumb.jpg,https://ncms.nculture.org/local-festival/story/323,강원특별자치도,정선군,강원도 정선군 정선읍 봉양리 112,민속체험 &한복체험,정선의 대표문화인 짚풀공예와 삼찌기 시현을 보고 한복 대여 체험을 통해 축제를 더욱 재밌게 즐길 수 있다.,20230101,"정선, 아리랑, 아라리, 문화예술, 무형문화재, 소리문화",M,스포츠 & 피트니스/스포츠 팬,32,13,20231230
20231200117,세계 3대 마임축제 중 하나 '춘천마임축제',"춘천마임축제는 프랑스의 미모스 축제, 런던의 마임축제와 어깨를 나란히 하는 세계 3대 마임축제의 하나이다. 한 해에 12만명의 관람객이 다녀가고, 10여 개국의 마임 단체들이 참가하며, 공지천, 미군기지터, 극장 등 춘천 시내 곳곳에서 열리는 춘천의 대표 축제이다. 춘천마임축제는 예술 영역에 머물렀던 마임을 대중적인 마임으로 전환하기 위한 노력을 기울이고 있다.",춤·음악 축제,https://minio.nculture.org/amsweb-opt/multimedia_assets/200/30254/17169/c/150_2019-춘천마임축제-thumb.jpg,https://ncms.nculture.org/local-festival/story/240,강원특별자치도,춘천시,강원도 춘천시 효자동 531,걷다 보는 마임,춘천의 산책로를 무대로 만든다. 걷다가 공연보다가 다시 걷다가 드라이브스루 대신 워킹스루 형식으로 마임을 즐긴다.,20230101,"춘천, 마임, 축제, 미모스, 신체극, 광대극",F,차량 및 운송/자동차 매니아,32,11,20231230
20231200118,국내외 수준급 재즈를 라이브로 즐기는 '자라섬 재즈페스티벌',자라섬 국제재즈페스티벌은 국내에서 생소한 장르인 재즈(jazz)를 소재로 한 대한민국의 대표 음악축제이다. 자라섬은 1943년 국내 최초의 발전 전용 댐인 청평댐이 완공되면서 생긴 섬이다. 자라섬 국제재즈페스티벌은 ‘자연 속의 소풍 같은 축제’를 지향한다. 재즈 마니아 뿐 아니라 음악을 잘 모르는 사람들도 즐길 수 있도록 메인스트림 재즈 외에 보사노바ㆍ비밥ㆍ스윙ㆍ퓨전ㆍ일렉트릭ㆍ월드뮤직 등 다양한 장르별 재즈 뮤지션들의 공연이 다채롭게 펼쳐진다.,춤·음악 축제,https://minio.nculture.org/amsweb-opt/multimedia_assets/65/30119/16049/c/018_2019-자라섬-국제재즈페스티벌-thumb.jpg,https://ncms.nculture.org/local-festival/story/238,경기도,가평군,경기 가평군 가평읍 달전리 28,재즈 스테이션,가평의 읍내에 위치한 음악역 1939 내의 뮤직홀에서 펼쳐지는 무료 공연으로 재즈 페스티벌을 멀리서 찾은 사람뿐만 아니라 가평 시민들도 공연을 쉽게 접할 수 있도록 했다.,20230101,"가평, 자라섬, 재즈, 페스티벌, 청평댐, 땅콩섬, 중국섬, 재즈막걸리",F,미디어 & 엔터테인먼트/음악 애호가/팝 음악 팬,32,10,20231230
20231200119,가을의 절정에서 단풍을 즐기는 장성백양단풍축제,"장성백양단풍축제는 전라남도 장성에 있는 백암산과 백양사의 아름다운 가을 단풍을 선보이는 축제다. 1996년부터 개최되었고, 단풍이 절정에 이르는 시기를 택해 매년 10월 말 ~ 11월 초에 개최된다. 백암산은 내장산 국립공원에 속한다. 백양사는 백암산 동쪽에 있는 절로 백제 무왕 때 세워졌는데, 백양사라고 불린 이유는 조선 숙종 때 환양선사가 설법하던 도중 백양 한 마리가 내려와 설법을 듣고 신이 되어 하늘로 올라갔기 때문이라고 한다. 장성백양단풍축제는 가을의 절정에서 자연의 멋을 느낄 수 있는 축제이다.",자연축제,https://minio.nculture.org/amsweb-opt/multimedia_assets/170/30224/17137/c/115_-2019-장성백양단풍축제-thumb.jpg,https://ncms.nculture.org/local-festival/story/494,전라남도,장성군,전남 장성군 북이면 사거리 656-5,단풍숲 거리공연,"쌍계루, 일광정에서 통기타 공연부터 국악, 클래식, 팝페라, 버스킹, 포크 콘서트까지 다양한 장르의 공연이 열린다.",20230101,"백양사, 백암산, 단풍, 정토사",F,음식 & 다이닝/요리 매니아/셰프 지망생,31,27,20231230
20231200120,가을의 절정에서 단풍을 즐기는 장성백양단풍축제,"장성백양단풍축제는 전라남도 장성에 있는 백암산과 백양사의 아름다운 가을 단풍을 선보이는 축제다. 1996년부터 개최되었고, 단풍이 절정에 이르는 시기를 택해 매년 10월 말 ~ 11월 초에 개최된다. 백암산은 내장산 국립공원에 속한다. 백양사는 백암산 동쪽에 있는 절로 백제 무왕 때 세워졌는데, 백양사라고 불린 이유는 조선 숙종 때 환양선사가 설법하던 도중 백양 한 마리가 내려와 설법을 듣고 신이 되어 하늘로 올라갔기 때문이라고 한다. 장성백양단풍축제는 가을의 절정에서 자연의 멋을 느낄 수 있는 축제이다.",자연축제,https://minio.nculture.org/amsweb-opt/multimedia_assets/170/30224/17137/c/115_-2019-장성백양단풍축제-thumb.jpg,https://ncms.nculture.org/local-festival/story/494,전라남도,장성군,전남 장성군 북이면 사거리 656-5,단풍숲 거리공연,"쌍계루, 일광정에서 통기타 공연부터 국악, 클래식, 팝페라, 버스킹, 포크 콘서트까지 다양한 장르의 공연이 열린다.",20230101,"백양사, 백암산, 단풍, 정토사",F,미디어 & 엔터테인먼트/음악 애호가/월드 뮤직 팬,31,27,20231230
20231200121,박연을 기리는 영동난계국악축제,"대한민국의 3대 악성(樂聖)을 왕산악(고구려), 우륵(신라), 박연(조선)이라고 한다. 영동지역에서 펼쳐지는 국악축제인 ‘영동난계국악축제’는 3대 악성 가운데 박연을 기리는 전국유일의 국악축제다. 난계는 박연의 아호다. 1965년 시작할 때의 이름은 난계예술제로, 경연대회 정도의 성격이었다가 1975년 전국적인 축제로 발전한다. 난계국악축제라는 명칭으로의 변화는 1998년부터이다.",춤·음악 축제,https://minio.nculture.org/amsweb-opt/multimedia_assets/215/30268/17183/c/166_-2019-영동난계국악축제-thumb.jpg,https://ncms.nculture.org/local-festival/story/401,충청북도,영동군,충청북도 영동군 영동읍 중앙로 11,국악기 제작 및 연주 체험,"다양한 국악기를 직접 연주해보고 전통 방식의 대금, 장구, 북 등의 만들기를 누구나 직접 체험해 볼 수 있다.",20230101,"박연, 난계사, 국악",F,여행/여행 매니아,31,26,20231230
20231200122,우리나라의 대표적인 아리랑 '정선아리랑제',"정선은 아리랑의 대표적인 전승지이다. 정선아리랑제는 정선 아리랑의 문화적 가치를 전승하고자 1976년부터 시작되었다. 정선아리랑은 국내 아리랑 중 유일한 무형문화재이다. 정선에서는 이미 5천수 이상의 아리랑 가사가 채록되었고 지금도 끊임없이 창작, 전승되고 있다. 정선아리랑제에서는 어르신, 학생, 성인 등 다양한 사람들이 경창대회를 열고, 아리랑을 주제로한 인형극, 공연, 콘서트, 포럼이 열린다.",춤·음악 축제,https://minio.nculture.org/amsweb-opt/multimedia_assets/73/30127/16061/c/026_2019정선아리랑제-thumb.jpg,https://ncms.nculture.org/local-festival/story/323,강원특별자치도,정선군,강원도 정선군 정선읍 봉양리 112,민속체험 &한복체험,정선의 대표문화인 짚풀공예와 삼찌기 시현을 보고 한복 대여 체험을 통해 축제를 더욱 재밌게 즐길 수 있다.,20230101,"정선, 아리랑, 아라리, 문화예술, 무형문화재, 소리문화",F,음식 & 다이닝/요리 매니아,31,20,20231230
20231200123,6만평 하늘공원에서 펼쳐지는 서울억새축제,"서울억새축제는2002년 쓰레기 매립장 난지도에서 월드컵 공원 환경생태공원으로 변화한 하늘공원에서 억새꽃이 피는10월에 개최되는 축제이다.난지도는 서울의 쓰레기 매립장이었으나 생태공원으로 조성되었고, 하늘공원을 만들 당시 전국 23개 도시의 억새를 가져다 심었다. 6만평 억새밭 사이로 난 23개의 길을 걸어보는 것도 좋은 경험이고, 밤에 억새밭에서 서울의 야경을 감상하는 것도 좋은 추억이 될 것이다.",자연축제,https://minio.nculture.org/amsweb-opt/multimedia_assets/87/29766/14271/c/서울억새축제2019-10-18-20.03.57-thumb.jpg,https://ncms.nculture.org/local-festival/story/488,서울특별시,마포구,서울 마포구 상암동 481-72,가을 음악공연,7080 포크송 및 인디밴드 버스킹 등 다양한 라이브 공연이 중앙무대에서 펼쳐진다.,20230101,"억새, 난지도, 하늘공원, 월드컵 공원, 가을바람따라",F,뉴스 & 정치/열렬한 뉴스 독자/연예 뉴스 매니아,30,28,20231230
20231200124,6만평 하늘공원에서 펼쳐지는 서울억새축제,"서울억새축제는2002년 쓰레기 매립장 난지도에서 월드컵 공원 환경생태공원으로 변화한 하늘공원에서 억새꽃이 피는10월에 개최되는 축제이다.난지도는 서울의 쓰레기 매립장이었으나 생태공원으로 조성되었고, 하늘공원을 만들 당시 전국 23개 도시의 억새를 가져다 심었다. 6만평 억새밭 사이로 난 23개의 길을 걸어보는 것도 좋은 경험이고, 밤에 억새밭에서 서울의 야경을 감상하는 것도 좋은 추억이 될 것이다.",자연축제,https://minio.nculture.org/amsweb-opt/multimedia_assets/87/29766/14271/c/서울억새축제2019-10-18-20.03.57-thumb.jpg,https://ncms.nculture.org/local-festival/story/488,서울특별시,마포구,서울 마포구 상암동 481-72,가을 음악공연,7080 포크송 및 인디밴드 버스킹 등 다양한 라이브 공연이 중앙무대에서 펼쳐진다.,20230101,"억새, 난지도, 하늘공원, 월드컵 공원, 가을바람따라",M,미디어 & 엔터테인먼트/음악 애호가,30,25,20231230
20231200125,9가지 테마로 치즈를 즐겨봐요 '임실N치즈축제',"임실N치즈축제는 임실N치즈라는 임실만의 차별화된 콘텐츠를 활용한 체험형 관광축제이다. 임실은 벨기에에서 온 지정환 신부가 우리나라 최초로 농민들에게 치즈 만드는 기술을 가르쳐준 치즈 생산지이다. 임실N치즈축제는 ‘특별한 치즈(공연), 다함께 치즈(대동), 뽐내는 치즈(경연), 재미있는 치즈(체험), 맛깔난 치즈(음식), 볼만한 치즈(전시), 빛나는 치즈(야간), 더불어 치즈(문화), 마을 치즈(연계)’ 등의 9개 테마로 구성되어 있다.",지역음식축제,https://minio.nculture.org/amsweb-opt/multimedia_assets/88/30142/16082/c/036_2019-임실N치즈축제-thumb.jpg,https://ncms.nculture.org/local-festival/story/320,전라북도,임실군,전라북도 임실군 성수면 도인리 689,다함께 치즈,"국가대표 쌀 피자 만들기, 치즈요리 나눔행사, 가족대항 쭉쭉 늘려내 치즈 등 여러 체험들이 있어 가족, 친구, 연인과 함께 참여하여 추억을 쌓아보자.",20230101,"임실, 치즈, 축제, 특산물, 지정환 신부",F,뉴스 & 정치/열렬한 뉴스 독자/연예 뉴스 매니아,30,21,20231230
20231200126,우리나라의 대표적인 아리랑 '정선아리랑제',"정선은 아리랑의 대표적인 전승지이다. 정선아리랑제는 정선 아리랑의 문화적 가치를 전승하고자 1976년부터 시작되었다. 정선아리랑은 국내 아리랑 중 유일한 무형문화재이다. 정선에서는 이미 5천수 이상의 아리랑 가사가 채록되었고 지금도 끊임없이 창작, 전승되고 있다. 정선아리랑제에서는 어르신, 학생, 성인 등 다양한 사람들이 경창대회를 열고, 아리랑을 주제로한 인형극, 공연, 콘서트, 포럼이 열린다.",춤·음악 축제,https://minio.nculture.org/amsweb-opt/multimedia_assets/73/30127/16061/c/026_2019정선아리랑제-thumb.jpg,https://ncms.nculture.org/local-festival/story/323,강원특별자치도,정선군,강원도 정선군 정선읍 봉양리 112,민속체험 &한복체험,정선의 대표문화인 짚풀공예와 삼찌기 시현을 보고 한복 대여 체험을 통해 축제를 더욱 재밌게 즐길 수 있다.,20230101,"정선, 아리랑, 아라리, 문화예술, 무형문화재, 소리문화",M,뉴스 & 정치/열렬한 뉴스 독자/열렬한 비즈니스 뉴스 독자,30,20,20231230
20231200127,판소리의 성지 보성에서 열리는 서편제보성소리축제,"전라남도 보성은 근대 판소리의 성지로, 서편제에서 갈라진 강산제(岡山制)를 창시한 보성 서편제의 비조인 박유전(朴裕全)과 보성소리를 만든 정응민 등의 소리를 계승하고 기념하고, 판소리를 대중화하기 위한 축제의 장이다. 1998년 제1회 축제를 시작으로 지금까지 천하제일 명창무대, 전국판소리경연대회, 판소리 성지순례, 판소리 한대목 배우기 등의 다채로운 행사를 펼쳐왔다.",지역음식축제,https://minio.nculture.org/amsweb-opt/multimedia_assets/173/30227/17140/c/118_-2019-서편제보성소리축제-thumb.jpg,https://ncms.nculture.org/local-festival/story/101,전라남도,보성군,전라남도 보성군 보성읍 송재로 165,서편제보성소리 명창 추모행사,"서편제의 비조인 박유전 선생 추모행사와 더불어 보성소리를 정립한 정응민 선생, 조상현, 성창순 등 여러 판소리명창들을 추모하며 옛시대의 정서를 풍부하게 담아낸 예술을 충분히 느낄 수 있다.",20230101,"서편제, 보성소리, 판소리 경연대회",F,미디어 & 엔터테인먼트/TV 대중 시청자,30,10,20231230
20231200128,판소리의 성지 보성에서 열리는 서편제보성소리축제,"전라남도 보성은 근대 판소리의 성지로, 서편제에서 갈라진 강산제(岡山制)를 창시한 보성 서편제의 비조인 박유전(朴裕全)과 보성소리를 만든 정응민 등의 소리를 계승하고 기념하고, 판소리를 대중화하기 위한 축제의 장이다. 1998년 제1회 축제를 시작으로 지금까지 천하제일 명창무대, 전국판소리경연대회, 판소리 성지순례, 판소리 한대목 배우기 등의 다채로운 행사를 펼쳐왔다.",지역음식축제,https://minio.nculture.org/amsweb-opt/multimedia_assets/173/30227/17140/c/118_-2019-서편제보성소리축제-thumb.jpg,https://ncms.nculture.org/local-festival/story/101,전라남도,보성군,전라남도 보성군 보성읍 송재로 165,서편제보성소리 명창 추모행사,"서편제의 비조인 박유전 선생 추모행사와 더불어 보성소리를 정립한 정응민 선생, 조상현, 성창순 등 여러 판소리명창들을 추모하며 옛시대의 정서를 풍부하게 담아낸 예술을 충분히 느낄 수 있다.",20230101,"서편제, 보성소리, 판소리 경연대회",F,미디어 & 엔터테인먼트/영화 애호가,30,10,20231230
20231200129,박연을 기리는 영동난계국악축제,"대한민국의 3대 악성(樂聖)을 왕산악(고구려), 우륵(신라), 박연(조선)이라고 한다. 영동지역에서 펼쳐지는 국악축제인 ‘영동난계국악축제’는 3대 악성 가운데 박연을 기리는 전국유일의 국악축제다. 난계는 박연의 아호다. 1965년 시작할 때의 이름은 난계예술제로, 경연대회 정도의 성격이었다가 1975년 전국적인 축제로 발전한다. 난계국악축제라는 명칭으로의 변화는 1998년부터이다.",춤·음악 축제,https://minio.nculture.org/amsweb-opt/multimedia_assets/215/30268/17183/c/166_-2019-영동난계국악축제-thumb.jpg,https://ncms.nculture.org/local-festival/story/401,충청북도,영동군,충청북도 영동군 영동읍 중앙로 11,국악기 제작 및 연주 체험,"다양한 국악기를 직접 연주해보고 전통 방식의 대금, 장구, 북 등의 만들기를 누구나 직접 체험해 볼 수 있다.",20230101,"박연, 난계사, 국악",F,미디어 & 엔터테인먼트/음악 애호가/월드 뮤직 팬,29,26,20231230
20231200130,가을의 절정에서 단풍을 즐기는 장성백양단풍축제,"장성백양단풍축제는 전라남도 장성에 있는 백암산과 백양사의 아름다운 가을 단풍을 선보이는 축제다. 1996년부터 개최되었고, 단풍이 절정에 이르는 시기를 택해 매년 10월 말 ~ 11월 초에 개최된다. 백암산은 내장산 국립공원에 속한다. 백양사는 백암산 동쪽에 있는 절로 백제 무왕 때 세워졌는데, 백양사라고 불린 이유는 조선 숙종 때 환양선사가 설법하던 도중 백양 한 마리가 내려와 설법을 듣고 신이 되어 하늘로 올라갔기 때문이라고 한다. 장성백양단풍축제는 가을의 절정에서 자연의 멋을 느낄 수 있는 축제이다.",자연축제,https://minio.nculture.org/amsweb-opt/multimedia_assets/170/30224/17137/c/115_-2019-장성백양단풍축제-thumb.jpg,https://ncms.nculture.org/local-festival/story/494,전라남도,장성군,전남 장성군 북이면 사거리 656-5,단풍숲 거리공연,"쌍계루, 일광정에서 통기타 공연부터 국악, 클래식, 팝페라, 버스킹, 포크 콘서트까지 다양한 장르의 공연이 열린다.",20230101,"백양사, 백암산, 단풍, 정토사",M,음식 & 다이닝/요리 매니아/셰프 지망생,29,25,20231230
20231200131,가을의 절정에서 단풍을 즐기는 장성백양단풍축제,"장성백양단풍축제는 전라남도 장성에 있는 백암산과 백양사의 아름다운 가을 단풍을 선보이는 축제다. 1996년부터 개최되었고, 단풍이 절정에 이르는 시기를 택해 매년 10월 말 ~ 11월 초에 개최된다. 백암산은 내장산 국립공원에 속한다. 백양사는 백암산 동쪽에 있는 절로 백제 무왕 때 세워졌는데, 백양사라고 불린 이유는 조선 숙종 때 환양선사가 설법하던 도중 백양 한 마리가 내려와 설법을 듣고 신이 되어 하늘로 올라갔기 때문이라고 한다. 장성백양단풍축제는 가을의 절정에서 자연의 멋을 느낄 수 있는 축제이다.",자연축제,https://minio.nculture.org/amsweb-opt/multimedia_assets/170/30224/17137/c/115_-2019-장성백양단풍축제-thumb.jpg,https://ncms.nculture.org/local-festival/story/494,전라남도,장성군,전남 장성군 북이면 사거리 656-5,단풍숲 거리공연,"쌍계루, 일광정에서 통기타 공연부터 국악, 클래식, 팝페라, 버스킹, 포크 콘서트까지 다양한 장르의 공연이 열린다.",20230101,"백양사, 백암산, 단풍, 정토사",F,스포츠 & 피트니스/스포츠 팬/축구 팬,29,25,20231230
20231200132,우리나라의 대표적인 아리랑 '정선아리랑제',"정선은 아리랑의 대표적인 전승지이다. 정선아리랑제는 정선 아리랑의 문화적 가치를 전승하고자 1976년부터 시작되었다. 정선아리랑은 국내 아리랑 중 유일한 무형문화재이다. 정선에서는 이미 5천수 이상의 아리랑 가사가 채록되었고 지금도 끊임없이 창작, 전승되고 있다. 정선아리랑제에서는 어르신, 학생, 성인 등 다양한 사람들이 경창대회를 열고, 아리랑을 주제로한 인형극, 공연, 콘서트, 포럼이 열린다.",춤·음악 축제,https://minio.nculture.org/amsweb-opt/multimedia_assets/73/30127/16061/c/026_2019정선아리랑제-thumb.jpg,https://ncms.nculture.org/local-festival/story/323,강원특별자치도,정선군,강원도 정선군 정선읍 봉양리 112,민속체험 &한복체험,정선의 대표문화인 짚풀공예와 삼찌기 시현을 보고 한복 대여 체험을 통해 축제를 더욱 재밌게 즐길 수 있다.,20230101,"정선, 아리랑, 아라리, 문화예술, 무형문화재, 소리문화",M,테크놀로지/기술애호가,29,21,20231230
20231200133,우리나라의 대표적인 아리랑 '정선아리랑제',"정선은 아리랑의 대표적인 전승지이다. 정선아리랑제는 정선 아리랑의 문화적 가치를 전승하고자 1976년부터 시작되었다. 정선아리랑은 국내 아리랑 중 유일한 무형문화재이다. 정선에서는 이미 5천수 이상의 아리랑 가사가 채록되었고 지금도 끊임없이 창작, 전승되고 있다. 정선아리랑제에서는 어르신, 학생, 성인 등 다양한 사람들이 경창대회를 열고, 아리랑을 주제로한 인형극, 공연, 콘서트, 포럼이 열린다.",춤·음악 축제,https://minio.nculture.org/amsweb-opt/multimedia_assets/73/30127/16061/c/026_2019정선아리랑제-thumb.jpg,https://ncms.nculture.org/local-festival/story/323,강원특별자치도,정선군,강원도 정선군 정선읍 봉양리 112,민속체험 &한복체험,정선의 대표문화인 짚풀공예와 삼찌기 시현을 보고 한복 대여 체험을 통해 축제를 더욱 재밌게 즐길 수 있다.,20230101,"정선, 아리랑, 아라리, 문화예술, 무형문화재, 소리문화",M,은행 및 금융/열렬한 투자자,29,19,20231230
20231200134,쿵쿵 심장을 두드리는 서울드럼페스티벌,"서울드럼페스티벌은 1999년 새천년맞이 전야제 행사로 처음 개최되었다. 2000년에는 아시아유럽정상회의 기념사업, 2001년에는 한국 방문의해 공식행사, 2002년에는 월드컵 전야제로 개최되다가 2003년 동양과 서양의 소리를 모은 문화예술축제로 개최되어 현재에 이르고 있다. 5월의 단 이틀간 펼쳐지는 축제 동안 국내외 타악 예술인들의 수준 높은 공연을 감상할 수 있고, 최근에는 타악경연과 타악프로모션 콘퍼런스를 격년으로 개최하고 있다. 악천후에도 굴하지 않는 마니아층이 형성될 정도로 인기있는 축제다.",춤·음악 축제,https://minio.nculture.org/amsweb-opt/multimedia_assets/222/30276/18370/c/174_-2019-서울드럼페스티벌-thumb.jpg,https://ncms.nculture.org/local-festival/story/433,서울특별시,중구,서울 중구 태평로2가 17-3,드러머들의 공연,해마다 다른 라인업의 국내 및 국외의 정상급 드러머와 신예 드러머들이 펼치는 공연으로 축제의 메인 행사이다.,20230101,"드럼, 타악기, 공연예술",F,미디어 & 엔터테인먼트/TV 대중 시청자,29,16,20231230
20231200135,쿵쿵 심장을 두드리는 서울드럼페스티벌,"서울드럼페스티벌은 1999년 새천년맞이 전야제 행사로 처음 개최되었다. 2000년에는 아시아유럽정상회의 기념사업, 2001년에는 한국 방문의해 공식행사, 2002년에는 월드컵 전야제로 개최되다가 2003년 동양과 서양의 소리를 모은 문화예술축제로 개최되어 현재에 이르고 있다. 5월의 단 이틀간 펼쳐지는 축제 동안 국내외 타악 예술인들의 수준 높은 공연을 감상할 수 있고, 최근에는 타악경연과 타악프로모션 콘퍼런스를 격년으로 개최하고 있다. 악천후에도 굴하지 않는 마니아층이 형성될 정도로 인기있는 축제다.",춤·음악 축제,https://minio.nculture.org/amsweb-opt/multimedia_assets/222/30276/18370/c/174_-2019-서울드럼페스티벌-thumb.jpg,https://ncms.nculture.org/local-festival/story/433,서울특별시,중구,서울 중구 태평로2가 17-3,드러머들의 공연,해마다 다른 라인업의 국내 및 국외의 정상급 드러머와 신예 드러머들이 펼치는 공연으로 축제의 메인 행사이다.,20230101,"드럼, 타악기, 공연예술",F,미디어 & 엔터테인먼트/영화 애호가,29,16,20231230
20231200136,우리나라의 대표적인 아리랑 '정선아리랑제',"정선은 아리랑의 대표적인 전승지이다. 정선아리랑제는 정선 아리랑의 문화적 가치를 전승하고자 1976년부터 시작되었다. 정선아리랑은 국내 아리랑 중 유일한 무형문화재이다. 정선에서는 이미 5천수 이상의 아리랑 가사가 채록되었고 지금도 끊임없이 창작, 전승되고 있다. 정선아리랑제에서는 어르신, 학생, 성인 등 다양한 사람들이 경창대회를 열고, 아리랑을 주제로한 인형극, 공연, 콘서트, 포럼이 열린다.",춤·음악 축제,https://minio.nculture.org/amsweb-opt/multimedia_assets/73/30127/16061/c/026_2019정선아리랑제-thumb.jpg,https://ncms.nculture.org/local-festival/story/323,강원특별자치도,정선군,강원도 정선군 정선읍 봉양리 112,민속체험 &한복체험,정선의 대표문화인 짚풀공예와 삼찌기 시현을 보고 한복 대여 체험을 통해 축제를 더욱 재밌게 즐길 수 있다.,20230101,"정선, 아리랑, 아라리, 문화예술, 무형문화재, 소리문화",M,스포츠 & 피트니스/건강 및 피트니스,29,15,20231230
20231200137,국내외 유명 밴드를 만날 수 있는 '인천펜타포트음악축제',"인천펜타포드음악축제는 ‘락 페스티벌, 펜타 유스 스타, 펜타 라이브 스테이지, 펜타포트 라이브 뮤직파티’로 구성되어 있다. 락 페스티벌의 모든 공연은 스탠딩으로 진행되며 한국의 원년 록 그룹과 인디밴드, 아이돌 그룹 등이 참가한다. 3일간 60여개의 팀이 무대에 오르며, 연간 10만명에 가까운 관객들이 찾아온다. 영국 ‘타임아웃’이 4년 연속 ‘꼭 가봐야 할 세계 페스티벌50’에 선정하였다.",춤·음악 축제,https://minio.nculture.org/amsweb-opt/multimedia_assets/55/30109/16036/c/009_2019-인천펜타포트음악축제-thumb.jpg,https://ncms.nculture.org/local-festival/story/218,인천광역시,연수구,인천광역시 연수구 송도동 1,라이브 클럽 파티,전야제 성격을 띤 연계 프로그램으로 다가오는 락 페스티벌을 맞아 인천을 대표하는 여러 클럽에서 열리는 밴드 라이브 공연 파티이다.,20230101,"인천, 펜타포트, 축제, 송도, 달빛축제공원, 펜타유스스타",F,미디어 & 엔터테인먼트/TV 애호가/드라마 팬,29,9,20231230
20231200138,6만평 하늘공원에서 펼쳐지는 서울억새축제,"서울억새축제는2002년 쓰레기 매립장 난지도에서 월드컵 공원 환경생태공원으로 변화한 하늘공원에서 억새꽃이 피는10월에 개최되는 축제이다.난지도는 서울의 쓰레기 매립장이었으나 생태공원으로 조성되었고, 하늘공원을 만들 당시 전국 23개 도시의 억새를 가져다 심었다. 6만평 억새밭 사이로 난 23개의 길을 걸어보는 것도 좋은 경험이고, 밤에 억새밭에서 서울의 야경을 감상하는 것도 좋은 추억이 될 것이다.",자연축제,https://minio.nculture.org/amsweb-opt/multimedia_assets/87/29766/14271/c/서울억새축제2019-10-18-20.03.57-thumb.jpg,https://ncms.nculture.org/local-festival/story/488,서울특별시,마포구,서울 마포구 상암동 481-72,가을 음악공연,7080 포크송 및 인디밴드 버스킹 등 다양한 라이브 공연이 중앙무대에서 펼쳐진다.,20230101,"억새, 난지도, 하늘공원, 월드컵 공원, 가을바람따라",F,뉴스 & 정치/열렬한 뉴스 독자/열렬한 정치 뉴스 독자,28,27,20231230
20231200139,6만평 하늘공원에서 펼쳐지는 서울억새축제,"서울억새축제는2002년 쓰레기 매립장 난지도에서 월드컵 공원 환경생태공원으로 변화한 하늘공원에서 억새꽃이 피는10월에 개최되는 축제이다.난지도는 서울의 쓰레기 매립장이었으나 생태공원으로 조성되었고, 하늘공원을 만들 당시 전국 23개 도시의 억새를 가져다 심었다. 6만평 억새밭 사이로 난 23개의 길을 걸어보는 것도 좋은 경험이고, 밤에 억새밭에서 서울의 야경을 감상하는 것도 좋은 추억이 될 것이다.",자연축제,https://minio.nculture.org/amsweb-opt/multimedia_assets/87/29766/14271/c/서울억새축제2019-10-18-20.03.57-thumb.jpg,https://ncms.nculture.org/local-festival/story/488,서울특별시,마포구,서울 마포구 상암동 481-72,가을 음악공연,7080 포크송 및 인디밴드 버스킹 등 다양한 라이브 공연이 중앙무대에서 펼쳐진다.,20230101,"억새, 난지도, 하늘공원, 월드컵 공원, 가을바람따라",F,미디어 & 엔터테인먼트/영화 애호가,28,26,20231230
20231200140,가을의 절정에서 단풍을 즐기는 장성백양단풍축제,"장성백양단풍축제는 전라남도 장성에 있는 백암산과 백양사의 아름다운 가을 단풍을 선보이는 축제다. 1996년부터 개최되었고, 단풍이 절정에 이르는 시기를 택해 매년 10월 말 ~ 11월 초에 개최된다. 백암산은 내장산 국립공원에 속한다. 백양사는 백암산 동쪽에 있는 절로 백제 무왕 때 세워졌는데, 백양사라고 불린 이유는 조선 숙종 때 환양선사가 설법하던 도중 백양 한 마리가 내려와 설법을 듣고 신이 되어 하늘로 올라갔기 때문이라고 한다. 장성백양단풍축제는 가을의 절정에서 자연의 멋을 느낄 수 있는 축제이다.",자연축제,https://minio.nculture.org/amsweb-opt/multimedia_assets/170/30224/17137/c/115_-2019-장성백양단풍축제-thumb.jpg,https://ncms.nculture.org/local-festival/story/494,전라남도,장성군,전남 장성군 북이면 사거리 656-5,단풍숲 거리공연,"쌍계루, 일광정에서 통기타 공연부터 국악, 클래식, 팝페라, 버스킹, 포크 콘서트까지 다양한 장르의 공연이 열린다.",20230101,"백양사, 백암산, 단풍, 정토사",M,뉴스 & 정치/열렬한 뉴스 독자/열렬한 비즈니스 뉴스 독자,28,26,20231230
20231200141,우리나라의 대표적인 아리랑 '정선아리랑제',"정선은 아리랑의 대표적인 전승지이다. 정선아리랑제는 정선 아리랑의 문화적 가치를 전승하고자 1976년부터 시작되었다. 정선아리랑은 국내 아리랑 중 유일한 무형문화재이다. 정선에서는 이미 5천수 이상의 아리랑 가사가 채록되었고 지금도 끊임없이 창작, 전승되고 있다. 정선아리랑제에서는 어르신, 학생, 성인 등 다양한 사람들이 경창대회를 열고, 아리랑을 주제로한 인형극, 공연, 콘서트, 포럼이 열린다.",춤·음악 축제,https://minio.nculture.org/amsweb-opt/multimedia_assets/73/30127/16061/c/026_2019정선아리랑제-thumb.jpg,https://ncms.nculture.org/local-festival/story/323,강원특별자치도,정선군,강원도 정선군 정선읍 봉양리 112,민속체험 &한복체험,정선의 대표문화인 짚풀공예와 삼찌기 시현을 보고 한복 대여 체험을 통해 축제를 더욱 재밌게 즐길 수 있다.,20230101,"정선, 아리랑, 아라리, 문화예술, 무형문화재, 소리문화",F,테크놀로지/모바일 매니아,28,22,20231230
20231200142,한국과 세계 각국의 탈춤을 한 자리에서! '안동국제탈춤페스티벌',"1997년에 처음 개최된 안동국제탈춤페스티벌은 하회별신굿탈놀이를 모태로 지역성과 축제성, 변별성을 지닌 축제이다. 매년 9월 마지막주에 열흘 동안 한국탈춤과 외국탈춤을 마음껏 감상할 수 있다. 안동국제탈춤페스티벌에서는 하회별신굿탈놀이를 비롯한 12개 중요무형문화재단체의 공연과 대만, 러시아, 필리핀 등 여러 국가의 탈춤공연을 한자리에서 즐길 수 있으며 선유줄불놀이, 강신마당, 안동놋다리밟기 같은 민속놀이에도 참여할 수 있다. 한국을 대표하는 문화콘텐츠로 자리를 잡았다.",춤·음악 축제,https://minio.nculture.org/amsweb-opt/multimedia_assets/102/30156/17022/c/048_2019-안동국제탈춤페스티벌-thumb.jpg,https://ncms.nculture.org/local-festival/story/309,경상북도,안동시,경상북도 안동시 운흥동 300-15,대동난장퍼레이드,"관광객, 시민, 참여자 모두 하나되는 탈놀이대동난장 퍼레이드다. 남녀노소 누구나 참여할 수 있으며 흥겨운 리듬에 맞춰 탈춤을 춰보자.",20230101,"안동, 탈춤, 축제, 하회마을, 도산서원, 전통문화, 글로벌축제",F,뉴스 & 정치/열렬한 뉴스 독자/연예 뉴스 매니아,28,14,20231230
20231200143,세계 3대 마임축제 중 하나 '춘천마임축제',"춘천마임축제는 프랑스의 미모스 축제, 런던의 마임축제와 어깨를 나란히 하는 세계 3대 마임축제의 하나이다. 한 해에 12만명의 관람객이 다녀가고, 10여 개국의 마임 단체들이 참가하며, 공지천, 미군기지터, 극장 등 춘천 시내 곳곳에서 열리는 춘천의 대표 축제이다. 춘천마임축제는 예술 영역에 머물렀던 마임을 대중적인 마임으로 전환하기 위한 노력을 기울이고 있다.",춤·음악 축제,https://minio.nculture.org/amsweb-opt/multimedia_assets/200/30254/17169/c/150_2019-춘천마임축제-thumb.jpg,https://ncms.nculture.org/local-festival/story/240,강원특별자치도,춘천시,강원도 춘천시 효자동 531,걷다 보는 마임,춘천의 산책로를 무대로 만든다. 걷다가 공연보다가 다시 걷다가 드라이브스루 대신 워킹스루 형식으로 마임을 즐긴다.,20230101,"춘천, 마임, 축제, 미모스, 신체극, 광대극",M,미디어 & 엔터테인먼트/TV 대중 시청자,28,13,20231230
20231200144,세계 3대 마임축제 중 하나 '춘천마임축제',"춘천마임축제는 프랑스의 미모스 축제, 런던의 마임축제와 어깨를 나란히 하는 세계 3대 마임축제의 하나이다. 한 해에 12만명의 관람객이 다녀가고, 10여 개국의 마임 단체들이 참가하며, 공지천, 미군기지터, 극장 등 춘천 시내 곳곳에서 열리는 춘천의 대표 축제이다. 춘천마임축제는 예술 영역에 머물렀던 마임을 대중적인 마임으로 전환하기 위한 노력을 기울이고 있다.",춤·음악 축제,https://minio.nculture.org/amsweb-opt/multimedia_assets/200/30254/17169/c/150_2019-춘천마임축제-thumb.jpg,https://ncms.nculture.org/local-festival/story/240,강원특별자치도,춘천시,강원도 춘천시 효자동 531,걷다 보는 마임,춘천의 산책로를 무대로 만든다. 걷다가 공연보다가 다시 걷다가 드라이브스루 대신 워킹스루 형식으로 마임을 즐긴다.,20230101,"춘천, 마임, 축제, 미모스, 신체극, 광대극",M,미디어 & 엔터테인먼트/영화 애호가,28,13,20231230
20231200145,6만평 하늘공원에서 펼쳐지는 서울억새축제,"서울억새축제는2002년 쓰레기 매립장 난지도에서 월드컵 공원 환경생태공원으로 변화한 하늘공원에서 억새꽃이 피는10월에 개최되는 축제이다.난지도는 서울의 쓰레기 매립장이었으나 생태공원으로 조성되었고, 하늘공원을 만들 당시 전국 23개 도시의 억새를 가져다 심었다. 6만평 억새밭 사이로 난 23개의 길을 걸어보는 것도 좋은 경험이고, 밤에 억새밭에서 서울의 야경을 감상하는 것도 좋은 추억이 될 것이다.",자연축제,https://minio.nculture.org/amsweb-opt/multimedia_assets/87/29766/14271/c/서울억새축제2019-10-18-20.03.57-thumb.jpg,https://ncms.nculture.org/local-festival/story/488,서울특별시,마포구,서울 마포구 상암동 481-72,가을 음악공연,7080 포크송 및 인디밴드 버스킹 등 다양한 라이브 공연이 중앙무대에서 펼쳐진다.,20230101,"억새, 난지도, 하늘공원, 월드컵 공원, 가을바람따라",M,라이프스타일 & 취미/비즈니스 전문가,27,23,20231230
20231200146,가을의 절정에서 단풍을 즐기는 장성백양단풍축제,"장성백양단풍축제는 전라남도 장성에 있는 백암산과 백양사의 아름다운 가을 단풍을 선보이는 축제다. 1996년부터 개최되었고, 단풍이 절정에 이르는 시기를 택해 매년 10월 말 ~ 11월 초에 개최된다. 백암산은 내장산 국립공원에 속한다. 백양사는 백암산 동쪽에 있는 절로 백제 무왕 때 세워졌는데, 백양사라고 불린 이유는 조선 숙종 때 환양선사가 설법하던 도중 백양 한 마리가 내려와 설법을 듣고 신이 되어 하늘로 올라갔기 때문이라고 한다. 장성백양단풍축제는 가을의 절정에서 자연의 멋을 느낄 수 있는 축제이다.",자연축제,https://minio.nculture.org/amsweb-opt/multimedia_assets/170/30224/17137/c/115_-2019-장성백양단풍축제-thumb.jpg,https://ncms.nculture.org/local-festival/story/494,전라남도,장성군,전남 장성군 북이면 사거리 656-5,단풍숲 거리공연,"쌍계루, 일광정에서 통기타 공연부터 국악, 클래식, 팝페라, 버스킹, 포크 콘서트까지 다양한 장르의 공연이 열린다.",20230101,"백양사, 백암산, 단풍, 정토사",M,미디어 & 엔터테인먼트/음악 애호가/월드 뮤직 팬,27,23,20231230
20231200147,"여자만 갯벌의 보물을 캐자, ‘벌교꼬막축제’","전라남도 벌교의 갯벌은 미세한 진흙으로 이루어져 있고, 모래가 섞이지 않고, 오염되지 않아 꼬막 서식의 최적지이다. 일찍이 넓은 여자만 갯벌에 꼬막 양식을 시작했다. 많은 양의 꼬막을 채취하기 위해 널배와 특별히 제작된 꼬막채취 도구를 이용하는데, '벌교의 널배를 이용한 꼬막 채취’는 2016년 국가중요어업유산 2호로 지정되었다. 대표적인 꼬막 양식지인 벌교읍과 대포리에서 2001년부터 매년 11월에 꼬막을 주제로 수산물 축제를 연다.",지역음식축제,https://minio.nculture.org/amsweb-opt/multimedia_assets/85/29764/14282/c/%EB%B2%8C%EA%B5%90%EA%BC%AC%EB%A7%89%EC%B6%95%EC%A0%9C2019-11-02-16.37.44-thumb.jpg,https://ncms.nculture.org/local-festival/story/99,전라남도,보성군,전라남도 보성군 벌교읍 벌교천1길 19,꼬막체험행사,"진석리 갯벌에서 펼쳐지는 꼬막과 관련한 다양한 체험 행사를 만나볼 수 있다. 꼬막 잡기, 까기, 던지기는 물론 갯벌달리기, 널배타기 등으로 구성되어 있다.",20230101,"꼬막, 개펄, 꼬막무침, 생꼬막",F,미디어 & 엔터테인먼트/음악 애호가/월드 뮤직 팬,27,19,20231230
20231200148,우리나라의 대표적인 아리랑 '정선아리랑제',"정선은 아리랑의 대표적인 전승지이다. 정선아리랑제는 정선 아리랑의 문화적 가치를 전승하고자 1976년부터 시작되었다. 정선아리랑은 국내 아리랑 중 유일한 무형문화재이다. 정선에서는 이미 5천수 이상의 아리랑 가사가 채록되었고 지금도 끊임없이 창작, 전승되고 있다. 정선아리랑제에서는 어르신, 학생, 성인 등 다양한 사람들이 경창대회를 열고, 아리랑을 주제로한 인형극, 공연, 콘서트, 포럼이 열린다.",춤·음악 축제,https://minio.nculture.org/amsweb-opt/multimedia_assets/73/30127/16061/c/026_2019정선아리랑제-thumb.jpg,https://ncms.nculture.org/local-festival/story/323,강원특별자치도,정선군,강원도 정선군 정선읍 봉양리 112,민속체험 &한복체험,정선의 대표문화인 짚풀공예와 삼찌기 시현을 보고 한복 대여 체험을 통해 축제를 더욱 재밌게 즐길 수 있다.,20230101,"정선, 아리랑, 아라리, 문화예술, 무형문화재, 소리문화",M,미디어 & 엔터테인먼트/음악 애호가,27,10,20231230
20231200149,6만평 하늘공원에서 펼쳐지는 서울억새축제,"서울억새축제는2002년 쓰레기 매립장 난지도에서 월드컵 공원 환경생태공원으로 변화한 하늘공원에서 억새꽃이 피는10월에 개최되는 축제이다.난지도는 서울의 쓰레기 매립장이었으나 생태공원으로 조성되었고, 하늘공원을 만들 당시 전국 23개 도시의 억새를 가져다 심었다. 6만평 억새밭 사이로 난 23개의 길을 걸어보는 것도 좋은 경험이고, 밤에 억새밭에서 서울의 야경을 감상하는 것도 좋은 추억이 될 것이다.",자연축제,https://minio.nculture.org/amsweb-opt/multimedia_assets/87/29766/14271/c/서울억새축제2019-10-18-20.03.57-thumb.jpg,https://ncms.nculture.org/local-festival/story/488,서울특별시,마포구,서울 마포구 상암동 481-72,가을 음악공연,7080 포크송 및 인디밴드 버스킹 등 다양한 라이브 공연이 중앙무대에서 펼쳐진다.,20230101,"억새, 난지도, 하늘공원, 월드컵 공원, 가을바람따라",M,미디어 & 엔터테인먼트/음악 애호가/팝 음악 팬,26,23,20231230
20231200150,6만평 하늘공원에서 펼쳐지는 서울억새축제,"서울억새축제는2002년 쓰레기 매립장 난지도에서 월드컵 공원 환경생태공원으로 변화한 하늘공원에서 억새꽃이 피는10월에 개최되는 축제이다.난지도는 서울의 쓰레기 매립장이었으나 생태공원으로 조성되었고, 하늘공원을 만들 당시 전국 23개 도시의 억새를 가져다 심었다. 6만평 억새밭 사이로 난 23개의 길을 걸어보는 것도 좋은 경험이고, 밤에 억새밭에서 서울의 야경을 감상하는 것도 좋은 추억이 될 것이다.",자연축제,https://minio.nculture.org/amsweb-opt/multimedia_assets/87/29766/14271/c/서울억새축제2019-10-18-20.03.57-thumb.jpg,https://ncms.nculture.org/local-festival/story/488,서울특별시,마포구,서울 마포구 상암동 481-72,가을 음악공연,7080 포크송 및 인디밴드 버스킹 등 다양한 라이브 공연이 중앙무대에서 펼쳐진다.,20230101,"억새, 난지도, 하늘공원, 월드컵 공원, 가을바람따라",F,여행/여행 매니아,26,23,20231230
20231200151,가을의 절정에서 단풍을 즐기는 장성백양단풍축제,"장성백양단풍축제는 전라남도 장성에 있는 백암산과 백양사의 아름다운 가을 단풍을 선보이는 축제다. 1996년부터 개최되었고, 단풍이 절정에 이르는 시기를 택해 매년 10월 말 ~ 11월 초에 개최된다. 백암산은 내장산 국립공원에 속한다. 백양사는 백암산 동쪽에 있는 절로 백제 무왕 때 세워졌는데, 백양사라고 불린 이유는 조선 숙종 때 환양선사가 설법하던 도중 백양 한 마리가 내려와 설법을 듣고 신이 되어 하늘로 올라갔기 때문이라고 한다. 장성백양단풍축제는 가을의 절정에서 자연의 멋을 느낄 수 있는 축제이다.",자연축제,https://minio.nculture.org/amsweb-opt/multimedia_assets/170/30224/17137/c/115_-2019-장성백양단풍축제-thumb.jpg,https://ncms.nculture.org/local-festival/story/494,전라남도,장성군,전남 장성군 북이면 사거리 656-5,단풍숲 거리공연,"쌍계루, 일광정에서 통기타 공연부터 국악, 클래식, 팝페라, 버스킹, 포크 콘서트까지 다양한 장르의 공연이 열린다.",20230101,"백양사, 백암산, 단풍, 정토사",F,은행 및 금융/열렬한 투자자,26,22,20231230
20231200152,가을의 절정에서 단풍을 즐기는 장성백양단풍축제,"장성백양단풍축제는 전라남도 장성에 있는 백암산과 백양사의 아름다운 가을 단풍을 선보이는 축제다. 1996년부터 개최되었고, 단풍이 절정에 이르는 시기를 택해 매년 10월 말 ~ 11월 초에 개최된다. 백암산은 내장산 국립공원에 속한다. 백양사는 백암산 동쪽에 있는 절로 백제 무왕 때 세워졌는데, 백양사라고 불린 이유는 조선 숙종 때 환양선사가 설법하던 도중 백양 한 마리가 내려와 설법을 듣고 신이 되어 하늘로 올라갔기 때문이라고 한다. 장성백양단풍축제는 가을의 절정에서 자연의 멋을 느낄 수 있는 축제이다.",자연축제,https://minio.nculture.org/amsweb-opt/multimedia_assets/170/30224/17137/c/115_-2019-장성백양단풍축제-thumb.jpg,https://ncms.nculture.org/local-festival/story/494,전라남도,장성군,전남 장성군 북이면 사거리 656-5,단풍숲 거리공연,"쌍계루, 일광정에서 통기타 공연부터 국악, 클래식, 팝페라, 버스킹, 포크 콘서트까지 다양한 장르의 공연이 열린다.",20230101,"백양사, 백암산, 단풍, 정토사",F,테크놀로지/기술애호가,26,20,20231230
20231200153,가을의 절정에서 단풍을 즐기는 장성백양단풍축제,"장성백양단풍축제는 전라남도 장성에 있는 백암산과 백양사의 아름다운 가을 단풍을 선보이는 축제다. 1996년부터 개최되었고, 단풍이 절정에 이르는 시기를 택해 매년 10월 말 ~ 11월 초에 개최된다. 백암산은 내장산 국립공원에 속한다. 백양사는 백암산 동쪽에 있는 절로 백제 무왕 때 세워졌는데, 백양사라고 불린 이유는 조선 숙종 때 환양선사가 설법하던 도중 백양 한 마리가 내려와 설법을 듣고 신이 되어 하늘로 올라갔기 때문이라고 한다. 장성백양단풍축제는 가을의 절정에서 자연의 멋을 느낄 수 있는 축제이다.",자연축제,https://minio.nculture.org/amsweb-opt/multimedia_assets/170/30224/17137/c/115_-2019-장성백양단풍축제-thumb.jpg,https://ncms.nculture.org/local-festival/story/494,전라남도,장성군,전남 장성군 북이면 사거리 656-5,단풍숲 거리공연,"쌍계루, 일광정에서 통기타 공연부터 국악, 클래식, 팝페라, 버스킹, 포크 콘서트까지 다양한 장르의 공연이 열린다.",20230101,"백양사, 백암산, 단풍, 정토사",F,홈 앤 가든/홈 데코 매니아,26,16,20231230
20231200154,쿵쿵 심장을 두드리는 서울드럼페스티벌,"서울드럼페스티벌은 1999년 새천년맞이 전야제 행사로 처음 개최되었다. 2000년에는 아시아유럽정상회의 기념사업, 2001년에는 한국 방문의해 공식행사, 2002년에는 월드컵 전야제로 개최되다가 2003년 동양과 서양의 소리를 모은 문화예술축제로 개최되어 현재에 이르고 있다. 5월의 단 이틀간 펼쳐지는 축제 동안 국내외 타악 예술인들의 수준 높은 공연을 감상할 수 있고, 최근에는 타악경연과 타악프로모션 콘퍼런스를 격년으로 개최하고 있다. 악천후에도 굴하지 않는 마니아층이 형성될 정도로 인기있는 축제다.",춤·음악 축제,https://minio.nculture.org/amsweb-opt/multimedia_assets/222/30276/18370/c/174_-2019-서울드럼페스티벌-thumb.jpg,https://ncms.nculture.org/local-festival/story/433,서울특별시,중구,서울 중구 태평로2가 17-3,드러머들의 공연,해마다 다른 라인업의 국내 및 국외의 정상급 드러머와 신예 드러머들이 펼치는 공연으로 축제의 메인 행사이다.,20230101,"드럼, 타악기, 공연예술",F,미디어 & 엔터테인먼트/음악 애호가/팝 음악 팬,26,13,20231230
20231200155,국내외 수준급 재즈를 라이브로 즐기는 '자라섬 재즈페스티벌',자라섬 국제재즈페스티벌은 국내에서 생소한 장르인 재즈(jazz)를 소재로 한 대한민국의 대표 음악축제이다. 자라섬은 1943년 국내 최초의 발전 전용 댐인 청평댐이 완공되면서 생긴 섬이다. 자라섬 국제재즈페스티벌은 ‘자연 속의 소풍 같은 축제’를 지향한다. 재즈 마니아 뿐 아니라 음악을 잘 모르는 사람들도 즐길 수 있도록 메인스트림 재즈 외에 보사노바ㆍ비밥ㆍ스윙ㆍ퓨전ㆍ일렉트릭ㆍ월드뮤직 등 다양한 장르별 재즈 뮤지션들의 공연이 다채롭게 펼쳐진다.,춤·음악 축제,https://minio.nculture.org/amsweb-opt/multimedia_assets/65/30119/16049/c/018_2019-자라섬-국제재즈페스티벌-thumb.jpg,https://ncms.nculture.org/local-festival/story/238,경기도,가평군,경기 가평군 가평읍 달전리 28,재즈 스테이션,가평의 읍내에 위치한 음악역 1939 내의 뮤직홀에서 펼쳐지는 무료 공연으로 재즈 페스티벌을 멀리서 찾은 사람뿐만 아니라 가평 시민들도 공연을 쉽게 접할 수 있도록 했다.,20230101,"가평, 자라섬, 재즈, 페스티벌, 청평댐, 땅콩섬, 중국섬, 재즈막걸리",F,여행/여행 매니아,26,11,20231230
20231200156,6만평 하늘공원에서 펼쳐지는 서울억새축제,"서울억새축제는2002년 쓰레기 매립장 난지도에서 월드컵 공원 환경생태공원으로 변화한 하늘공원에서 억새꽃이 피는10월에 개최되는 축제이다.난지도는 서울의 쓰레기 매립장이었으나 생태공원으로 조성되었고, 하늘공원을 만들 당시 전국 23개 도시의 억새를 가져다 심었다. 6만평 억새밭 사이로 난 23개의 길을 걸어보는 것도 좋은 경험이고, 밤에 억새밭에서 서울의 야경을 감상하는 것도 좋은 추억이 될 것이다.",자연축제,https://minio.nculture.org/amsweb-opt/multimedia_assets/87/29766/14271/c/서울억새축제2019-10-18-20.03.57-thumb.jpg,https://ncms.nculture.org/local-festival/story/488,서울특별시,마포구,서울 마포구 상암동 481-72,가을 음악공연,7080 포크송 및 인디밴드 버스킹 등 다양한 라이브 공연이 중앙무대에서 펼쳐진다.,20230101,"억새, 난지도, 하늘공원, 월드컵 공원, 가을바람따라",F,음식 & 다이닝/요리 매니아/셰프 지망생,25,23,20231230
20231200157,6만평 하늘공원에서 펼쳐지는 서울억새축제,"서울억새축제는2002년 쓰레기 매립장 난지도에서 월드컵 공원 환경생태공원으로 변화한 하늘공원에서 억새꽃이 피는10월에 개최되는 축제이다.난지도는 서울의 쓰레기 매립장이었으나 생태공원으로 조성되었고, 하늘공원을 만들 당시 전국 23개 도시의 억새를 가져다 심었다. 6만평 억새밭 사이로 난 23개의 길을 걸어보는 것도 좋은 경험이고, 밤에 억새밭에서 서울의 야경을 감상하는 것도 좋은 추억이 될 것이다.",자연축제,https://minio.nculture.org/amsweb-opt/multimedia_assets/87/29766/14271/c/서울억새축제2019-10-18-20.03.57-thumb.jpg,https://ncms.nculture.org/local-festival/story/488,서울특별시,마포구,서울 마포구 상암동 481-72,가을 음악공연,7080 포크송 및 인디밴드 버스킹 등 다양한 라이브 공연이 중앙무대에서 펼쳐진다.,20230101,"억새, 난지도, 하늘공원, 월드컵 공원, 가을바람따라",F,미디어 & 엔터테인먼트/TV 대중 시청자,25,23,20231230
20231200158,가을의 절정에서 단풍을 즐기는 장성백양단풍축제,"장성백양단풍축제는 전라남도 장성에 있는 백암산과 백양사의 아름다운 가을 단풍을 선보이는 축제다. 1996년부터 개최되었고, 단풍이 절정에 이르는 시기를 택해 매년 10월 말 ~ 11월 초에 개최된다. 백암산은 내장산 국립공원에 속한다. 백양사는 백암산 동쪽에 있는 절로 백제 무왕 때 세워졌는데, 백양사라고 불린 이유는 조선 숙종 때 환양선사가 설법하던 도중 백양 한 마리가 내려와 설법을 듣고 신이 되어 하늘로 올라갔기 때문이라고 한다. 장성백양단풍축제는 가을의 절정에서 자연의 멋을 느낄 수 있는 축제이다.",자연축제,https://minio.nculture.org/amsweb-opt/multimedia_assets/170/30224/17137/c/115_-2019-장성백양단풍축제-thumb.jpg,https://ncms.nculture.org/local-festival/story/494,전라남도,장성군,전남 장성군 북이면 사거리 656-5,단풍숲 거리공연,"쌍계루, 일광정에서 통기타 공연부터 국악, 클래식, 팝페라, 버스킹, 포크 콘서트까지 다양한 장르의 공연이 열린다.",20230101,"백양사, 백암산, 단풍, 정토사",M,테크놀로지/기술애호가,25,23,20231230
20231200159,가을의 절정에서 단풍을 즐기는 장성백양단풍축제,"장성백양단풍축제는 전라남도 장성에 있는 백암산과 백양사의 아름다운 가을 단풍을 선보이는 축제다. 1996년부터 개최되었고, 단풍이 절정에 이르는 시기를 택해 매년 10월 말 ~ 11월 초에 개최된다. 백암산은 내장산 국립공원에 속한다. 백양사는 백암산 동쪽에 있는 절로 백제 무왕 때 세워졌는데, 백양사라고 불린 이유는 조선 숙종 때 환양선사가 설법하던 도중 백양 한 마리가 내려와 설법을 듣고 신이 되어 하늘로 올라갔기 때문이라고 한다. 장성백양단풍축제는 가을의 절정에서 자연의 멋을 느낄 수 있는 축제이다.",자연축제,https://minio.nculture.org/amsweb-opt/multimedia_assets/170/30224/17137/c/115_-2019-장성백양단풍축제-thumb.jpg,https://ncms.nculture.org/local-festival/story/494,전라남도,장성군,전남 장성군 북이면 사거리 656-5,단풍숲 거리공연,"쌍계루, 일광정에서 통기타 공연부터 국악, 클래식, 팝페라, 버스킹, 포크 콘서트까지 다양한 장르의 공연이 열린다.",20230101,"백양사, 백암산, 단풍, 정토사",F,스포츠 & 피트니스/건강 및 피트니스,25,22,20231230
20231200160,6만평 하늘공원에서 펼쳐지는 서울억새축제,"서울억새축제는2002년 쓰레기 매립장 난지도에서 월드컵 공원 환경생태공원으로 변화한 하늘공원에서 억새꽃이 피는10월에 개최되는 축제이다.난지도는 서울의 쓰레기 매립장이었으나 생태공원으로 조성되었고, 하늘공원을 만들 당시 전국 23개 도시의 억새를 가져다 심었다. 6만평 억새밭 사이로 난 23개의 길을 걸어보는 것도 좋은 경험이고, 밤에 억새밭에서 서울의 야경을 감상하는 것도 좋은 추억이 될 것이다.",자연축제,https://minio.nculture.org/amsweb-opt/multimedia_assets/87/29766/14271/c/서울억새축제2019-10-18-20.03.57-thumb.jpg,https://ncms.nculture.org/local-festival/story/488,서울특별시,마포구,서울 마포구 상암동 481-72,가을 음악공연,7080 포크송 및 인디밴드 버스킹 등 다양한 라이브 공연이 중앙무대에서 펼쳐진다.,20230101,"억새, 난지도, 하늘공원, 월드컵 공원, 가을바람따라",M,음식 & 다이닝/요리 매니아/셰프 지망생,25,21,20231230
20231200161,가을의 절정에서 단풍을 즐기는 장성백양단풍축제,"장성백양단풍축제는 전라남도 장성에 있는 백암산과 백양사의 아름다운 가을 단풍을 선보이는 축제다. 1996년부터 개최되었고, 단풍이 절정에 이르는 시기를 택해 매년 10월 말 ~ 11월 초에 개최된다. 백암산은 내장산 국립공원에 속한다. 백양사는 백암산 동쪽에 있는 절로 백제 무왕 때 세워졌는데, 백양사라고 불린 이유는 조선 숙종 때 환양선사가 설법하던 도중 백양 한 마리가 내려와 설법을 듣고 신이 되어 하늘로 올라갔기 때문이라고 한다. 장성백양단풍축제는 가을의 절정에서 자연의 멋을 느낄 수 있는 축제이다.",자연축제,https://minio.nculture.org/amsweb-opt/multimedia_assets/170/30224/17137/c/115_-2019-장성백양단풍축제-thumb.jpg,https://ncms.nculture.org/local-festival/story/494,전라남도,장성군,전남 장성군 북이면 사거리 656-5,단풍숲 거리공연,"쌍계루, 일광정에서 통기타 공연부터 국악, 클래식, 팝페라, 버스킹, 포크 콘서트까지 다양한 장르의 공연이 열린다.",20230101,"백양사, 백암산, 단풍, 정토사",F,뉴스 & 정치/열렬한 뉴스 독자/열렬한 비즈니스 뉴스 독자,25,20,20231230
20231200162,우리나라의 대표적인 아리랑 '정선아리랑제',"정선은 아리랑의 대표적인 전승지이다. 정선아리랑제는 정선 아리랑의 문화적 가치를 전승하고자 1976년부터 시작되었다. 정선아리랑은 국내 아리랑 중 유일한 무형문화재이다. 정선에서는 이미 5천수 이상의 아리랑 가사가 채록되었고 지금도 끊임없이 창작, 전승되고 있다. 정선아리랑제에서는 어르신, 학생, 성인 등 다양한 사람들이 경창대회를 열고, 아리랑을 주제로한 인형극, 공연, 콘서트, 포럼이 열린다.",춤·음악 축제,https://minio.nculture.org/amsweb-opt/multimedia_assets/73/30127/16061/c/026_2019정선아리랑제-thumb.jpg,https://ncms.nculture.org/local-festival/story/323,강원특별자치도,정선군,강원도 정선군 정선읍 봉양리 112,민속체험 &한복체험,정선의 대표문화인 짚풀공예와 삼찌기 시현을 보고 한복 대여 체험을 통해 축제를 더욱 재밌게 즐길 수 있다.,20230101,"정선, 아리랑, 아라리, 문화예술, 무형문화재, 소리문화",M,미디어 & 엔터테인먼트/TV 애호가/드라마 팬,25,17,20231230
20231200163,우리나라의 대표적인 아리랑 '정선아리랑제',"정선은 아리랑의 대표적인 전승지이다. 정선아리랑제는 정선 아리랑의 문화적 가치를 전승하고자 1976년부터 시작되었다. 정선아리랑은 국내 아리랑 중 유일한 무형문화재이다. 정선에서는 이미 5천수 이상의 아리랑 가사가 채록되었고 지금도 끊임없이 창작, 전승되고 있다. 정선아리랑제에서는 어르신, 학생, 성인 등 다양한 사람들이 경창대회를 열고, 아리랑을 주제로한 인형극, 공연, 콘서트, 포럼이 열린다.",춤·음악 축제,https://minio.nculture.org/amsweb-opt/multimedia_assets/73/30127/16061/c/026_2019정선아리랑제-thumb.jpg,https://ncms.nculture.org/local-festival/story/323,강원특별자치도,정선군,강원도 정선군 정선읍 봉양리 112,민속체험 &한복체험,정선의 대표문화인 짚풀공예와 삼찌기 시현을 보고 한복 대여 체험을 통해 축제를 더욱 재밌게 즐길 수 있다.,20230101,"정선, 아리랑, 아라리, 문화예술, 무형문화재, 소리문화",F,테크놀로지/소셜 미디어 매니아,25,17,20231230
20231200164,박연을 기리는 영동난계국악축제,"대한민국의 3대 악성(樂聖)을 왕산악(고구려), 우륵(신라), 박연(조선)이라고 한다. 영동지역에서 펼쳐지는 국악축제인 ‘영동난계국악축제’는 3대 악성 가운데 박연을 기리는 전국유일의 국악축제다. 난계는 박연의 아호다. 1965년 시작할 때의 이름은 난계예술제로, 경연대회 정도의 성격이었다가 1975년 전국적인 축제로 발전한다. 난계국악축제라는 명칭으로의 변화는 1998년부터이다.",춤·음악 축제,https://minio.nculture.org/amsweb-opt/multimedia_assets/215/30268/17183/c/166_-2019-영동난계국악축제-thumb.jpg,https://ncms.nculture.org/local-festival/story/401,충청북도,영동군,충청북도 영동군 영동읍 중앙로 11,국악기 제작 및 연주 체험,"다양한 국악기를 직접 연주해보고 전통 방식의 대금, 장구, 북 등의 만들기를 누구나 직접 체험해 볼 수 있다.",20230101,"박연, 난계사, 국악",F,스포츠 & 피트니스/스포츠 팬,25,17,20231230
20231200165,우리나라의 대표적인 아리랑 '정선아리랑제',"정선은 아리랑의 대표적인 전승지이다. 정선아리랑제는 정선 아리랑의 문화적 가치를 전승하고자 1976년부터 시작되었다. 정선아리랑은 국내 아리랑 중 유일한 무형문화재이다. 정선에서는 이미 5천수 이상의 아리랑 가사가 채록되었고 지금도 끊임없이 창작, 전승되고 있다. 정선아리랑제에서는 어르신, 학생, 성인 등 다양한 사람들이 경창대회를 열고, 아리랑을 주제로한 인형극, 공연, 콘서트, 포럼이 열린다.",춤·음악 축제,https://minio.nculture.org/amsweb-opt/multimedia_assets/73/30127/16061/c/026_2019정선아리랑제-thumb.jpg,https://ncms.nculture.org/local-festival/story/323,강원특별자치도,정선군,강원도 정선군 정선읍 봉양리 112,민속체험 &한복체험,정선의 대표문화인 짚풀공예와 삼찌기 시현을 보고 한복 대여 체험을 통해 축제를 더욱 재밌게 즐길 수 있다.,20230101,"정선, 아리랑, 아라리, 문화예술, 무형문화재, 소리문화",F,뉴스 & 정치/열렬한 뉴스 독자,25,16,20231230
20231200166,박연을 기리는 영동난계국악축제,"대한민국의 3대 악성(樂聖)을 왕산악(고구려), 우륵(신라), 박연(조선)이라고 한다. 영동지역에서 펼쳐지는 국악축제인 ‘영동난계국악축제’는 3대 악성 가운데 박연을 기리는 전국유일의 국악축제다. 난계는 박연의 아호다. 1965년 시작할 때의 이름은 난계예술제로, 경연대회 정도의 성격이었다가 1975년 전국적인 축제로 발전한다. 난계국악축제라는 명칭으로의 변화는 1998년부터이다.",춤·음악 축제,https://minio.nculture.org/amsweb-opt/multimedia_assets/215/30268/17183/c/166_-2019-영동난계국악축제-thumb.jpg,https://ncms.nculture.org/local-festival/story/401,충청북도,영동군,충청북도 영동군 영동읍 중앙로 11,국악기 제작 및 연주 체험,"다양한 국악기를 직접 연주해보고 전통 방식의 대금, 장구, 북 등의 만들기를 누구나 직접 체험해 볼 수 있다.",20230101,"박연, 난계사, 국악",M,뉴스 & 정치/열렬한 뉴스 독자/열렬한 정치 뉴스 독자,25,13,20231230
20231200167,한국과 세계 각국의 탈춤을 한 자리에서! '안동국제탈춤페스티벌',"1997년에 처음 개최된 안동국제탈춤페스티벌은 하회별신굿탈놀이를 모태로 지역성과 축제성, 변별성을 지닌 축제이다. 매년 9월 마지막주에 열흘 동안 한국탈춤과 외국탈춤을 마음껏 감상할 수 있다. 안동국제탈춤페스티벌에서는 하회별신굿탈놀이를 비롯한 12개 중요무형문화재단체의 공연과 대만, 러시아, 필리핀 등 여러 국가의 탈춤공연을 한자리에서 즐길 수 있으며 선유줄불놀이, 강신마당, 안동놋다리밟기 같은 민속놀이에도 참여할 수 있다. 한국을 대표하는 문화콘텐츠로 자리를 잡았다.",춤·음악 축제,https://minio.nculture.org/amsweb-opt/multimedia_assets/102/30156/17022/c/048_2019-안동국제탈춤페스티벌-thumb.jpg,https://ncms.nculture.org/local-festival/story/309,경상북도,안동시,경상북도 안동시 운흥동 300-15,대동난장퍼레이드,"관광객, 시민, 참여자 모두 하나되는 탈놀이대동난장 퍼레이드다. 남녀노소 누구나 참여할 수 있으며 흥겨운 리듬에 맞춰 탈춤을 춰보자.",20230101,"안동, 탈춤, 축제, 하회마을, 도산서원, 전통문화, 글로벌축제",F,미디어 & 엔터테인먼트/TV 대중 시청자,25,13,20231230
20231200168,한국과 세계 각국의 탈춤을 한 자리에서! '안동국제탈춤페스티벌',"1997년에 처음 개최된 안동국제탈춤페스티벌은 하회별신굿탈놀이를 모태로 지역성과 축제성, 변별성을 지닌 축제이다. 매년 9월 마지막주에 열흘 동안 한국탈춤과 외국탈춤을 마음껏 감상할 수 있다. 안동국제탈춤페스티벌에서는 하회별신굿탈놀이를 비롯한 12개 중요무형문화재단체의 공연과 대만, 러시아, 필리핀 등 여러 국가의 탈춤공연을 한자리에서 즐길 수 있으며 선유줄불놀이, 강신마당, 안동놋다리밟기 같은 민속놀이에도 참여할 수 있다. 한국을 대표하는 문화콘텐츠로 자리를 잡았다.",춤·음악 축제,https://minio.nculture.org/amsweb-opt/multimedia_assets/102/30156/17022/c/048_2019-안동국제탈춤페스티벌-thumb.jpg,https://ncms.nculture.org/local-festival/story/309,경상북도,안동시,경상북도 안동시 운흥동 300-15,대동난장퍼레이드,"관광객, 시민, 참여자 모두 하나되는 탈놀이대동난장 퍼레이드다. 남녀노소 누구나 참여할 수 있으며 흥겨운 리듬에 맞춰 탈춤을 춰보자.",20230101,"안동, 탈춤, 축제, 하회마을, 도산서원, 전통문화, 글로벌축제",F,미디어 & 엔터테인먼트/영화 애호가,25,13,20231230
20231200169,우리나라의 대표적인 아리랑 '정선아리랑제',"정선은 아리랑의 대표적인 전승지이다. 정선아리랑제는 정선 아리랑의 문화적 가치를 전승하고자 1976년부터 시작되었다. 정선아리랑은 국내 아리랑 중 유일한 무형문화재이다. 정선에서는 이미 5천수 이상의 아리랑 가사가 채록되었고 지금도 끊임없이 창작, 전승되고 있다. 정선아리랑제에서는 어르신, 학생, 성인 등 다양한 사람들이 경창대회를 열고, 아리랑을 주제로한 인형극, 공연, 콘서트, 포럼이 열린다.",춤·음악 축제,https://minio.nculture.org/amsweb-opt/multimedia_assets/73/30127/16061/c/026_2019정선아리랑제-thumb.jpg,https://ncms.nculture.org/local-festival/story/323,강원특별자치도,정선군,강원도 정선군 정선읍 봉양리 112,민속체험 &한복체험,정선의 대표문화인 짚풀공예와 삼찌기 시현을 보고 한복 대여 체험을 통해 축제를 더욱 재밌게 즐길 수 있다.,20230101,"정선, 아리랑, 아라리, 문화예술, 무형문화재, 소리문화",M,음식 & 다이닝/요리 매니아/셰프 지망생,25,11,20231230
20231200170,국내외 수준급 재즈를 라이브로 즐기는 '자라섬 재즈페스티벌',자라섬 국제재즈페스티벌은 국내에서 생소한 장르인 재즈(jazz)를 소재로 한 대한민국의 대표 음악축제이다. 자라섬은 1943년 국내 최초의 발전 전용 댐인 청평댐이 완공되면서 생긴 섬이다. 자라섬 국제재즈페스티벌은 ‘자연 속의 소풍 같은 축제’를 지향한다. 재즈 마니아 뿐 아니라 음악을 잘 모르는 사람들도 즐길 수 있도록 메인스트림 재즈 외에 보사노바ㆍ비밥ㆍ스윙ㆍ퓨전ㆍ일렉트릭ㆍ월드뮤직 등 다양한 장르별 재즈 뮤지션들의 공연이 다채롭게 펼쳐진다.,춤·음악 축제,https://minio.nculture.org/amsweb-opt/multimedia_assets/65/30119/16049/c/018_2019-자라섬-국제재즈페스티벌-thumb.jpg,https://ncms.nculture.org/local-festival/story/238,경기도,가평군,경기 가평군 가평읍 달전리 28,재즈 스테이션,가평의 읍내에 위치한 음악역 1939 내의 뮤직홀에서 펼쳐지는 무료 공연으로 재즈 페스티벌을 멀리서 찾은 사람뿐만 아니라 가평 시민들도 공연을 쉽게 접할 수 있도록 했다.,20230101,"가평, 자라섬, 재즈, 페스티벌, 청평댐, 땅콩섬, 중국섬, 재즈막걸리",F,뉴스 & 정치/열렬한 뉴스 독자/열렬한 정치 뉴스 독자,25,11,20231230
20231200171,국내외 수준급 재즈를 라이브로 즐기는 '자라섬 재즈페스티벌',자라섬 국제재즈페스티벌은 국내에서 생소한 장르인 재즈(jazz)를 소재로 한 대한민국의 대표 음악축제이다. 자라섬은 1943년 국내 최초의 발전 전용 댐인 청평댐이 완공되면서 생긴 섬이다. 자라섬 국제재즈페스티벌은 ‘자연 속의 소풍 같은 축제’를 지향한다. 재즈 마니아 뿐 아니라 음악을 잘 모르는 사람들도 즐길 수 있도록 메인스트림 재즈 외에 보사노바ㆍ비밥ㆍ스윙ㆍ퓨전ㆍ일렉트릭ㆍ월드뮤직 등 다양한 장르별 재즈 뮤지션들의 공연이 다채롭게 펼쳐진다.,춤·음악 축제,https://minio.nculture.org/amsweb-opt/multimedia_assets/65/30119/16049/c/018_2019-자라섬-국제재즈페스티벌-thumb.jpg,https://ncms.nculture.org/local-festival/story/238,경기도,가평군,경기 가평군 가평읍 달전리 28,재즈 스테이션,가평의 읍내에 위치한 음악역 1939 내의 뮤직홀에서 펼쳐지는 무료 공연으로 재즈 페스티벌을 멀리서 찾은 사람뿐만 아니라 가평 시민들도 공연을 쉽게 접할 수 있도록 했다.,20230101,"가평, 자라섬, 재즈, 페스티벌, 청평댐, 땅콩섬, 중국섬, 재즈막걸리",F,은행 및 금융/열렬한 투자자,25,10,20231230
20231200172,6만평 하늘공원에서 펼쳐지는 서울억새축제,"서울억새축제는2002년 쓰레기 매립장 난지도에서 월드컵 공원 환경생태공원으로 변화한 하늘공원에서 억새꽃이 피는10월에 개최되는 축제이다.난지도는 서울의 쓰레기 매립장이었으나 생태공원으로 조성되었고, 하늘공원을 만들 당시 전국 23개 도시의 억새를 가져다 심었다. 6만평 억새밭 사이로 난 23개의 길을 걸어보는 것도 좋은 경험이고, 밤에 억새밭에서 서울의 야경을 감상하는 것도 좋은 추억이 될 것이다.",자연축제,https://minio.nculture.org/amsweb-opt/multimedia_assets/87/29766/14271/c/서울억새축제2019-10-18-20.03.57-thumb.jpg,https://ncms.nculture.org/local-festival/story/488,서울특별시,마포구,서울 마포구 상암동 481-72,가을 음악공연,7080 포크송 및 인디밴드 버스킹 등 다양한 라이브 공연이 중앙무대에서 펼쳐진다.,20230101,"억새, 난지도, 하늘공원, 월드컵 공원, 가을바람따라",F,미디어 & 엔터테인먼트/음악 애호가/월드 뮤직 팬,24,22,20231230
20231200173,6만평 하늘공원에서 펼쳐지는 서울억새축제,"서울억새축제는2002년 쓰레기 매립장 난지도에서 월드컵 공원 환경생태공원으로 변화한 하늘공원에서 억새꽃이 피는10월에 개최되는 축제이다.난지도는 서울의 쓰레기 매립장이었으나 생태공원으로 조성되었고, 하늘공원을 만들 당시 전국 23개 도시의 억새를 가져다 심었다. 6만평 억새밭 사이로 난 23개의 길을 걸어보는 것도 좋은 경험이고, 밤에 억새밭에서 서울의 야경을 감상하는 것도 좋은 추억이 될 것이다.",자연축제,https://minio.nculture.org/amsweb-opt/multimedia_assets/87/29766/14271/c/서울억새축제2019-10-18-20.03.57-thumb.jpg,https://ncms.nculture.org/local-festival/story/488,서울특별시,마포구,서울 마포구 상암동 481-72,가을 음악공연,7080 포크송 및 인디밴드 버스킹 등 다양한 라이브 공연이 중앙무대에서 펼쳐진다.,20230101,"억새, 난지도, 하늘공원, 월드컵 공원, 가을바람따라",M,스포츠 & 피트니스/건강 및 피트니스,24,21,20231230
20231200174,가을의 절정에서 단풍을 즐기는 장성백양단풍축제,"장성백양단풍축제는 전라남도 장성에 있는 백암산과 백양사의 아름다운 가을 단풍을 선보이는 축제다. 1996년부터 개최되었고, 단풍이 절정에 이르는 시기를 택해 매년 10월 말 ~ 11월 초에 개최된다. 백암산은 내장산 국립공원에 속한다. 백양사는 백암산 동쪽에 있는 절로 백제 무왕 때 세워졌는데, 백양사라고 불린 이유는 조선 숙종 때 환양선사가 설법하던 도중 백양 한 마리가 내려와 설법을 듣고 신이 되어 하늘로 올라갔기 때문이라고 한다. 장성백양단풍축제는 가을의 절정에서 자연의 멋을 느낄 수 있는 축제이다.",자연축제,https://minio.nculture.org/amsweb-opt/multimedia_assets/170/30224/17137/c/115_-2019-장성백양단풍축제-thumb.jpg,https://ncms.nculture.org/local-festival/story/494,전라남도,장성군,전남 장성군 북이면 사거리 656-5,단풍숲 거리공연,"쌍계루, 일광정에서 통기타 공연부터 국악, 클래식, 팝페라, 버스킹, 포크 콘서트까지 다양한 장르의 공연이 열린다.",20230101,"백양사, 백암산, 단풍, 정토사",M,쇼핑객/쇼핑 애호가,24,21,20231230
20231200175,박연을 기리는 영동난계국악축제,"대한민국의 3대 악성(樂聖)을 왕산악(고구려), 우륵(신라), 박연(조선)이라고 한다. 영동지역에서 펼쳐지는 국악축제인 ‘영동난계국악축제’는 3대 악성 가운데 박연을 기리는 전국유일의 국악축제다. 난계는 박연의 아호다. 1965년 시작할 때의 이름은 난계예술제로, 경연대회 정도의 성격이었다가 1975년 전국적인 축제로 발전한다. 난계국악축제라는 명칭으로의 변화는 1998년부터이다.",춤·음악 축제,https://minio.nculture.org/amsweb-opt/multimedia_assets/215/30268/17183/c/166_-2019-영동난계국악축제-thumb.jpg,https://ncms.nculture.org/local-festival/story/401,충청북도,영동군,충청북도 영동군 영동읍 중앙로 11,국악기 제작 및 연주 체험,"다양한 국악기를 직접 연주해보고 전통 방식의 대금, 장구, 북 등의 만들기를 누구나 직접 체험해 볼 수 있다.",20230101,"박연, 난계사, 국악",F,테크놀로지/기술애호가,24,20,20231230
20231200176,6만평 하늘공원에서 펼쳐지는 서울억새축제,"서울억새축제는2002년 쓰레기 매립장 난지도에서 월드컵 공원 환경생태공원으로 변화한 하늘공원에서 억새꽃이 피는10월에 개최되는 축제이다.난지도는 서울의 쓰레기 매립장이었으나 생태공원으로 조성되었고, 하늘공원을 만들 당시 전국 23개 도시의 억새를 가져다 심었다. 6만평 억새밭 사이로 난 23개의 길을 걸어보는 것도 좋은 경험이고, 밤에 억새밭에서 서울의 야경을 감상하는 것도 좋은 추억이 될 것이다.",자연축제,https://minio.nculture.org/amsweb-opt/multimedia_assets/87/29766/14271/c/서울억새축제2019-10-18-20.03.57-thumb.jpg,https://ncms.nculture.org/local-festival/story/488,서울특별시,마포구,서울 마포구 상암동 481-72,가을 음악공연,7080 포크송 및 인디밴드 버스킹 등 다양한 라이브 공연이 중앙무대에서 펼쳐진다.,20230101,"억새, 난지도, 하늘공원, 월드컵 공원, 가을바람따라",M,스포츠 & 피트니스/스포츠 팬/야구 팬,24,19,20231230
20231200177,우리나라의 대표적인 아리랑 '정선아리랑제',"정선은 아리랑의 대표적인 전승지이다. 정선아리랑제는 정선 아리랑의 문화적 가치를 전승하고자 1976년부터 시작되었다. 정선아리랑은 국내 아리랑 중 유일한 무형문화재이다. 정선에서는 이미 5천수 이상의 아리랑 가사가 채록되었고 지금도 끊임없이 창작, 전승되고 있다. 정선아리랑제에서는 어르신, 학생, 성인 등 다양한 사람들이 경창대회를 열고, 아리랑을 주제로한 인형극, 공연, 콘서트, 포럼이 열린다.",춤·음악 축제,https://minio.nculture.org/amsweb-opt/multimedia_assets/73/30127/16061/c/026_2019정선아리랑제-thumb.jpg,https://ncms.nculture.org/local-festival/story/323,강원특별자치도,정선군,강원도 정선군 정선읍 봉양리 112,민속체험 &한복체험,정선의 대표문화인 짚풀공예와 삼찌기 시현을 보고 한복 대여 체험을 통해 축제를 더욱 재밌게 즐길 수 있다.,20230101,"정선, 아리랑, 아라리, 문화예술, 무형문화재, 소리문화",F,라이프스타일 & 취미/비즈니스 전문가,24,18,20231230
20231200178,청계천에서 펼쳐지는 서울빛초롱축제,"서울빛초롱축제는 2009년부터 서울특별시 청계광장 및 청계천 일대에서 개최되는 빛 축제이다. 2009년 ‘한국 방문의 해’를 기념하여 ‘서울등축제’로 시작했다가, 연례화하면서 진주시의 진주남강유등축제 측과 갈등이 빚어졌다. 두 시는 실무협의를 통해 서울등축제라는 이름을 서울빛초롱축제로 바꾸고, 콘텐츠도 차별화하기로 했다. 복원된 청계천에서 펼쳐지는 서울빛초롱축제는 매년 11월 첫주부터 셋째주까지 17일 동안 열린다.",이색축제,https://minio.nculture.org/amsweb-opt/multimedia_assets/160/30214/17127/c/102_-2019-서울빛초롱축제-thumb.jpg,https://ncms.nculture.org/local-festival/story/486,서울특별시,동대문구,서울 동대문구 용두동 701-6,AR 전시,빛초롱축제 공식 홈페이지에서 주요 작품을 AR전시를  통해 즐길 수 있다.,20230101,"등, 빛, 한국 방문의 해, 청계천",F,뉴스 & 정치/열렬한 뉴스 독자/연예 뉴스 매니아,24,18,20231230
20231200179,가을의 절정에서 단풍을 즐기는 장성백양단풍축제,"장성백양단풍축제는 전라남도 장성에 있는 백암산과 백양사의 아름다운 가을 단풍을 선보이는 축제다. 1996년부터 개최되었고, 단풍이 절정에 이르는 시기를 택해 매년 10월 말 ~ 11월 초에 개최된다. 백암산은 내장산 국립공원에 속한다. 백양사는 백암산 동쪽에 있는 절로 백제 무왕 때 세워졌는데, 백양사라고 불린 이유는 조선 숙종 때 환양선사가 설법하던 도중 백양 한 마리가 내려와 설법을 듣고 신이 되어 하늘로 올라갔기 때문이라고 한다. 장성백양단풍축제는 가을의 절정에서 자연의 멋을 느낄 수 있는 축제이다.",자연축제,https://minio.nculture.org/amsweb-opt/multimedia_assets/170/30224/17137/c/115_-2019-장성백양단풍축제-thumb.jpg,https://ncms.nculture.org/local-festival/story/494,전라남도,장성군,전남 장성군 북이면 사거리 656-5,단풍숲 거리공연,"쌍계루, 일광정에서 통기타 공연부터 국악, 클래식, 팝페라, 버스킹, 포크 콘서트까지 다양한 장르의 공연이 열린다.",20230101,"백양사, 백암산, 단풍, 정토사",F,뷰티 & 웰빙/뷰티 전문가,24,14,20231230
20231200180,쿵쿵 심장을 두드리는 서울드럼페스티벌,"서울드럼페스티벌은 1999년 새천년맞이 전야제 행사로 처음 개최되었다. 2000년에는 아시아유럽정상회의 기념사업, 2001년에는 한국 방문의해 공식행사, 2002년에는 월드컵 전야제로 개최되다가 2003년 동양과 서양의 소리를 모은 문화예술축제로 개최되어 현재에 이르고 있다. 5월의 단 이틀간 펼쳐지는 축제 동안 국내외 타악 예술인들의 수준 높은 공연을 감상할 수 있고, 최근에는 타악경연과 타악프로모션 콘퍼런스를 격년으로 개최하고 있다. 악천후에도 굴하지 않는 마니아층이 형성될 정도로 인기있는 축제다.",춤·음악 축제,https://minio.nculture.org/amsweb-opt/multimedia_assets/222/30276/18370/c/174_-2019-서울드럼페스티벌-thumb.jpg,https://ncms.nculture.org/local-festival/story/433,서울특별시,중구,서울 중구 태평로2가 17-3,드러머들의 공연,해마다 다른 라인업의 국내 및 국외의 정상급 드러머와 신예 드러머들이 펼치는 공연으로 축제의 메인 행사이다.,20230101,"드럼, 타악기, 공연예술",F,미디어 & 엔터테인먼트/TV 애호가,24,13,20231230
20231200181,세계 3대 마임축제 중 하나 '춘천마임축제',"춘천마임축제는 프랑스의 미모스 축제, 런던의 마임축제와 어깨를 나란히 하는 세계 3대 마임축제의 하나이다. 한 해에 12만명의 관람객이 다녀가고, 10여 개국의 마임 단체들이 참가하며, 공지천, 미군기지터, 극장 등 춘천 시내 곳곳에서 열리는 춘천의 대표 축제이다. 춘천마임축제는 예술 영역에 머물렀던 마임을 대중적인 마임으로 전환하기 위한 노력을 기울이고 있다.",춤·음악 축제,https://minio.nculture.org/amsweb-opt/multimedia_assets/200/30254/17169/c/150_2019-춘천마임축제-thumb.jpg,https://ncms.nculture.org/local-festival/story/240,강원특별자치도,춘천시,강원도 춘천시 효자동 531,걷다 보는 마임,춘천의 산책로를 무대로 만든다. 걷다가 공연보다가 다시 걷다가 드라이브스루 대신 워킹스루 형식으로 마임을 즐긴다.,20230101,"춘천, 마임, 축제, 미모스, 신체극, 광대극",M,미디어 & 엔터테인먼트/TV 애호가,24,12,20231230
20231200182,국내외 유명 밴드를 만날 수 있는 '인천펜타포트음악축제',"인천펜타포드음악축제는 ‘락 페스티벌, 펜타 유스 스타, 펜타 라이브 스테이지, 펜타포트 라이브 뮤직파티’로 구성되어 있다. 락 페스티벌의 모든 공연은 스탠딩으로 진행되며 한국의 원년 록 그룹과 인디밴드, 아이돌 그룹 등이 참가한다. 3일간 60여개의 팀이 무대에 오르며, 연간 10만명에 가까운 관객들이 찾아온다. 영국 ‘타임아웃’이 4년 연속 ‘꼭 가봐야 할 세계 페스티벌50’에 선정하였다.",춤·음악 축제,https://minio.nculture.org/amsweb-opt/multimedia_assets/55/30109/16036/c/009_2019-인천펜타포트음악축제-thumb.jpg,https://ncms.nculture.org/local-festival/story/218,인천광역시,연수구,인천광역시 연수구 송도동 1,라이브 클럽 파티,전야제 성격을 띤 연계 프로그램으로 다가오는 락 페스티벌을 맞아 인천을 대표하는 여러 클럽에서 열리는 밴드 라이브 공연 파티이다.,20230101,"인천, 펜타포트, 축제, 송도, 달빛축제공원, 펜타유스스타",F,음식 & 다이닝/요리 매니아/셰프 지망생,24,9,20231230
20231200183,6만평 하늘공원에서 펼쳐지는 서울억새축제,"서울억새축제는2002년 쓰레기 매립장 난지도에서 월드컵 공원 환경생태공원으로 변화한 하늘공원에서 억새꽃이 피는10월에 개최되는 축제이다.난지도는 서울의 쓰레기 매립장이었으나 생태공원으로 조성되었고, 하늘공원을 만들 당시 전국 23개 도시의 억새를 가져다 심었다. 6만평 억새밭 사이로 난 23개의 길을 걸어보는 것도 좋은 경험이고, 밤에 억새밭에서 서울의 야경을 감상하는 것도 좋은 추억이 될 것이다.",자연축제,https://minio.nculture.org/amsweb-opt/multimedia_assets/87/29766/14271/c/서울억새축제2019-10-18-20.03.57-thumb.jpg,https://ncms.nculture.org/local-festival/story/488,서울특별시,마포구,서울 마포구 상암동 481-72,가을 음악공연,7080 포크송 및 인디밴드 버스킹 등 다양한 라이브 공연이 중앙무대에서 펼쳐진다.,20230101,"억새, 난지도, 하늘공원, 월드컵 공원, 가을바람따라",M,라이프스타일 & 취미/아웃도어 매니아,23,21,20231230
20231200184,6만평 하늘공원에서 펼쳐지는 서울억새축제,"서울억새축제는2002년 쓰레기 매립장 난지도에서 월드컵 공원 환경생태공원으로 변화한 하늘공원에서 억새꽃이 피는10월에 개최되는 축제이다.난지도는 서울의 쓰레기 매립장이었으나 생태공원으로 조성되었고, 하늘공원을 만들 당시 전국 23개 도시의 억새를 가져다 심었다. 6만평 억새밭 사이로 난 23개의 길을 걸어보는 것도 좋은 경험이고, 밤에 억새밭에서 서울의 야경을 감상하는 것도 좋은 추억이 될 것이다.",자연축제,https://minio.nculture.org/amsweb-opt/multimedia_assets/87/29766/14271/c/서울억새축제2019-10-18-20.03.57-thumb.jpg,https://ncms.nculture.org/local-festival/story/488,서울특별시,마포구,서울 마포구 상암동 481-72,가을 음악공연,7080 포크송 및 인디밴드 버스킹 등 다양한 라이브 공연이 중앙무대에서 펼쳐진다.,20230101,"억새, 난지도, 하늘공원, 월드컵 공원, 가을바람따라",F,스포츠 & 피트니스/스포츠 팬/축구 팬,23,21,20231230
20231200185,가을의 절정에서 단풍을 즐기는 장성백양단풍축제,"장성백양단풍축제는 전라남도 장성에 있는 백암산과 백양사의 아름다운 가을 단풍을 선보이는 축제다. 1996년부터 개최되었고, 단풍이 절정에 이르는 시기를 택해 매년 10월 말 ~ 11월 초에 개최된다. 백암산은 내장산 국립공원에 속한다. 백양사는 백암산 동쪽에 있는 절로 백제 무왕 때 세워졌는데, 백양사라고 불린 이유는 조선 숙종 때 환양선사가 설법하던 도중 백양 한 마리가 내려와 설법을 듣고 신이 되어 하늘로 올라갔기 때문이라고 한다. 장성백양단풍축제는 가을의 절정에서 자연의 멋을 느낄 수 있는 축제이다.",자연축제,https://minio.nculture.org/amsweb-opt/multimedia_assets/170/30224/17137/c/115_-2019-장성백양단풍축제-thumb.jpg,https://ncms.nculture.org/local-festival/story/494,전라남도,장성군,전남 장성군 북이면 사거리 656-5,단풍숲 거리공연,"쌍계루, 일광정에서 통기타 공연부터 국악, 클래식, 팝페라, 버스킹, 포크 콘서트까지 다양한 장르의 공연이 열린다.",20230101,"백양사, 백암산, 단풍, 정토사",M,스포츠 & 피트니스/스포츠 팬/야구 팬,23,20,20231230
20231200186,가을의 절정에서 단풍을 즐기는 장성백양단풍축제,"장성백양단풍축제는 전라남도 장성에 있는 백암산과 백양사의 아름다운 가을 단풍을 선보이는 축제다. 1996년부터 개최되었고, 단풍이 절정에 이르는 시기를 택해 매년 10월 말 ~ 11월 초에 개최된다. 백암산은 내장산 국립공원에 속한다. 백양사는 백암산 동쪽에 있는 절로 백제 무왕 때 세워졌는데, 백양사라고 불린 이유는 조선 숙종 때 환양선사가 설법하던 도중 백양 한 마리가 내려와 설법을 듣고 신이 되어 하늘로 올라갔기 때문이라고 한다. 장성백양단풍축제는 가을의 절정에서 자연의 멋을 느낄 수 있는 축제이다.",자연축제,https://minio.nculture.org/amsweb-opt/multimedia_assets/170/30224/17137/c/115_-2019-장성백양단풍축제-thumb.jpg,https://ncms.nculture.org/local-festival/story/494,전라남도,장성군,전남 장성군 북이면 사거리 656-5,단풍숲 거리공연,"쌍계루, 일광정에서 통기타 공연부터 국악, 클래식, 팝페라, 버스킹, 포크 콘서트까지 다양한 장르의 공연이 열린다.",20230101,"백양사, 백암산, 단풍, 정토사",M,미디어 & 엔터테인먼트/음악 애호가,23,19,20231230
20231200187,가을의 절정에서 단풍을 즐기는 장성백양단풍축제,"장성백양단풍축제는 전라남도 장성에 있는 백암산과 백양사의 아름다운 가을 단풍을 선보이는 축제다. 1996년부터 개최되었고, 단풍이 절정에 이르는 시기를 택해 매년 10월 말 ~ 11월 초에 개최된다. 백암산은 내장산 국립공원에 속한다. 백양사는 백암산 동쪽에 있는 절로 백제 무왕 때 세워졌는데, 백양사라고 불린 이유는 조선 숙종 때 환양선사가 설법하던 도중 백양 한 마리가 내려와 설법을 듣고 신이 되어 하늘로 올라갔기 때문이라고 한다. 장성백양단풍축제는 가을의 절정에서 자연의 멋을 느낄 수 있는 축제이다.",자연축제,https://minio.nculture.org/amsweb-opt/multimedia_assets/170/30224/17137/c/115_-2019-장성백양단풍축제-thumb.jpg,https://ncms.nculture.org/local-festival/story/494,전라남도,장성군,전남 장성군 북이면 사거리 656-5,단풍숲 거리공연,"쌍계루, 일광정에서 통기타 공연부터 국악, 클래식, 팝페라, 버스킹, 포크 콘서트까지 다양한 장르의 공연이 열린다.",20230101,"백양사, 백암산, 단풍, 정토사",M,스포츠 & 피트니스/건강 및 피트니스,23,19,20231230
20231200188,우리나라의 대표적인 아리랑 '정선아리랑제',"정선은 아리랑의 대표적인 전승지이다. 정선아리랑제는 정선 아리랑의 문화적 가치를 전승하고자 1976년부터 시작되었다. 정선아리랑은 국내 아리랑 중 유일한 무형문화재이다. 정선에서는 이미 5천수 이상의 아리랑 가사가 채록되었고 지금도 끊임없이 창작, 전승되고 있다. 정선아리랑제에서는 어르신, 학생, 성인 등 다양한 사람들이 경창대회를 열고, 아리랑을 주제로한 인형극, 공연, 콘서트, 포럼이 열린다.",춤·음악 축제,https://minio.nculture.org/amsweb-opt/multimedia_assets/73/30127/16061/c/026_2019정선아리랑제-thumb.jpg,https://ncms.nculture.org/local-festival/story/323,강원특별자치도,정선군,강원도 정선군 정선읍 봉양리 112,민속체험 &한복체험,정선의 대표문화인 짚풀공예와 삼찌기 시현을 보고 한복 대여 체험을 통해 축제를 더욱 재밌게 즐길 수 있다.,20230101,"정선, 아리랑, 아라리, 문화예술, 무형문화재, 소리문화",F,미디어 & 엔터테인먼트/게이머/캐주얼 & 소셜 게이머,23,18,20231230
20231200189,국내외 유명 밴드를 만날 수 있는 '인천펜타포트음악축제',"인천펜타포드음악축제는 ‘락 페스티벌, 펜타 유스 스타, 펜타 라이브 스테이지, 펜타포트 라이브 뮤직파티’로 구성되어 있다. 락 페스티벌의 모든 공연은 스탠딩으로 진행되며 한국의 원년 록 그룹과 인디밴드, 아이돌 그룹 등이 참가한다. 3일간 60여개의 팀이 무대에 오르며, 연간 10만명에 가까운 관객들이 찾아온다. 영국 ‘타임아웃’이 4년 연속 ‘꼭 가봐야 할 세계 페스티벌50’에 선정하였다.",춤·음악 축제,https://minio.nculture.org/amsweb-opt/multimedia_assets/55/30109/16036/c/009_2019-인천펜타포트음악축제-thumb.jpg,https://ncms.nculture.org/local-festival/story/218,인천광역시,연수구,인천광역시 연수구 송도동 1,라이브 클럽 파티,전야제 성격을 띤 연계 프로그램으로 다가오는 락 페스티벌을 맞아 인천을 대표하는 여러 클럽에서 열리는 밴드 라이브 공연 파티이다.,20230101,"인천, 펜타포트, 축제, 송도, 달빛축제공원, 펜타유스스타",F,테크놀로지/기술애호가,23,14,20231230
20231200190,한국과 세계 각국의 탈춤을 한 자리에서! '안동국제탈춤페스티벌',"1997년에 처음 개최된 안동국제탈춤페스티벌은 하회별신굿탈놀이를 모태로 지역성과 축제성, 변별성을 지닌 축제이다. 매년 9월 마지막주에 열흘 동안 한국탈춤과 외국탈춤을 마음껏 감상할 수 있다. 안동국제탈춤페스티벌에서는 하회별신굿탈놀이를 비롯한 12개 중요무형문화재단체의 공연과 대만, 러시아, 필리핀 등 여러 국가의 탈춤공연을 한자리에서 즐길 수 있으며 선유줄불놀이, 강신마당, 안동놋다리밟기 같은 민속놀이에도 참여할 수 있다. 한국을 대표하는 문화콘텐츠로 자리를 잡았다.",춤·음악 축제,https://minio.nculture.org/amsweb-opt/multimedia_assets/102/30156/17022/c/048_2019-안동국제탈춤페스티벌-thumb.jpg,https://ncms.nculture.org/local-festival/story/309,경상북도,안동시,경상북도 안동시 운흥동 300-15,대동난장퍼레이드,"관광객, 시민, 참여자 모두 하나되는 탈놀이대동난장 퍼레이드다. 남녀노소 누구나 참여할 수 있으며 흥겨운 리듬에 맞춰 탈춤을 춰보자.",20230101,"안동, 탈춤, 축제, 하회마을, 도산서원, 전통문화, 글로벌축제",F,뉴스 & 정치/열렬한 뉴스 독자/열렬한 정치 뉴스 독자,23,12,20231230
20231200191,한국과 세계 각국의 탈춤을 한 자리에서! '안동국제탈춤페스티벌',"1997년에 처음 개최된 안동국제탈춤페스티벌은 하회별신굿탈놀이를 모태로 지역성과 축제성, 변별성을 지닌 축제이다. 매년 9월 마지막주에 열흘 동안 한국탈춤과 외국탈춤을 마음껏 감상할 수 있다. 안동국제탈춤페스티벌에서는 하회별신굿탈놀이를 비롯한 12개 중요무형문화재단체의 공연과 대만, 러시아, 필리핀 등 여러 국가의 탈춤공연을 한자리에서 즐길 수 있으며 선유줄불놀이, 강신마당, 안동놋다리밟기 같은 민속놀이에도 참여할 수 있다. 한국을 대표하는 문화콘텐츠로 자리를 잡았다.",춤·음악 축제,https://minio.nculture.org/amsweb-opt/multimedia_assets/102/30156/17022/c/048_2019-안동국제탈춤페스티벌-thumb.jpg,https://ncms.nculture.org/local-festival/story/309,경상북도,안동시,경상북도 안동시 운흥동 300-15,대동난장퍼레이드,"관광객, 시민, 참여자 모두 하나되는 탈놀이대동난장 퍼레이드다. 남녀노소 누구나 참여할 수 있으며 흥겨운 리듬에 맞춰 탈춤을 춰보자.",20230101,"안동, 탈춤, 축제, 하회마을, 도산서원, 전통문화, 글로벌축제",F,여행/여행 매니아,23,12,20231230
20231200192,세계 3대 마임축제 중 하나 '춘천마임축제',"춘천마임축제는 프랑스의 미모스 축제, 런던의 마임축제와 어깨를 나란히 하는 세계 3대 마임축제의 하나이다. 한 해에 12만명의 관람객이 다녀가고, 10여 개국의 마임 단체들이 참가하며, 공지천, 미군기지터, 극장 등 춘천 시내 곳곳에서 열리는 춘천의 대표 축제이다. 춘천마임축제는 예술 영역에 머물렀던 마임을 대중적인 마임으로 전환하기 위한 노력을 기울이고 있다.",춤·음악 축제,https://minio.nculture.org/amsweb-opt/multimedia_assets/200/30254/17169/c/150_2019-춘천마임축제-thumb.jpg,https://ncms.nculture.org/local-festival/story/240,강원특별자치도,춘천시,강원도 춘천시 효자동 531,걷다 보는 마임,춘천의 산책로를 무대로 만든다. 걷다가 공연보다가 다시 걷다가 드라이브스루 대신 워킹스루 형식으로 마임을 즐긴다.,20230101,"춘천, 마임, 축제, 미모스, 신체극, 광대극",M,미디어 & 엔터테인먼트/게이머/하드코어 게이머,23,10,20231230
20231200193,국내외 수준급 재즈를 라이브로 즐기는 '자라섬 재즈페스티벌',자라섬 국제재즈페스티벌은 국내에서 생소한 장르인 재즈(jazz)를 소재로 한 대한민국의 대표 음악축제이다. 자라섬은 1943년 국내 최초의 발전 전용 댐인 청평댐이 완공되면서 생긴 섬이다. 자라섬 국제재즈페스티벌은 ‘자연 속의 소풍 같은 축제’를 지향한다. 재즈 마니아 뿐 아니라 음악을 잘 모르는 사람들도 즐길 수 있도록 메인스트림 재즈 외에 보사노바ㆍ비밥ㆍ스윙ㆍ퓨전ㆍ일렉트릭ㆍ월드뮤직 등 다양한 장르별 재즈 뮤지션들의 공연이 다채롭게 펼쳐진다.,춤·음악 축제,https://minio.nculture.org/amsweb-opt/multimedia_assets/65/30119/16049/c/018_2019-자라섬-국제재즈페스티벌-thumb.jpg,https://ncms.nculture.org/local-festival/story/238,경기도,가평군,경기 가평군 가평읍 달전리 28,재즈 스테이션,가평의 읍내에 위치한 음악역 1939 내의 뮤직홀에서 펼쳐지는 무료 공연으로 재즈 페스티벌을 멀리서 찾은 사람뿐만 아니라 가평 시민들도 공연을 쉽게 접할 수 있도록 했다.,20230101,"가평, 자라섬, 재즈, 페스티벌, 청평댐, 땅콩섬, 중국섬, 재즈막걸리",F,음식 & 다이닝/요리 매니아/셰프 지망생,23,10,20231230
20231200194,6만평 하늘공원에서 펼쳐지는 서울억새축제,"서울억새축제는2002년 쓰레기 매립장 난지도에서 월드컵 공원 환경생태공원으로 변화한 하늘공원에서 억새꽃이 피는10월에 개최되는 축제이다.난지도는 서울의 쓰레기 매립장이었으나 생태공원으로 조성되었고, 하늘공원을 만들 당시 전국 23개 도시의 억새를 가져다 심었다. 6만평 억새밭 사이로 난 23개의 길을 걸어보는 것도 좋은 경험이고, 밤에 억새밭에서 서울의 야경을 감상하는 것도 좋은 추억이 될 것이다.",자연축제,https://minio.nculture.org/amsweb-opt/multimedia_assets/87/29766/14271/c/서울억새축제2019-10-18-20.03.57-thumb.jpg,https://ncms.nculture.org/local-festival/story/488,서울특별시,마포구,서울 마포구 상암동 481-72,가을 음악공연,7080 포크송 및 인디밴드 버스킹 등 다양한 라이브 공연이 중앙무대에서 펼쳐진다.,20230101,"억새, 난지도, 하늘공원, 월드컵 공원, 가을바람따라",M,쇼핑객/쇼핑 애호가,22,20,20231230
20231200195,박연을 기리는 영동난계국악축제,"대한민국의 3대 악성(樂聖)을 왕산악(고구려), 우륵(신라), 박연(조선)이라고 한다. 영동지역에서 펼쳐지는 국악축제인 ‘영동난계국악축제’는 3대 악성 가운데 박연을 기리는 전국유일의 국악축제다. 난계는 박연의 아호다. 1965년 시작할 때의 이름은 난계예술제로, 경연대회 정도의 성격이었다가 1975년 전국적인 축제로 발전한다. 난계국악축제라는 명칭으로의 변화는 1998년부터이다.",춤·음악 축제,https://minio.nculture.org/amsweb-opt/multimedia_assets/215/30268/17183/c/166_-2019-영동난계국악축제-thumb.jpg,https://ncms.nculture.org/local-festival/story/401,충청북도,영동군,충청북도 영동군 영동읍 중앙로 11,국악기 제작 및 연주 체험,"다양한 국악기를 직접 연주해보고 전통 방식의 대금, 장구, 북 등의 만들기를 누구나 직접 체험해 볼 수 있다.",20230101,"박연, 난계사, 국악",F,음식 & 다이닝/요리 매니아/셰프 지망생,22,19,20231230
20231200196,가을의 절정에서 단풍을 즐기는 장성백양단풍축제,"장성백양단풍축제는 전라남도 장성에 있는 백암산과 백양사의 아름다운 가을 단풍을 선보이는 축제다. 1996년부터 개최되었고, 단풍이 절정에 이르는 시기를 택해 매년 10월 말 ~ 11월 초에 개최된다. 백암산은 내장산 국립공원에 속한다. 백양사는 백암산 동쪽에 있는 절로 백제 무왕 때 세워졌는데, 백양사라고 불린 이유는 조선 숙종 때 환양선사가 설법하던 도중 백양 한 마리가 내려와 설법을 듣고 신이 되어 하늘로 올라갔기 때문이라고 한다. 장성백양단풍축제는 가을의 절정에서 자연의 멋을 느낄 수 있는 축제이다.",자연축제,https://minio.nculture.org/amsweb-opt/multimedia_assets/170/30224/17137/c/115_-2019-장성백양단풍축제-thumb.jpg,https://ncms.nculture.org/local-festival/story/494,전라남도,장성군,전남 장성군 북이면 사거리 656-5,단풍숲 거리공연,"쌍계루, 일광정에서 통기타 공연부터 국악, 클래식, 팝페라, 버스킹, 포크 콘서트까지 다양한 장르의 공연이 열린다.",20230101,"백양사, 백암산, 단풍, 정토사",M,미디어 & 엔터테인먼트/TV 애호가/드라마 팬,22,19,20231230
20231200197,정조대왕 능행차를 시연하는 '수원화성문화제',수원화성문화제는 유네스코가 지정한 세계문화유산의 하나인 수원화성에서 개최되는 종합축제 성격의 향토문화제이다. 수원화성은 정조대왕이 그의 부친인 사도세자의 능을 수원 화산의 현륭원으로 옮긴 이후 축조한 성곽이다. 정조대왕의 지극했던 효심을 기리는 뜻도 담겨 있다. 수원화성문화제의 대표 행사는 ‘정조대왕 능행차 시연’으로 수 천명이 참가하여 장관을 이룬다.,전통·역사 축제,https://minio.nculture.org/amsweb-opt/multimedia_assets/17/72604/66135/c/JKH_0011-thumb.jpg,https://ncms.nculture.org/local-festival/story/344,경기도,수원시,경기도 수원시 팔달구 남창동 6-2,낙성연,"수원화성 준공을 기념하기 위해 벌여졌던 낙성연을 재현한 것이다. 궁중연희를 재현하고 헌선도, 무고를 선보이며 다양한 궁중연희를 직접 눈으로 볼 수 있다.",20230101,"수원, 화성, 축제, 정조대왕, 유네스코세계문화유산, 효심",F,뉴스 & 정치/열렬한 뉴스 독자/연예 뉴스 매니아,22,19,20231230
20231200198,가을의 절정에서 단풍을 즐기는 장성백양단풍축제,"장성백양단풍축제는 전라남도 장성에 있는 백암산과 백양사의 아름다운 가을 단풍을 선보이는 축제다. 1996년부터 개최되었고, 단풍이 절정에 이르는 시기를 택해 매년 10월 말 ~ 11월 초에 개최된다. 백암산은 내장산 국립공원에 속한다. 백양사는 백암산 동쪽에 있는 절로 백제 무왕 때 세워졌는데, 백양사라고 불린 이유는 조선 숙종 때 환양선사가 설법하던 도중 백양 한 마리가 내려와 설법을 듣고 신이 되어 하늘로 올라갔기 때문이라고 한다. 장성백양단풍축제는 가을의 절정에서 자연의 멋을 느낄 수 있는 축제이다.",자연축제,https://minio.nculture.org/amsweb-opt/multimedia_assets/170/30224/17137/c/115_-2019-장성백양단풍축제-thumb.jpg,https://ncms.nculture.org/local-festival/story/494,전라남도,장성군,전남 장성군 북이면 사거리 656-5,단풍숲 거리공연,"쌍계루, 일광정에서 통기타 공연부터 국악, 클래식, 팝페라, 버스킹, 포크 콘서트까지 다양한 장르의 공연이 열린다.",20230101,"백양사, 백암산, 단풍, 정토사",M,음식 & 다이닝/식도락가,22,18,20231230
20231200199,가을의 절정에서 단풍을 즐기는 장성백양단풍축제,"장성백양단풍축제는 전라남도 장성에 있는 백암산과 백양사의 아름다운 가을 단풍을 선보이는 축제다. 1996년부터 개최되었고, 단풍이 절정에 이르는 시기를 택해 매년 10월 말 ~ 11월 초에 개최된다. 백암산은 내장산 국립공원에 속한다. 백양사는 백암산 동쪽에 있는 절로 백제 무왕 때 세워졌는데, 백양사라고 불린 이유는 조선 숙종 때 환양선사가 설법하던 도중 백양 한 마리가 내려와 설법을 듣고 신이 되어 하늘로 올라갔기 때문이라고 한다. 장성백양단풍축제는 가을의 절정에서 자연의 멋을 느낄 수 있는 축제이다.",자연축제,https://minio.nculture.org/amsweb-opt/multimedia_assets/170/30224/17137/c/115_-2019-장성백양단풍축제-thumb.jpg,https://ncms.nculture.org/local-festival/story/494,전라남도,장성군,전남 장성군 북이면 사거리 656-5,단풍숲 거리공연,"쌍계루, 일광정에서 통기타 공연부터 국악, 클래식, 팝페라, 버스킹, 포크 콘서트까지 다양한 장르의 공연이 열린다.",20230101,"백양사, 백암산, 단풍, 정토사",M,테크놀로지/모바일 매니아,22,18,20231230
20231200200,박연을 기리는 영동난계국악축제,"대한민국의 3대 악성(樂聖)을 왕산악(고구려), 우륵(신라), 박연(조선)이라고 한다. 영동지역에서 펼쳐지는 국악축제인 ‘영동난계국악축제’는 3대 악성 가운데 박연을 기리는 전국유일의 국악축제다. 난계는 박연의 아호다. 1965년 시작할 때의 이름은 난계예술제로, 경연대회 정도의 성격이었다가 1975년 전국적인 축제로 발전한다. 난계국악축제라는 명칭으로의 변화는 1998년부터이다.",춤·음악 축제,https://minio.nculture.org/amsweb-opt/multimedia_assets/215/30268/17183/c/166_-2019-영동난계국악축제-thumb.jpg,https://ncms.nculture.org/local-festival/story/401,충청북도,영동군,충청북도 영동군 영동읍 중앙로 11,국악기 제작 및 연주 체험,"다양한 국악기를 직접 연주해보고 전통 방식의 대금, 장구, 북 등의 만들기를 누구나 직접 체험해 볼 수 있다.",20230101,"박연, 난계사, 국악",F,테크놀로지/모바일 매니아,22,17,20231230
20231200201,박연을 기리는 영동난계국악축제,"대한민국의 3대 악성(樂聖)을 왕산악(고구려), 우륵(신라), 박연(조선)이라고 한다. 영동지역에서 펼쳐지는 국악축제인 ‘영동난계국악축제’는 3대 악성 가운데 박연을 기리는 전국유일의 국악축제다. 난계는 박연의 아호다. 1965년 시작할 때의 이름은 난계예술제로, 경연대회 정도의 성격이었다가 1975년 전국적인 축제로 발전한다. 난계국악축제라는 명칭으로의 변화는 1998년부터이다.",춤·음악 축제,https://minio.nculture.org/amsweb-opt/multimedia_assets/215/30268/17183/c/166_-2019-영동난계국악축제-thumb.jpg,https://ncms.nculture.org/local-festival/story/401,충청북도,영동군,충청북도 영동군 영동읍 중앙로 11,국악기 제작 및 연주 체험,"다양한 국악기를 직접 연주해보고 전통 방식의 대금, 장구, 북 등의 만들기를 누구나 직접 체험해 볼 수 있다.",20230101,"박연, 난계사, 국악",F,뉴스 & 정치/열렬한 뉴스 독자/열렬한 비즈니스 뉴스 독자,22,16,20231230
20231200202,청계천에서 펼쳐지는 서울빛초롱축제,"서울빛초롱축제는 2009년부터 서울특별시 청계광장 및 청계천 일대에서 개최되는 빛 축제이다. 2009년 ‘한국 방문의 해’를 기념하여 ‘서울등축제’로 시작했다가, 연례화하면서 진주시의 진주남강유등축제 측과 갈등이 빚어졌다. 두 시는 실무협의를 통해 서울등축제라는 이름을 서울빛초롱축제로 바꾸고, 콘텐츠도 차별화하기로 했다. 복원된 청계천에서 펼쳐지는 서울빛초롱축제는 매년 11월 첫주부터 셋째주까지 17일 동안 열린다.",이색축제,https://minio.nculture.org/amsweb-opt/multimedia_assets/160/30214/17127/c/102_-2019-서울빛초롱축제-thumb.jpg,https://ncms.nculture.org/local-festival/story/486,서울특별시,동대문구,서울 동대문구 용두동 701-6,AR 전시,빛초롱축제 공식 홈페이지에서 주요 작품을 AR전시를  통해 즐길 수 있다.,20230101,"등, 빛, 한국 방문의 해, 청계천",F,미디어 & 엔터테인먼트/TV 대중 시청자,22,16,20231230
20231200203,9가지 테마로 치즈를 즐겨봐요 '임실N치즈축제',"임실N치즈축제는 임실N치즈라는 임실만의 차별화된 콘텐츠를 활용한 체험형 관광축제이다. 임실은 벨기에에서 온 지정환 신부가 우리나라 최초로 농민들에게 치즈 만드는 기술을 가르쳐준 치즈 생산지이다. 임실N치즈축제는 ‘특별한 치즈(공연), 다함께 치즈(대동), 뽐내는 치즈(경연), 재미있는 치즈(체험), 맛깔난 치즈(음식), 볼만한 치즈(전시), 빛나는 치즈(야간), 더불어 치즈(문화), 마을 치즈(연계)’ 등의 9개 테마로 구성되어 있다.",지역음식축제,https://minio.nculture.org/amsweb-opt/multimedia_assets/88/30142/16082/c/036_2019-임실N치즈축제-thumb.jpg,https://ncms.nculture.org/local-festival/story/320,전라북도,임실군,전라북도 임실군 성수면 도인리 689,다함께 치즈,"국가대표 쌀 피자 만들기, 치즈요리 나눔행사, 가족대항 쭉쭉 늘려내 치즈 등 여러 체험들이 있어 가족, 친구, 연인과 함께 참여하여 추억을 쌓아보자.",20230101,"임실, 치즈, 축제, 특산물, 지정환 신부",F,여행/여행 매니아,22,14,20231230
20231200204,우리나라의 대표적인 아리랑 '정선아리랑제',"정선은 아리랑의 대표적인 전승지이다. 정선아리랑제는 정선 아리랑의 문화적 가치를 전승하고자 1976년부터 시작되었다. 정선아리랑은 국내 아리랑 중 유일한 무형문화재이다. 정선에서는 이미 5천수 이상의 아리랑 가사가 채록되었고 지금도 끊임없이 창작, 전승되고 있다. 정선아리랑제에서는 어르신, 학생, 성인 등 다양한 사람들이 경창대회를 열고, 아리랑을 주제로한 인형극, 공연, 콘서트, 포럼이 열린다.",춤·음악 축제,https://minio.nculture.org/amsweb-opt/multimedia_assets/73/30127/16061/c/026_2019정선아리랑제-thumb.jpg,https://ncms.nculture.org/local-festival/story/323,강원특별자치도,정선군,강원도 정선군 정선읍 봉양리 112,민속체험 &한복체험,정선의 대표문화인 짚풀공예와 삼찌기 시현을 보고 한복 대여 체험을 통해 축제를 더욱 재밌게 즐길 수 있다.,20230101,"정선, 아리랑, 아라리, 문화예술, 무형문화재, 소리문화",F,라이프스타일 & 취미/친환경 라이프스타일,22,13,20231230
20231200205,국내외 유명 밴드를 만날 수 있는 '인천펜타포트음악축제',"인천펜타포드음악축제는 ‘락 페스티벌, 펜타 유스 스타, 펜타 라이브 스테이지, 펜타포트 라이브 뮤직파티’로 구성되어 있다. 락 페스티벌의 모든 공연은 스탠딩으로 진행되며 한국의 원년 록 그룹과 인디밴드, 아이돌 그룹 등이 참가한다. 3일간 60여개의 팀이 무대에 오르며, 연간 10만명에 가까운 관객들이 찾아온다. 영국 ‘타임아웃’이 4년 연속 ‘꼭 가봐야 할 세계 페스티벌50’에 선정하였다.",춤·음악 축제,https://minio.nculture.org/amsweb-opt/multimedia_assets/55/30109/16036/c/009_2019-인천펜타포트음악축제-thumb.jpg,https://ncms.nculture.org/local-festival/story/218,인천광역시,연수구,인천광역시 연수구 송도동 1,라이브 클럽 파티,전야제 성격을 띤 연계 프로그램으로 다가오는 락 페스티벌을 맞아 인천을 대표하는 여러 클럽에서 열리는 밴드 라이브 공연 파티이다.,20230101,"인천, 펜타포트, 축제, 송도, 달빛축제공원, 펜타유스스타",M,스포츠 & 피트니스/스포츠 팬/축구 팬,22,12,20231230
20231200206,6만평 하늘공원에서 펼쳐지는 서울억새축제,"서울억새축제는2002년 쓰레기 매립장 난지도에서 월드컵 공원 환경생태공원으로 변화한 하늘공원에서 억새꽃이 피는10월에 개최되는 축제이다.난지도는 서울의 쓰레기 매립장이었으나 생태공원으로 조성되었고, 하늘공원을 만들 당시 전국 23개 도시의 억새를 가져다 심었다. 6만평 억새밭 사이로 난 23개의 길을 걸어보는 것도 좋은 경험이고, 밤에 억새밭에서 서울의 야경을 감상하는 것도 좋은 추억이 될 것이다.",자연축제,https://minio.nculture.org/amsweb-opt/multimedia_assets/87/29766/14271/c/서울억새축제2019-10-18-20.03.57-thumb.jpg,https://ncms.nculture.org/local-festival/story/488,서울특별시,마포구,서울 마포구 상암동 481-72,가을 음악공연,7080 포크송 및 인디밴드 버스킹 등 다양한 라이브 공연이 중앙무대에서 펼쳐진다.,20230101,"억새, 난지도, 하늘공원, 월드컵 공원, 가을바람따라",F,은행 및 금융/열렬한 투자자,21,20,20231230
20231200207,6만평 하늘공원에서 펼쳐지는 서울억새축제,"서울억새축제는2002년 쓰레기 매립장 난지도에서 월드컵 공원 환경생태공원으로 변화한 하늘공원에서 억새꽃이 피는10월에 개최되는 축제이다.난지도는 서울의 쓰레기 매립장이었으나 생태공원으로 조성되었고, 하늘공원을 만들 당시 전국 23개 도시의 억새를 가져다 심었다. 6만평 억새밭 사이로 난 23개의 길을 걸어보는 것도 좋은 경험이고, 밤에 억새밭에서 서울의 야경을 감상하는 것도 좋은 추억이 될 것이다.",자연축제,https://minio.nculture.org/amsweb-opt/multimedia_assets/87/29766/14271/c/서울억새축제2019-10-18-20.03.57-thumb.jpg,https://ncms.nculture.org/local-festival/story/488,서울특별시,마포구,서울 마포구 상암동 481-72,가을 음악공연,7080 포크송 및 인디밴드 버스킹 등 다양한 라이브 공연이 중앙무대에서 펼쳐진다.,20230101,"억새, 난지도, 하늘공원, 월드컵 공원, 가을바람따라",F,미디어 & 엔터테인먼트/TV 애호가,21,19,20231230
20231200208,"여자만 갯벌의 보물을 캐자, ‘벌교꼬막축제’","전라남도 벌교의 갯벌은 미세한 진흙으로 이루어져 있고, 모래가 섞이지 않고, 오염되지 않아 꼬막 서식의 최적지이다. 일찍이 넓은 여자만 갯벌에 꼬막 양식을 시작했다. 많은 양의 꼬막을 채취하기 위해 널배와 특별히 제작된 꼬막채취 도구를 이용하는데, '벌교의 널배를 이용한 꼬막 채취’는 2016년 국가중요어업유산 2호로 지정되었다. 대표적인 꼬막 양식지인 벌교읍과 대포리에서 2001년부터 매년 11월에 꼬막을 주제로 수산물 축제를 연다.",지역음식축제,https://minio.nculture.org/amsweb-opt/multimedia_assets/85/29764/14282/c/%EB%B2%8C%EA%B5%90%EA%BC%AC%EB%A7%89%EC%B6%95%EC%A0%9C2019-11-02-16.37.44-thumb.jpg,https://ncms.nculture.org/local-festival/story/99,전라남도,보성군,전라남도 보성군 벌교읍 벌교천1길 19,꼬막체험행사,"진석리 갯벌에서 펼쳐지는 꼬막과 관련한 다양한 체험 행사를 만나볼 수 있다. 꼬막 잡기, 까기, 던지기는 물론 갯벌달리기, 널배타기 등으로 구성되어 있다.",20230101,"꼬막, 개펄, 꼬막무침, 생꼬막",F,여행/여행 매니아,21,19,20231230
20231200209,박연을 기리는 영동난계국악축제,"대한민국의 3대 악성(樂聖)을 왕산악(고구려), 우륵(신라), 박연(조선)이라고 한다. 영동지역에서 펼쳐지는 국악축제인 ‘영동난계국악축제’는 3대 악성 가운데 박연을 기리는 전국유일의 국악축제다. 난계는 박연의 아호다. 1965년 시작할 때의 이름은 난계예술제로, 경연대회 정도의 성격이었다가 1975년 전국적인 축제로 발전한다. 난계국악축제라는 명칭으로의 변화는 1998년부터이다.",춤·음악 축제,https://minio.nculture.org/amsweb-opt/multimedia_assets/215/30268/17183/c/166_-2019-영동난계국악축제-thumb.jpg,https://ncms.nculture.org/local-festival/story/401,충청북도,영동군,충청북도 영동군 영동읍 중앙로 11,국악기 제작 및 연주 체험,"다양한 국악기를 직접 연주해보고 전통 방식의 대금, 장구, 북 등의 만들기를 누구나 직접 체험해 볼 수 있다.",20230101,"박연, 난계사, 국악",F,미디어 & 엔터테인먼트/만화 & 애니메이션 팬,21,18,20231230
20231200210,가을의 절정에서 단풍을 즐기는 장성백양단풍축제,"장성백양단풍축제는 전라남도 장성에 있는 백암산과 백양사의 아름다운 가을 단풍을 선보이는 축제다. 1996년부터 개최되었고, 단풍이 절정에 이르는 시기를 택해 매년 10월 말 ~ 11월 초에 개최된다. 백암산은 내장산 국립공원에 속한다. 백양사는 백암산 동쪽에 있는 절로 백제 무왕 때 세워졌는데, 백양사라고 불린 이유는 조선 숙종 때 환양선사가 설법하던 도중 백양 한 마리가 내려와 설법을 듣고 신이 되어 하늘로 올라갔기 때문이라고 한다. 장성백양단풍축제는 가을의 절정에서 자연의 멋을 느낄 수 있는 축제이다.",자연축제,https://minio.nculture.org/amsweb-opt/multimedia_assets/170/30224/17137/c/115_-2019-장성백양단풍축제-thumb.jpg,https://ncms.nculture.org/local-festival/story/494,전라남도,장성군,전남 장성군 북이면 사거리 656-5,단풍숲 거리공연,"쌍계루, 일광정에서 통기타 공연부터 국악, 클래식, 팝페라, 버스킹, 포크 콘서트까지 다양한 장르의 공연이 열린다.",20230101,"백양사, 백암산, 단풍, 정토사",M,미디어 & 엔터테인먼트/음악 애호가/팝 음악 팬,21,18,20231230
20231200211,가을의 절정에서 단풍을 즐기는 장성백양단풍축제,"장성백양단풍축제는 전라남도 장성에 있는 백암산과 백양사의 아름다운 가을 단풍을 선보이는 축제다. 1996년부터 개최되었고, 단풍이 절정에 이르는 시기를 택해 매년 10월 말 ~ 11월 초에 개최된다. 백암산은 내장산 국립공원에 속한다. 백양사는 백암산 동쪽에 있는 절로 백제 무왕 때 세워졌는데, 백양사라고 불린 이유는 조선 숙종 때 환양선사가 설법하던 도중 백양 한 마리가 내려와 설법을 듣고 신이 되어 하늘로 올라갔기 때문이라고 한다. 장성백양단풍축제는 가을의 절정에서 자연의 멋을 느낄 수 있는 축제이다.",자연축제,https://minio.nculture.org/amsweb-opt/multimedia_assets/170/30224/17137/c/115_-2019-장성백양단풍축제-thumb.jpg,https://ncms.nculture.org/local-festival/story/494,전라남도,장성군,전남 장성군 북이면 사거리 656-5,단풍숲 거리공연,"쌍계루, 일광정에서 통기타 공연부터 국악, 클래식, 팝페라, 버스킹, 포크 콘서트까지 다양한 장르의 공연이 열린다.",20230101,"백양사, 백암산, 단풍, 정토사",F,스포츠 & 피트니스/스포츠 팬,21,18,20231230
20231200212,"여자만 갯벌의 보물을 캐자, ‘벌교꼬막축제’","전라남도 벌교의 갯벌은 미세한 진흙으로 이루어져 있고, 모래가 섞이지 않고, 오염되지 않아 꼬막 서식의 최적지이다. 일찍이 넓은 여자만 갯벌에 꼬막 양식을 시작했다. 많은 양의 꼬막을 채취하기 위해 널배와 특별히 제작된 꼬막채취 도구를 이용하는데, '벌교의 널배를 이용한 꼬막 채취’는 2016년 국가중요어업유산 2호로 지정되었다. 대표적인 꼬막 양식지인 벌교읍과 대포리에서 2001년부터 매년 11월에 꼬막을 주제로 수산물 축제를 연다.",지역음식축제,https://minio.nculture.org/amsweb-opt/multimedia_assets/85/29764/14282/c/%EB%B2%8C%EA%B5%90%EA%BC%AC%EB%A7%89%EC%B6%95%EC%A0%9C2019-11-02-16.37.44-thumb.jpg,https://ncms.nculture.org/local-festival/story/99,전라남도,보성군,전라남도 보성군 벌교읍 벌교천1길 19,꼬막체험행사,"진석리 갯벌에서 펼쳐지는 꼬막과 관련한 다양한 체험 행사를 만나볼 수 있다. 꼬막 잡기, 까기, 던지기는 물론 갯벌달리기, 널배타기 등으로 구성되어 있다.",20230101,"꼬막, 개펄, 꼬막무침, 생꼬막",F,미디어 & 엔터테인먼트/TV 대중 시청자,21,18,20231230
20231200213,"여자만 갯벌의 보물을 캐자, ‘벌교꼬막축제’","전라남도 벌교의 갯벌은 미세한 진흙으로 이루어져 있고, 모래가 섞이지 않고, 오염되지 않아 꼬막 서식의 최적지이다. 일찍이 넓은 여자만 갯벌에 꼬막 양식을 시작했다. 많은 양의 꼬막을 채취하기 위해 널배와 특별히 제작된 꼬막채취 도구를 이용하는데, '벌교의 널배를 이용한 꼬막 채취’는 2016년 국가중요어업유산 2호로 지정되었다. 대표적인 꼬막 양식지인 벌교읍과 대포리에서 2001년부터 매년 11월에 꼬막을 주제로 수산물 축제를 연다.",지역음식축제,https://minio.nculture.org/amsweb-opt/multimedia_assets/85/29764/14282/c/%EB%B2%8C%EA%B5%90%EA%BC%AC%EB%A7%89%EC%B6%95%EC%A0%9C2019-11-02-16.37.44-thumb.jpg,https://ncms.nculture.org/local-festival/story/99,전라남도,보성군,전라남도 보성군 벌교읍 벌교천1길 19,꼬막체험행사,"진석리 갯벌에서 펼쳐지는 꼬막과 관련한 다양한 체험 행사를 만나볼 수 있다. 꼬막 잡기, 까기, 던지기는 물론 갯벌달리기, 널배타기 등으로 구성되어 있다.",20230101,"꼬막, 개펄, 꼬막무침, 생꼬막",F,미디어 & 엔터테인먼트/영화 애호가,21,18,20231230
20231200214,청계천에서 펼쳐지는 서울빛초롱축제,"서울빛초롱축제는 2009년부터 서울특별시 청계광장 및 청계천 일대에서 개최되는 빛 축제이다. 2009년 ‘한국 방문의 해’를 기념하여 ‘서울등축제’로 시작했다가, 연례화하면서 진주시의 진주남강유등축제 측과 갈등이 빚어졌다. 두 시는 실무협의를 통해 서울등축제라는 이름을 서울빛초롱축제로 바꾸고, 콘텐츠도 차별화하기로 했다. 복원된 청계천에서 펼쳐지는 서울빛초롱축제는 매년 11월 첫주부터 셋째주까지 17일 동안 열린다.",이색축제,https://minio.nculture.org/amsweb-opt/multimedia_assets/160/30214/17127/c/102_-2019-서울빛초롱축제-thumb.jpg,https://ncms.nculture.org/local-festival/story/486,서울특별시,동대문구,서울 동대문구 용두동 701-6,AR 전시,빛초롱축제 공식 홈페이지에서 주요 작품을 AR전시를  통해 즐길 수 있다.,20230101,"등, 빛, 한국 방문의 해, 청계천",F,미디어 & 엔터테인먼트/영화 애호가,21,15,20231230
20231200215,우리나라의 대표적인 아리랑 '정선아리랑제',"정선은 아리랑의 대표적인 전승지이다. 정선아리랑제는 정선 아리랑의 문화적 가치를 전승하고자 1976년부터 시작되었다. 정선아리랑은 국내 아리랑 중 유일한 무형문화재이다. 정선에서는 이미 5천수 이상의 아리랑 가사가 채록되었고 지금도 끊임없이 창작, 전승되고 있다. 정선아리랑제에서는 어르신, 학생, 성인 등 다양한 사람들이 경창대회를 열고, 아리랑을 주제로한 인형극, 공연, 콘서트, 포럼이 열린다.",춤·음악 축제,https://minio.nculture.org/amsweb-opt/multimedia_assets/73/30127/16061/c/026_2019정선아리랑제-thumb.jpg,https://ncms.nculture.org/local-festival/story/323,강원특별자치도,정선군,강원도 정선군 정선읍 봉양리 112,민속체험 &한복체험,정선의 대표문화인 짚풀공예와 삼찌기 시현을 보고 한복 대여 체험을 통해 축제를 더욱 재밌게 즐길 수 있다.,20230101,"정선, 아리랑, 아라리, 문화예술, 무형문화재, 소리문화",F,음식 & 다이닝/자주 외식/끼니별 외식/저녁 외식을 주로하는 사람,21,14,20231230
20231200216,우리나라의 대표적인 아리랑 '정선아리랑제',"정선은 아리랑의 대표적인 전승지이다. 정선아리랑제는 정선 아리랑의 문화적 가치를 전승하고자 1976년부터 시작되었다. 정선아리랑은 국내 아리랑 중 유일한 무형문화재이다. 정선에서는 이미 5천수 이상의 아리랑 가사가 채록되었고 지금도 끊임없이 창작, 전승되고 있다. 정선아리랑제에서는 어르신, 학생, 성인 등 다양한 사람들이 경창대회를 열고, 아리랑을 주제로한 인형극, 공연, 콘서트, 포럼이 열린다.",춤·음악 축제,https://minio.nculture.org/amsweb-opt/multimedia_assets/73/30127/16061/c/026_2019정선아리랑제-thumb.jpg,https://ncms.nculture.org/local-festival/story/323,강원특별자치도,정선군,강원도 정선군 정선읍 봉양리 112,민속체험 &한복체험,정선의 대표문화인 짚풀공예와 삼찌기 시현을 보고 한복 대여 체험을 통해 축제를 더욱 재밌게 즐길 수 있다.,20230101,"정선, 아리랑, 아라리, 문화예술, 무형문화재, 소리문화",F,음식 & 다이닝/자주 외식/끼니별 외식/점심 외식을 주로하는 사람,21,14,20231230
20231200217,우리나라의 대표적인 아리랑 '정선아리랑제',"정선은 아리랑의 대표적인 전승지이다. 정선아리랑제는 정선 아리랑의 문화적 가치를 전승하고자 1976년부터 시작되었다. 정선아리랑은 국내 아리랑 중 유일한 무형문화재이다. 정선에서는 이미 5천수 이상의 아리랑 가사가 채록되었고 지금도 끊임없이 창작, 전승되고 있다. 정선아리랑제에서는 어르신, 학생, 성인 등 다양한 사람들이 경창대회를 열고, 아리랑을 주제로한 인형극, 공연, 콘서트, 포럼이 열린다.",춤·음악 축제,https://minio.nculture.org/amsweb-opt/multimedia_assets/73/30127/16061/c/026_2019정선아리랑제-thumb.jpg,https://ncms.nculture.org/local-festival/story/323,강원특별자치도,정선군,강원도 정선군 정선읍 봉양리 112,민속체험 &한복체험,정선의 대표문화인 짚풀공예와 삼찌기 시현을 보고 한복 대여 체험을 통해 축제를 더욱 재밌게 즐길 수 있다.,20230101,"정선, 아리랑, 아라리, 문화예술, 무형문화재, 소리문화",F,라이프스타일 & 취미/아웃도어 매니아,21,13,20231230
20231200218,우리나라의 대표적인 아리랑 '정선아리랑제',"정선은 아리랑의 대표적인 전승지이다. 정선아리랑제는 정선 아리랑의 문화적 가치를 전승하고자 1976년부터 시작되었다. 정선아리랑은 국내 아리랑 중 유일한 무형문화재이다. 정선에서는 이미 5천수 이상의 아리랑 가사가 채록되었고 지금도 끊임없이 창작, 전승되고 있다. 정선아리랑제에서는 어르신, 학생, 성인 등 다양한 사람들이 경창대회를 열고, 아리랑을 주제로한 인형극, 공연, 콘서트, 포럼이 열린다.",춤·음악 축제,https://minio.nculture.org/amsweb-opt/multimedia_assets/73/30127/16061/c/026_2019정선아리랑제-thumb.jpg,https://ncms.nculture.org/local-festival/story/323,강원특별자치도,정선군,강원도 정선군 정선읍 봉양리 112,민속체험 &한복체험,정선의 대표문화인 짚풀공예와 삼찌기 시현을 보고 한복 대여 체험을 통해 축제를 더욱 재밌게 즐길 수 있다.,20230101,"정선, 아리랑, 아라리, 문화예술, 무형문화재, 소리문화",M,스포츠 & 피트니스/스포츠 팬/야구 팬,21,13,20231230
20231200219,우리나라의 대표적인 아리랑 '정선아리랑제',"정선은 아리랑의 대표적인 전승지이다. 정선아리랑제는 정선 아리랑의 문화적 가치를 전승하고자 1976년부터 시작되었다. 정선아리랑은 국내 아리랑 중 유일한 무형문화재이다. 정선에서는 이미 5천수 이상의 아리랑 가사가 채록되었고 지금도 끊임없이 창작, 전승되고 있다. 정선아리랑제에서는 어르신, 학생, 성인 등 다양한 사람들이 경창대회를 열고, 아리랑을 주제로한 인형극, 공연, 콘서트, 포럼이 열린다.",춤·음악 축제,https://minio.nculture.org/amsweb-opt/multimedia_assets/73/30127/16061/c/026_2019정선아리랑제-thumb.jpg,https://ncms.nculture.org/local-festival/story/323,강원특별자치도,정선군,강원도 정선군 정선읍 봉양리 112,민속체험 &한복체험,정선의 대표문화인 짚풀공예와 삼찌기 시현을 보고 한복 대여 체험을 통해 축제를 더욱 재밌게 즐길 수 있다.,20230101,"정선, 아리랑, 아라리, 문화예술, 무형문화재, 소리문화",F,미디어 & 엔터테인먼트/게이머/액션 게임 팬,21,12,20231230
20231200220,가을의 절정에서 단풍을 즐기는 장성백양단풍축제,"장성백양단풍축제는 전라남도 장성에 있는 백암산과 백양사의 아름다운 가을 단풍을 선보이는 축제다. 1996년부터 개최되었고, 단풍이 절정에 이르는 시기를 택해 매년 10월 말 ~ 11월 초에 개최된다. 백암산은 내장산 국립공원에 속한다. 백양사는 백암산 동쪽에 있는 절로 백제 무왕 때 세워졌는데, 백양사라고 불린 이유는 조선 숙종 때 환양선사가 설법하던 도중 백양 한 마리가 내려와 설법을 듣고 신이 되어 하늘로 올라갔기 때문이라고 한다. 장성백양단풍축제는 가을의 절정에서 자연의 멋을 느낄 수 있는 축제이다.",자연축제,https://minio.nculture.org/amsweb-opt/multimedia_assets/170/30224/17137/c/115_-2019-장성백양단풍축제-thumb.jpg,https://ncms.nculture.org/local-festival/story/494,전라남도,장성군,전남 장성군 북이면 사거리 656-5,단풍숲 거리공연,"쌍계루, 일광정에서 통기타 공연부터 국악, 클래식, 팝페라, 버스킹, 포크 콘서트까지 다양한 장르의 공연이 열린다.",20230101,"백양사, 백암산, 단풍, 정토사",F,미디어 & 엔터테인먼트/게이머/하드코어 게이머,21,11,20231230
20231200221,국내외 유명 밴드를 만날 수 있는 '인천펜타포트음악축제',"인천펜타포드음악축제는 ‘락 페스티벌, 펜타 유스 스타, 펜타 라이브 스테이지, 펜타포트 라이브 뮤직파티’로 구성되어 있다. 락 페스티벌의 모든 공연은 스탠딩으로 진행되며 한국의 원년 록 그룹과 인디밴드, 아이돌 그룹 등이 참가한다. 3일간 60여개의 팀이 무대에 오르며, 연간 10만명에 가까운 관객들이 찾아온다. 영국 ‘타임아웃’이 4년 연속 ‘꼭 가봐야 할 세계 페스티벌50’에 선정하였다.",춤·음악 축제,https://minio.nculture.org/amsweb-opt/multimedia_assets/55/30109/16036/c/009_2019-인천펜타포트음악축제-thumb.jpg,https://ncms.nculture.org/local-festival/story/218,인천광역시,연수구,인천광역시 연수구 송도동 1,라이브 클럽 파티,전야제 성격을 띤 연계 프로그램으로 다가오는 락 페스티벌을 맞아 인천을 대표하는 여러 클럽에서 열리는 밴드 라이브 공연 파티이다.,20230101,"인천, 펜타포트, 축제, 송도, 달빛축제공원, 펜타유스스타",M,뉴스 & 정치/열렬한 뉴스 독자/연예 뉴스 매니아,21,11,20231230
20231200222,부평두레놀이에서 비롯된 부평풍물대축제,"부평풍물대축제는1996년10월1일 구민의 날에 개최된 ‘늘푸른부평문화예술제’에서 공연되어, 1997년부터 제1회 부평풍물대축제로 독립했다. 부평평야를 중심으로 하는 농경문화권의 풍물을 주제로 하는 전통예술축제이다.풍물은 농경문화의 흥과 놀이를 담은 종합예술로, 악기 연주는 물론 춤, 기예를 함께 보여준다. 부평은 인천광역시 무형문화재 26호로 지정된 부평두레놀이를 토대로 풍물도시로서의 기반을 다졌고, 지금은 부평구 22개 동별로 풍물패가 운영되고 있다.",이색축제,https://minio.nculture.org/amsweb-opt/multimedia_assets/143/30197/17093/c/089_2019-부평풍물대축제-thumb.jpg,https://ncms.nculture.org/local-festival/story/422,인천광역시,부평구,인천 부평구 부평동 879,고유제,부평구민의 안녕과 발전은 물론 축제의 무탈함도 기원하며 하늘과 땅의 신에게 지내는 제로 마을 축제의 형태로 진행되고 있다.,20230101,"부평, 풍물, 부평두레놀이, 농악",F,미디어 & 엔터테인먼트/영화 애호가,21,11,20231230
20231200223,부평두레놀이에서 비롯된 부평풍물대축제,"부평풍물대축제는1996년10월1일 구민의 날에 개최된 ‘늘푸른부평문화예술제’에서 공연되어, 1997년부터 제1회 부평풍물대축제로 독립했다. 부평평야를 중심으로 하는 농경문화권의 풍물을 주제로 하는 전통예술축제이다.풍물은 농경문화의 흥과 놀이를 담은 종합예술로, 악기 연주는 물론 춤, 기예를 함께 보여준다. 부평은 인천광역시 무형문화재 26호로 지정된 부평두레놀이를 토대로 풍물도시로서의 기반을 다졌고, 지금은 부평구 22개 동별로 풍물패가 운영되고 있다.",이색축제,https://minio.nculture.org/amsweb-opt/multimedia_assets/143/30197/17093/c/089_2019-부평풍물대축제-thumb.jpg,https://ncms.nculture.org/local-festival/story/422,인천광역시,부평구,인천 부평구 부평동 879,고유제,부평구민의 안녕과 발전은 물론 축제의 무탈함도 기원하며 하늘과 땅의 신에게 지내는 제로 마을 축제의 형태로 진행되고 있다.,20230101,"부평, 풍물, 부평두레놀이, 농악",F,뉴스 & 정치/열렬한 뉴스 독자/연예 뉴스 매니아,21,11,20231230
20231200224,세계 3대 마임축제 중 하나 '춘천마임축제',"춘천마임축제는 프랑스의 미모스 축제, 런던의 마임축제와 어깨를 나란히 하는 세계 3대 마임축제의 하나이다. 한 해에 12만명의 관람객이 다녀가고, 10여 개국의 마임 단체들이 참가하며, 공지천, 미군기지터, 극장 등 춘천 시내 곳곳에서 열리는 춘천의 대표 축제이다. 춘천마임축제는 예술 영역에 머물렀던 마임을 대중적인 마임으로 전환하기 위한 노력을 기울이고 있다.",춤·음악 축제,https://minio.nculture.org/amsweb-opt/multimedia_assets/200/30254/17169/c/150_2019-춘천마임축제-thumb.jpg,https://ncms.nculture.org/local-festival/story/240,강원특별자치도,춘천시,강원도 춘천시 효자동 531,걷다 보는 마임,춘천의 산책로를 무대로 만든다. 걷다가 공연보다가 다시 걷다가 드라이브스루 대신 워킹스루 형식으로 마임을 즐긴다.,20230101,"춘천, 마임, 축제, 미모스, 신체극, 광대극",M,뉴스 & 정치/열렬한 뉴스 독자/열렬한 정치 뉴스 독자,21,10,20231230
20231200225,박연을 기리는 영동난계국악축제,"대한민국의 3대 악성(樂聖)을 왕산악(고구려), 우륵(신라), 박연(조선)이라고 한다. 영동지역에서 펼쳐지는 국악축제인 ‘영동난계국악축제’는 3대 악성 가운데 박연을 기리는 전국유일의 국악축제다. 난계는 박연의 아호다. 1965년 시작할 때의 이름은 난계예술제로, 경연대회 정도의 성격이었다가 1975년 전국적인 축제로 발전한다. 난계국악축제라는 명칭으로의 변화는 1998년부터이다.",춤·음악 축제,https://minio.nculture.org/amsweb-opt/multimedia_assets/215/30268/17183/c/166_-2019-영동난계국악축제-thumb.jpg,https://ncms.nculture.org/local-festival/story/401,충청북도,영동군,충청북도 영동군 영동읍 중앙로 11,국악기 제작 및 연주 체험,"다양한 국악기를 직접 연주해보고 전통 방식의 대금, 장구, 북 등의 만들기를 누구나 직접 체험해 볼 수 있다.",20230101,"박연, 난계사, 국악",F,미디어 & 엔터테인먼트/음악 애호가/팝 음악 팬,20,19,20231230
20231200226,6만평 하늘공원에서 펼쳐지는 서울억새축제,"서울억새축제는2002년 쓰레기 매립장 난지도에서 월드컵 공원 환경생태공원으로 변화한 하늘공원에서 억새꽃이 피는10월에 개최되는 축제이다.난지도는 서울의 쓰레기 매립장이었으나 생태공원으로 조성되었고, 하늘공원을 만들 당시 전국 23개 도시의 억새를 가져다 심었다. 6만평 억새밭 사이로 난 23개의 길을 걸어보는 것도 좋은 경험이고, 밤에 억새밭에서 서울의 야경을 감상하는 것도 좋은 추억이 될 것이다.",자연축제,https://minio.nculture.org/amsweb-opt/multimedia_assets/87/29766/14271/c/서울억새축제2019-10-18-20.03.57-thumb.jpg,https://ncms.nculture.org/local-festival/story/488,서울특별시,마포구,서울 마포구 상암동 481-72,가을 음악공연,7080 포크송 및 인디밴드 버스킹 등 다양한 라이브 공연이 중앙무대에서 펼쳐진다.,20230101,"억새, 난지도, 하늘공원, 월드컵 공원, 가을바람따라",M,테크놀로지/모바일 매니아,20,18,20231230
20231200227,가을의 절정에서 단풍을 즐기는 장성백양단풍축제,"장성백양단풍축제는 전라남도 장성에 있는 백암산과 백양사의 아름다운 가을 단풍을 선보이는 축제다. 1996년부터 개최되었고, 단풍이 절정에 이르는 시기를 택해 매년 10월 말 ~ 11월 초에 개최된다. 백암산은 내장산 국립공원에 속한다. 백양사는 백암산 동쪽에 있는 절로 백제 무왕 때 세워졌는데, 백양사라고 불린 이유는 조선 숙종 때 환양선사가 설법하던 도중 백양 한 마리가 내려와 설법을 듣고 신이 되어 하늘로 올라갔기 때문이라고 한다. 장성백양단풍축제는 가을의 절정에서 자연의 멋을 느낄 수 있는 축제이다.",자연축제,https://minio.nculture.org/amsweb-opt/multimedia_assets/170/30224/17137/c/115_-2019-장성백양단풍축제-thumb.jpg,https://ncms.nculture.org/local-festival/story/494,전라남도,장성군,전남 장성군 북이면 사거리 656-5,단풍숲 거리공연,"쌍계루, 일광정에서 통기타 공연부터 국악, 클래식, 팝페라, 버스킹, 포크 콘서트까지 다양한 장르의 공연이 열린다.",20230101,"백양사, 백암산, 단풍, 정토사",M,라이프스타일 & 취미/아웃도어 매니아,20,18,20231230
20231200228,"여자만 갯벌의 보물을 캐자, ‘벌교꼬막축제’","전라남도 벌교의 갯벌은 미세한 진흙으로 이루어져 있고, 모래가 섞이지 않고, 오염되지 않아 꼬막 서식의 최적지이다. 일찍이 넓은 여자만 갯벌에 꼬막 양식을 시작했다. 많은 양의 꼬막을 채취하기 위해 널배와 특별히 제작된 꼬막채취 도구를 이용하는데, '벌교의 널배를 이용한 꼬막 채취’는 2016년 국가중요어업유산 2호로 지정되었다. 대표적인 꼬막 양식지인 벌교읍과 대포리에서 2001년부터 매년 11월에 꼬막을 주제로 수산물 축제를 연다.",지역음식축제,https://minio.nculture.org/amsweb-opt/multimedia_assets/85/29764/14282/c/%EB%B2%8C%EA%B5%90%EA%BC%AC%EB%A7%89%EC%B6%95%EC%A0%9C2019-11-02-16.37.44-thumb.jpg,https://ncms.nculture.org/local-festival/story/99,전라남도,보성군,전라남도 보성군 벌교읍 벌교천1길 19,꼬막체험행사,"진석리 갯벌에서 펼쳐지는 꼬막과 관련한 다양한 체험 행사를 만나볼 수 있다. 꼬막 잡기, 까기, 던지기는 물론 갯벌달리기, 널배타기 등으로 구성되어 있다.",20230101,"꼬막, 개펄, 꼬막무침, 생꼬막",F,음식 & 다이닝/요리 매니아/셰프 지망생,20,18,20231230
20231200229,가을의 절정에서 단풍을 즐기는 장성백양단풍축제,"장성백양단풍축제는 전라남도 장성에 있는 백암산과 백양사의 아름다운 가을 단풍을 선보이는 축제다. 1996년부터 개최되었고, 단풍이 절정에 이르는 시기를 택해 매년 10월 말 ~ 11월 초에 개최된다. 백암산은 내장산 국립공원에 속한다. 백양사는 백암산 동쪽에 있는 절로 백제 무왕 때 세워졌는데, 백양사라고 불린 이유는 조선 숙종 때 환양선사가 설법하던 도중 백양 한 마리가 내려와 설법을 듣고 신이 되어 하늘로 올라갔기 때문이라고 한다. 장성백양단풍축제는 가을의 절정에서 자연의 멋을 느낄 수 있는 축제이다.",자연축제,https://minio.nculture.org/amsweb-opt/multimedia_assets/170/30224/17137/c/115_-2019-장성백양단풍축제-thumb.jpg,https://ncms.nculture.org/local-festival/story/494,전라남도,장성군,전남 장성군 북이면 사거리 656-5,단풍숲 거리공연,"쌍계루, 일광정에서 통기타 공연부터 국악, 클래식, 팝페라, 버스킹, 포크 콘서트까지 다양한 장르의 공연이 열린다.",20230101,"백양사, 백암산, 단풍, 정토사",F,미디어 & 엔터테인먼트/TV 애호가/드라마 팬,20,17,20231230
20231200230,우리나라의 대표적인 아리랑 '정선아리랑제',"정선은 아리랑의 대표적인 전승지이다. 정선아리랑제는 정선 아리랑의 문화적 가치를 전승하고자 1976년부터 시작되었다. 정선아리랑은 국내 아리랑 중 유일한 무형문화재이다. 정선에서는 이미 5천수 이상의 아리랑 가사가 채록되었고 지금도 끊임없이 창작, 전승되고 있다. 정선아리랑제에서는 어르신, 학생, 성인 등 다양한 사람들이 경창대회를 열고, 아리랑을 주제로한 인형극, 공연, 콘서트, 포럼이 열린다.",춤·음악 축제,https://minio.nculture.org/amsweb-opt/multimedia_assets/73/30127/16061/c/026_2019정선아리랑제-thumb.jpg,https://ncms.nculture.org/local-festival/story/323,강원특별자치도,정선군,강원도 정선군 정선읍 봉양리 112,민속체험 &한복체험,정선의 대표문화인 짚풀공예와 삼찌기 시현을 보고 한복 대여 체험을 통해 축제를 더욱 재밌게 즐길 수 있다.,20230101,"정선, 아리랑, 아라리, 문화예술, 무형문화재, 소리문화",F,미디어 & 엔터테인먼트/음악 애호가/랩&힙합 팬,20,15,20231230
20231200231,9가지 테마로 치즈를 즐겨봐요 '임실N치즈축제',"임실N치즈축제는 임실N치즈라는 임실만의 차별화된 콘텐츠를 활용한 체험형 관광축제이다. 임실은 벨기에에서 온 지정환 신부가 우리나라 최초로 농민들에게 치즈 만드는 기술을 가르쳐준 치즈 생산지이다. 임실N치즈축제는 ‘특별한 치즈(공연), 다함께 치즈(대동), 뽐내는 치즈(경연), 재미있는 치즈(체험), 맛깔난 치즈(음식), 볼만한 치즈(전시), 빛나는 치즈(야간), 더불어 치즈(문화), 마을 치즈(연계)’ 등의 9개 테마로 구성되어 있다.",지역음식축제,https://minio.nculture.org/amsweb-opt/multimedia_assets/88/30142/16082/c/036_2019-임실N치즈축제-thumb.jpg,https://ncms.nculture.org/local-festival/story/320,전라북도,임실군,전라북도 임실군 성수면 도인리 689,다함께 치즈,"국가대표 쌀 피자 만들기, 치즈요리 나눔행사, 가족대항 쭉쭉 늘려내 치즈 등 여러 체험들이 있어 가족, 친구, 연인과 함께 참여하여 추억을 쌓아보자.",20230101,"임실, 치즈, 축제, 특산물, 지정환 신부",F,뉴스 & 정치/열렬한 뉴스 독자/열렬한 정치 뉴스 독자,20,12,20231230
20231200232,국내외 수준급 재즈를 라이브로 즐기는 '자라섬 재즈페스티벌',자라섬 국제재즈페스티벌은 국내에서 생소한 장르인 재즈(jazz)를 소재로 한 대한민국의 대표 음악축제이다. 자라섬은 1943년 국내 최초의 발전 전용 댐인 청평댐이 완공되면서 생긴 섬이다. 자라섬 국제재즈페스티벌은 ‘자연 속의 소풍 같은 축제’를 지향한다. 재즈 마니아 뿐 아니라 음악을 잘 모르는 사람들도 즐길 수 있도록 메인스트림 재즈 외에 보사노바ㆍ비밥ㆍ스윙ㆍ퓨전ㆍ일렉트릭ㆍ월드뮤직 등 다양한 장르별 재즈 뮤지션들의 공연이 다채롭게 펼쳐진다.,춤·음악 축제,https://minio.nculture.org/amsweb-opt/multimedia_assets/65/30119/16049/c/018_2019-자라섬-국제재즈페스티벌-thumb.jpg,https://ncms.nculture.org/local-festival/story/238,경기도,가평군,경기 가평군 가평읍 달전리 28,재즈 스테이션,가평의 읍내에 위치한 음악역 1939 내의 뮤직홀에서 펼쳐지는 무료 공연으로 재즈 페스티벌을 멀리서 찾은 사람뿐만 아니라 가평 시민들도 공연을 쉽게 접할 수 있도록 했다.,20230101,"가평, 자라섬, 재즈, 페스티벌, 청평댐, 땅콩섬, 중국섬, 재즈막걸리",F,스포츠 & 피트니스/스포츠 팬/축구 팬,20,10,20231230
20231200233,6만평 하늘공원에서 펼쳐지는 서울억새축제,"서울억새축제는2002년 쓰레기 매립장 난지도에서 월드컵 공원 환경생태공원으로 변화한 하늘공원에서 억새꽃이 피는10월에 개최되는 축제이다.난지도는 서울의 쓰레기 매립장이었으나 생태공원으로 조성되었고, 하늘공원을 만들 당시 전국 23개 도시의 억새를 가져다 심었다. 6만평 억새밭 사이로 난 23개의 길을 걸어보는 것도 좋은 경험이고, 밤에 억새밭에서 서울의 야경을 감상하는 것도 좋은 추억이 될 것이다.",자연축제,https://minio.nculture.org/amsweb-opt/multimedia_assets/87/29766/14271/c/서울억새축제2019-10-18-20.03.57-thumb.jpg,https://ncms.nculture.org/local-festival/story/488,서울특별시,마포구,서울 마포구 상암동 481-72,가을 음악공연,7080 포크송 및 인디밴드 버스킹 등 다양한 라이브 공연이 중앙무대에서 펼쳐진다.,20230101,"억새, 난지도, 하늘공원, 월드컵 공원, 가을바람따라",M,라이프스타일 & 취미/친환경 라이프스타일,19,17,20231230
20231200234,6만평 하늘공원에서 펼쳐지는 서울억새축제,"서울억새축제는2002년 쓰레기 매립장 난지도에서 월드컵 공원 환경생태공원으로 변화한 하늘공원에서 억새꽃이 피는10월에 개최되는 축제이다.난지도는 서울의 쓰레기 매립장이었으나 생태공원으로 조성되었고, 하늘공원을 만들 당시 전국 23개 도시의 억새를 가져다 심었다. 6만평 억새밭 사이로 난 23개의 길을 걸어보는 것도 좋은 경험이고, 밤에 억새밭에서 서울의 야경을 감상하는 것도 좋은 추억이 될 것이다.",자연축제,https://minio.nculture.org/amsweb-opt/multimedia_assets/87/29766/14271/c/서울억새축제2019-10-18-20.03.57-thumb.jpg,https://ncms.nculture.org/local-festival/story/488,서울특별시,마포구,서울 마포구 상암동 481-72,가을 음악공연,7080 포크송 및 인디밴드 버스킹 등 다양한 라이브 공연이 중앙무대에서 펼쳐진다.,20230101,"억새, 난지도, 하늘공원, 월드컵 공원, 가을바람따라",F,미디어 & 엔터테인먼트/음악 애호가/팝 음악 팬,19,17,20231230
20231200235,정조대왕 능행차를 시연하는 '수원화성문화제',수원화성문화제는 유네스코가 지정한 세계문화유산의 하나인 수원화성에서 개최되는 종합축제 성격의 향토문화제이다. 수원화성은 정조대왕이 그의 부친인 사도세자의 능을 수원 화산의 현륭원으로 옮긴 이후 축조한 성곽이다. 정조대왕의 지극했던 효심을 기리는 뜻도 담겨 있다. 수원화성문화제의 대표 행사는 ‘정조대왕 능행차 시연’으로 수 천명이 참가하여 장관을 이룬다.,전통·역사 축제,https://minio.nculture.org/amsweb-opt/multimedia_assets/17/72604/66135/c/JKH_0011-thumb.jpg,https://ncms.nculture.org/local-festival/story/344,경기도,수원시,경기도 수원시 팔달구 남창동 6-2,낙성연,"수원화성 준공을 기념하기 위해 벌여졌던 낙성연을 재현한 것이다. 궁중연희를 재현하고 헌선도, 무고를 선보이며 다양한 궁중연희를 직접 눈으로 볼 수 있다.",20230101,"수원, 화성, 축제, 정조대왕, 유네스코세계문화유산, 효심",F,테크놀로지/기술애호가,19,17,20231230
20231200236,가을의 절정에서 단풍을 즐기는 장성백양단풍축제,"장성백양단풍축제는 전라남도 장성에 있는 백암산과 백양사의 아름다운 가을 단풍을 선보이는 축제다. 1996년부터 개최되었고, 단풍이 절정에 이르는 시기를 택해 매년 10월 말 ~ 11월 초에 개최된다. 백암산은 내장산 국립공원에 속한다. 백양사는 백암산 동쪽에 있는 절로 백제 무왕 때 세워졌는데, 백양사라고 불린 이유는 조선 숙종 때 환양선사가 설법하던 도중 백양 한 마리가 내려와 설법을 듣고 신이 되어 하늘로 올라갔기 때문이라고 한다. 장성백양단풍축제는 가을의 절정에서 자연의 멋을 느낄 수 있는 축제이다.",자연축제,https://minio.nculture.org/amsweb-opt/multimedia_assets/170/30224/17137/c/115_-2019-장성백양단풍축제-thumb.jpg,https://ncms.nculture.org/local-festival/story/494,전라남도,장성군,전남 장성군 북이면 사거리 656-5,단풍숲 거리공연,"쌍계루, 일광정에서 통기타 공연부터 국악, 클래식, 팝페라, 버스킹, 포크 콘서트까지 다양한 장르의 공연이 열린다.",20230101,"백양사, 백암산, 단풍, 정토사",M,라이프스타일 & 취미/친환경 라이프스타일,19,16,20231230
20231200237,우리나라의 대표적인 아리랑 '정선아리랑제',"정선은 아리랑의 대표적인 전승지이다. 정선아리랑제는 정선 아리랑의 문화적 가치를 전승하고자 1976년부터 시작되었다. 정선아리랑은 국내 아리랑 중 유일한 무형문화재이다. 정선에서는 이미 5천수 이상의 아리랑 가사가 채록되었고 지금도 끊임없이 창작, 전승되고 있다. 정선아리랑제에서는 어르신, 학생, 성인 등 다양한 사람들이 경창대회를 열고, 아리랑을 주제로한 인형극, 공연, 콘서트, 포럼이 열린다.",춤·음악 축제,https://minio.nculture.org/amsweb-opt/multimedia_assets/73/30127/16061/c/026_2019정선아리랑제-thumb.jpg,https://ncms.nculture.org/local-festival/story/323,강원특별자치도,정선군,강원도 정선군 정선읍 봉양리 112,민속체험 &한복체험,정선의 대표문화인 짚풀공예와 삼찌기 시현을 보고 한복 대여 체험을 통해 축제를 더욱 재밌게 즐길 수 있다.,20230101,"정선, 아리랑, 아라리, 문화예술, 무형문화재, 소리문화",F,라이프스타일 & 취미/가족 중심,19,15,20231230
20231200238,박연을 기리는 영동난계국악축제,"대한민국의 3대 악성(樂聖)을 왕산악(고구려), 우륵(신라), 박연(조선)이라고 한다. 영동지역에서 펼쳐지는 국악축제인 ‘영동난계국악축제’는 3대 악성 가운데 박연을 기리는 전국유일의 국악축제다. 난계는 박연의 아호다. 1965년 시작할 때의 이름은 난계예술제로, 경연대회 정도의 성격이었다가 1975년 전국적인 축제로 발전한다. 난계국악축제라는 명칭으로의 변화는 1998년부터이다.",춤·음악 축제,https://minio.nculture.org/amsweb-opt/multimedia_assets/215/30268/17183/c/166_-2019-영동난계국악축제-thumb.jpg,https://ncms.nculture.org/local-festival/story/401,충청북도,영동군,충청북도 영동군 영동읍 중앙로 11,국악기 제작 및 연주 체험,"다양한 국악기를 직접 연주해보고 전통 방식의 대금, 장구, 북 등의 만들기를 누구나 직접 체험해 볼 수 있다.",20230101,"박연, 난계사, 국악",F,은행 및 금융/열렬한 투자자,19,15,20231230
20231200239,우리나라의 대표적인 아리랑 '정선아리랑제',"정선은 아리랑의 대표적인 전승지이다. 정선아리랑제는 정선 아리랑의 문화적 가치를 전승하고자 1976년부터 시작되었다. 정선아리랑은 국내 아리랑 중 유일한 무형문화재이다. 정선에서는 이미 5천수 이상의 아리랑 가사가 채록되었고 지금도 끊임없이 창작, 전승되고 있다. 정선아리랑제에서는 어르신, 학생, 성인 등 다양한 사람들이 경창대회를 열고, 아리랑을 주제로한 인형극, 공연, 콘서트, 포럼이 열린다.",춤·음악 축제,https://minio.nculture.org/amsweb-opt/multimedia_assets/73/30127/16061/c/026_2019정선아리랑제-thumb.jpg,https://ncms.nculture.org/local-festival/story/323,강원특별자치도,정선군,강원도 정선군 정선읍 봉양리 112,민속체험 &한복체험,정선의 대표문화인 짚풀공예와 삼찌기 시현을 보고 한복 대여 체험을 통해 축제를 더욱 재밌게 즐길 수 있다.,20230101,"정선, 아리랑, 아라리, 문화예술, 무형문화재, 소리문화",F,뷰티 & 웰빙/뷰티 전문가,19,14,20231230
20231200240,박연을 기리는 영동난계국악축제,"대한민국의 3대 악성(樂聖)을 왕산악(고구려), 우륵(신라), 박연(조선)이라고 한다. 영동지역에서 펼쳐지는 국악축제인 ‘영동난계국악축제’는 3대 악성 가운데 박연을 기리는 전국유일의 국악축제다. 난계는 박연의 아호다. 1965년 시작할 때의 이름은 난계예술제로, 경연대회 정도의 성격이었다가 1975년 전국적인 축제로 발전한다. 난계국악축제라는 명칭으로의 변화는 1998년부터이다.",춤·음악 축제,https://minio.nculture.org/amsweb-opt/multimedia_assets/215/30268/17183/c/166_-2019-영동난계국악축제-thumb.jpg,https://ncms.nculture.org/local-festival/story/401,충청북도,영동군,충청북도 영동군 영동읍 중앙로 11,국악기 제작 및 연주 체험,"다양한 국악기를 직접 연주해보고 전통 방식의 대금, 장구, 북 등의 만들기를 누구나 직접 체험해 볼 수 있다.",20230101,"박연, 난계사, 국악",F,미디어 & 엔터테인먼트/TV 애호가/드라마 팬,19,13,20231230
20231200241,"여자만 갯벌의 보물을 캐자, ‘벌교꼬막축제’","전라남도 벌교의 갯벌은 미세한 진흙으로 이루어져 있고, 모래가 섞이지 않고, 오염되지 않아 꼬막 서식의 최적지이다. 일찍이 넓은 여자만 갯벌에 꼬막 양식을 시작했다. 많은 양의 꼬막을 채취하기 위해 널배와 특별히 제작된 꼬막채취 도구를 이용하는데, '벌교의 널배를 이용한 꼬막 채취’는 2016년 국가중요어업유산 2호로 지정되었다. 대표적인 꼬막 양식지인 벌교읍과 대포리에서 2001년부터 매년 11월에 꼬막을 주제로 수산물 축제를 연다.",지역음식축제,https://minio.nculture.org/amsweb-opt/multimedia_assets/85/29764/14282/c/%EB%B2%8C%EA%B5%90%EA%BC%AC%EB%A7%89%EC%B6%95%EC%A0%9C2019-11-02-16.37.44-thumb.jpg,https://ncms.nculture.org/local-festival/story/99,전라남도,보성군,전라남도 보성군 벌교읍 벌교천1길 19,꼬막체험행사,"진석리 갯벌에서 펼쳐지는 꼬막과 관련한 다양한 체험 행사를 만나볼 수 있다. 꼬막 잡기, 까기, 던지기는 물론 갯벌달리기, 널배타기 등으로 구성되어 있다.",20230101,"꼬막, 개펄, 꼬막무침, 생꼬막",F,은행 및 금융/열렬한 투자자,19,13,20231230
20231200242,"여자만 갯벌의 보물을 캐자, ‘벌교꼬막축제’","전라남도 벌교의 갯벌은 미세한 진흙으로 이루어져 있고, 모래가 섞이지 않고, 오염되지 않아 꼬막 서식의 최적지이다. 일찍이 넓은 여자만 갯벌에 꼬막 양식을 시작했다. 많은 양의 꼬막을 채취하기 위해 널배와 특별히 제작된 꼬막채취 도구를 이용하는데, '벌교의 널배를 이용한 꼬막 채취’는 2016년 국가중요어업유산 2호로 지정되었다. 대표적인 꼬막 양식지인 벌교읍과 대포리에서 2001년부터 매년 11월에 꼬막을 주제로 수산물 축제를 연다.",지역음식축제,https://minio.nculture.org/amsweb-opt/multimedia_assets/85/29764/14282/c/%EB%B2%8C%EA%B5%90%EA%BC%AC%EB%A7%89%EC%B6%95%EC%A0%9C2019-11-02-16.37.44-thumb.jpg,https://ncms.nculture.org/local-festival/story/99,전라남도,보성군,전라남도 보성군 벌교읍 벌교천1길 19,꼬막체험행사,"진석리 갯벌에서 펼쳐지는 꼬막과 관련한 다양한 체험 행사를 만나볼 수 있다. 꼬막 잡기, 까기, 던지기는 물론 갯벌달리기, 널배타기 등으로 구성되어 있다.",20230101,"꼬막, 개펄, 꼬막무침, 생꼬막",F,미디어 & 엔터테인먼트/TV 애호가/드라마 팬,19,13,20231230
20231200243,청계천에서 펼쳐지는 서울빛초롱축제,"서울빛초롱축제는 2009년부터 서울특별시 청계광장 및 청계천 일대에서 개최되는 빛 축제이다. 2009년 ‘한국 방문의 해’를 기념하여 ‘서울등축제’로 시작했다가, 연례화하면서 진주시의 진주남강유등축제 측과 갈등이 빚어졌다. 두 시는 실무협의를 통해 서울등축제라는 이름을 서울빛초롱축제로 바꾸고, 콘텐츠도 차별화하기로 했다. 복원된 청계천에서 펼쳐지는 서울빛초롱축제는 매년 11월 첫주부터 셋째주까지 17일 동안 열린다.",이색축제,https://minio.nculture.org/amsweb-opt/multimedia_assets/160/30214/17127/c/102_-2019-서울빛초롱축제-thumb.jpg,https://ncms.nculture.org/local-festival/story/486,서울특별시,동대문구,서울 동대문구 용두동 701-6,AR 전시,빛초롱축제 공식 홈페이지에서 주요 작품을 AR전시를  통해 즐길 수 있다.,20230101,"등, 빛, 한국 방문의 해, 청계천",F,뉴스 & 정치/열렬한 뉴스 독자/열렬한 정치 뉴스 독자,19,13,20231230
20231200244,자갈치시장으로 놀러오세요! 부산자갈치문화관광축제,"부산자갈치문화관광축제는 부산광역시 중구 남포동 상인들이 남포동 발전추진위원회를 만들어 시작한 축제다. 1992년에 시작할 때는 자갈치수산물축제였는데, 전국 5대 축제에 선정된 1996년부터 이름을 부산자갈치문화관광축제로 바꾸었다. 10월에 같이 열리는 부산국제영화제, 부산 고등어축제, 동래읍성 역사축제 등의 축제들과 어우러져 시너지 효과를 내고 있는 축제이다.",지역음식축제,https://minio.nculture.org/amsweb-opt/multimedia_assets/136/30190/17057/c/082_2019-부산자갈치문화관광축제-thumb.jpg,https://ncms.nculture.org/local-festival/story/398,부산광역시,중구,부산 중구 남포동4가 37-1,도전! 세계 최대 회 비빔밥 만들기,매년 기네스 기록에 도전하는 세계 최대 회 비빔밥을 만드는 행사로 싱싱한 활어회를 넣는 것이 특징. 회 비빔밥은 축제를 찾아주신 관광객들에게 무료로 대접한다.,20230101,"자갈치시장, 용두산",M,미디어 & 엔터테인먼트/음악 애호가/월드 뮤직 팬,19,13,20231230
20231200245,자갈치시장으로 놀러오세요! 부산자갈치문화관광축제,"부산자갈치문화관광축제는 부산광역시 중구 남포동 상인들이 남포동 발전추진위원회를 만들어 시작한 축제다. 1992년에 시작할 때는 자갈치수산물축제였는데, 전국 5대 축제에 선정된 1996년부터 이름을 부산자갈치문화관광축제로 바꾸었다. 10월에 같이 열리는 부산국제영화제, 부산 고등어축제, 동래읍성 역사축제 등의 축제들과 어우러져 시너지 효과를 내고 있는 축제이다.",지역음식축제,https://minio.nculture.org/amsweb-opt/multimedia_assets/136/30190/17057/c/082_2019-부산자갈치문화관광축제-thumb.jpg,https://ncms.nculture.org/local-festival/story/398,부산광역시,중구,부산 중구 남포동4가 37-1,도전! 세계 최대 회 비빔밥 만들기,매년 기네스 기록에 도전하는 세계 최대 회 비빔밥을 만드는 행사로 싱싱한 활어회를 넣는 것이 특징. 회 비빔밥은 축제를 찾아주신 관광객들에게 무료로 대접한다.,20230101,"자갈치시장, 용두산",M,뉴스 & 정치/열렬한 뉴스 독자/연예 뉴스 매니아,19,13,20231230
20231200246,우리나라의 대표적인 아리랑 '정선아리랑제',"정선은 아리랑의 대표적인 전승지이다. 정선아리랑제는 정선 아리랑의 문화적 가치를 전승하고자 1976년부터 시작되었다. 정선아리랑은 국내 아리랑 중 유일한 무형문화재이다. 정선에서는 이미 5천수 이상의 아리랑 가사가 채록되었고 지금도 끊임없이 창작, 전승되고 있다. 정선아리랑제에서는 어르신, 학생, 성인 등 다양한 사람들이 경창대회를 열고, 아리랑을 주제로한 인형극, 공연, 콘서트, 포럼이 열린다.",춤·음악 축제,https://minio.nculture.org/amsweb-opt/multimedia_assets/73/30127/16061/c/026_2019정선아리랑제-thumb.jpg,https://ncms.nculture.org/local-festival/story/323,강원특별자치도,정선군,강원도 정선군 정선읍 봉양리 112,민속체험 &한복체험,정선의 대표문화인 짚풀공예와 삼찌기 시현을 보고 한복 대여 체험을 통해 축제를 더욱 재밌게 즐길 수 있다.,20230101,"정선, 아리랑, 아라리, 문화예술, 무형문화재, 소리문화",F,여행/여행 매니아/가족 여행객,19,10,20231230
20231200247,국내외 유명 밴드를 만날 수 있는 '인천펜타포트음악축제',"인천펜타포드음악축제는 ‘락 페스티벌, 펜타 유스 스타, 펜타 라이브 스테이지, 펜타포트 라이브 뮤직파티’로 구성되어 있다. 락 페스티벌의 모든 공연은 스탠딩으로 진행되며 한국의 원년 록 그룹과 인디밴드, 아이돌 그룹 등이 참가한다. 3일간 60여개의 팀이 무대에 오르며, 연간 10만명에 가까운 관객들이 찾아온다. 영국 ‘타임아웃’이 4년 연속 ‘꼭 가봐야 할 세계 페스티벌50’에 선정하였다.",춤·음악 축제,https://minio.nculture.org/amsweb-opt/multimedia_assets/55/30109/16036/c/009_2019-인천펜타포트음악축제-thumb.jpg,https://ncms.nculture.org/local-festival/story/218,인천광역시,연수구,인천광역시 연수구 송도동 1,라이브 클럽 파티,전야제 성격을 띤 연계 프로그램으로 다가오는 락 페스티벌을 맞아 인천을 대표하는 여러 클럽에서 열리는 밴드 라이브 공연 파티이다.,20230101,"인천, 펜타포트, 축제, 송도, 달빛축제공원, 펜타유스스타",F,스포츠 & 피트니스/스포츠 팬/축구 팬,19,9,20231230
20231200248,6만평 하늘공원에서 펼쳐지는 서울억새축제,"서울억새축제는2002년 쓰레기 매립장 난지도에서 월드컵 공원 환경생태공원으로 변화한 하늘공원에서 억새꽃이 피는10월에 개최되는 축제이다.난지도는 서울의 쓰레기 매립장이었으나 생태공원으로 조성되었고, 하늘공원을 만들 당시 전국 23개 도시의 억새를 가져다 심었다. 6만평 억새밭 사이로 난 23개의 길을 걸어보는 것도 좋은 경험이고, 밤에 억새밭에서 서울의 야경을 감상하는 것도 좋은 추억이 될 것이다.",자연축제,https://minio.nculture.org/amsweb-opt/multimedia_assets/87/29766/14271/c/서울억새축제2019-10-18-20.03.57-thumb.jpg,https://ncms.nculture.org/local-festival/story/488,서울특별시,마포구,서울 마포구 상암동 481-72,가을 음악공연,7080 포크송 및 인디밴드 버스킹 등 다양한 라이브 공연이 중앙무대에서 펼쳐진다.,20230101,"억새, 난지도, 하늘공원, 월드컵 공원, 가을바람따라",M,미디어 & 엔터테인먼트/만화 & 애니메이션 팬,18,17,20231230
20231200249,6만평 하늘공원에서 펼쳐지는 서울억새축제,"서울억새축제는2002년 쓰레기 매립장 난지도에서 월드컵 공원 환경생태공원으로 변화한 하늘공원에서 억새꽃이 피는10월에 개최되는 축제이다.난지도는 서울의 쓰레기 매립장이었으나 생태공원으로 조성되었고, 하늘공원을 만들 당시 전국 23개 도시의 억새를 가져다 심었다. 6만평 억새밭 사이로 난 23개의 길을 걸어보는 것도 좋은 경험이고, 밤에 억새밭에서 서울의 야경을 감상하는 것도 좋은 추억이 될 것이다.",자연축제,https://minio.nculture.org/amsweb-opt/multimedia_assets/87/29766/14271/c/서울억새축제2019-10-18-20.03.57-thumb.jpg,https://ncms.nculture.org/local-festival/story/488,서울특별시,마포구,서울 마포구 상암동 481-72,가을 음악공연,7080 포크송 및 인디밴드 버스킹 등 다양한 라이브 공연이 중앙무대에서 펼쳐진다.,20230101,"억새, 난지도, 하늘공원, 월드컵 공원, 가을바람따라",F,미디어 & 엔터테인먼트/TV 애호가/드라마 팬,18,17,20231230
20231200250,6만평 하늘공원에서 펼쳐지는 서울억새축제,"서울억새축제는2002년 쓰레기 매립장 난지도에서 월드컵 공원 환경생태공원으로 변화한 하늘공원에서 억새꽃이 피는10월에 개최되는 축제이다.난지도는 서울의 쓰레기 매립장이었으나 생태공원으로 조성되었고, 하늘공원을 만들 당시 전국 23개 도시의 억새를 가져다 심었다. 6만평 억새밭 사이로 난 23개의 길을 걸어보는 것도 좋은 경험이고, 밤에 억새밭에서 서울의 야경을 감상하는 것도 좋은 추억이 될 것이다.",자연축제,https://minio.nculture.org/amsweb-opt/multimedia_assets/87/29766/14271/c/서울억새축제2019-10-18-20.03.57-thumb.jpg,https://ncms.nculture.org/local-festival/story/488,서울특별시,마포구,서울 마포구 상암동 481-72,가을 음악공연,7080 포크송 및 인디밴드 버스킹 등 다양한 라이브 공연이 중앙무대에서 펼쳐진다.,20230101,"억새, 난지도, 하늘공원, 월드컵 공원, 가을바람따라",F,뉴스 & 정치/열렬한 뉴스 독자/열렬한 비즈니스 뉴스 독자,18,17,20231230
20231200251,6만평 하늘공원에서 펼쳐지는 서울억새축제,"서울억새축제는2002년 쓰레기 매립장 난지도에서 월드컵 공원 환경생태공원으로 변화한 하늘공원에서 억새꽃이 피는10월에 개최되는 축제이다.난지도는 서울의 쓰레기 매립장이었으나 생태공원으로 조성되었고, 하늘공원을 만들 당시 전국 23개 도시의 억새를 가져다 심었다. 6만평 억새밭 사이로 난 23개의 길을 걸어보는 것도 좋은 경험이고, 밤에 억새밭에서 서울의 야경을 감상하는 것도 좋은 추억이 될 것이다.",자연축제,https://minio.nculture.org/amsweb-opt/multimedia_assets/87/29766/14271/c/서울억새축제2019-10-18-20.03.57-thumb.jpg,https://ncms.nculture.org/local-festival/story/488,서울특별시,마포구,서울 마포구 상암동 481-72,가을 음악공연,7080 포크송 및 인디밴드 버스킹 등 다양한 라이브 공연이 중앙무대에서 펼쳐진다.,20230101,"억새, 난지도, 하늘공원, 월드컵 공원, 가을바람따라",M,라이프스타일 & 취미/사진광,18,16,20231230
20231200252,6만평 하늘공원에서 펼쳐지는 서울억새축제,"서울억새축제는2002년 쓰레기 매립장 난지도에서 월드컵 공원 환경생태공원으로 변화한 하늘공원에서 억새꽃이 피는10월에 개최되는 축제이다.난지도는 서울의 쓰레기 매립장이었으나 생태공원으로 조성되었고, 하늘공원을 만들 당시 전국 23개 도시의 억새를 가져다 심었다. 6만평 억새밭 사이로 난 23개의 길을 걸어보는 것도 좋은 경험이고, 밤에 억새밭에서 서울의 야경을 감상하는 것도 좋은 추억이 될 것이다.",자연축제,https://minio.nculture.org/amsweb-opt/multimedia_assets/87/29766/14271/c/서울억새축제2019-10-18-20.03.57-thumb.jpg,https://ncms.nculture.org/local-festival/story/488,서울특별시,마포구,서울 마포구 상암동 481-72,가을 음악공연,7080 포크송 및 인디밴드 버스킹 등 다양한 라이브 공연이 중앙무대에서 펼쳐진다.,20230101,"억새, 난지도, 하늘공원, 월드컵 공원, 가을바람따라",M,미디어 & 엔터테인먼트/게이머/하드코어 게이머,18,16,20231230
20231200253,가을의 절정에서 단풍을 즐기는 장성백양단풍축제,"장성백양단풍축제는 전라남도 장성에 있는 백암산과 백양사의 아름다운 가을 단풍을 선보이는 축제다. 1996년부터 개최되었고, 단풍이 절정에 이르는 시기를 택해 매년 10월 말 ~ 11월 초에 개최된다. 백암산은 내장산 국립공원에 속한다. 백양사는 백암산 동쪽에 있는 절로 백제 무왕 때 세워졌는데, 백양사라고 불린 이유는 조선 숙종 때 환양선사가 설법하던 도중 백양 한 마리가 내려와 설법을 듣고 신이 되어 하늘로 올라갔기 때문이라고 한다. 장성백양단풍축제는 가을의 절정에서 자연의 멋을 느낄 수 있는 축제이다.",자연축제,https://minio.nculture.org/amsweb-opt/multimedia_assets/170/30224/17137/c/115_-2019-장성백양단풍축제-thumb.jpg,https://ncms.nculture.org/local-festival/story/494,전라남도,장성군,전남 장성군 북이면 사거리 656-5,단풍숲 거리공연,"쌍계루, 일광정에서 통기타 공연부터 국악, 클래식, 팝페라, 버스킹, 포크 콘서트까지 다양한 장르의 공연이 열린다.",20230101,"백양사, 백암산, 단풍, 정토사",M,차량 및 운송/자동차 매니아,18,16,20231230
20231200254,"여자만 갯벌의 보물을 캐자, ‘벌교꼬막축제’","전라남도 벌교의 갯벌은 미세한 진흙으로 이루어져 있고, 모래가 섞이지 않고, 오염되지 않아 꼬막 서식의 최적지이다. 일찍이 넓은 여자만 갯벌에 꼬막 양식을 시작했다. 많은 양의 꼬막을 채취하기 위해 널배와 특별히 제작된 꼬막채취 도구를 이용하는데, '벌교의 널배를 이용한 꼬막 채취’는 2016년 국가중요어업유산 2호로 지정되었다. 대표적인 꼬막 양식지인 벌교읍과 대포리에서 2001년부터 매년 11월에 꼬막을 주제로 수산물 축제를 연다.",지역음식축제,https://minio.nculture.org/amsweb-opt/multimedia_assets/85/29764/14282/c/%EB%B2%8C%EA%B5%90%EA%BC%AC%EB%A7%89%EC%B6%95%EC%A0%9C2019-11-02-16.37.44-thumb.jpg,https://ncms.nculture.org/local-festival/story/99,전라남도,보성군,전라남도 보성군 벌교읍 벌교천1길 19,꼬막체험행사,"진석리 갯벌에서 펼쳐지는 꼬막과 관련한 다양한 체험 행사를 만나볼 수 있다. 꼬막 잡기, 까기, 던지기는 물론 갯벌달리기, 널배타기 등으로 구성되어 있다.",20230101,"꼬막, 개펄, 꼬막무침, 생꼬막",F,음식 & 다이닝/식도락가,18,16,20231230
20231200255,정조대왕 능행차를 시연하는 '수원화성문화제',수원화성문화제는 유네스코가 지정한 세계문화유산의 하나인 수원화성에서 개최되는 종합축제 성격의 향토문화제이다. 수원화성은 정조대왕이 그의 부친인 사도세자의 능을 수원 화산의 현륭원으로 옮긴 이후 축조한 성곽이다. 정조대왕의 지극했던 효심을 기리는 뜻도 담겨 있다. 수원화성문화제의 대표 행사는 ‘정조대왕 능행차 시연’으로 수 천명이 참가하여 장관을 이룬다.,전통·역사 축제,https://minio.nculture.org/amsweb-opt/multimedia_assets/17/72604/66135/c/JKH_0011-thumb.jpg,https://ncms.nculture.org/local-festival/story/344,경기도,수원시,경기도 수원시 팔달구 남창동 6-2,낙성연,"수원화성 준공을 기념하기 위해 벌여졌던 낙성연을 재현한 것이다. 궁중연희를 재현하고 헌선도, 무고를 선보이며 다양한 궁중연희를 직접 눈으로 볼 수 있다.",20230101,"수원, 화성, 축제, 정조대왕, 유네스코세계문화유산, 효심",F,여행/여행 매니아,18,16,20231230
20231200256,무형문화재 3호 남사당놀이를 만난다 '안성맞춤 남사당 바우덕이축제',"안성맞춤 남사당 바우덕이 축제는 남사당의 전통문화와 19세기 말 남사당패의 여자 꼭두쇠인 바우덕이의 예술정신을 계승하고 발전시키고자 2001년부터 시작되었다. 안성은 남사당의 발상지이자 총본산이다. 남사당패의 여섯가지 놀이는 중요무형문화재 3호로 지정되어 있다. 축제에서는 남사당공연을 비롯한 창작극, 인형극, 관현악단, 해외 민속극까지 다양한 공연을 만날 수 있다.",지역인물축제,https://minio.nculture.org/amsweb-opt/multimedia_assets/63/30117/16044/c/017_2019-안성맞춤-남사당-바우덕이축제-thumb.jpg,https://ncms.nculture.org/local-festival/story/234,경기도,안성시,경기도 안성시 보개면 복평리 303-3,길놀이,여러 자치단체 주민들이 참여하며 다양한 주제에 따른 복장을 착용하고 참가하기에 시민 축제라고 한눈에 알아볼 수 있다.,20230101,"안성, 남사당, 바우덕이, 축제, 꼭두쇠, 추모제, 전통연희",F,뉴스 & 정치/열렬한 뉴스 독자/연예 뉴스 매니아,18,16,20231230
20231200257,6만평 하늘공원에서 펼쳐지는 서울억새축제,"서울억새축제는2002년 쓰레기 매립장 난지도에서 월드컵 공원 환경생태공원으로 변화한 하늘공원에서 억새꽃이 피는10월에 개최되는 축제이다.난지도는 서울의 쓰레기 매립장이었으나 생태공원으로 조성되었고, 하늘공원을 만들 당시 전국 23개 도시의 억새를 가져다 심었다. 6만평 억새밭 사이로 난 23개의 길을 걸어보는 것도 좋은 경험이고, 밤에 억새밭에서 서울의 야경을 감상하는 것도 좋은 추억이 될 것이다.",자연축제,https://minio.nculture.org/amsweb-opt/multimedia_assets/87/29766/14271/c/서울억새축제2019-10-18-20.03.57-thumb.jpg,https://ncms.nculture.org/local-festival/story/488,서울특별시,마포구,서울 마포구 상암동 481-72,가을 음악공연,7080 포크송 및 인디밴드 버스킹 등 다양한 라이브 공연이 중앙무대에서 펼쳐진다.,20230101,"억새, 난지도, 하늘공원, 월드컵 공원, 가을바람따라",M,음식 & 다이닝/요리 매니아,18,15,20231230
20231200258,"여자만 갯벌의 보물을 캐자, ‘벌교꼬막축제’","전라남도 벌교의 갯벌은 미세한 진흙으로 이루어져 있고, 모래가 섞이지 않고, 오염되지 않아 꼬막 서식의 최적지이다. 일찍이 넓은 여자만 갯벌에 꼬막 양식을 시작했다. 많은 양의 꼬막을 채취하기 위해 널배와 특별히 제작된 꼬막채취 도구를 이용하는데, '벌교의 널배를 이용한 꼬막 채취’는 2016년 국가중요어업유산 2호로 지정되었다. 대표적인 꼬막 양식지인 벌교읍과 대포리에서 2001년부터 매년 11월에 꼬막을 주제로 수산물 축제를 연다.",지역음식축제,https://minio.nculture.org/amsweb-opt/multimedia_assets/85/29764/14282/c/%EB%B2%8C%EA%B5%90%EA%BC%AC%EB%A7%89%EC%B6%95%EC%A0%9C2019-11-02-16.37.44-thumb.jpg,https://ncms.nculture.org/local-festival/story/99,전라남도,보성군,전라남도 보성군 벌교읍 벌교천1길 19,꼬막체험행사,"진석리 갯벌에서 펼쳐지는 꼬막과 관련한 다양한 체험 행사를 만나볼 수 있다. 꼬막 잡기, 까기, 던지기는 물론 갯벌달리기, 널배타기 등으로 구성되어 있다.",20230101,"꼬막, 개펄, 꼬막무침, 생꼬막",F,뉴스 & 정치/열렬한 뉴스 독자/열렬한 정치 뉴스 독자,18,15,20231230
20231200259,가을의 절정에서 단풍을 즐기는 장성백양단풍축제,"장성백양단풍축제는 전라남도 장성에 있는 백암산과 백양사의 아름다운 가을 단풍을 선보이는 축제다. 1996년부터 개최되었고, 단풍이 절정에 이르는 시기를 택해 매년 10월 말 ~ 11월 초에 개최된다. 백암산은 내장산 국립공원에 속한다. 백양사는 백암산 동쪽에 있는 절로 백제 무왕 때 세워졌는데, 백양사라고 불린 이유는 조선 숙종 때 환양선사가 설법하던 도중 백양 한 마리가 내려와 설법을 듣고 신이 되어 하늘로 올라갔기 때문이라고 한다. 장성백양단풍축제는 가을의 절정에서 자연의 멋을 느낄 수 있는 축제이다.",자연축제,https://minio.nculture.org/amsweb-opt/multimedia_assets/170/30224/17137/c/115_-2019-장성백양단풍축제-thumb.jpg,https://ncms.nculture.org/local-festival/story/494,전라남도,장성군,전남 장성군 북이면 사거리 656-5,단풍숲 거리공연,"쌍계루, 일광정에서 통기타 공연부터 국악, 클래식, 팝페라, 버스킹, 포크 콘서트까지 다양한 장르의 공연이 열린다.",20230101,"백양사, 백암산, 단풍, 정토사",F,음식 & 다이닝/요리 매니아,18,14,20231230
20231200260,가을의 절정에서 단풍을 즐기는 장성백양단풍축제,"장성백양단풍축제는 전라남도 장성에 있는 백암산과 백양사의 아름다운 가을 단풍을 선보이는 축제다. 1996년부터 개최되었고, 단풍이 절정에 이르는 시기를 택해 매년 10월 말 ~ 11월 초에 개최된다. 백암산은 내장산 국립공원에 속한다. 백양사는 백암산 동쪽에 있는 절로 백제 무왕 때 세워졌는데, 백양사라고 불린 이유는 조선 숙종 때 환양선사가 설법하던 도중 백양 한 마리가 내려와 설법을 듣고 신이 되어 하늘로 올라갔기 때문이라고 한다. 장성백양단풍축제는 가을의 절정에서 자연의 멋을 느낄 수 있는 축제이다.",자연축제,https://minio.nculture.org/amsweb-opt/multimedia_assets/170/30224/17137/c/115_-2019-장성백양단풍축제-thumb.jpg,https://ncms.nculture.org/local-festival/story/494,전라남도,장성군,전남 장성군 북이면 사거리 656-5,단풍숲 거리공연,"쌍계루, 일광정에서 통기타 공연부터 국악, 클래식, 팝페라, 버스킹, 포크 콘서트까지 다양한 장르의 공연이 열린다.",20230101,"백양사, 백암산, 단풍, 정토사",M,미디어 & 엔터테인먼트/게이머,18,14,20231230
20231200261,가을의 절정에서 단풍을 즐기는 장성백양단풍축제,"장성백양단풍축제는 전라남도 장성에 있는 백암산과 백양사의 아름다운 가을 단풍을 선보이는 축제다. 1996년부터 개최되었고, 단풍이 절정에 이르는 시기를 택해 매년 10월 말 ~ 11월 초에 개최된다. 백암산은 내장산 국립공원에 속한다. 백양사는 백암산 동쪽에 있는 절로 백제 무왕 때 세워졌는데, 백양사라고 불린 이유는 조선 숙종 때 환양선사가 설법하던 도중 백양 한 마리가 내려와 설법을 듣고 신이 되어 하늘로 올라갔기 때문이라고 한다. 장성백양단풍축제는 가을의 절정에서 자연의 멋을 느낄 수 있는 축제이다.",자연축제,https://minio.nculture.org/amsweb-opt/multimedia_assets/170/30224/17137/c/115_-2019-장성백양단풍축제-thumb.jpg,https://ncms.nculture.org/local-festival/story/494,전라남도,장성군,전남 장성군 북이면 사거리 656-5,단풍숲 거리공연,"쌍계루, 일광정에서 통기타 공연부터 국악, 클래식, 팝페라, 버스킹, 포크 콘서트까지 다양한 장르의 공연이 열린다.",20230101,"백양사, 백암산, 단풍, 정토사",M,미디어 & 엔터테인먼트/게이머/하드코어 게이머,18,14,20231230
20231200262,가을의 절정에서 단풍을 즐기는 장성백양단풍축제,"장성백양단풍축제는 전라남도 장성에 있는 백암산과 백양사의 아름다운 가을 단풍을 선보이는 축제다. 1996년부터 개최되었고, 단풍이 절정에 이르는 시기를 택해 매년 10월 말 ~ 11월 초에 개최된다. 백암산은 내장산 국립공원에 속한다. 백양사는 백암산 동쪽에 있는 절로 백제 무왕 때 세워졌는데, 백양사라고 불린 이유는 조선 숙종 때 환양선사가 설법하던 도중 백양 한 마리가 내려와 설법을 듣고 신이 되어 하늘로 올라갔기 때문이라고 한다. 장성백양단풍축제는 가을의 절정에서 자연의 멋을 느낄 수 있는 축제이다.",자연축제,https://minio.nculture.org/amsweb-opt/multimedia_assets/170/30224/17137/c/115_-2019-장성백양단풍축제-thumb.jpg,https://ncms.nculture.org/local-festival/story/494,전라남도,장성군,전남 장성군 북이면 사거리 656-5,단풍숲 거리공연,"쌍계루, 일광정에서 통기타 공연부터 국악, 클래식, 팝페라, 버스킹, 포크 콘서트까지 다양한 장르의 공연이 열린다.",20230101,"백양사, 백암산, 단풍, 정토사",F,미디어 & 엔터테인먼트/음악 애호가/팝 음악 팬,18,14,20231230
20231200263,"여자만 갯벌의 보물을 캐자, ‘벌교꼬막축제’","전라남도 벌교의 갯벌은 미세한 진흙으로 이루어져 있고, 모래가 섞이지 않고, 오염되지 않아 꼬막 서식의 최적지이다. 일찍이 넓은 여자만 갯벌에 꼬막 양식을 시작했다. 많은 양의 꼬막을 채취하기 위해 널배와 특별히 제작된 꼬막채취 도구를 이용하는데, '벌교의 널배를 이용한 꼬막 채취’는 2016년 국가중요어업유산 2호로 지정되었다. 대표적인 꼬막 양식지인 벌교읍과 대포리에서 2001년부터 매년 11월에 꼬막을 주제로 수산물 축제를 연다.",지역음식축제,https://minio.nculture.org/amsweb-opt/multimedia_assets/85/29764/14282/c/%EB%B2%8C%EA%B5%90%EA%BC%AC%EB%A7%89%EC%B6%95%EC%A0%9C2019-11-02-16.37.44-thumb.jpg,https://ncms.nculture.org/local-festival/story/99,전라남도,보성군,전라남도 보성군 벌교읍 벌교천1길 19,꼬막체험행사,"진석리 갯벌에서 펼쳐지는 꼬막과 관련한 다양한 체험 행사를 만나볼 수 있다. 꼬막 잡기, 까기, 던지기는 물론 갯벌달리기, 널배타기 등으로 구성되어 있다.",20230101,"꼬막, 개펄, 꼬막무침, 생꼬막",F,뉴스 & 정치/열렬한 뉴스 독자/열렬한 비즈니스 뉴스 독자,18,13,20231230
20231200264,알콩 볼콩 달콩 놀콩 '파주장단콩축제',"파주장단콩축제는 지역특산물인 파주장단콩을 홍보하고 소비를 촉진하기 위한 특산물축제이다. 장단콩은 임금님 수라상에 올랐던 명품 웰빙 식품이다. 파주장단콩 축제 프로그램은 ‘알콩?볼콩?달콩?놀콩’으로 구성된다. 알콩은 알리는 공간, 볼콩은 관람행사, 달콩은 음식을 맛볼 수 있는 공간, 놀콩은 다양한 체험 프로그램이다. 파주 장단콩과 파주농특산물을 저렴하게 구입할 수 있고, 놀거리와 먹을거리가 가득한 축제이다.",지역음식축제,https://minio.nculture.org/amsweb-opt/multimedia_assets/95/29776/14458/c/파주장단콩축제_20191123_114506-thumb.jpg,https://ncms.nculture.org/local-festival/story/241,경기도,파주시,경기도 파주시 문산읍 사목리 494-1,놀콩,"꼬마메주만들기, 도리깨블록쌓기, 콩타작, 전통혼례, 전통맷돌체험, 전통놀이체험 등 사람들에게 '놀'거리를 제공한다.",20230101,"파주, 장단콩, 추제, 특산물, 웰빙, 비무장지대",F,여행/여행 매니아,18,13,20231230
20231200265,우리나라의 대표적인 아리랑 '정선아리랑제',"정선은 아리랑의 대표적인 전승지이다. 정선아리랑제는 정선 아리랑의 문화적 가치를 전승하고자 1976년부터 시작되었다. 정선아리랑은 국내 아리랑 중 유일한 무형문화재이다. 정선에서는 이미 5천수 이상의 아리랑 가사가 채록되었고 지금도 끊임없이 창작, 전승되고 있다. 정선아리랑제에서는 어르신, 학생, 성인 등 다양한 사람들이 경창대회를 열고, 아리랑을 주제로한 인형극, 공연, 콘서트, 포럼이 열린다.",춤·음악 축제,https://minio.nculture.org/amsweb-opt/multimedia_assets/73/30127/16061/c/026_2019정선아리랑제-thumb.jpg,https://ncms.nculture.org/local-festival/story/323,강원특별자치도,정선군,강원도 정선군 정선읍 봉양리 112,민속체험 &한복체험,정선의 대표문화인 짚풀공예와 삼찌기 시현을 보고 한복 대여 체험을 통해 축제를 더욱 재밌게 즐길 수 있다.,20230101,"정선, 아리랑, 아라리, 문화예술, 무형문화재, 소리문화",F,라이프스타일 & 취미/라이브 이벤트에 자주 참석,18,12,20231230
20231200266,우리나라의 대표적인 아리랑 '정선아리랑제',"정선은 아리랑의 대표적인 전승지이다. 정선아리랑제는 정선 아리랑의 문화적 가치를 전승하고자 1976년부터 시작되었다. 정선아리랑은 국내 아리랑 중 유일한 무형문화재이다. 정선에서는 이미 5천수 이상의 아리랑 가사가 채록되었고 지금도 끊임없이 창작, 전승되고 있다. 정선아리랑제에서는 어르신, 학생, 성인 등 다양한 사람들이 경창대회를 열고, 아리랑을 주제로한 인형극, 공연, 콘서트, 포럼이 열린다.",춤·음악 축제,https://minio.nculture.org/amsweb-opt/multimedia_assets/73/30127/16061/c/026_2019정선아리랑제-thumb.jpg,https://ncms.nculture.org/local-festival/story/323,강원특별자치도,정선군,강원도 정선군 정선읍 봉양리 112,민속체험 &한복체험,정선의 대표문화인 짚풀공예와 삼찌기 시현을 보고 한복 대여 체험을 통해 축제를 더욱 재밌게 즐길 수 있다.,20230101,"정선, 아리랑, 아라리, 문화예술, 무형문화재, 소리문화",F,라이프스타일 & 취미/반려동물 애호가,18,12,20231230
20231200267,청계천에서 펼쳐지는 서울빛초롱축제,"서울빛초롱축제는 2009년부터 서울특별시 청계광장 및 청계천 일대에서 개최되는 빛 축제이다. 2009년 ‘한국 방문의 해’를 기념하여 ‘서울등축제’로 시작했다가, 연례화하면서 진주시의 진주남강유등축제 측과 갈등이 빚어졌다. 두 시는 실무협의를 통해 서울등축제라는 이름을 서울빛초롱축제로 바꾸고, 콘텐츠도 차별화하기로 했다. 복원된 청계천에서 펼쳐지는 서울빛초롱축제는 매년 11월 첫주부터 셋째주까지 17일 동안 열린다.",이색축제,https://minio.nculture.org/amsweb-opt/multimedia_assets/160/30214/17127/c/102_-2019-서울빛초롱축제-thumb.jpg,https://ncms.nculture.org/local-festival/story/486,서울특별시,동대문구,서울 동대문구 용두동 701-6,AR 전시,빛초롱축제 공식 홈페이지에서 주요 작품을 AR전시를  통해 즐길 수 있다.,20230101,"등, 빛, 한국 방문의 해, 청계천",F,뉴스 & 정치/열렬한 뉴스 독자/열렬한 비즈니스 뉴스 독자,18,12,20231230
20231200268,자갈치시장으로 놀러오세요! 부산자갈치문화관광축제,"부산자갈치문화관광축제는 부산광역시 중구 남포동 상인들이 남포동 발전추진위원회를 만들어 시작한 축제다. 1992년에 시작할 때는 자갈치수산물축제였는데, 전국 5대 축제에 선정된 1996년부터 이름을 부산자갈치문화관광축제로 바꾸었다. 10월에 같이 열리는 부산국제영화제, 부산 고등어축제, 동래읍성 역사축제 등의 축제들과 어우러져 시너지 효과를 내고 있는 축제이다.",지역음식축제,https://minio.nculture.org/amsweb-opt/multimedia_assets/136/30190/17057/c/082_2019-부산자갈치문화관광축제-thumb.jpg,https://ncms.nculture.org/local-festival/story/398,부산광역시,중구,부산 중구 남포동4가 37-1,도전! 세계 최대 회 비빔밥 만들기,매년 기네스 기록에 도전하는 세계 최대 회 비빔밥을 만드는 행사로 싱싱한 활어회를 넣는 것이 특징. 회 비빔밥은 축제를 찾아주신 관광객들에게 무료로 대접한다.,20230101,"자갈치시장, 용두산",M,미디어 & 엔터테인먼트/TV 대중 시청자,18,12,20231230
20231200269,자갈치시장으로 놀러오세요! 부산자갈치문화관광축제,"부산자갈치문화관광축제는 부산광역시 중구 남포동 상인들이 남포동 발전추진위원회를 만들어 시작한 축제다. 1992년에 시작할 때는 자갈치수산물축제였는데, 전국 5대 축제에 선정된 1996년부터 이름을 부산자갈치문화관광축제로 바꾸었다. 10월에 같이 열리는 부산국제영화제, 부산 고등어축제, 동래읍성 역사축제 등의 축제들과 어우러져 시너지 효과를 내고 있는 축제이다.",지역음식축제,https://minio.nculture.org/amsweb-opt/multimedia_assets/136/30190/17057/c/082_2019-부산자갈치문화관광축제-thumb.jpg,https://ncms.nculture.org/local-festival/story/398,부산광역시,중구,부산 중구 남포동4가 37-1,도전! 세계 최대 회 비빔밥 만들기,매년 기네스 기록에 도전하는 세계 최대 회 비빔밥을 만드는 행사로 싱싱한 활어회를 넣는 것이 특징. 회 비빔밥은 축제를 찾아주신 관광객들에게 무료로 대접한다.,20230101,"자갈치시장, 용두산",M,미디어 & 엔터테인먼트/영화 애호가,18,12,20231230
20231200270,자갈치시장으로 놀러오세요! 부산자갈치문화관광축제,"부산자갈치문화관광축제는 부산광역시 중구 남포동 상인들이 남포동 발전추진위원회를 만들어 시작한 축제다. 1992년에 시작할 때는 자갈치수산물축제였는데, 전국 5대 축제에 선정된 1996년부터 이름을 부산자갈치문화관광축제로 바꾸었다. 10월에 같이 열리는 부산국제영화제, 부산 고등어축제, 동래읍성 역사축제 등의 축제들과 어우러져 시너지 효과를 내고 있는 축제이다.",지역음식축제,https://minio.nculture.org/amsweb-opt/multimedia_assets/136/30190/17057/c/082_2019-부산자갈치문화관광축제-thumb.jpg,https://ncms.nculture.org/local-festival/story/398,부산광역시,중구,부산 중구 남포동4가 37-1,도전! 세계 최대 회 비빔밥 만들기,매년 기네스 기록에 도전하는 세계 최대 회 비빔밥을 만드는 행사로 싱싱한 활어회를 넣는 것이 특징. 회 비빔밥은 축제를 찾아주신 관광객들에게 무료로 대접한다.,20230101,"자갈치시장, 용두산",M,여행/여행 매니아,18,12,20231230
20231200271,박연을 기리는 영동난계국악축제,"대한민국의 3대 악성(樂聖)을 왕산악(고구려), 우륵(신라), 박연(조선)이라고 한다. 영동지역에서 펼쳐지는 국악축제인 ‘영동난계국악축제’는 3대 악성 가운데 박연을 기리는 전국유일의 국악축제다. 난계는 박연의 아호다. 1965년 시작할 때의 이름은 난계예술제로, 경연대회 정도의 성격이었다가 1975년 전국적인 축제로 발전한다. 난계국악축제라는 명칭으로의 변화는 1998년부터이다.",춤·음악 축제,https://minio.nculture.org/amsweb-opt/multimedia_assets/215/30268/17183/c/166_-2019-영동난계국악축제-thumb.jpg,https://ncms.nculture.org/local-festival/story/401,충청북도,영동군,충청북도 영동군 영동읍 중앙로 11,국악기 제작 및 연주 체험,"다양한 국악기를 직접 연주해보고 전통 방식의 대금, 장구, 북 등의 만들기를 누구나 직접 체험해 볼 수 있다.",20230101,"박연, 난계사, 국악",F,미디어 & 엔터테인먼트/음악 애호가,18,11,20231230
20231200272,가을의 절정에서 단풍을 즐기는 장성백양단풍축제,"장성백양단풍축제는 전라남도 장성에 있는 백암산과 백양사의 아름다운 가을 단풍을 선보이는 축제다. 1996년부터 개최되었고, 단풍이 절정에 이르는 시기를 택해 매년 10월 말 ~ 11월 초에 개최된다. 백암산은 내장산 국립공원에 속한다. 백양사는 백암산 동쪽에 있는 절로 백제 무왕 때 세워졌는데, 백양사라고 불린 이유는 조선 숙종 때 환양선사가 설법하던 도중 백양 한 마리가 내려와 설법을 듣고 신이 되어 하늘로 올라갔기 때문이라고 한다. 장성백양단풍축제는 가을의 절정에서 자연의 멋을 느낄 수 있는 축제이다.",자연축제,https://minio.nculture.org/amsweb-opt/multimedia_assets/170/30224/17137/c/115_-2019-장성백양단풍축제-thumb.jpg,https://ncms.nculture.org/local-festival/story/494,전라남도,장성군,전남 장성군 북이면 사거리 656-5,단풍숲 거리공연,"쌍계루, 일광정에서 통기타 공연부터 국악, 클래식, 팝페라, 버스킹, 포크 콘서트까지 다양한 장르의 공연이 열린다.",20230101,"백양사, 백암산, 단풍, 정토사",F,음식 & 다이닝/식도락가,17,16,20231230
20231200273,청계천에서 펼쳐지는 서울빛초롱축제,"서울빛초롱축제는 2009년부터 서울특별시 청계광장 및 청계천 일대에서 개최되는 빛 축제이다. 2009년 ‘한국 방문의 해’를 기념하여 ‘서울등축제’로 시작했다가, 연례화하면서 진주시의 진주남강유등축제 측과 갈등이 빚어졌다. 두 시는 실무협의를 통해 서울등축제라는 이름을 서울빛초롱축제로 바꾸고, 콘텐츠도 차별화하기로 했다. 복원된 청계천에서 펼쳐지는 서울빛초롱축제는 매년 11월 첫주부터 셋째주까지 17일 동안 열린다.",이색축제,https://minio.nculture.org/amsweb-opt/multimedia_assets/160/30214/17127/c/102_-2019-서울빛초롱축제-thumb.jpg,https://ncms.nculture.org/local-festival/story/486,서울특별시,동대문구,서울 동대문구 용두동 701-6,AR 전시,빛초롱축제 공식 홈페이지에서 주요 작품을 AR전시를  통해 즐길 수 있다.,20230101,"등, 빛, 한국 방문의 해, 청계천",M,뉴스 & 정치/열렬한 뉴스 독자/연예 뉴스 매니아,17,16,20231230
20231200274,6만평 하늘공원에서 펼쳐지는 서울억새축제,"서울억새축제는2002년 쓰레기 매립장 난지도에서 월드컵 공원 환경생태공원으로 변화한 하늘공원에서 억새꽃이 피는10월에 개최되는 축제이다.난지도는 서울의 쓰레기 매립장이었으나 생태공원으로 조성되었고, 하늘공원을 만들 당시 전국 23개 도시의 억새를 가져다 심었다. 6만평 억새밭 사이로 난 23개의 길을 걸어보는 것도 좋은 경험이고, 밤에 억새밭에서 서울의 야경을 감상하는 것도 좋은 추억이 될 것이다.",자연축제,https://minio.nculture.org/amsweb-opt/multimedia_assets/87/29766/14271/c/서울억새축제2019-10-18-20.03.57-thumb.jpg,https://ncms.nculture.org/local-festival/story/488,서울특별시,마포구,서울 마포구 상암동 481-72,가을 음악공연,7080 포크송 및 인디밴드 버스킹 등 다양한 라이브 공연이 중앙무대에서 펼쳐진다.,20230101,"억새, 난지도, 하늘공원, 월드컵 공원, 가을바람따라",F,음식 & 다이닝/식도락가,17,15,20231230
20231200275,6만평 하늘공원에서 펼쳐지는 서울억새축제,"서울억새축제는2002년 쓰레기 매립장 난지도에서 월드컵 공원 환경생태공원으로 변화한 하늘공원에서 억새꽃이 피는10월에 개최되는 축제이다.난지도는 서울의 쓰레기 매립장이었으나 생태공원으로 조성되었고, 하늘공원을 만들 당시 전국 23개 도시의 억새를 가져다 심었다. 6만평 억새밭 사이로 난 23개의 길을 걸어보는 것도 좋은 경험이고, 밤에 억새밭에서 서울의 야경을 감상하는 것도 좋은 추억이 될 것이다.",자연축제,https://minio.nculture.org/amsweb-opt/multimedia_assets/87/29766/14271/c/서울억새축제2019-10-18-20.03.57-thumb.jpg,https://ncms.nculture.org/local-festival/story/488,서울특별시,마포구,서울 마포구 상암동 481-72,가을 음악공연,7080 포크송 및 인디밴드 버스킹 등 다양한 라이브 공연이 중앙무대에서 펼쳐진다.,20230101,"억새, 난지도, 하늘공원, 월드컵 공원, 가을바람따라",M,차량 및 운송/자동차 매니아,17,15,20231230
20231200276,가을의 절정에서 단풍을 즐기는 장성백양단풍축제,"장성백양단풍축제는 전라남도 장성에 있는 백암산과 백양사의 아름다운 가을 단풍을 선보이는 축제다. 1996년부터 개최되었고, 단풍이 절정에 이르는 시기를 택해 매년 10월 말 ~ 11월 초에 개최된다. 백암산은 내장산 국립공원에 속한다. 백양사는 백암산 동쪽에 있는 절로 백제 무왕 때 세워졌는데, 백양사라고 불린 이유는 조선 숙종 때 환양선사가 설법하던 도중 백양 한 마리가 내려와 설법을 듣고 신이 되어 하늘로 올라갔기 때문이라고 한다. 장성백양단풍축제는 가을의 절정에서 자연의 멋을 느낄 수 있는 축제이다.",자연축제,https://minio.nculture.org/amsweb-opt/multimedia_assets/170/30224/17137/c/115_-2019-장성백양단풍축제-thumb.jpg,https://ncms.nculture.org/local-festival/story/494,전라남도,장성군,전남 장성군 북이면 사거리 656-5,단풍숲 거리공연,"쌍계루, 일광정에서 통기타 공연부터 국악, 클래식, 팝페라, 버스킹, 포크 콘서트까지 다양한 장르의 공연이 열린다.",20230101,"백양사, 백암산, 단풍, 정토사",F,테크놀로지/모바일 매니아,17,15,20231230
20231200277,정조대왕 능행차를 시연하는 '수원화성문화제',수원화성문화제는 유네스코가 지정한 세계문화유산의 하나인 수원화성에서 개최되는 종합축제 성격의 향토문화제이다. 수원화성은 정조대왕이 그의 부친인 사도세자의 능을 수원 화산의 현륭원으로 옮긴 이후 축조한 성곽이다. 정조대왕의 지극했던 효심을 기리는 뜻도 담겨 있다. 수원화성문화제의 대표 행사는 ‘정조대왕 능행차 시연’으로 수 천명이 참가하여 장관을 이룬다.,전통·역사 축제,https://minio.nculture.org/amsweb-opt/multimedia_assets/17/72604/66135/c/JKH_0011-thumb.jpg,https://ncms.nculture.org/local-festival/story/344,경기도,수원시,경기도 수원시 팔달구 남창동 6-2,낙성연,"수원화성 준공을 기념하기 위해 벌여졌던 낙성연을 재현한 것이다. 궁중연희를 재현하고 헌선도, 무고를 선보이며 다양한 궁중연희를 직접 눈으로 볼 수 있다.",20230101,"수원, 화성, 축제, 정조대왕, 유네스코세계문화유산, 효심",F,뉴스 & 정치/열렬한 뉴스 독자/열렬한 정치 뉴스 독자,17,15,20231230
20231200278,6만평 하늘공원에서 펼쳐지는 서울억새축제,"서울억새축제는2002년 쓰레기 매립장 난지도에서 월드컵 공원 환경생태공원으로 변화한 하늘공원에서 억새꽃이 피는10월에 개최되는 축제이다.난지도는 서울의 쓰레기 매립장이었으나 생태공원으로 조성되었고, 하늘공원을 만들 당시 전국 23개 도시의 억새를 가져다 심었다. 6만평 억새밭 사이로 난 23개의 길을 걸어보는 것도 좋은 경험이고, 밤에 억새밭에서 서울의 야경을 감상하는 것도 좋은 추억이 될 것이다.",자연축제,https://minio.nculture.org/amsweb-opt/multimedia_assets/87/29766/14271/c/서울억새축제2019-10-18-20.03.57-thumb.jpg,https://ncms.nculture.org/local-festival/story/488,서울특별시,마포구,서울 마포구 상암동 481-72,가을 음악공연,7080 포크송 및 인디밴드 버스킹 등 다양한 라이브 공연이 중앙무대에서 펼쳐진다.,20230101,"억새, 난지도, 하늘공원, 월드컵 공원, 가을바람따라",M,라이프스타일 & 취미/반려동물 애호가,17,14,20231230
20231200279,가을의 절정에서 단풍을 즐기는 장성백양단풍축제,"장성백양단풍축제는 전라남도 장성에 있는 백암산과 백양사의 아름다운 가을 단풍을 선보이는 축제다. 1996년부터 개최되었고, 단풍이 절정에 이르는 시기를 택해 매년 10월 말 ~ 11월 초에 개최된다. 백암산은 내장산 국립공원에 속한다. 백양사는 백암산 동쪽에 있는 절로 백제 무왕 때 세워졌는데, 백양사라고 불린 이유는 조선 숙종 때 환양선사가 설법하던 도중 백양 한 마리가 내려와 설법을 듣고 신이 되어 하늘로 올라갔기 때문이라고 한다. 장성백양단풍축제는 가을의 절정에서 자연의 멋을 느낄 수 있는 축제이다.",자연축제,https://minio.nculture.org/amsweb-opt/multimedia_assets/170/30224/17137/c/115_-2019-장성백양단풍축제-thumb.jpg,https://ncms.nculture.org/local-festival/story/494,전라남도,장성군,전남 장성군 북이면 사거리 656-5,단풍숲 거리공연,"쌍계루, 일광정에서 통기타 공연부터 국악, 클래식, 팝페라, 버스킹, 포크 콘서트까지 다양한 장르의 공연이 열린다.",20230101,"백양사, 백암산, 단풍, 정토사",M,음식 & 다이닝/요리 매니아,17,14,20231230
20231200280,가을의 절정에서 단풍을 즐기는 장성백양단풍축제,"장성백양단풍축제는 전라남도 장성에 있는 백암산과 백양사의 아름다운 가을 단풍을 선보이는 축제다. 1996년부터 개최되었고, 단풍이 절정에 이르는 시기를 택해 매년 10월 말 ~ 11월 초에 개최된다. 백암산은 내장산 국립공원에 속한다. 백양사는 백암산 동쪽에 있는 절로 백제 무왕 때 세워졌는데, 백양사라고 불린 이유는 조선 숙종 때 환양선사가 설법하던 도중 백양 한 마리가 내려와 설법을 듣고 신이 되어 하늘로 올라갔기 때문이라고 한다. 장성백양단풍축제는 가을의 절정에서 자연의 멋을 느낄 수 있는 축제이다.",자연축제,https://minio.nculture.org/amsweb-opt/multimedia_assets/170/30224/17137/c/115_-2019-장성백양단풍축제-thumb.jpg,https://ncms.nculture.org/local-festival/story/494,전라남도,장성군,전남 장성군 북이면 사거리 656-5,단풍숲 거리공연,"쌍계루, 일광정에서 통기타 공연부터 국악, 클래식, 팝페라, 버스킹, 포크 콘서트까지 다양한 장르의 공연이 열린다.",20230101,"백양사, 백암산, 단풍, 정토사",M,미디어 & 엔터테인먼트/만화 & 애니메이션 팬,17,14,20231230
20231200281,가을의 절정에서 단풍을 즐기는 장성백양단풍축제,"장성백양단풍축제는 전라남도 장성에 있는 백암산과 백양사의 아름다운 가을 단풍을 선보이는 축제다. 1996년부터 개최되었고, 단풍이 절정에 이르는 시기를 택해 매년 10월 말 ~ 11월 초에 개최된다. 백암산은 내장산 국립공원에 속한다. 백양사는 백암산 동쪽에 있는 절로 백제 무왕 때 세워졌는데, 백양사라고 불린 이유는 조선 숙종 때 환양선사가 설법하던 도중 백양 한 마리가 내려와 설법을 듣고 신이 되어 하늘로 올라갔기 때문이라고 한다. 장성백양단풍축제는 가을의 절정에서 자연의 멋을 느낄 수 있는 축제이다.",자연축제,https://minio.nculture.org/amsweb-opt/multimedia_assets/170/30224/17137/c/115_-2019-장성백양단풍축제-thumb.jpg,https://ncms.nculture.org/local-festival/story/494,전라남도,장성군,전남 장성군 북이면 사거리 656-5,단풍숲 거리공연,"쌍계루, 일광정에서 통기타 공연부터 국악, 클래식, 팝페라, 버스킹, 포크 콘서트까지 다양한 장르의 공연이 열린다.",20230101,"백양사, 백암산, 단풍, 정토사",F,쇼핑객/쇼핑 애호가,17,14,20231230
20231200282,정조대왕 능행차를 시연하는 '수원화성문화제',수원화성문화제는 유네스코가 지정한 세계문화유산의 하나인 수원화성에서 개최되는 종합축제 성격의 향토문화제이다. 수원화성은 정조대왕이 그의 부친인 사도세자의 능을 수원 화산의 현륭원으로 옮긴 이후 축조한 성곽이다. 정조대왕의 지극했던 효심을 기리는 뜻도 담겨 있다. 수원화성문화제의 대표 행사는 ‘정조대왕 능행차 시연’으로 수 천명이 참가하여 장관을 이룬다.,전통·역사 축제,https://minio.nculture.org/amsweb-opt/multimedia_assets/17/72604/66135/c/JKH_0011-thumb.jpg,https://ncms.nculture.org/local-festival/story/344,경기도,수원시,경기도 수원시 팔달구 남창동 6-2,낙성연,"수원화성 준공을 기념하기 위해 벌여졌던 낙성연을 재현한 것이다. 궁중연희를 재현하고 헌선도, 무고를 선보이며 다양한 궁중연희를 직접 눈으로 볼 수 있다.",20230101,"수원, 화성, 축제, 정조대왕, 유네스코세계문화유산, 효심",F,미디어 & 엔터테인먼트/음악 애호가/월드 뮤직 팬,17,14,20231230
20231200283,청계천에서 펼쳐지는 서울빛초롱축제,"서울빛초롱축제는 2009년부터 서울특별시 청계광장 및 청계천 일대에서 개최되는 빛 축제이다. 2009년 ‘한국 방문의 해’를 기념하여 ‘서울등축제’로 시작했다가, 연례화하면서 진주시의 진주남강유등축제 측과 갈등이 빚어졌다. 두 시는 실무협의를 통해 서울등축제라는 이름을 서울빛초롱축제로 바꾸고, 콘텐츠도 차별화하기로 했다. 복원된 청계천에서 펼쳐지는 서울빛초롱축제는 매년 11월 첫주부터 셋째주까지 17일 동안 열린다.",이색축제,https://minio.nculture.org/amsweb-opt/multimedia_assets/160/30214/17127/c/102_-2019-서울빛초롱축제-thumb.jpg,https://ncms.nculture.org/local-festival/story/486,서울특별시,동대문구,서울 동대문구 용두동 701-6,AR 전시,빛초롱축제 공식 홈페이지에서 주요 작품을 AR전시를  통해 즐길 수 있다.,20230101,"등, 빛, 한국 방문의 해, 청계천",F,미디어 & 엔터테인먼트/음악 애호가/월드 뮤직 팬,17,12,20231230
20231200284,박연을 기리는 영동난계국악축제,"대한민국의 3대 악성(樂聖)을 왕산악(고구려), 우륵(신라), 박연(조선)이라고 한다. 영동지역에서 펼쳐지는 국악축제인 ‘영동난계국악축제’는 3대 악성 가운데 박연을 기리는 전국유일의 국악축제다. 난계는 박연의 아호다. 1965년 시작할 때의 이름은 난계예술제로, 경연대회 정도의 성격이었다가 1975년 전국적인 축제로 발전한다. 난계국악축제라는 명칭으로의 변화는 1998년부터이다.",춤·음악 축제,https://minio.nculture.org/amsweb-opt/multimedia_assets/215/30268/17183/c/166_-2019-영동난계국악축제-thumb.jpg,https://ncms.nculture.org/local-festival/story/401,충청북도,영동군,충청북도 영동군 영동읍 중앙로 11,국악기 제작 및 연주 체험,"다양한 국악기를 직접 연주해보고 전통 방식의 대금, 장구, 북 등의 만들기를 누구나 직접 체험해 볼 수 있다.",20230101,"박연, 난계사, 국악",F,라이프스타일 & 취미/예술과 연극 애호가,17,11,20231230
20231200285,"여자만 갯벌의 보물을 캐자, ‘벌교꼬막축제’","전라남도 벌교의 갯벌은 미세한 진흙으로 이루어져 있고, 모래가 섞이지 않고, 오염되지 않아 꼬막 서식의 최적지이다. 일찍이 넓은 여자만 갯벌에 꼬막 양식을 시작했다. 많은 양의 꼬막을 채취하기 위해 널배와 특별히 제작된 꼬막채취 도구를 이용하는데, '벌교의 널배를 이용한 꼬막 채취’는 2016년 국가중요어업유산 2호로 지정되었다. 대표적인 꼬막 양식지인 벌교읍과 대포리에서 2001년부터 매년 11월에 꼬막을 주제로 수산물 축제를 연다.",지역음식축제,https://minio.nculture.org/amsweb-opt/multimedia_assets/85/29764/14282/c/%EB%B2%8C%EA%B5%90%EA%BC%AC%EB%A7%89%EC%B6%95%EC%A0%9C2019-11-02-16.37.44-thumb.jpg,https://ncms.nculture.org/local-festival/story/99,전라남도,보성군,전라남도 보성군 벌교읍 벌교천1길 19,꼬막체험행사,"진석리 갯벌에서 펼쳐지는 꼬막과 관련한 다양한 체험 행사를 만나볼 수 있다. 꼬막 잡기, 까기, 던지기는 물론 갯벌달리기, 널배타기 등으로 구성되어 있다.",20230101,"꼬막, 개펄, 꼬막무침, 생꼬막",F,스포츠 & 피트니스/스포츠 팬/축구 팬,17,11,20231230
20231200286,청계천에서 펼쳐지는 서울빛초롱축제,"서울빛초롱축제는 2009년부터 서울특별시 청계광장 및 청계천 일대에서 개최되는 빛 축제이다. 2009년 ‘한국 방문의 해’를 기념하여 ‘서울등축제’로 시작했다가, 연례화하면서 진주시의 진주남강유등축제 측과 갈등이 빚어졌다. 두 시는 실무협의를 통해 서울등축제라는 이름을 서울빛초롱축제로 바꾸고, 콘텐츠도 차별화하기로 했다. 복원된 청계천에서 펼쳐지는 서울빛초롱축제는 매년 11월 첫주부터 셋째주까지 17일 동안 열린다.",이색축제,https://minio.nculture.org/amsweb-opt/multimedia_assets/160/30214/17127/c/102_-2019-서울빛초롱축제-thumb.jpg,https://ncms.nculture.org/local-festival/story/486,서울특별시,동대문구,서울 동대문구 용두동 701-6,AR 전시,빛초롱축제 공식 홈페이지에서 주요 작품을 AR전시를  통해 즐길 수 있다.,20230101,"등, 빛, 한국 방문의 해, 청계천",F,여행/여행 매니아,17,11,20231230
20231200287,국내 유일의 보석축제 '익산보석대축제',"익산보석대축제는 보석을 주제로 다양한 체험과 판매, 전시 등이 진행되는 축제이다. 약 60개의 보석 전문 업체들이 선보이는 보석들을 만나볼 수 있을 뿐만 아니라 30퍼센트 특별할인가로 보석들을 저렴하게 구입할 수 있다. 이밖에 세계적인 수준의 ‘보석박물관’을 비롯한 주변의 관광명소를 둘러볼 수 있다.",이색축제,https://minio.nculture.org/amsweb-opt/multimedia_assets/114/30168/17035/c/061_2019-익산보석대축제-thumb.jpg,https://ncms.nculture.org/local-festival/story/357,전라북도,익산시,전라북도 익산시 왕궁면 동용리 541-1,30% 특별할인,24K 순금과 다이아몬드를 제외한 모든 보석류를 특별할인 30%가 된 가격에 구입할 수 있는 행사다.,20230101,"익산, 축제, 보석, 주얼팰리스, 보석박물관",F,뉴스 & 정치/열렬한 뉴스 독자/연예 뉴스 매니아,16,16,20231230
20231200288,6만평 하늘공원에서 펼쳐지는 서울억새축제,"서울억새축제는2002년 쓰레기 매립장 난지도에서 월드컵 공원 환경생태공원으로 변화한 하늘공원에서 억새꽃이 피는10월에 개최되는 축제이다.난지도는 서울의 쓰레기 매립장이었으나 생태공원으로 조성되었고, 하늘공원을 만들 당시 전국 23개 도시의 억새를 가져다 심었다. 6만평 억새밭 사이로 난 23개의 길을 걸어보는 것도 좋은 경험이고, 밤에 억새밭에서 서울의 야경을 감상하는 것도 좋은 추억이 될 것이다.",자연축제,https://minio.nculture.org/amsweb-opt/multimedia_assets/87/29766/14271/c/서울억새축제2019-10-18-20.03.57-thumb.jpg,https://ncms.nculture.org/local-festival/story/488,서울특별시,마포구,서울 마포구 상암동 481-72,가을 음악공연,7080 포크송 및 인디밴드 버스킹 등 다양한 라이브 공연이 중앙무대에서 펼쳐진다.,20230101,"억새, 난지도, 하늘공원, 월드컵 공원, 가을바람따라",M,미디어 & 엔터테인먼트/TV 애호가/드라마 팬,16,15,20231230
20231200289,청계천에서 펼쳐지는 서울빛초롱축제,"서울빛초롱축제는 2009년부터 서울특별시 청계광장 및 청계천 일대에서 개최되는 빛 축제이다. 2009년 ‘한국 방문의 해’를 기념하여 ‘서울등축제’로 시작했다가, 연례화하면서 진주시의 진주남강유등축제 측과 갈등이 빚어졌다. 두 시는 실무협의를 통해 서울등축제라는 이름을 서울빛초롱축제로 바꾸고, 콘텐츠도 차별화하기로 했다. 복원된 청계천에서 펼쳐지는 서울빛초롱축제는 매년 11월 첫주부터 셋째주까지 17일 동안 열린다.",이색축제,https://minio.nculture.org/amsweb-opt/multimedia_assets/160/30214/17127/c/102_-2019-서울빛초롱축제-thumb.jpg,https://ncms.nculture.org/local-festival/story/486,서울특별시,동대문구,서울 동대문구 용두동 701-6,AR 전시,빛초롱축제 공식 홈페이지에서 주요 작품을 AR전시를  통해 즐길 수 있다.,20230101,"등, 빛, 한국 방문의 해, 청계천",M,미디어 & 엔터테인먼트/TV 대중 시청자,16,15,20231230
20231200290,청계천에서 펼쳐지는 서울빛초롱축제,"서울빛초롱축제는 2009년부터 서울특별시 청계광장 및 청계천 일대에서 개최되는 빛 축제이다. 2009년 ‘한국 방문의 해’를 기념하여 ‘서울등축제’로 시작했다가, 연례화하면서 진주시의 진주남강유등축제 측과 갈등이 빚어졌다. 두 시는 실무협의를 통해 서울등축제라는 이름을 서울빛초롱축제로 바꾸고, 콘텐츠도 차별화하기로 했다. 복원된 청계천에서 펼쳐지는 서울빛초롱축제는 매년 11월 첫주부터 셋째주까지 17일 동안 열린다.",이색축제,https://minio.nculture.org/amsweb-opt/multimedia_assets/160/30214/17127/c/102_-2019-서울빛초롱축제-thumb.jpg,https://ncms.nculture.org/local-festival/story/486,서울특별시,동대문구,서울 동대문구 용두동 701-6,AR 전시,빛초롱축제 공식 홈페이지에서 주요 작품을 AR전시를  통해 즐길 수 있다.,20230101,"등, 빛, 한국 방문의 해, 청계천",M,미디어 & 엔터테인먼트/영화 애호가,16,15,20231230
20231200291,6만평 하늘공원에서 펼쳐지는 서울억새축제,"서울억새축제는2002년 쓰레기 매립장 난지도에서 월드컵 공원 환경생태공원으로 변화한 하늘공원에서 억새꽃이 피는10월에 개최되는 축제이다.난지도는 서울의 쓰레기 매립장이었으나 생태공원으로 조성되었고, 하늘공원을 만들 당시 전국 23개 도시의 억새를 가져다 심었다. 6만평 억새밭 사이로 난 23개의 길을 걸어보는 것도 좋은 경험이고, 밤에 억새밭에서 서울의 야경을 감상하는 것도 좋은 추억이 될 것이다.",자연축제,https://minio.nculture.org/amsweb-opt/multimedia_assets/87/29766/14271/c/서울억새축제2019-10-18-20.03.57-thumb.jpg,https://ncms.nculture.org/local-festival/story/488,서울특별시,마포구,서울 마포구 상암동 481-72,가을 음악공연,7080 포크송 및 인디밴드 버스킹 등 다양한 라이브 공연이 중앙무대에서 펼쳐진다.,20230101,"억새, 난지도, 하늘공원, 월드컵 공원, 가을바람따라",F,홈 앤 가든/홈 데코 매니아,16,14,20231230
20231200292,6만평 하늘공원에서 펼쳐지는 서울억새축제,"서울억새축제는2002년 쓰레기 매립장 난지도에서 월드컵 공원 환경생태공원으로 변화한 하늘공원에서 억새꽃이 피는10월에 개최되는 축제이다.난지도는 서울의 쓰레기 매립장이었으나 생태공원으로 조성되었고, 하늘공원을 만들 당시 전국 23개 도시의 억새를 가져다 심었다. 6만평 억새밭 사이로 난 23개의 길을 걸어보는 것도 좋은 경험이고, 밤에 억새밭에서 서울의 야경을 감상하는 것도 좋은 추억이 될 것이다.",자연축제,https://minio.nculture.org/amsweb-opt/multimedia_assets/87/29766/14271/c/서울억새축제2019-10-18-20.03.57-thumb.jpg,https://ncms.nculture.org/local-festival/story/488,서울특별시,마포구,서울 마포구 상암동 481-72,가을 음악공연,7080 포크송 및 인디밴드 버스킹 등 다양한 라이브 공연이 중앙무대에서 펼쳐진다.,20230101,"억새, 난지도, 하늘공원, 월드컵 공원, 가을바람따라",M,미디어 & 엔터테인먼트/게이머,16,14,20231230
20231200293,6만평 하늘공원에서 펼쳐지는 서울억새축제,"서울억새축제는2002년 쓰레기 매립장 난지도에서 월드컵 공원 환경생태공원으로 변화한 하늘공원에서 억새꽃이 피는10월에 개최되는 축제이다.난지도는 서울의 쓰레기 매립장이었으나 생태공원으로 조성되었고, 하늘공원을 만들 당시 전국 23개 도시의 억새를 가져다 심었다. 6만평 억새밭 사이로 난 23개의 길을 걸어보는 것도 좋은 경험이고, 밤에 억새밭에서 서울의 야경을 감상하는 것도 좋은 추억이 될 것이다.",자연축제,https://minio.nculture.org/amsweb-opt/multimedia_assets/87/29766/14271/c/서울억새축제2019-10-18-20.03.57-thumb.jpg,https://ncms.nculture.org/local-festival/story/488,서울특별시,마포구,서울 마포구 상암동 481-72,가을 음악공연,7080 포크송 및 인디밴드 버스킹 등 다양한 라이브 공연이 중앙무대에서 펼쳐진다.,20230101,"억새, 난지도, 하늘공원, 월드컵 공원, 가을바람따라",M,스포츠 & 피트니스/스포츠 팬,16,14,20231230
20231200294,"여자만 갯벌의 보물을 캐자, ‘벌교꼬막축제’","전라남도 벌교의 갯벌은 미세한 진흙으로 이루어져 있고, 모래가 섞이지 않고, 오염되지 않아 꼬막 서식의 최적지이다. 일찍이 넓은 여자만 갯벌에 꼬막 양식을 시작했다. 많은 양의 꼬막을 채취하기 위해 널배와 특별히 제작된 꼬막채취 도구를 이용하는데, '벌교의 널배를 이용한 꼬막 채취’는 2016년 국가중요어업유산 2호로 지정되었다. 대표적인 꼬막 양식지인 벌교읍과 대포리에서 2001년부터 매년 11월에 꼬막을 주제로 수산물 축제를 연다.",지역음식축제,https://minio.nculture.org/amsweb-opt/multimedia_assets/85/29764/14282/c/%EB%B2%8C%EA%B5%90%EA%BC%AC%EB%A7%89%EC%B6%95%EC%A0%9C2019-11-02-16.37.44-thumb.jpg,https://ncms.nculture.org/local-festival/story/99,전라남도,보성군,전라남도 보성군 벌교읍 벌교천1길 19,꼬막체험행사,"진석리 갯벌에서 펼쳐지는 꼬막과 관련한 다양한 체험 행사를 만나볼 수 있다. 꼬막 잡기, 까기, 던지기는 물론 갯벌달리기, 널배타기 등으로 구성되어 있다.",20230101,"꼬막, 개펄, 꼬막무침, 생꼬막",F,미디어 & 엔터테인먼트/TV 애호가,16,14,20231230
20231200295,성북세계음식축제 누리마실(성북다문화음식축제),"2008년 처음 시작된 성북세계음식축제 누리마실은 음식을 매개로 한 문화다양성 축제이다. 다양한 세계음식을 맛볼 수 있고, 문화다양성을 콘셉트로 한 거리 퍼레이드, 친환경 캠페인 등이 진행된다. 성북구가 주최하고, 성북문화재단 등이 주관하며 매년 5월에 성북구 성북로 일대에서 개최된다.",이색축제,https://minio.nculture.org/amsweb-opt/multimedia_assets/125/30179/17046/c/072_2019-성북세계음식축제-누리마실-thumb.jpg,https://ncms.nculture.org/local-festival/story/177,서울특별시,성북구,서울특별시 성북구 성북로 37,예술로 함께 할 궁리,"시인 조지훈의 세 번째 이야기, 캔 숲으로 가다, 광장 목소리, 조건부 초대 명단에 있는 손님 등 더 많은 프로그램들이 준비되어있으며 축제의 심리적, 물질적 접근장벽을 낮추기위해 해결방안을 모색중이다.",20230101,"성북, 다문화, 음식, 누리마실, 축제",F,뉴스 & 정치/열렬한 뉴스 독자/연예 뉴스 매니아,16,14,20231230
20231200296,"국내 유일의 분청사기 축제, 김해분청도자기축제","김해분청도자기축제는 전국에서 유일하게 분청사기를 주제로 열리는 축제이다. 분청사기라는 명칭은 미술사학자 고유섭이 만든 명칭으로,  백토로 분장하여 회청색을 띤 분청사기는 14세기 중엽~16세기 중엽에 활발하게 생산되었다. 김해는 가야토기의 명맥을 이어온 곳으로 조선시대 토산공물로 도자기를 생산하였고, 일본 분청사기의 원류도 김해로 본다. 1996년 시작된 김해분청도자기 축제는 김해군과 김해도예협회가 주최하고 있다.",전통·역사 축제,https://minio.nculture.org/amsweb-opt/multimedia_assets/138/30192/17088/c/084_2019-김해-분청도자기-축제-thumb.jpg,https://ncms.nculture.org/local-festival/story/392,경상남도,김해시,경상남도 김해시 송정리 360,요리와 만난 분청도자기,다양한 음식들을 요리 전문가가 분청도자기에 플레이팅 시연 및 다함께 시식을 함으로써 생활과 밀접한 도자기의 쓰임에 대한 가치를 알아본다.,20230101,"분청도자기, 전통가마, 백파선",F,뉴스 & 정치/열렬한 뉴스 독자/연예 뉴스 매니아,16,14,20231230
20231200297,우리나라의 대표적인 아리랑 '정선아리랑제',"정선은 아리랑의 대표적인 전승지이다. 정선아리랑제는 정선 아리랑의 문화적 가치를 전승하고자 1976년부터 시작되었다. 정선아리랑은 국내 아리랑 중 유일한 무형문화재이다. 정선에서는 이미 5천수 이상의 아리랑 가사가 채록되었고 지금도 끊임없이 창작, 전승되고 있다. 정선아리랑제에서는 어르신, 학생, 성인 등 다양한 사람들이 경창대회를 열고, 아리랑을 주제로한 인형극, 공연, 콘서트, 포럼이 열린다.",춤·음악 축제,https://minio.nculture.org/amsweb-opt/multimedia_assets/73/30127/16061/c/026_2019정선아리랑제-thumb.jpg,https://ncms.nculture.org/local-festival/story/323,강원특별자치도,정선군,강원도 정선군 정선읍 봉양리 112,민속체험 &한복체험,정선의 대표문화인 짚풀공예와 삼찌기 시현을 보고 한복 대여 체험을 통해 축제를 더욱 재밌게 즐길 수 있다.,20230101,"정선, 아리랑, 아라리, 문화예술, 무형문화재, 소리문화",M,테크놀로지/모바일 매니아,16,13,20231230
20231200298,정조대왕 능행차를 시연하는 '수원화성문화제',수원화성문화제는 유네스코가 지정한 세계문화유산의 하나인 수원화성에서 개최되는 종합축제 성격의 향토문화제이다. 수원화성은 정조대왕이 그의 부친인 사도세자의 능을 수원 화산의 현륭원으로 옮긴 이후 축조한 성곽이다. 정조대왕의 지극했던 효심을 기리는 뜻도 담겨 있다. 수원화성문화제의 대표 행사는 ‘정조대왕 능행차 시연’으로 수 천명이 참가하여 장관을 이룬다.,전통·역사 축제,https://minio.nculture.org/amsweb-opt/multimedia_assets/17/72604/66135/c/JKH_0011-thumb.jpg,https://ncms.nculture.org/local-festival/story/344,경기도,수원시,경기도 수원시 팔달구 남창동 6-2,낙성연,"수원화성 준공을 기념하기 위해 벌여졌던 낙성연을 재현한 것이다. 궁중연희를 재현하고 헌선도, 무고를 선보이며 다양한 궁중연희를 직접 눈으로 볼 수 있다.",20230101,"수원, 화성, 축제, 정조대왕, 유네스코세계문화유산, 효심",F,미디어 & 엔터테인먼트/만화 & 애니메이션 팬,16,13,20231230
20231200299,정조대왕 능행차를 시연하는 '수원화성문화제',수원화성문화제는 유네스코가 지정한 세계문화유산의 하나인 수원화성에서 개최되는 종합축제 성격의 향토문화제이다. 수원화성은 정조대왕이 그의 부친인 사도세자의 능을 수원 화산의 현륭원으로 옮긴 이후 축조한 성곽이다. 정조대왕의 지극했던 효심을 기리는 뜻도 담겨 있다. 수원화성문화제의 대표 행사는 ‘정조대왕 능행차 시연’으로 수 천명이 참가하여 장관을 이룬다.,전통·역사 축제,https://minio.nculture.org/amsweb-opt/multimedia_assets/17/72604/66135/c/JKH_0011-thumb.jpg,https://ncms.nculture.org/local-festival/story/344,경기도,수원시,경기도 수원시 팔달구 남창동 6-2,낙성연,"수원화성 준공을 기념하기 위해 벌여졌던 낙성연을 재현한 것이다. 궁중연희를 재현하고 헌선도, 무고를 선보이며 다양한 궁중연희를 직접 눈으로 볼 수 있다.",20230101,"수원, 화성, 축제, 정조대왕, 유네스코세계문화유산, 효심",F,미디어 & 엔터테인먼트/영화 애호가,16,13,20231230
20231200300,정조대왕 능행차를 시연하는 '수원화성문화제',수원화성문화제는 유네스코가 지정한 세계문화유산의 하나인 수원화성에서 개최되는 종합축제 성격의 향토문화제이다. 수원화성은 정조대왕이 그의 부친인 사도세자의 능을 수원 화산의 현륭원으로 옮긴 이후 축조한 성곽이다. 정조대왕의 지극했던 효심을 기리는 뜻도 담겨 있다. 수원화성문화제의 대표 행사는 ‘정조대왕 능행차 시연’으로 수 천명이 참가하여 장관을 이룬다.,전통·역사 축제,https://minio.nculture.org/amsweb-opt/multimedia_assets/17/72604/66135/c/JKH_0011-thumb.jpg,https://ncms.nculture.org/local-festival/story/344,경기도,수원시,경기도 수원시 팔달구 남창동 6-2,낙성연,"수원화성 준공을 기념하기 위해 벌여졌던 낙성연을 재현한 것이다. 궁중연희를 재현하고 헌선도, 무고를 선보이며 다양한 궁중연희를 직접 눈으로 볼 수 있다.",20230101,"수원, 화성, 축제, 정조대왕, 유네스코세계문화유산, 효심",F,미디어 & 엔터테인먼트/음악 애호가/팝 음악 팬,16,13,20231230
20231200301,"국내 유일의 분청사기 축제, 김해분청도자기축제","김해분청도자기축제는 전국에서 유일하게 분청사기를 주제로 열리는 축제이다. 분청사기라는 명칭은 미술사학자 고유섭이 만든 명칭으로,  백토로 분장하여 회청색을 띤 분청사기는 14세기 중엽~16세기 중엽에 활발하게 생산되었다. 김해는 가야토기의 명맥을 이어온 곳으로 조선시대 토산공물로 도자기를 생산하였고, 일본 분청사기의 원류도 김해로 본다. 1996년 시작된 김해분청도자기 축제는 김해군과 김해도예협회가 주최하고 있다.",전통·역사 축제,https://minio.nculture.org/amsweb-opt/multimedia_assets/138/30192/17088/c/084_2019-김해-분청도자기-축제-thumb.jpg,https://ncms.nculture.org/local-festival/story/392,경상남도,김해시,경상남도 김해시 송정리 360,요리와 만난 분청도자기,다양한 음식들을 요리 전문가가 분청도자기에 플레이팅 시연 및 다함께 시식을 함으로써 생활과 밀접한 도자기의 쓰임에 대한 가치를 알아본다.,20230101,"분청도자기, 전통가마, 백파선",F,미디어 & 엔터테인먼트/TV 애호가,16,13,20231230
20231200302,우리 김장문화를 널리 알리는 '광주세계김치축제',"우리나라 김장문화는 2013년 유네스코 인류무형유산으로 등재되었다. 광주세계김치축제는 국내 유일의 김치테마 축제로, 김치의 우수성과 우리나라의 다양한 김치를 세계에 널리 알리는 행사이다. 광주세계김치축제는 김치와 관련된 각종 경연대회와 문화행사로 이루어져 있다. 그리고 시중가보다 저렴한 가격에 김치와 김치 재료 등을 살 수 있으며 각종 먹을거리도 맛볼 수 있다.",지역음식축제,https://minio.nculture.org/amsweb-opt/multimedia_assets/129/30183/17050/c/076_2019광주세계김치축제-thumb.jpg,https://ncms.nculture.org/local-festival/story/170,광주광역시,남구,광주광역시 남구 임암동 김치로 60,광주 김치의 날,"광주김치의 모습을 미디어 영상, 음악, 댄스, 레이저, 드론으로 표현한 공식퍼포먼스이다. 초대가수가 있으며 김치사랑 버스킹이 상시 진행된다.",20230101,"광주, 김치, 유네스코, 축제, 고려인",F,미디어 & 엔터테인먼트/TV 대중 시청자,16,13,20231230
20231200303,우리 김장문화를 널리 알리는 '광주세계김치축제',"우리나라 김장문화는 2013년 유네스코 인류무형유산으로 등재되었다. 광주세계김치축제는 국내 유일의 김치테마 축제로, 김치의 우수성과 우리나라의 다양한 김치를 세계에 널리 알리는 행사이다. 광주세계김치축제는 김치와 관련된 각종 경연대회와 문화행사로 이루어져 있다. 그리고 시중가보다 저렴한 가격에 김치와 김치 재료 등을 살 수 있으며 각종 먹을거리도 맛볼 수 있다.",지역음식축제,https://minio.nculture.org/amsweb-opt/multimedia_assets/129/30183/17050/c/076_2019광주세계김치축제-thumb.jpg,https://ncms.nculture.org/local-festival/story/170,광주광역시,남구,광주광역시 남구 임암동 김치로 60,광주 김치의 날,"광주김치의 모습을 미디어 영상, 음악, 댄스, 레이저, 드론으로 표현한 공식퍼포먼스이다. 초대가수가 있으며 김치사랑 버스킹이 상시 진행된다.",20230101,"광주, 김치, 유네스코, 축제, 고려인",F,뉴스 & 정치/열렬한 뉴스 독자/연예 뉴스 매니아,16,13,20231230
20231200304,한국의 대표적인 겨울축제 '얼음나라화천산천어축제',"산천어는 냉수성 토종 민물고기로 1급수의 맑은 계곡에서만 서식한다. 얼음나라화천산천어축제의 백미는 산천어 낚시이다. 한겨울 매서운 추위로 30cm이상 꽁꽁 언 화천천 위에서 얼음구멍을 뚫고 1급수에서만 서식하는 산천어를 낚는 것이 얼음낚시이다. 산천어 낚시는 1일 최대 8,000명을 동시에 수용할 수 있는 ‘산천어 얼음낚시’, 1일 최대 1,000명을 동시에 수용할 수 있는 ‘외국인 얼음낚시’, 1일 최대 2,000명을 동시에 수용할 수 있는 ‘산천어 밤낚시(야간)’가 있다. 세계 4대 겨울축제로 발돋움하며 외국인 관광객의 비율이 높아졌고, 눈썰매장, 산타우체국 등 가족들이 즐길거리도 많다.",자연축제,https://minio.nculture.org/amsweb-opt/multimedia_assets/75/30128/16067/c/027_2020-얼음나라-화천산천어축제-thumb.jpg,https://ncms.nculture.org/local-festival/story/310,강원특별자치도,화천군,강원 화천군 화천읍 아리 204-1,눈얼음체험,"얼곰이성, 눈썰매장, 콩닥콩닥 봅슬레이, 하늘가르기 등 다양한 빙판스포츠와 활동을 체험해볼 수 있다.",20230101,"얼음, 화천, 산천어, 축제, 화천천",F,뉴스 & 정치/열렬한 뉴스 독자/연예 뉴스 매니아,16,13,20231230
20231200305,청계천에서 펼쳐지는 서울빛초롱축제,"서울빛초롱축제는 2009년부터 서울특별시 청계광장 및 청계천 일대에서 개최되는 빛 축제이다. 2009년 ‘한국 방문의 해’를 기념하여 ‘서울등축제’로 시작했다가, 연례화하면서 진주시의 진주남강유등축제 측과 갈등이 빚어졌다. 두 시는 실무협의를 통해 서울등축제라는 이름을 서울빛초롱축제로 바꾸고, 콘텐츠도 차별화하기로 했다. 복원된 청계천에서 펼쳐지는 서울빛초롱축제는 매년 11월 첫주부터 셋째주까지 17일 동안 열린다.",이색축제,https://minio.nculture.org/amsweb-opt/multimedia_assets/160/30214/17127/c/102_-2019-서울빛초롱축제-thumb.jpg,https://ncms.nculture.org/local-festival/story/486,서울특별시,동대문구,서울 동대문구 용두동 701-6,AR 전시,빛초롱축제 공식 홈페이지에서 주요 작품을 AR전시를  통해 즐길 수 있다.,20230101,"등, 빛, 한국 방문의 해, 청계천",F,은행 및 금융/열렬한 투자자,16,12,20231230
20231200306,자갈치시장으로 놀러오세요! 부산자갈치문화관광축제,"부산자갈치문화관광축제는 부산광역시 중구 남포동 상인들이 남포동 발전추진위원회를 만들어 시작한 축제다. 1992년에 시작할 때는 자갈치수산물축제였는데, 전국 5대 축제에 선정된 1996년부터 이름을 부산자갈치문화관광축제로 바꾸었다. 10월에 같이 열리는 부산국제영화제, 부산 고등어축제, 동래읍성 역사축제 등의 축제들과 어우러져 시너지 효과를 내고 있는 축제이다.",지역음식축제,https://minio.nculture.org/amsweb-opt/multimedia_assets/136/30190/17057/c/082_2019-부산자갈치문화관광축제-thumb.jpg,https://ncms.nculture.org/local-festival/story/398,부산광역시,중구,부산 중구 남포동4가 37-1,도전! 세계 최대 회 비빔밥 만들기,매년 기네스 기록에 도전하는 세계 최대 회 비빔밥을 만드는 행사로 싱싱한 활어회를 넣는 것이 특징. 회 비빔밥은 축제를 찾아주신 관광객들에게 무료로 대접한다.,20230101,"자갈치시장, 용두산",F,뉴스 & 정치/열렬한 뉴스 독자/연예 뉴스 매니아,16,12,20231230
20231200307,우리나라의 대표적인 아리랑 '정선아리랑제',"정선은 아리랑의 대표적인 전승지이다. 정선아리랑제는 정선 아리랑의 문화적 가치를 전승하고자 1976년부터 시작되었다. 정선아리랑은 국내 아리랑 중 유일한 무형문화재이다. 정선에서는 이미 5천수 이상의 아리랑 가사가 채록되었고 지금도 끊임없이 창작, 전승되고 있다. 정선아리랑제에서는 어르신, 학생, 성인 등 다양한 사람들이 경창대회를 열고, 아리랑을 주제로한 인형극, 공연, 콘서트, 포럼이 열린다.",춤·음악 축제,https://minio.nculture.org/amsweb-opt/multimedia_assets/73/30127/16061/c/026_2019정선아리랑제-thumb.jpg,https://ncms.nculture.org/local-festival/story/323,강원특별자치도,정선군,강원도 정선군 정선읍 봉양리 112,민속체험 &한복체험,정선의 대표문화인 짚풀공예와 삼찌기 시현을 보고 한복 대여 체험을 통해 축제를 더욱 재밌게 즐길 수 있다.,20230101,"정선, 아리랑, 아라리, 문화예술, 무형문화재, 소리문화",F,쇼핑객/할인족,16,11,20231230
20231200308,알콩 볼콩 달콩 놀콩 '파주장단콩축제',"파주장단콩축제는 지역특산물인 파주장단콩을 홍보하고 소비를 촉진하기 위한 특산물축제이다. 장단콩은 임금님 수라상에 올랐던 명품 웰빙 식품이다. 파주장단콩 축제 프로그램은 ‘알콩?볼콩?달콩?놀콩’으로 구성된다. 알콩은 알리는 공간, 볼콩은 관람행사, 달콩은 음식을 맛볼 수 있는 공간, 놀콩은 다양한 체험 프로그램이다. 파주 장단콩과 파주농특산물을 저렴하게 구입할 수 있고, 놀거리와 먹을거리가 가득한 축제이다.",지역음식축제,https://minio.nculture.org/amsweb-opt/multimedia_assets/95/29776/14458/c/파주장단콩축제_20191123_114506-thumb.jpg,https://ncms.nculture.org/local-festival/story/241,경기도,파주시,경기도 파주시 문산읍 사목리 494-1,놀콩,"꼬마메주만들기, 도리깨블록쌓기, 콩타작, 전통혼례, 전통맷돌체험, 전통놀이체험 등 사람들에게 '놀'거리를 제공한다.",20230101,"파주, 장단콩, 추제, 특산물, 웰빙, 비무장지대",F,뉴스 & 정치/열렬한 뉴스 독자/연예 뉴스 매니아,16,11,20231230
20231200309,자갈치시장으로 놀러오세요! 부산자갈치문화관광축제,"부산자갈치문화관광축제는 부산광역시 중구 남포동 상인들이 남포동 발전추진위원회를 만들어 시작한 축제다. 1992년에 시작할 때는 자갈치수산물축제였는데, 전국 5대 축제에 선정된 1996년부터 이름을 부산자갈치문화관광축제로 바꾸었다. 10월에 같이 열리는 부산국제영화제, 부산 고등어축제, 동래읍성 역사축제 등의 축제들과 어우러져 시너지 효과를 내고 있는 축제이다.",지역음식축제,https://minio.nculture.org/amsweb-opt/multimedia_assets/136/30190/17057/c/082_2019-부산자갈치문화관광축제-thumb.jpg,https://ncms.nculture.org/local-festival/story/398,부산광역시,중구,부산 중구 남포동4가 37-1,도전! 세계 최대 회 비빔밥 만들기,매년 기네스 기록에 도전하는 세계 최대 회 비빔밥을 만드는 행사로 싱싱한 활어회를 넣는 것이 특징. 회 비빔밥은 축제를 찾아주신 관광객들에게 무료로 대접한다.,20230101,"자갈치시장, 용두산",M,스포츠 & 피트니스/스포츠 팬/축구 팬,16,11,20231230
20231200310,국내 유일의 보석축제 '익산보석대축제',"익산보석대축제는 보석을 주제로 다양한 체험과 판매, 전시 등이 진행되는 축제이다. 약 60개의 보석 전문 업체들이 선보이는 보석들을 만나볼 수 있을 뿐만 아니라 30퍼센트 특별할인가로 보석들을 저렴하게 구입할 수 있다. 이밖에 세계적인 수준의 ‘보석박물관’을 비롯한 주변의 관광명소를 둘러볼 수 있다.",이색축제,https://minio.nculture.org/amsweb-opt/multimedia_assets/114/30168/17035/c/061_2019-익산보석대축제-thumb.jpg,https://ncms.nculture.org/local-festival/story/357,전라북도,익산시,전라북도 익산시 왕궁면 동용리 541-1,30% 특별할인,24K 순금과 다이아몬드를 제외한 모든 보석류를 특별할인 30%가 된 가격에 구입할 수 있는 행사다.,20230101,"익산, 축제, 보석, 주얼팰리스, 보석박물관",F,음식 & 다이닝/요리 매니아/셰프 지망생,15,15,20231230
20231200311,국내 유일의 보석축제 '익산보석대축제',"익산보석대축제는 보석을 주제로 다양한 체험과 판매, 전시 등이 진행되는 축제이다. 약 60개의 보석 전문 업체들이 선보이는 보석들을 만나볼 수 있을 뿐만 아니라 30퍼센트 특별할인가로 보석들을 저렴하게 구입할 수 있다. 이밖에 세계적인 수준의 ‘보석박물관’을 비롯한 주변의 관광명소를 둘러볼 수 있다.",이색축제,https://minio.nculture.org/amsweb-opt/multimedia_assets/114/30168/17035/c/061_2019-익산보석대축제-thumb.jpg,https://ncms.nculture.org/local-festival/story/357,전라북도,익산시,전라북도 익산시 왕궁면 동용리 541-1,30% 특별할인,24K 순금과 다이아몬드를 제외한 모든 보석류를 특별할인 30%가 된 가격에 구입할 수 있는 행사다.,20230101,"익산, 축제, 보석, 주얼팰리스, 보석박물관",F,여행/여행 매니아,15,15,20231230
20231200312,허준이 태어난 강서구 가양동에서 열리는 허준축제,"허준축제는 서울특별시 강서구 가양동 허가바위를 중심으로 1999년부터 개최된 축제이다. 강서구는 허준이 태어난 옛 양천이고, 가양동 허가바위 일대는 허준이 『동의보감』을 저술한 지역이다. 조선시대 명의였던 허준을 기리고 동양최고의 의학서적인『동의보감』을 알리는 취지에서 개최된 이 축제에서는 진맥과 처방, 약초 구입 등을 할 수 있다.",지역인물축제,https://minio.nculture.org/amsweb-opt/multimedia_assets/163/30217/17130/c/106_-2019-허준축제-thumb.jpg,https://ncms.nculture.org/local-festival/story/810,서울특별시,강서구,서울 강서구 가양동 1471,강서미라클메디특구관(건강체험관),"한방을 중심으로 하는 건강 체험 프로그램으로 한의사들의 각종 건강 상담, 진료 및 시술 체험이 가능하다. 진맥은 물론 약침과 추나치료 등을 경험해 볼 수 있다.",20230101,"허준, 동의보감, 의성",M,스포츠 & 피트니스/스포츠 팬/축구 팬,15,15,20231230
20231200313,6만평 하늘공원에서 펼쳐지는 서울억새축제,"서울억새축제는2002년 쓰레기 매립장 난지도에서 월드컵 공원 환경생태공원으로 변화한 하늘공원에서 억새꽃이 피는10월에 개최되는 축제이다.난지도는 서울의 쓰레기 매립장이었으나 생태공원으로 조성되었고, 하늘공원을 만들 당시 전국 23개 도시의 억새를 가져다 심었다. 6만평 억새밭 사이로 난 23개의 길을 걸어보는 것도 좋은 경험이고, 밤에 억새밭에서 서울의 야경을 감상하는 것도 좋은 추억이 될 것이다.",자연축제,https://minio.nculture.org/amsweb-opt/multimedia_assets/87/29766/14271/c/서울억새축제2019-10-18-20.03.57-thumb.jpg,https://ncms.nculture.org/local-festival/story/488,서울특별시,마포구,서울 마포구 상암동 481-72,가을 음악공연,7080 포크송 및 인디밴드 버스킹 등 다양한 라이브 공연이 중앙무대에서 펼쳐진다.,20230101,"억새, 난지도, 하늘공원, 월드컵 공원, 가을바람따라",F,테크놀로지/기술애호가,15,14,20231230
20231200314,9가지 테마로 치즈를 즐겨봐요 '임실N치즈축제',"임실N치즈축제는 임실N치즈라는 임실만의 차별화된 콘텐츠를 활용한 체험형 관광축제이다. 임실은 벨기에에서 온 지정환 신부가 우리나라 최초로 농민들에게 치즈 만드는 기술을 가르쳐준 치즈 생산지이다. 임실N치즈축제는 ‘특별한 치즈(공연), 다함께 치즈(대동), 뽐내는 치즈(경연), 재미있는 치즈(체험), 맛깔난 치즈(음식), 볼만한 치즈(전시), 빛나는 치즈(야간), 더불어 치즈(문화), 마을 치즈(연계)’ 등의 9개 테마로 구성되어 있다.",지역음식축제,https://minio.nculture.org/amsweb-opt/multimedia_assets/88/30142/16082/c/036_2019-임실N치즈축제-thumb.jpg,https://ncms.nculture.org/local-festival/story/320,전라북도,임실군,전라북도 임실군 성수면 도인리 689,다함께 치즈,"국가대표 쌀 피자 만들기, 치즈요리 나눔행사, 가족대항 쭉쭉 늘려내 치즈 등 여러 체험들이 있어 가족, 친구, 연인과 함께 참여하여 추억을 쌓아보자.",20230101,"임실, 치즈, 축제, 특산물, 지정환 신부",F,미디어 & 엔터테인먼트/영화 애호가,15,14,20231230
20231200315,정조대왕 능행차를 시연하는 '수원화성문화제',수원화성문화제는 유네스코가 지정한 세계문화유산의 하나인 수원화성에서 개최되는 종합축제 성격의 향토문화제이다. 수원화성은 정조대왕이 그의 부친인 사도세자의 능을 수원 화산의 현륭원으로 옮긴 이후 축조한 성곽이다. 정조대왕의 지극했던 효심을 기리는 뜻도 담겨 있다. 수원화성문화제의 대표 행사는 ‘정조대왕 능행차 시연’으로 수 천명이 참가하여 장관을 이룬다.,전통·역사 축제,https://minio.nculture.org/amsweb-opt/multimedia_assets/17/72604/66135/c/JKH_0011-thumb.jpg,https://ncms.nculture.org/local-festival/story/344,경기도,수원시,경기도 수원시 팔달구 남창동 6-2,낙성연,"수원화성 준공을 기념하기 위해 벌여졌던 낙성연을 재현한 것이다. 궁중연희를 재현하고 헌선도, 무고를 선보이며 다양한 궁중연희를 직접 눈으로 볼 수 있다.",20230101,"수원, 화성, 축제, 정조대왕, 유네스코세계문화유산, 효심",F,은행 및 금융/열렬한 투자자,15,14,20231230
20231200316,"역사적 인물로써 홍길동을 기리는 축제, 장성 홍길동 축제","『홍길동전』의 주인공인 홍길동은 허구적 소설 속 인물인 동시에 역사적 실존인물로 인식된다. 황윤석이 쓴 『중보해동이적』의 기록을 토대로 장성군 황룡면 아곡1리 아치실에 생가터를 복원했고, 캐릭터 개발 등의 육성사업이 실시되었다. 이를 토대로 1999년부터 매년 5월 5일 어린이날을 전후해서 장성에서는 홍길동 축제가 열린다. 홍길동 추모제를 시작으로 전국 홍길동 선발대회, 홍길동 부활 축하공연, 황룡강 홍 길동무 꽃길축제 등이 열린다.",지역인물축제,https://minio.nculture.org/amsweb-opt/multimedia_assets/174/30228/17141/c/119_-2019-장성홍길동축제(장성-황룡강-홍길동무-꽃길-축제)-thumb.jpg,https://ncms.nculture.org/local-festival/story/102,전라남도,장성군,전남 장성군 황룡면 아곡리 365-1,버스킹 라이브,주말이면 생태공원 내 곳곳에서 문화예술인과 버스킹 공연팀의 다양한 라이브 음악을 만나볼 수 있다.,20230101,"장성, 홍길동, 테마파크, 탄생지",F,뉴스 & 정치/열렬한 뉴스 독자/연예 뉴스 매니아,15,14,20231230
20231200317,6만평 하늘공원에서 펼쳐지는 서울억새축제,"서울억새축제는2002년 쓰레기 매립장 난지도에서 월드컵 공원 환경생태공원으로 변화한 하늘공원에서 억새꽃이 피는10월에 개최되는 축제이다.난지도는 서울의 쓰레기 매립장이었으나 생태공원으로 조성되었고, 하늘공원을 만들 당시 전국 23개 도시의 억새를 가져다 심었다. 6만평 억새밭 사이로 난 23개의 길을 걸어보는 것도 좋은 경험이고, 밤에 억새밭에서 서울의 야경을 감상하는 것도 좋은 추억이 될 것이다.",자연축제,https://minio.nculture.org/amsweb-opt/multimedia_assets/87/29766/14271/c/서울억새축제2019-10-18-20.03.57-thumb.jpg,https://ncms.nculture.org/local-festival/story/488,서울특별시,마포구,서울 마포구 상암동 481-72,가을 음악공연,7080 포크송 및 인디밴드 버스킹 등 다양한 라이브 공연이 중앙무대에서 펼쳐진다.,20230101,"억새, 난지도, 하늘공원, 월드컵 공원, 가을바람따라",M,미디어 & 엔터테인먼트/게이머/롤플레잉 게임 팬,15,13,20231230
20231200318,6만평 하늘공원에서 펼쳐지는 서울억새축제,"서울억새축제는2002년 쓰레기 매립장 난지도에서 월드컵 공원 환경생태공원으로 변화한 하늘공원에서 억새꽃이 피는10월에 개최되는 축제이다.난지도는 서울의 쓰레기 매립장이었으나 생태공원으로 조성되었고, 하늘공원을 만들 당시 전국 23개 도시의 억새를 가져다 심었다. 6만평 억새밭 사이로 난 23개의 길을 걸어보는 것도 좋은 경험이고, 밤에 억새밭에서 서울의 야경을 감상하는 것도 좋은 추억이 될 것이다.",자연축제,https://minio.nculture.org/amsweb-opt/multimedia_assets/87/29766/14271/c/서울억새축제2019-10-18-20.03.57-thumb.jpg,https://ncms.nculture.org/local-festival/story/488,서울특별시,마포구,서울 마포구 상암동 481-72,가을 음악공연,7080 포크송 및 인디밴드 버스킹 등 다양한 라이브 공연이 중앙무대에서 펼쳐진다.,20230101,"억새, 난지도, 하늘공원, 월드컵 공원, 가을바람따라",F,쇼핑객/쇼핑 애호가,15,13,20231230
20231200319,6만평 하늘공원에서 펼쳐지는 서울억새축제,"서울억새축제는2002년 쓰레기 매립장 난지도에서 월드컵 공원 환경생태공원으로 변화한 하늘공원에서 억새꽃이 피는10월에 개최되는 축제이다.난지도는 서울의 쓰레기 매립장이었으나 생태공원으로 조성되었고, 하늘공원을 만들 당시 전국 23개 도시의 억새를 가져다 심었다. 6만평 억새밭 사이로 난 23개의 길을 걸어보는 것도 좋은 경험이고, 밤에 억새밭에서 서울의 야경을 감상하는 것도 좋은 추억이 될 것이다.",자연축제,https://minio.nculture.org/amsweb-opt/multimedia_assets/87/29766/14271/c/서울억새축제2019-10-18-20.03.57-thumb.jpg,https://ncms.nculture.org/local-festival/story/488,서울특별시,마포구,서울 마포구 상암동 481-72,가을 음악공연,7080 포크송 및 인디밴드 버스킹 등 다양한 라이브 공연이 중앙무대에서 펼쳐진다.,20230101,"억새, 난지도, 하늘공원, 월드컵 공원, 가을바람따라",F,스포츠 & 피트니스/건강 및 피트니스,15,13,20231230
20231200320,가을의 절정에서 단풍을 즐기는 장성백양단풍축제,"장성백양단풍축제는 전라남도 장성에 있는 백암산과 백양사의 아름다운 가을 단풍을 선보이는 축제다. 1996년부터 개최되었고, 단풍이 절정에 이르는 시기를 택해 매년 10월 말 ~ 11월 초에 개최된다. 백암산은 내장산 국립공원에 속한다. 백양사는 백암산 동쪽에 있는 절로 백제 무왕 때 세워졌는데, 백양사라고 불린 이유는 조선 숙종 때 환양선사가 설법하던 도중 백양 한 마리가 내려와 설법을 듣고 신이 되어 하늘로 올라갔기 때문이라고 한다. 장성백양단풍축제는 가을의 절정에서 자연의 멋을 느낄 수 있는 축제이다.",자연축제,https://minio.nculture.org/amsweb-opt/multimedia_assets/170/30224/17137/c/115_-2019-장성백양단풍축제-thumb.jpg,https://ncms.nculture.org/local-festival/story/494,전라남도,장성군,전남 장성군 북이면 사거리 656-5,단풍숲 거리공연,"쌍계루, 일광정에서 통기타 공연부터 국악, 클래식, 팝페라, 버스킹, 포크 콘서트까지 다양한 장르의 공연이 열린다.",20230101,"백양사, 백암산, 단풍, 정토사",F,라이프스타일 & 취미/사진광,15,13,20231230
20231200321,"여자만 갯벌의 보물을 캐자, ‘벌교꼬막축제’","전라남도 벌교의 갯벌은 미세한 진흙으로 이루어져 있고, 모래가 섞이지 않고, 오염되지 않아 꼬막 서식의 최적지이다. 일찍이 넓은 여자만 갯벌에 꼬막 양식을 시작했다. 많은 양의 꼬막을 채취하기 위해 널배와 특별히 제작된 꼬막채취 도구를 이용하는데, '벌교의 널배를 이용한 꼬막 채취’는 2016년 국가중요어업유산 2호로 지정되었다. 대표적인 꼬막 양식지인 벌교읍과 대포리에서 2001년부터 매년 11월에 꼬막을 주제로 수산물 축제를 연다.",지역음식축제,https://minio.nculture.org/amsweb-opt/multimedia_assets/85/29764/14282/c/%EB%B2%8C%EA%B5%90%EA%BC%AC%EB%A7%89%EC%B6%95%EC%A0%9C2019-11-02-16.37.44-thumb.jpg,https://ncms.nculture.org/local-festival/story/99,전라남도,보성군,전라남도 보성군 벌교읍 벌교천1길 19,꼬막체험행사,"진석리 갯벌에서 펼쳐지는 꼬막과 관련한 다양한 체험 행사를 만나볼 수 있다. 꼬막 잡기, 까기, 던지기는 물론 갯벌달리기, 널배타기 등으로 구성되어 있다.",20230101,"꼬막, 개펄, 꼬막무침, 생꼬막",F,음식 & 다이닝/자주 외식/끼니별 외식/저녁 외식을 주로하는 사람,15,13,20231230
20231200322,"여자만 갯벌의 보물을 캐자, ‘벌교꼬막축제’","전라남도 벌교의 갯벌은 미세한 진흙으로 이루어져 있고, 모래가 섞이지 않고, 오염되지 않아 꼬막 서식의 최적지이다. 일찍이 넓은 여자만 갯벌에 꼬막 양식을 시작했다. 많은 양의 꼬막을 채취하기 위해 널배와 특별히 제작된 꼬막채취 도구를 이용하는데, '벌교의 널배를 이용한 꼬막 채취’는 2016년 국가중요어업유산 2호로 지정되었다. 대표적인 꼬막 양식지인 벌교읍과 대포리에서 2001년부터 매년 11월에 꼬막을 주제로 수산물 축제를 연다.",지역음식축제,https://minio.nculture.org/amsweb-opt/multimedia_assets/85/29764/14282/c/%EB%B2%8C%EA%B5%90%EA%BC%AC%EB%A7%89%EC%B6%95%EC%A0%9C2019-11-02-16.37.44-thumb.jpg,https://ncms.nculture.org/local-festival/story/99,전라남도,보성군,전라남도 보성군 벌교읍 벌교천1길 19,꼬막체험행사,"진석리 갯벌에서 펼쳐지는 꼬막과 관련한 다양한 체험 행사를 만나볼 수 있다. 꼬막 잡기, 까기, 던지기는 물론 갯벌달리기, 널배타기 등으로 구성되어 있다.",20230101,"꼬막, 개펄, 꼬막무침, 생꼬막",F,음식 & 다이닝/자주 외식/끼니별 외식/점심 외식을 주로하는 사람,15,13,20231230
20231200323,"여자만 갯벌의 보물을 캐자, ‘벌교꼬막축제’","전라남도 벌교의 갯벌은 미세한 진흙으로 이루어져 있고, 모래가 섞이지 않고, 오염되지 않아 꼬막 서식의 최적지이다. 일찍이 넓은 여자만 갯벌에 꼬막 양식을 시작했다. 많은 양의 꼬막을 채취하기 위해 널배와 특별히 제작된 꼬막채취 도구를 이용하는데, '벌교의 널배를 이용한 꼬막 채취’는 2016년 국가중요어업유산 2호로 지정되었다. 대표적인 꼬막 양식지인 벌교읍과 대포리에서 2001년부터 매년 11월에 꼬막을 주제로 수산물 축제를 연다.",지역음식축제,https://minio.nculture.org/amsweb-opt/multimedia_assets/85/29764/14282/c/%EB%B2%8C%EA%B5%90%EA%BC%AC%EB%A7%89%EC%B6%95%EC%A0%9C2019-11-02-16.37.44-thumb.jpg,https://ncms.nculture.org/local-festival/story/99,전라남도,보성군,전라남도 보성군 벌교읍 벌교천1길 19,꼬막체험행사,"진석리 갯벌에서 펼쳐지는 꼬막과 관련한 다양한 체험 행사를 만나볼 수 있다. 꼬막 잡기, 까기, 던지기는 물론 갯벌달리기, 널배타기 등으로 구성되어 있다.",20230101,"꼬막, 개펄, 꼬막무침, 생꼬막",F,스포츠 & 피트니스/건강 및 피트니스,15,13,20231230
20231200324,우리나라의 대표적인 아리랑 '정선아리랑제',"정선은 아리랑의 대표적인 전승지이다. 정선아리랑제는 정선 아리랑의 문화적 가치를 전승하고자 1976년부터 시작되었다. 정선아리랑은 국내 아리랑 중 유일한 무형문화재이다. 정선에서는 이미 5천수 이상의 아리랑 가사가 채록되었고 지금도 끊임없이 창작, 전승되고 있다. 정선아리랑제에서는 어르신, 학생, 성인 등 다양한 사람들이 경창대회를 열고, 아리랑을 주제로한 인형극, 공연, 콘서트, 포럼이 열린다.",춤·음악 축제,https://minio.nculture.org/amsweb-opt/multimedia_assets/73/30127/16061/c/026_2019정선아리랑제-thumb.jpg,https://ncms.nculture.org/local-festival/story/323,강원특별자치도,정선군,강원도 정선군 정선읍 봉양리 112,민속체험 &한복체험,정선의 대표문화인 짚풀공예와 삼찌기 시현을 보고 한복 대여 체험을 통해 축제를 더욱 재밌게 즐길 수 있다.,20230101,"정선, 아리랑, 아라리, 문화예술, 무형문화재, 소리문화",F,미디어 & 엔터테인먼트/음악 애호가/클래식 애호가,15,12,20231230
20231200325,정조대왕 능행차를 시연하는 '수원화성문화제',수원화성문화제는 유네스코가 지정한 세계문화유산의 하나인 수원화성에서 개최되는 종합축제 성격의 향토문화제이다. 수원화성은 정조대왕이 그의 부친인 사도세자의 능을 수원 화산의 현륭원으로 옮긴 이후 축조한 성곽이다. 정조대왕의 지극했던 효심을 기리는 뜻도 담겨 있다. 수원화성문화제의 대표 행사는 ‘정조대왕 능행차 시연’으로 수 천명이 참가하여 장관을 이룬다.,전통·역사 축제,https://minio.nculture.org/amsweb-opt/multimedia_assets/17/72604/66135/c/JKH_0011-thumb.jpg,https://ncms.nculture.org/local-festival/story/344,경기도,수원시,경기도 수원시 팔달구 남창동 6-2,낙성연,"수원화성 준공을 기념하기 위해 벌여졌던 낙성연을 재현한 것이다. 궁중연희를 재현하고 헌선도, 무고를 선보이며 다양한 궁중연희를 직접 눈으로 볼 수 있다.",20230101,"수원, 화성, 축제, 정조대왕, 유네스코세계문화유산, 효심",F,스포츠 & 피트니스/스포츠 팬/축구 팬,15,12,20231230
20231200326,자갈치시장으로 놀러오세요! 부산자갈치문화관광축제,"부산자갈치문화관광축제는 부산광역시 중구 남포동 상인들이 남포동 발전추진위원회를 만들어 시작한 축제다. 1992년에 시작할 때는 자갈치수산물축제였는데, 전국 5대 축제에 선정된 1996년부터 이름을 부산자갈치문화관광축제로 바꾸었다. 10월에 같이 열리는 부산국제영화제, 부산 고등어축제, 동래읍성 역사축제 등의 축제들과 어우러져 시너지 효과를 내고 있는 축제이다.",지역음식축제,https://minio.nculture.org/amsweb-opt/multimedia_assets/136/30190/17057/c/082_2019-부산자갈치문화관광축제-thumb.jpg,https://ncms.nculture.org/local-festival/story/398,부산광역시,중구,부산 중구 남포동4가 37-1,도전! 세계 최대 회 비빔밥 만들기,매년 기네스 기록에 도전하는 세계 최대 회 비빔밥을 만드는 행사로 싱싱한 활어회를 넣는 것이 특징. 회 비빔밥은 축제를 찾아주신 관광객들에게 무료로 대접한다.,20230101,"자갈치시장, 용두산",M,미디어 & 엔터테인먼트/음악 애호가/팝 음악 팬,15,11,20231230
20231200327,정조대왕 능행차를 시연하는 '수원화성문화제',수원화성문화제는 유네스코가 지정한 세계문화유산의 하나인 수원화성에서 개최되는 종합축제 성격의 향토문화제이다. 수원화성은 정조대왕이 그의 부친인 사도세자의 능을 수원 화산의 현륭원으로 옮긴 이후 축조한 성곽이다. 정조대왕의 지극했던 효심을 기리는 뜻도 담겨 있다. 수원화성문화제의 대표 행사는 ‘정조대왕 능행차 시연’으로 수 천명이 참가하여 장관을 이룬다.,전통·역사 축제,https://minio.nculture.org/amsweb-opt/multimedia_assets/17/72604/66135/c/JKH_0011-thumb.jpg,https://ncms.nculture.org/local-festival/story/344,경기도,수원시,경기도 수원시 팔달구 남창동 6-2,낙성연,"수원화성 준공을 기념하기 위해 벌여졌던 낙성연을 재현한 것이다. 궁중연희를 재현하고 헌선도, 무고를 선보이며 다양한 궁중연희를 직접 눈으로 볼 수 있다.",20230101,"수원, 화성, 축제, 정조대왕, 유네스코세계문화유산, 효심",M,뉴스 & 정치/열렬한 뉴스 독자/연예 뉴스 매니아,14,14,20231230
20231200328,허준이 태어난 강서구 가양동에서 열리는 허준축제,"허준축제는 서울특별시 강서구 가양동 허가바위를 중심으로 1999년부터 개최된 축제이다. 강서구는 허준이 태어난 옛 양천이고, 가양동 허가바위 일대는 허준이 『동의보감』을 저술한 지역이다. 조선시대 명의였던 허준을 기리고 동양최고의 의학서적인『동의보감』을 알리는 취지에서 개최된 이 축제에서는 진맥과 처방, 약초 구입 등을 할 수 있다.",지역인물축제,https://minio.nculture.org/amsweb-opt/multimedia_assets/163/30217/17130/c/106_-2019-허준축제-thumb.jpg,https://ncms.nculture.org/local-festival/story/810,서울특별시,강서구,서울 강서구 가양동 1471,강서미라클메디특구관(건강체험관),"한방을 중심으로 하는 건강 체험 프로그램으로 한의사들의 각종 건강 상담, 진료 및 시술 체험이 가능하다. 진맥은 물론 약침과 추나치료 등을 경험해 볼 수 있다.",20230101,"허준, 동의보감, 의성",M,뉴스 & 정치/열렬한 뉴스 독자/연예 뉴스 매니아,14,14,20231230
20231200329,율곡 이이 선생을 추모하는 율곡문화제,"파주시에서는 파주가 낳은 대표적인 조선 중기 유학의 거장인 율곡 이이(1536~1584) 유적지인 자운서원과 법원읍 동문리 일원에서 이이 선생을 추모하고, 기념하는 축제가 열린다. 1987년부터 율곡 선생을 추모하는 축제의 장을 통해, 아홉차례 과거에 모두 장원했던 구도장원공 율곡의 학문을 뒤쫓아가보는 유가행렬재연, 독서토론회, 학술행사 등이 열리며 전통 연희, 역사 토크 콘서트, 바둑대회 등 품격있는 행사를 파주시민들이 함께 한다.",지역인물축제,https://minio.nculture.org/amsweb-opt/multimedia_assets/232/30286/18380/c/185_-제-31회-율곡문화제-thumb.jpg,https://ncms.nculture.org/local-festival/story/111,경기도,파주시,경기 파주시 와동동 1412,사임당 미술제,"사생대회, 휘호대회 두 분야로 진행된다. 유치부에서 고등부까지의 참여가 가능하며 대상, 금상, 은상, 동상, 특선, 입선으로 나눠 상장과 소정의 상품이 수여된다.",20230101,"율곡, 자운서원, 이이유적지",M,뉴스 & 정치/열렬한 뉴스 독자/연예 뉴스 매니아,14,14,20231230
20231200330,6만평 하늘공원에서 펼쳐지는 서울억새축제,"서울억새축제는2002년 쓰레기 매립장 난지도에서 월드컵 공원 환경생태공원으로 변화한 하늘공원에서 억새꽃이 피는10월에 개최되는 축제이다.난지도는 서울의 쓰레기 매립장이었으나 생태공원으로 조성되었고, 하늘공원을 만들 당시 전국 23개 도시의 억새를 가져다 심었다. 6만평 억새밭 사이로 난 23개의 길을 걸어보는 것도 좋은 경험이고, 밤에 억새밭에서 서울의 야경을 감상하는 것도 좋은 추억이 될 것이다.",자연축제,https://minio.nculture.org/amsweb-opt/multimedia_assets/87/29766/14271/c/서울억새축제2019-10-18-20.03.57-thumb.jpg,https://ncms.nculture.org/local-festival/story/488,서울특별시,마포구,서울 마포구 상암동 481-72,가을 음악공연,7080 포크송 및 인디밴드 버스킹 등 다양한 라이브 공연이 중앙무대에서 펼쳐진다.,20230101,"억새, 난지도, 하늘공원, 월드컵 공원, 가을바람따라",F,음식 & 다이닝/자주 외식/끼니별 외식/저녁 외식을 주로하는 사람,14,13,20231230
20231200331,6만평 하늘공원에서 펼쳐지는 서울억새축제,"서울억새축제는2002년 쓰레기 매립장 난지도에서 월드컵 공원 환경생태공원으로 변화한 하늘공원에서 억새꽃이 피는10월에 개최되는 축제이다.난지도는 서울의 쓰레기 매립장이었으나 생태공원으로 조성되었고, 하늘공원을 만들 당시 전국 23개 도시의 억새를 가져다 심었다. 6만평 억새밭 사이로 난 23개의 길을 걸어보는 것도 좋은 경험이고, 밤에 억새밭에서 서울의 야경을 감상하는 것도 좋은 추억이 될 것이다.",자연축제,https://minio.nculture.org/amsweb-opt/multimedia_assets/87/29766/14271/c/서울억새축제2019-10-18-20.03.57-thumb.jpg,https://ncms.nculture.org/local-festival/story/488,서울특별시,마포구,서울 마포구 상암동 481-72,가을 음악공연,7080 포크송 및 인디밴드 버스킹 등 다양한 라이브 공연이 중앙무대에서 펼쳐진다.,20230101,"억새, 난지도, 하늘공원, 월드컵 공원, 가을바람따라",F,미디어 & 엔터테인먼트/만화 & 애니메이션 팬,14,13,20231230
20231200332,6만평 하늘공원에서 펼쳐지는 서울억새축제,"서울억새축제는2002년 쓰레기 매립장 난지도에서 월드컵 공원 환경생태공원으로 변화한 하늘공원에서 억새꽃이 피는10월에 개최되는 축제이다.난지도는 서울의 쓰레기 매립장이었으나 생태공원으로 조성되었고, 하늘공원을 만들 당시 전국 23개 도시의 억새를 가져다 심었다. 6만평 억새밭 사이로 난 23개의 길을 걸어보는 것도 좋은 경험이고, 밤에 억새밭에서 서울의 야경을 감상하는 것도 좋은 추억이 될 것이다.",자연축제,https://minio.nculture.org/amsweb-opt/multimedia_assets/87/29766/14271/c/서울억새축제2019-10-18-20.03.57-thumb.jpg,https://ncms.nculture.org/local-festival/story/488,서울특별시,마포구,서울 마포구 상암동 481-72,가을 음악공연,7080 포크송 및 인디밴드 버스킹 등 다양한 라이브 공연이 중앙무대에서 펼쳐진다.,20230101,"억새, 난지도, 하늘공원, 월드컵 공원, 가을바람따라",F,스포츠 & 피트니스/스포츠 팬/야구 팬,14,13,20231230
20231200333,9가지 테마로 치즈를 즐겨봐요 '임실N치즈축제',"임실N치즈축제는 임실N치즈라는 임실만의 차별화된 콘텐츠를 활용한 체험형 관광축제이다. 임실은 벨기에에서 온 지정환 신부가 우리나라 최초로 농민들에게 치즈 만드는 기술을 가르쳐준 치즈 생산지이다. 임실N치즈축제는 ‘특별한 치즈(공연), 다함께 치즈(대동), 뽐내는 치즈(경연), 재미있는 치즈(체험), 맛깔난 치즈(음식), 볼만한 치즈(전시), 빛나는 치즈(야간), 더불어 치즈(문화), 마을 치즈(연계)’ 등의 9개 테마로 구성되어 있다.",지역음식축제,https://minio.nculture.org/amsweb-opt/multimedia_assets/88/30142/16082/c/036_2019-임실N치즈축제-thumb.jpg,https://ncms.nculture.org/local-festival/story/320,전라북도,임실군,전라북도 임실군 성수면 도인리 689,다함께 치즈,"국가대표 쌀 피자 만들기, 치즈요리 나눔행사, 가족대항 쭉쭉 늘려내 치즈 등 여러 체험들이 있어 가족, 친구, 연인과 함께 참여하여 추억을 쌓아보자.",20230101,"임실, 치즈, 축제, 특산물, 지정환 신부",F,미디어 & 엔터테인먼트/TV 대중 시청자,14,13,20231230
20231200334,9가지 테마로 치즈를 즐겨봐요 '임실N치즈축제',"임실N치즈축제는 임실N치즈라는 임실만의 차별화된 콘텐츠를 활용한 체험형 관광축제이다. 임실은 벨기에에서 온 지정환 신부가 우리나라 최초로 농민들에게 치즈 만드는 기술을 가르쳐준 치즈 생산지이다. 임실N치즈축제는 ‘특별한 치즈(공연), 다함께 치즈(대동), 뽐내는 치즈(경연), 재미있는 치즈(체험), 맛깔난 치즈(음식), 볼만한 치즈(전시), 빛나는 치즈(야간), 더불어 치즈(문화), 마을 치즈(연계)’ 등의 9개 테마로 구성되어 있다.",지역음식축제,https://minio.nculture.org/amsweb-opt/multimedia_assets/88/30142/16082/c/036_2019-임실N치즈축제-thumb.jpg,https://ncms.nculture.org/local-festival/story/320,전라북도,임실군,전라북도 임실군 성수면 도인리 689,다함께 치즈,"국가대표 쌀 피자 만들기, 치즈요리 나눔행사, 가족대항 쭉쭉 늘려내 치즈 등 여러 체험들이 있어 가족, 친구, 연인과 함께 참여하여 추억을 쌓아보자.",20230101,"임실, 치즈, 축제, 특산물, 지정환 신부",F,미디어 & 엔터테인먼트/음악 애호가/월드 뮤직 팬,14,13,20231230
20231200335,9가지 테마로 치즈를 즐겨봐요 '임실N치즈축제',"임실N치즈축제는 임실N치즈라는 임실만의 차별화된 콘텐츠를 활용한 체험형 관광축제이다. 임실은 벨기에에서 온 지정환 신부가 우리나라 최초로 농민들에게 치즈 만드는 기술을 가르쳐준 치즈 생산지이다. 임실N치즈축제는 ‘특별한 치즈(공연), 다함께 치즈(대동), 뽐내는 치즈(경연), 재미있는 치즈(체험), 맛깔난 치즈(음식), 볼만한 치즈(전시), 빛나는 치즈(야간), 더불어 치즈(문화), 마을 치즈(연계)’ 등의 9개 테마로 구성되어 있다.",지역음식축제,https://minio.nculture.org/amsweb-opt/multimedia_assets/88/30142/16082/c/036_2019-임실N치즈축제-thumb.jpg,https://ncms.nculture.org/local-festival/story/320,전라북도,임실군,전라북도 임실군 성수면 도인리 689,다함께 치즈,"국가대표 쌀 피자 만들기, 치즈요리 나눔행사, 가족대항 쭉쭉 늘려내 치즈 등 여러 체험들이 있어 가족, 친구, 연인과 함께 참여하여 추억을 쌓아보자.",20230101,"임실, 치즈, 축제, 특산물, 지정환 신부",M,뉴스 & 정치/열렬한 뉴스 독자/연예 뉴스 매니아,14,13,20231230
20231200336,국내 유일의 보석축제 '익산보석대축제',"익산보석대축제는 보석을 주제로 다양한 체험과 판매, 전시 등이 진행되는 축제이다. 약 60개의 보석 전문 업체들이 선보이는 보석들을 만나볼 수 있을 뿐만 아니라 30퍼센트 특별할인가로 보석들을 저렴하게 구입할 수 있다. 이밖에 세계적인 수준의 ‘보석박물관’을 비롯한 주변의 관광명소를 둘러볼 수 있다.",이색축제,https://minio.nculture.org/amsweb-opt/multimedia_assets/114/30168/17035/c/061_2019-익산보석대축제-thumb.jpg,https://ncms.nculture.org/local-festival/story/357,전라북도,익산시,전라북도 익산시 왕궁면 동용리 541-1,30% 특별할인,24K 순금과 다이아몬드를 제외한 모든 보석류를 특별할인 30%가 된 가격에 구입할 수 있는 행사다.,20230101,"익산, 축제, 보석, 주얼팰리스, 보석박물관",M,뉴스 & 정치/열렬한 뉴스 독자/연예 뉴스 매니아,14,13,20231230
20231200337,6만평 하늘공원에서 펼쳐지는 서울억새축제,"서울억새축제는2002년 쓰레기 매립장 난지도에서 월드컵 공원 환경생태공원으로 변화한 하늘공원에서 억새꽃이 피는10월에 개최되는 축제이다.난지도는 서울의 쓰레기 매립장이었으나 생태공원으로 조성되었고, 하늘공원을 만들 당시 전국 23개 도시의 억새를 가져다 심었다. 6만평 억새밭 사이로 난 23개의 길을 걸어보는 것도 좋은 경험이고, 밤에 억새밭에서 서울의 야경을 감상하는 것도 좋은 추억이 될 것이다.",자연축제,https://minio.nculture.org/amsweb-opt/multimedia_assets/87/29766/14271/c/서울억새축제2019-10-18-20.03.57-thumb.jpg,https://ncms.nculture.org/local-festival/story/488,서울특별시,마포구,서울 마포구 상암동 481-72,가을 음악공연,7080 포크송 및 인디밴드 버스킹 등 다양한 라이브 공연이 중앙무대에서 펼쳐진다.,20230101,"억새, 난지도, 하늘공원, 월드컵 공원, 가을바람따라",M,음식 & 다이닝/식도락가,14,12,20231230
20231200338,우리 김장문화를 널리 알리는 '광주세계김치축제',"우리나라 김장문화는 2013년 유네스코 인류무형유산으로 등재되었다. 광주세계김치축제는 국내 유일의 김치테마 축제로, 김치의 우수성과 우리나라의 다양한 김치를 세계에 널리 알리는 행사이다. 광주세계김치축제는 김치와 관련된 각종 경연대회와 문화행사로 이루어져 있다. 그리고 시중가보다 저렴한 가격에 김치와 김치 재료 등을 살 수 있으며 각종 먹을거리도 맛볼 수 있다.",지역음식축제,https://minio.nculture.org/amsweb-opt/multimedia_assets/129/30183/17050/c/076_2019광주세계김치축제-thumb.jpg,https://ncms.nculture.org/local-festival/story/170,광주광역시,남구,광주광역시 남구 임암동 김치로 60,광주 김치의 날,"광주김치의 모습을 미디어 영상, 음악, 댄스, 레이저, 드론으로 표현한 공식퍼포먼스이다. 초대가수가 있으며 김치사랑 버스킹이 상시 진행된다.",20230101,"광주, 김치, 유네스코, 축제, 고려인",F,미디어 & 엔터테인먼트/영화 애호가,14,12,20231230
20231200339,합천팔만대장경축제,합천팔만대장경축제는 유네스코 세계기록유산으로 지정된 팔만대장경을 주제로 2001년부터 개최된 불교문화 축제이다. 합천팔만대장경축제에서는 특별행사로 600여 년 전 대장경판을 강화도 선원사에서 합천군 해인사로 옮겨오는 모습을 재현한 이운행사가 열린다.,전통·역사 축제,,https://ncms.nculture.org/local-festival/story/1180,경상남도,합천군,경남 합천군 가야면 해인사길 122,대장경 이운식,"조선시대 문무백관과 호위 무사로 변장한 합천 군민과 불교 승려들이 팔만대장경을 머리에 이거나 지게, 소달구지 등을 이용해 서울에서 해인사로 대장경을 옮기던 장면을 연출한다.",20230101,"해인사, 팔만대장경, 몽골, 초조대장경",M,뉴스 & 정치/열렬한 뉴스 독자/연예 뉴스 매니아,14,12,20231230
20231200340,박연을 기리는 영동난계국악축제,"대한민국의 3대 악성(樂聖)을 왕산악(고구려), 우륵(신라), 박연(조선)이라고 한다. 영동지역에서 펼쳐지는 국악축제인 ‘영동난계국악축제’는 3대 악성 가운데 박연을 기리는 전국유일의 국악축제다. 난계는 박연의 아호다. 1965년 시작할 때의 이름은 난계예술제로, 경연대회 정도의 성격이었다가 1975년 전국적인 축제로 발전한다. 난계국악축제라는 명칭으로의 변화는 1998년부터이다.",춤·음악 축제,https://minio.nculture.org/amsweb-opt/multimedia_assets/215/30268/17183/c/166_-2019-영동난계국악축제-thumb.jpg,https://ncms.nculture.org/local-festival/story/401,충청북도,영동군,충청북도 영동군 영동읍 중앙로 11,국악기 제작 및 연주 체험,"다양한 국악기를 직접 연주해보고 전통 방식의 대금, 장구, 북 등의 만들기를 누구나 직접 체험해 볼 수 있다.",20230101,"박연, 난계사, 국악",F,쇼핑객/쇼핑 애호가,14,11,20231230
20231200341,가을의 절정에서 단풍을 즐기는 장성백양단풍축제,"장성백양단풍축제는 전라남도 장성에 있는 백암산과 백양사의 아름다운 가을 단풍을 선보이는 축제다. 1996년부터 개최되었고, 단풍이 절정에 이르는 시기를 택해 매년 10월 말 ~ 11월 초에 개최된다. 백암산은 내장산 국립공원에 속한다. 백양사는 백암산 동쪽에 있는 절로 백제 무왕 때 세워졌는데, 백양사라고 불린 이유는 조선 숙종 때 환양선사가 설법하던 도중 백양 한 마리가 내려와 설법을 듣고 신이 되어 하늘로 올라갔기 때문이라고 한다. 장성백양단풍축제는 가을의 절정에서 자연의 멋을 느낄 수 있는 축제이다.",자연축제,https://minio.nculture.org/amsweb-opt/multimedia_assets/170/30224/17137/c/115_-2019-장성백양단풍축제-thumb.jpg,https://ncms.nculture.org/local-festival/story/494,전라남도,장성군,전남 장성군 북이면 사거리 656-5,단풍숲 거리공연,"쌍계루, 일광정에서 통기타 공연부터 국악, 클래식, 팝페라, 버스킹, 포크 콘서트까지 다양한 장르의 공연이 열린다.",20230101,"백양사, 백암산, 단풍, 정토사",F,라이프스타일 & 취미/비즈니스 전문가,14,11,20231230
20231200342,정조대왕 능행차를 시연하는 '수원화성문화제',수원화성문화제는 유네스코가 지정한 세계문화유산의 하나인 수원화성에서 개최되는 종합축제 성격의 향토문화제이다. 수원화성은 정조대왕이 그의 부친인 사도세자의 능을 수원 화산의 현륭원으로 옮긴 이후 축조한 성곽이다. 정조대왕의 지극했던 효심을 기리는 뜻도 담겨 있다. 수원화성문화제의 대표 행사는 ‘정조대왕 능행차 시연’으로 수 천명이 참가하여 장관을 이룬다.,전통·역사 축제,https://minio.nculture.org/amsweb-opt/multimedia_assets/17/72604/66135/c/JKH_0011-thumb.jpg,https://ncms.nculture.org/local-festival/story/344,경기도,수원시,경기도 수원시 팔달구 남창동 6-2,낙성연,"수원화성 준공을 기념하기 위해 벌여졌던 낙성연을 재현한 것이다. 궁중연희를 재현하고 헌선도, 무고를 선보이며 다양한 궁중연희를 직접 눈으로 볼 수 있다.",20230101,"수원, 화성, 축제, 정조대왕, 유네스코세계문화유산, 효심",F,미디어 & 엔터테인먼트/TV 대중 시청자,14,11,20231230
20231200343,한국의 대표적인 겨울축제 '얼음나라화천산천어축제',"산천어는 냉수성 토종 민물고기로 1급수의 맑은 계곡에서만 서식한다. 얼음나라화천산천어축제의 백미는 산천어 낚시이다. 한겨울 매서운 추위로 30cm이상 꽁꽁 언 화천천 위에서 얼음구멍을 뚫고 1급수에서만 서식하는 산천어를 낚는 것이 얼음낚시이다. 산천어 낚시는 1일 최대 8,000명을 동시에 수용할 수 있는 ‘산천어 얼음낚시’, 1일 최대 1,000명을 동시에 수용할 수 있는 ‘외국인 얼음낚시’, 1일 최대 2,000명을 동시에 수용할 수 있는 ‘산천어 밤낚시(야간)’가 있다. 세계 4대 겨울축제로 발돋움하며 외국인 관광객의 비율이 높아졌고, 눈썰매장, 산타우체국 등 가족들이 즐길거리도 많다.",자연축제,https://minio.nculture.org/amsweb-opt/multimedia_assets/75/30128/16067/c/027_2020-얼음나라-화천산천어축제-thumb.jpg,https://ncms.nculture.org/local-festival/story/310,강원특별자치도,화천군,강원 화천군 화천읍 아리 204-1,눈얼음체험,"얼곰이성, 눈썰매장, 콩닥콩닥 봅슬레이, 하늘가르기 등 다양한 빙판스포츠와 활동을 체험해볼 수 있다.",20230101,"얼음, 화천, 산천어, 축제, 화천천",F,미디어 & 엔터테인먼트/TV 대중 시청자,14,11,20231230
20231200344,한국의 대표적인 겨울축제 '얼음나라화천산천어축제',"산천어는 냉수성 토종 민물고기로 1급수의 맑은 계곡에서만 서식한다. 얼음나라화천산천어축제의 백미는 산천어 낚시이다. 한겨울 매서운 추위로 30cm이상 꽁꽁 언 화천천 위에서 얼음구멍을 뚫고 1급수에서만 서식하는 산천어를 낚는 것이 얼음낚시이다. 산천어 낚시는 1일 최대 8,000명을 동시에 수용할 수 있는 ‘산천어 얼음낚시’, 1일 최대 1,000명을 동시에 수용할 수 있는 ‘외국인 얼음낚시’, 1일 최대 2,000명을 동시에 수용할 수 있는 ‘산천어 밤낚시(야간)’가 있다. 세계 4대 겨울축제로 발돋움하며 외국인 관광객의 비율이 높아졌고, 눈썰매장, 산타우체국 등 가족들이 즐길거리도 많다.",자연축제,https://minio.nculture.org/amsweb-opt/multimedia_assets/75/30128/16067/c/027_2020-얼음나라-화천산천어축제-thumb.jpg,https://ncms.nculture.org/local-festival/story/310,강원특별자치도,화천군,강원 화천군 화천읍 아리 204-1,눈얼음체험,"얼곰이성, 눈썰매장, 콩닥콩닥 봅슬레이, 하늘가르기 등 다양한 빙판스포츠와 활동을 체험해볼 수 있다.",20230101,"얼음, 화천, 산천어, 축제, 화천천",F,미디어 & 엔터테인먼트/영화 애호가,14,11,20231230
20231200345,한국의 대표적인 겨울축제 '얼음나라화천산천어축제',"산천어는 냉수성 토종 민물고기로 1급수의 맑은 계곡에서만 서식한다. 얼음나라화천산천어축제의 백미는 산천어 낚시이다. 한겨울 매서운 추위로 30cm이상 꽁꽁 언 화천천 위에서 얼음구멍을 뚫고 1급수에서만 서식하는 산천어를 낚는 것이 얼음낚시이다. 산천어 낚시는 1일 최대 8,000명을 동시에 수용할 수 있는 ‘산천어 얼음낚시’, 1일 최대 1,000명을 동시에 수용할 수 있는 ‘외국인 얼음낚시’, 1일 최대 2,000명을 동시에 수용할 수 있는 ‘산천어 밤낚시(야간)’가 있다. 세계 4대 겨울축제로 발돋움하며 외국인 관광객의 비율이 높아졌고, 눈썰매장, 산타우체국 등 가족들이 즐길거리도 많다.",자연축제,https://minio.nculture.org/amsweb-opt/multimedia_assets/75/30128/16067/c/027_2020-얼음나라-화천산천어축제-thumb.jpg,https://ncms.nculture.org/local-festival/story/310,강원특별자치도,화천군,강원 화천군 화천읍 아리 204-1,눈얼음체험,"얼곰이성, 눈썰매장, 콩닥콩닥 봅슬레이, 하늘가르기 등 다양한 빙판스포츠와 활동을 체험해볼 수 있다.",20230101,"얼음, 화천, 산천어, 축제, 화천천",F,뉴스 & 정치/열렬한 뉴스 독자/열렬한 정치 뉴스 독자,14,11,20231230
20231200346,자갈치시장으로 놀러오세요! 부산자갈치문화관광축제,"부산자갈치문화관광축제는 부산광역시 중구 남포동 상인들이 남포동 발전추진위원회를 만들어 시작한 축제다. 1992년에 시작할 때는 자갈치수산물축제였는데, 전국 5대 축제에 선정된 1996년부터 이름을 부산자갈치문화관광축제로 바꾸었다. 10월에 같이 열리는 부산국제영화제, 부산 고등어축제, 동래읍성 역사축제 등의 축제들과 어우러져 시너지 효과를 내고 있는 축제이다.",지역음식축제,https://minio.nculture.org/amsweb-opt/multimedia_assets/136/30190/17057/c/082_2019-부산자갈치문화관광축제-thumb.jpg,https://ncms.nculture.org/local-festival/story/398,부산광역시,중구,부산 중구 남포동4가 37-1,도전! 세계 최대 회 비빔밥 만들기,매년 기네스 기록에 도전하는 세계 최대 회 비빔밥을 만드는 행사로 싱싱한 활어회를 넣는 것이 특징. 회 비빔밥은 축제를 찾아주신 관광객들에게 무료로 대접한다.,20230101,"자갈치시장, 용두산",F,미디어 & 엔터테인먼트/TV 대중 시청자,14,10,20231230
20231200347,자갈치시장으로 놀러오세요! 부산자갈치문화관광축제,"부산자갈치문화관광축제는 부산광역시 중구 남포동 상인들이 남포동 발전추진위원회를 만들어 시작한 축제다. 1992년에 시작할 때는 자갈치수산물축제였는데, 전국 5대 축제에 선정된 1996년부터 이름을 부산자갈치문화관광축제로 바꾸었다. 10월에 같이 열리는 부산국제영화제, 부산 고등어축제, 동래읍성 역사축제 등의 축제들과 어우러져 시너지 효과를 내고 있는 축제이다.",지역음식축제,https://minio.nculture.org/amsweb-opt/multimedia_assets/136/30190/17057/c/082_2019-부산자갈치문화관광축제-thumb.jpg,https://ncms.nculture.org/local-festival/story/398,부산광역시,중구,부산 중구 남포동4가 37-1,도전! 세계 최대 회 비빔밥 만들기,매년 기네스 기록에 도전하는 세계 최대 회 비빔밥을 만드는 행사로 싱싱한 활어회를 넣는 것이 특징. 회 비빔밥은 축제를 찾아주신 관광객들에게 무료로 대접한다.,20230101,"자갈치시장, 용두산",F,뉴스 & 정치/열렬한 뉴스 독자/열렬한 정치 뉴스 독자,14,10,20231230
20231200348,한반도 최대 새우젓 집산지 광천장에서 열리는 ‘광천토굴새우젓광천김대축제’,"충청남도 홍성군 광천읍에 위치한 광천장은 조선중기 장시가 번성하기 시작하면서부터 서해안과 홍주목을 잇는 주요 장터였다. 내륙 깊숙이 위치하고, 인근에 큰 배가 입항할 수 있는 옹암포구가 있어 장시가 번성할 수 있었다. 특히 1960년대 이후 새우젓을 옹암포구 뒤쪽의 바위산에 뚫린 토굴에 보관하기 시작하면서 맛좋은 새우젓 생산이 가능해졌기에 전국 새우젓의 70%가 광천을 통해 드나들었다. 또한 충청도 도서지역에서 생산한 김이 들어오는 유일한 장시였기에 김 집산지로도 유명했다. 이러한 재래김과 새우젓을 소재로 한 광천장 상인조합이 주관하는 축제로, 해마다 10월 중순경에 개최된다.",지역음식축제,https://minio.nculture.org/amsweb-opt/multimedia_assets/237/30291/18385/c/190_-2019-광천토굴새우젓광천김대축제-thumb.jpg,https://ncms.nculture.org/local-festival/story/115,충청남도,홍성군,충청남도 홍성군 광천읍 광천로 285번길 8-20,원홍주 6군 상무사 퍼레이드,"홍성, 광천, 보령, 청양, 대흥, 결성 등이 중심으로 조직된 상무사 단체이며 보부상의 옷을 입은 상인회 회원들이 시장을 거닌다.",20230101,"새우젓, 재래김, 토굴, 광천장, 옹암포구",M,미디어 & 엔터테인먼트/TV 애호가,14,10,20231230
20231200349,한반도 최대 새우젓 집산지 광천장에서 열리는 ‘광천토굴새우젓광천김대축제’,"충청남도 홍성군 광천읍에 위치한 광천장은 조선중기 장시가 번성하기 시작하면서부터 서해안과 홍주목을 잇는 주요 장터였다. 내륙 깊숙이 위치하고, 인근에 큰 배가 입항할 수 있는 옹암포구가 있어 장시가 번성할 수 있었다. 특히 1960년대 이후 새우젓을 옹암포구 뒤쪽의 바위산에 뚫린 토굴에 보관하기 시작하면서 맛좋은 새우젓 생산이 가능해졌기에 전국 새우젓의 70%가 광천을 통해 드나들었다. 또한 충청도 도서지역에서 생산한 김이 들어오는 유일한 장시였기에 김 집산지로도 유명했다. 이러한 재래김과 새우젓을 소재로 한 광천장 상인조합이 주관하는 축제로, 해마다 10월 중순경에 개최된다.",지역음식축제,https://minio.nculture.org/amsweb-opt/multimedia_assets/237/30291/18385/c/190_-2019-광천토굴새우젓광천김대축제-thumb.jpg,https://ncms.nculture.org/local-festival/story/115,충청남도,홍성군,충청남도 홍성군 광천읍 광천로 285번길 8-20,원홍주 6군 상무사 퍼레이드,"홍성, 광천, 보령, 청양, 대흥, 결성 등이 중심으로 조직된 상무사 단체이며 보부상의 옷을 입은 상인회 회원들이 시장을 거닌다.",20230101,"새우젓, 재래김, 토굴, 광천장, 옹암포구",M,뉴스 & 정치/열렬한 뉴스 독자/연예 뉴스 매니아,14,10,20231230
20231200350,6만평 하늘공원에서 펼쳐지는 서울억새축제,"서울억새축제는2002년 쓰레기 매립장 난지도에서 월드컵 공원 환경생태공원으로 변화한 하늘공원에서 억새꽃이 피는10월에 개최되는 축제이다.난지도는 서울의 쓰레기 매립장이었으나 생태공원으로 조성되었고, 하늘공원을 만들 당시 전국 23개 도시의 억새를 가져다 심었다. 6만평 억새밭 사이로 난 23개의 길을 걸어보는 것도 좋은 경험이고, 밤에 억새밭에서 서울의 야경을 감상하는 것도 좋은 추억이 될 것이다.",자연축제,https://minio.nculture.org/amsweb-opt/multimedia_assets/87/29766/14271/c/서울억새축제2019-10-18-20.03.57-thumb.jpg,https://ncms.nculture.org/local-festival/story/488,서울특별시,마포구,서울 마포구 상암동 481-72,가을 음악공연,7080 포크송 및 인디밴드 버스킹 등 다양한 라이브 공연이 중앙무대에서 펼쳐진다.,20230101,"억새, 난지도, 하늘공원, 월드컵 공원, 가을바람따라",F,미디어 & 엔터테인먼트/음악 애호가,13,13,20231230
20231200351,청계천에서 펼쳐지는 서울빛초롱축제,"서울빛초롱축제는 2009년부터 서울특별시 청계광장 및 청계천 일대에서 개최되는 빛 축제이다. 2009년 ‘한국 방문의 해’를 기념하여 ‘서울등축제’로 시작했다가, 연례화하면서 진주시의 진주남강유등축제 측과 갈등이 빚어졌다. 두 시는 실무협의를 통해 서울등축제라는 이름을 서울빛초롱축제로 바꾸고, 콘텐츠도 차별화하기로 했다. 복원된 청계천에서 펼쳐지는 서울빛초롱축제는 매년 11월 첫주부터 셋째주까지 17일 동안 열린다.",이색축제,https://minio.nculture.org/amsweb-opt/multimedia_assets/160/30214/17127/c/102_-2019-서울빛초롱축제-thumb.jpg,https://ncms.nculture.org/local-festival/story/486,서울특별시,동대문구,서울 동대문구 용두동 701-6,AR 전시,빛초롱축제 공식 홈페이지에서 주요 작품을 AR전시를  통해 즐길 수 있다.,20230101,"등, 빛, 한국 방문의 해, 청계천",M,미디어 & 엔터테인먼트/TV 애호가,13,13,20231230
20231200352,국내 유일의 보석축제 '익산보석대축제',"익산보석대축제는 보석을 주제로 다양한 체험과 판매, 전시 등이 진행되는 축제이다. 약 60개의 보석 전문 업체들이 선보이는 보석들을 만나볼 수 있을 뿐만 아니라 30퍼센트 특별할인가로 보석들을 저렴하게 구입할 수 있다. 이밖에 세계적인 수준의 ‘보석박물관’을 비롯한 주변의 관광명소를 둘러볼 수 있다.",이색축제,https://minio.nculture.org/amsweb-opt/multimedia_assets/114/30168/17035/c/061_2019-익산보석대축제-thumb.jpg,https://ncms.nculture.org/local-festival/story/357,전라북도,익산시,전라북도 익산시 왕궁면 동용리 541-1,30% 특별할인,24K 순금과 다이아몬드를 제외한 모든 보석류를 특별할인 30%가 된 가격에 구입할 수 있는 행사다.,20230101,"익산, 축제, 보석, 주얼팰리스, 보석박물관",F,미디어 & 엔터테인먼트/TV 대중 시청자,13,13,20231230
20231200353,국내 유일의 보석축제 '익산보석대축제',"익산보석대축제는 보석을 주제로 다양한 체험과 판매, 전시 등이 진행되는 축제이다. 약 60개의 보석 전문 업체들이 선보이는 보석들을 만나볼 수 있을 뿐만 아니라 30퍼센트 특별할인가로 보석들을 저렴하게 구입할 수 있다. 이밖에 세계적인 수준의 ‘보석박물관’을 비롯한 주변의 관광명소를 둘러볼 수 있다.",이색축제,https://minio.nculture.org/amsweb-opt/multimedia_assets/114/30168/17035/c/061_2019-익산보석대축제-thumb.jpg,https://ncms.nculture.org/local-festival/story/357,전라북도,익산시,전라북도 익산시 왕궁면 동용리 541-1,30% 특별할인,24K 순금과 다이아몬드를 제외한 모든 보석류를 특별할인 30%가 된 가격에 구입할 수 있는 행사다.,20230101,"익산, 축제, 보석, 주얼팰리스, 보석박물관",F,미디어 & 엔터테인먼트/영화 애호가,13,13,20231230
20231200354,허준이 태어난 강서구 가양동에서 열리는 허준축제,"허준축제는 서울특별시 강서구 가양동 허가바위를 중심으로 1999년부터 개최된 축제이다. 강서구는 허준이 태어난 옛 양천이고, 가양동 허가바위 일대는 허준이 『동의보감』을 저술한 지역이다. 조선시대 명의였던 허준을 기리고 동양최고의 의학서적인『동의보감』을 알리는 취지에서 개최된 이 축제에서는 진맥과 처방, 약초 구입 등을 할 수 있다.",지역인물축제,https://minio.nculture.org/amsweb-opt/multimedia_assets/163/30217/17130/c/106_-2019-허준축제-thumb.jpg,https://ncms.nculture.org/local-festival/story/810,서울특별시,강서구,서울 강서구 가양동 1471,강서미라클메디특구관(건강체험관),"한방을 중심으로 하는 건강 체험 프로그램으로 한의사들의 각종 건강 상담, 진료 및 시술 체험이 가능하다. 진맥은 물론 약침과 추나치료 등을 경험해 볼 수 있다.",20230101,"허준, 동의보감, 의성",M,미디어 & 엔터테인먼트/TV 대중 시청자,13,13,20231230
20231200355,허준이 태어난 강서구 가양동에서 열리는 허준축제,"허준축제는 서울특별시 강서구 가양동 허가바위를 중심으로 1999년부터 개최된 축제이다. 강서구는 허준이 태어난 옛 양천이고, 가양동 허가바위 일대는 허준이 『동의보감』을 저술한 지역이다. 조선시대 명의였던 허준을 기리고 동양최고의 의학서적인『동의보감』을 알리는 취지에서 개최된 이 축제에서는 진맥과 처방, 약초 구입 등을 할 수 있다.",지역인물축제,https://minio.nculture.org/amsweb-opt/multimedia_assets/163/30217/17130/c/106_-2019-허준축제-thumb.jpg,https://ncms.nculture.org/local-festival/story/810,서울특별시,강서구,서울 강서구 가양동 1471,강서미라클메디특구관(건강체험관),"한방을 중심으로 하는 건강 체험 프로그램으로 한의사들의 각종 건강 상담, 진료 및 시술 체험이 가능하다. 진맥은 물론 약침과 추나치료 등을 경험해 볼 수 있다.",20230101,"허준, 동의보감, 의성",M,미디어 & 엔터테인먼트/영화 애호가,13,13,20231230
20231200356,율곡 이이 선생을 추모하는 율곡문화제,"파주시에서는 파주가 낳은 대표적인 조선 중기 유학의 거장인 율곡 이이(1536~1584) 유적지인 자운서원과 법원읍 동문리 일원에서 이이 선생을 추모하고, 기념하는 축제가 열린다. 1987년부터 율곡 선생을 추모하는 축제의 장을 통해, 아홉차례 과거에 모두 장원했던 구도장원공 율곡의 학문을 뒤쫓아가보는 유가행렬재연, 독서토론회, 학술행사 등이 열리며 전통 연희, 역사 토크 콘서트, 바둑대회 등 품격있는 행사를 파주시민들이 함께 한다.",지역인물축제,https://minio.nculture.org/amsweb-opt/multimedia_assets/232/30286/18380/c/185_-제-31회-율곡문화제-thumb.jpg,https://ncms.nculture.org/local-festival/story/111,경기도,파주시,경기 파주시 와동동 1412,사임당 미술제,"사생대회, 휘호대회 두 분야로 진행된다. 유치부에서 고등부까지의 참여가 가능하며 대상, 금상, 은상, 동상, 특선, 입선으로 나눠 상장과 소정의 상품이 수여된다.",20230101,"율곡, 자운서원, 이이유적지",M,여행/여행 매니아,13,13,20231230
20231200357,6만평 하늘공원에서 펼쳐지는 서울억새축제,"서울억새축제는2002년 쓰레기 매립장 난지도에서 월드컵 공원 환경생태공원으로 변화한 하늘공원에서 억새꽃이 피는10월에 개최되는 축제이다.난지도는 서울의 쓰레기 매립장이었으나 생태공원으로 조성되었고, 하늘공원을 만들 당시 전국 23개 도시의 억새를 가져다 심었다. 6만평 억새밭 사이로 난 23개의 길을 걸어보는 것도 좋은 경험이고, 밤에 억새밭에서 서울의 야경을 감상하는 것도 좋은 추억이 될 것이다.",자연축제,https://minio.nculture.org/amsweb-opt/multimedia_assets/87/29766/14271/c/서울억새축제2019-10-18-20.03.57-thumb.jpg,https://ncms.nculture.org/local-festival/story/488,서울특별시,마포구,서울 마포구 상암동 481-72,가을 음악공연,7080 포크송 및 인디밴드 버스킹 등 다양한 라이브 공연이 중앙무대에서 펼쳐진다.,20230101,"억새, 난지도, 하늘공원, 월드컵 공원, 가을바람따라",F,음식 & 다이닝/자주 외식/끼니별 외식/점심 외식을 주로하는 사람,13,12,20231230
20231200358,박연을 기리는 영동난계국악축제,"대한민국의 3대 악성(樂聖)을 왕산악(고구려), 우륵(신라), 박연(조선)이라고 한다. 영동지역에서 펼쳐지는 국악축제인 ‘영동난계국악축제’는 3대 악성 가운데 박연을 기리는 전국유일의 국악축제다. 난계는 박연의 아호다. 1965년 시작할 때의 이름은 난계예술제로, 경연대회 정도의 성격이었다가 1975년 전국적인 축제로 발전한다. 난계국악축제라는 명칭으로의 변화는 1998년부터이다.",춤·음악 축제,https://minio.nculture.org/amsweb-opt/multimedia_assets/215/30268/17183/c/166_-2019-영동난계국악축제-thumb.jpg,https://ncms.nculture.org/local-festival/story/401,충청북도,영동군,충청북도 영동군 영동읍 중앙로 11,국악기 제작 및 연주 체험,"다양한 국악기를 직접 연주해보고 전통 방식의 대금, 장구, 북 등의 만들기를 누구나 직접 체험해 볼 수 있다.",20230101,"박연, 난계사, 국악",F,미디어 & 엔터테인먼트/게이머/하드코어 게이머,13,12,20231230
20231200359,박연을 기리는 영동난계국악축제,"대한민국의 3대 악성(樂聖)을 왕산악(고구려), 우륵(신라), 박연(조선)이라고 한다. 영동지역에서 펼쳐지는 국악축제인 ‘영동난계국악축제’는 3대 악성 가운데 박연을 기리는 전국유일의 국악축제다. 난계는 박연의 아호다. 1965년 시작할 때의 이름은 난계예술제로, 경연대회 정도의 성격이었다가 1975년 전국적인 축제로 발전한다. 난계국악축제라는 명칭으로의 변화는 1998년부터이다.",춤·음악 축제,https://minio.nculture.org/amsweb-opt/multimedia_assets/215/30268/17183/c/166_-2019-영동난계국악축제-thumb.jpg,https://ncms.nculture.org/local-festival/story/401,충청북도,영동군,충청북도 영동군 영동읍 중앙로 11,국악기 제작 및 연주 체험,"다양한 국악기를 직접 연주해보고 전통 방식의 대금, 장구, 북 등의 만들기를 누구나 직접 체험해 볼 수 있다.",20230101,"박연, 난계사, 국악",F,스포츠 & 피트니스/스포츠 팬/축구 팬,13,12,20231230
20231200360,가을의 절정에서 단풍을 즐기는 장성백양단풍축제,"장성백양단풍축제는 전라남도 장성에 있는 백암산과 백양사의 아름다운 가을 단풍을 선보이는 축제다. 1996년부터 개최되었고, 단풍이 절정에 이르는 시기를 택해 매년 10월 말 ~ 11월 초에 개최된다. 백암산은 내장산 국립공원에 속한다. 백양사는 백암산 동쪽에 있는 절로 백제 무왕 때 세워졌는데, 백양사라고 불린 이유는 조선 숙종 때 환양선사가 설법하던 도중 백양 한 마리가 내려와 설법을 듣고 신이 되어 하늘로 올라갔기 때문이라고 한다. 장성백양단풍축제는 가을의 절정에서 자연의 멋을 느낄 수 있는 축제이다.",자연축제,https://minio.nculture.org/amsweb-opt/multimedia_assets/170/30224/17137/c/115_-2019-장성백양단풍축제-thumb.jpg,https://ncms.nculture.org/local-festival/story/494,전라남도,장성군,전남 장성군 북이면 사거리 656-5,단풍숲 거리공연,"쌍계루, 일광정에서 통기타 공연부터 국악, 클래식, 팝페라, 버스킹, 포크 콘서트까지 다양한 장르의 공연이 열린다.",20230101,"백양사, 백암산, 단풍, 정토사",F,미디어 & 엔터테인먼트/음악 애호가,13,12,20231230
20231200361,"여자만 갯벌의 보물을 캐자, ‘벌교꼬막축제’","전라남도 벌교의 갯벌은 미세한 진흙으로 이루어져 있고, 모래가 섞이지 않고, 오염되지 않아 꼬막 서식의 최적지이다. 일찍이 넓은 여자만 갯벌에 꼬막 양식을 시작했다. 많은 양의 꼬막을 채취하기 위해 널배와 특별히 제작된 꼬막채취 도구를 이용하는데, '벌교의 널배를 이용한 꼬막 채취’는 2016년 국가중요어업유산 2호로 지정되었다. 대표적인 꼬막 양식지인 벌교읍과 대포리에서 2001년부터 매년 11월에 꼬막을 주제로 수산물 축제를 연다.",지역음식축제,https://minio.nculture.org/amsweb-opt/multimedia_assets/85/29764/14282/c/%EB%B2%8C%EA%B5%90%EA%BC%AC%EB%A7%89%EC%B6%95%EC%A0%9C2019-11-02-16.37.44-thumb.jpg,https://ncms.nculture.org/local-festival/story/99,전라남도,보성군,전라남도 보성군 벌교읍 벌교천1길 19,꼬막체험행사,"진석리 갯벌에서 펼쳐지는 꼬막과 관련한 다양한 체험 행사를 만나볼 수 있다. 꼬막 잡기, 까기, 던지기는 물론 갯벌달리기, 널배타기 등으로 구성되어 있다.",20230101,"꼬막, 개펄, 꼬막무침, 생꼬막",F,쇼핑객/쇼핑 애호가,13,12,20231230
20231200362,9가지 테마로 치즈를 즐겨봐요 '임실N치즈축제',"임실N치즈축제는 임실N치즈라는 임실만의 차별화된 콘텐츠를 활용한 체험형 관광축제이다. 임실은 벨기에에서 온 지정환 신부가 우리나라 최초로 농민들에게 치즈 만드는 기술을 가르쳐준 치즈 생산지이다. 임실N치즈축제는 ‘특별한 치즈(공연), 다함께 치즈(대동), 뽐내는 치즈(경연), 재미있는 치즈(체험), 맛깔난 치즈(음식), 볼만한 치즈(전시), 빛나는 치즈(야간), 더불어 치즈(문화), 마을 치즈(연계)’ 등의 9개 테마로 구성되어 있다.",지역음식축제,https://minio.nculture.org/amsweb-opt/multimedia_assets/88/30142/16082/c/036_2019-임실N치즈축제-thumb.jpg,https://ncms.nculture.org/local-festival/story/320,전라북도,임실군,전라북도 임실군 성수면 도인리 689,다함께 치즈,"국가대표 쌀 피자 만들기, 치즈요리 나눔행사, 가족대항 쭉쭉 늘려내 치즈 등 여러 체험들이 있어 가족, 친구, 연인과 함께 참여하여 추억을 쌓아보자.",20230101,"임실, 치즈, 축제, 특산물, 지정환 신부",M,미디어 & 엔터테인먼트/TV 대중 시청자,13,12,20231230
20231200363,정조대왕 능행차를 시연하는 '수원화성문화제',수원화성문화제는 유네스코가 지정한 세계문화유산의 하나인 수원화성에서 개최되는 종합축제 성격의 향토문화제이다. 수원화성은 정조대왕이 그의 부친인 사도세자의 능을 수원 화산의 현륭원으로 옮긴 이후 축조한 성곽이다. 정조대왕의 지극했던 효심을 기리는 뜻도 담겨 있다. 수원화성문화제의 대표 행사는 ‘정조대왕 능행차 시연’으로 수 천명이 참가하여 장관을 이룬다.,전통·역사 축제,https://minio.nculture.org/amsweb-opt/multimedia_assets/17/72604/66135/c/JKH_0011-thumb.jpg,https://ncms.nculture.org/local-festival/story/344,경기도,수원시,경기도 수원시 팔달구 남창동 6-2,낙성연,"수원화성 준공을 기념하기 위해 벌여졌던 낙성연을 재현한 것이다. 궁중연희를 재현하고 헌선도, 무고를 선보이며 다양한 궁중연희를 직접 눈으로 볼 수 있다.",20230101,"수원, 화성, 축제, 정조대왕, 유네스코세계문화유산, 효심",F,뉴스 & 정치/열렬한 뉴스 독자/열렬한 비즈니스 뉴스 독자,13,12,20231230
20231200364,국내 유일의 보석축제 '익산보석대축제',"익산보석대축제는 보석을 주제로 다양한 체험과 판매, 전시 등이 진행되는 축제이다. 약 60개의 보석 전문 업체들이 선보이는 보석들을 만나볼 수 있을 뿐만 아니라 30퍼센트 특별할인가로 보석들을 저렴하게 구입할 수 있다. 이밖에 세계적인 수준의 ‘보석박물관’을 비롯한 주변의 관광명소를 둘러볼 수 있다.",이색축제,https://minio.nculture.org/amsweb-opt/multimedia_assets/114/30168/17035/c/061_2019-익산보석대축제-thumb.jpg,https://ncms.nculture.org/local-festival/story/357,전라북도,익산시,전라북도 익산시 왕궁면 동용리 541-1,30% 특별할인,24K 순금과 다이아몬드를 제외한 모든 보석류를 특별할인 30%가 된 가격에 구입할 수 있는 행사다.,20230101,"익산, 축제, 보석, 주얼팰리스, 보석박물관",M,뉴스 & 정치/열렬한 뉴스 독자/열렬한 정치 뉴스 독자,13,12,20231230
20231200365,"역사적 인물로써 홍길동을 기리는 축제, 장성 홍길동 축제","『홍길동전』의 주인공인 홍길동은 허구적 소설 속 인물인 동시에 역사적 실존인물로 인식된다. 황윤석이 쓴 『중보해동이적』의 기록을 토대로 장성군 황룡면 아곡1리 아치실에 생가터를 복원했고, 캐릭터 개발 등의 육성사업이 실시되었다. 이를 토대로 1999년부터 매년 5월 5일 어린이날을 전후해서 장성에서는 홍길동 축제가 열린다. 홍길동 추모제를 시작으로 전국 홍길동 선발대회, 홍길동 부활 축하공연, 황룡강 홍 길동무 꽃길축제 등이 열린다.",지역인물축제,https://minio.nculture.org/amsweb-opt/multimedia_assets/174/30228/17141/c/119_-2019-장성홍길동축제(장성-황룡강-홍길동무-꽃길-축제)-thumb.jpg,https://ncms.nculture.org/local-festival/story/102,전라남도,장성군,전남 장성군 황룡면 아곡리 365-1,버스킹 라이브,주말이면 생태공원 내 곳곳에서 문화예술인과 버스킹 공연팀의 다양한 라이브 음악을 만나볼 수 있다.,20230101,"장성, 홍길동, 테마파크, 탄생지",F,미디어 & 엔터테인먼트/TV 대중 시청자,13,12,20231230
20231200366,"역사적 인물로써 홍길동을 기리는 축제, 장성 홍길동 축제","『홍길동전』의 주인공인 홍길동은 허구적 소설 속 인물인 동시에 역사적 실존인물로 인식된다. 황윤석이 쓴 『중보해동이적』의 기록을 토대로 장성군 황룡면 아곡1리 아치실에 생가터를 복원했고, 캐릭터 개발 등의 육성사업이 실시되었다. 이를 토대로 1999년부터 매년 5월 5일 어린이날을 전후해서 장성에서는 홍길동 축제가 열린다. 홍길동 추모제를 시작으로 전국 홍길동 선발대회, 홍길동 부활 축하공연, 황룡강 홍 길동무 꽃길축제 등이 열린다.",지역인물축제,https://minio.nculture.org/amsweb-opt/multimedia_assets/174/30228/17141/c/119_-2019-장성홍길동축제(장성-황룡강-홍길동무-꽃길-축제)-thumb.jpg,https://ncms.nculture.org/local-festival/story/102,전라남도,장성군,전남 장성군 황룡면 아곡리 365-1,버스킹 라이브,주말이면 생태공원 내 곳곳에서 문화예술인과 버스킹 공연팀의 다양한 라이브 음악을 만나볼 수 있다.,20230101,"장성, 홍길동, 테마파크, 탄생지",F,미디어 & 엔터테인먼트/영화 애호가,13,12,20231230
20231200367,"역사적 인물로써 홍길동을 기리는 축제, 장성 홍길동 축제","『홍길동전』의 주인공인 홍길동은 허구적 소설 속 인물인 동시에 역사적 실존인물로 인식된다. 황윤석이 쓴 『중보해동이적』의 기록을 토대로 장성군 황룡면 아곡1리 아치실에 생가터를 복원했고, 캐릭터 개발 등의 육성사업이 실시되었다. 이를 토대로 1999년부터 매년 5월 5일 어린이날을 전후해서 장성에서는 홍길동 축제가 열린다. 홍길동 추모제를 시작으로 전국 홍길동 선발대회, 홍길동 부활 축하공연, 황룡강 홍 길동무 꽃길축제 등이 열린다.",지역인물축제,https://minio.nculture.org/amsweb-opt/multimedia_assets/174/30228/17141/c/119_-2019-장성홍길동축제(장성-황룡강-홍길동무-꽃길-축제)-thumb.jpg,https://ncms.nculture.org/local-festival/story/102,전라남도,장성군,전남 장성군 황룡면 아곡리 365-1,버스킹 라이브,주말이면 생태공원 내 곳곳에서 문화예술인과 버스킹 공연팀의 다양한 라이브 음악을 만나볼 수 있다.,20230101,"장성, 홍길동, 테마파크, 탄생지",F,미디어 & 엔터테인먼트/음악 애호가/월드 뮤직 팬,13,12,20231230
20231200368,6만평 하늘공원에서 펼쳐지는 서울억새축제,"서울억새축제는2002년 쓰레기 매립장 난지도에서 월드컵 공원 환경생태공원으로 변화한 하늘공원에서 억새꽃이 피는10월에 개최되는 축제이다.난지도는 서울의 쓰레기 매립장이었으나 생태공원으로 조성되었고, 하늘공원을 만들 당시 전국 23개 도시의 억새를 가져다 심었다. 6만평 억새밭 사이로 난 23개의 길을 걸어보는 것도 좋은 경험이고, 밤에 억새밭에서 서울의 야경을 감상하는 것도 좋은 추억이 될 것이다.",자연축제,https://minio.nculture.org/amsweb-opt/multimedia_assets/87/29766/14271/c/서울억새축제2019-10-18-20.03.57-thumb.jpg,https://ncms.nculture.org/local-festival/story/488,서울특별시,마포구,서울 마포구 상암동 481-72,가을 음악공연,7080 포크송 및 인디밴드 버스킹 등 다양한 라이브 공연이 중앙무대에서 펼쳐진다.,20230101,"억새, 난지도, 하늘공원, 월드컵 공원, 가을바람따라",F,라이프스타일 & 취미/아웃도어 매니아,13,11,20231230
20231200369,가을의 절정에서 단풍을 즐기는 장성백양단풍축제,"장성백양단풍축제는 전라남도 장성에 있는 백암산과 백양사의 아름다운 가을 단풍을 선보이는 축제다. 1996년부터 개최되었고, 단풍이 절정에 이르는 시기를 택해 매년 10월 말 ~ 11월 초에 개최된다. 백암산은 내장산 국립공원에 속한다. 백양사는 백암산 동쪽에 있는 절로 백제 무왕 때 세워졌는데, 백양사라고 불린 이유는 조선 숙종 때 환양선사가 설법하던 도중 백양 한 마리가 내려와 설법을 듣고 신이 되어 하늘로 올라갔기 때문이라고 한다. 장성백양단풍축제는 가을의 절정에서 자연의 멋을 느낄 수 있는 축제이다.",자연축제,https://minio.nculture.org/amsweb-opt/multimedia_assets/170/30224/17137/c/115_-2019-장성백양단풍축제-thumb.jpg,https://ncms.nculture.org/local-festival/story/494,전라남도,장성군,전남 장성군 북이면 사거리 656-5,단풍숲 거리공연,"쌍계루, 일광정에서 통기타 공연부터 국악, 클래식, 팝페라, 버스킹, 포크 콘서트까지 다양한 장르의 공연이 열린다.",20230101,"백양사, 백암산, 단풍, 정토사",F,라이프스타일 & 취미/아웃도어 매니아,13,11,20231230
20231200370,정조대왕 능행차를 시연하는 '수원화성문화제',수원화성문화제는 유네스코가 지정한 세계문화유산의 하나인 수원화성에서 개최되는 종합축제 성격의 향토문화제이다. 수원화성은 정조대왕이 그의 부친인 사도세자의 능을 수원 화산의 현륭원으로 옮긴 이후 축조한 성곽이다. 정조대왕의 지극했던 효심을 기리는 뜻도 담겨 있다. 수원화성문화제의 대표 행사는 ‘정조대왕 능행차 시연’으로 수 천명이 참가하여 장관을 이룬다.,전통·역사 축제,https://minio.nculture.org/amsweb-opt/multimedia_assets/17/72604/66135/c/JKH_0011-thumb.jpg,https://ncms.nculture.org/local-festival/story/344,경기도,수원시,경기도 수원시 팔달구 남창동 6-2,낙성연,"수원화성 준공을 기념하기 위해 벌여졌던 낙성연을 재현한 것이다. 궁중연희를 재현하고 헌선도, 무고를 선보이며 다양한 궁중연희를 직접 눈으로 볼 수 있다.",20230101,"수원, 화성, 축제, 정조대왕, 유네스코세계문화유산, 효심",M,여행/여행 매니아,13,11,20231230
20231200371,우리 김장문화를 널리 알리는 '광주세계김치축제',"우리나라 김장문화는 2013년 유네스코 인류무형유산으로 등재되었다. 광주세계김치축제는 국내 유일의 김치테마 축제로, 김치의 우수성과 우리나라의 다양한 김치를 세계에 널리 알리는 행사이다. 광주세계김치축제는 김치와 관련된 각종 경연대회와 문화행사로 이루어져 있다. 그리고 시중가보다 저렴한 가격에 김치와 김치 재료 등을 살 수 있으며 각종 먹을거리도 맛볼 수 있다.",지역음식축제,https://minio.nculture.org/amsweb-opt/multimedia_assets/129/30183/17050/c/076_2019광주세계김치축제-thumb.jpg,https://ncms.nculture.org/local-festival/story/170,광주광역시,남구,광주광역시 남구 임암동 김치로 60,광주 김치의 날,"광주김치의 모습을 미디어 영상, 음악, 댄스, 레이저, 드론으로 표현한 공식퍼포먼스이다. 초대가수가 있으며 김치사랑 버스킹이 상시 진행된다.",20230101,"광주, 김치, 유네스코, 축제, 고려인",F,음식 & 다이닝/요리 매니아/셰프 지망생,13,11,20231230
20231200372,우리 김장문화를 널리 알리는 '광주세계김치축제',"우리나라 김장문화는 2013년 유네스코 인류무형유산으로 등재되었다. 광주세계김치축제는 국내 유일의 김치테마 축제로, 김치의 우수성과 우리나라의 다양한 김치를 세계에 널리 알리는 행사이다. 광주세계김치축제는 김치와 관련된 각종 경연대회와 문화행사로 이루어져 있다. 그리고 시중가보다 저렴한 가격에 김치와 김치 재료 등을 살 수 있으며 각종 먹을거리도 맛볼 수 있다.",지역음식축제,https://minio.nculture.org/amsweb-opt/multimedia_assets/129/30183/17050/c/076_2019광주세계김치축제-thumb.jpg,https://ncms.nculture.org/local-festival/story/170,광주광역시,남구,광주광역시 남구 임암동 김치로 60,광주 김치의 날,"광주김치의 모습을 미디어 영상, 음악, 댄스, 레이저, 드론으로 표현한 공식퍼포먼스이다. 초대가수가 있으며 김치사랑 버스킹이 상시 진행된다.",20230101,"광주, 김치, 유네스코, 축제, 고려인",F,스포츠 & 피트니스/건강 및 피트니스,13,11,20231230
20231200373,합천팔만대장경축제,합천팔만대장경축제는 유네스코 세계기록유산으로 지정된 팔만대장경을 주제로 2001년부터 개최된 불교문화 축제이다. 합천팔만대장경축제에서는 특별행사로 600여 년 전 대장경판을 강화도 선원사에서 합천군 해인사로 옮겨오는 모습을 재현한 이운행사가 열린다.,전통·역사 축제,,https://ncms.nculture.org/local-festival/story/1180,경상남도,합천군,경남 합천군 가야면 해인사길 122,대장경 이운식,"조선시대 문무백관과 호위 무사로 변장한 합천 군민과 불교 승려들이 팔만대장경을 머리에 이거나 지게, 소달구지 등을 이용해 서울에서 해인사로 대장경을 옮기던 장면을 연출한다.",20230101,"해인사, 팔만대장경, 몽골, 초조대장경",M,뉴스 & 정치/열렬한 뉴스 독자/열렬한 정치 뉴스 독자,13,11,20231230
20231200374,가을의 절정에서 단풍을 즐기는 장성백양단풍축제,"장성백양단풍축제는 전라남도 장성에 있는 백암산과 백양사의 아름다운 가을 단풍을 선보이는 축제다. 1996년부터 개최되었고, 단풍이 절정에 이르는 시기를 택해 매년 10월 말 ~ 11월 초에 개최된다. 백암산은 내장산 국립공원에 속한다. 백양사는 백암산 동쪽에 있는 절로 백제 무왕 때 세워졌는데, 백양사라고 불린 이유는 조선 숙종 때 환양선사가 설법하던 도중 백양 한 마리가 내려와 설법을 듣고 신이 되어 하늘로 올라갔기 때문이라고 한다. 장성백양단풍축제는 가을의 절정에서 자연의 멋을 느낄 수 있는 축제이다.",자연축제,https://minio.nculture.org/amsweb-opt/multimedia_assets/170/30224/17137/c/115_-2019-장성백양단풍축제-thumb.jpg,https://ncms.nculture.org/local-festival/story/494,전라남도,장성군,전남 장성군 북이면 사거리 656-5,단풍숲 거리공연,"쌍계루, 일광정에서 통기타 공연부터 국악, 클래식, 팝페라, 버스킹, 포크 콘서트까지 다양한 장르의 공연이 열린다.",20230101,"백양사, 백암산, 단풍, 정토사",M,스포츠 & 피트니스/스포츠 팬,13,10,20231230
20231200375,가을의 절정에서 단풍을 즐기는 장성백양단풍축제,"장성백양단풍축제는 전라남도 장성에 있는 백암산과 백양사의 아름다운 가을 단풍을 선보이는 축제다. 1996년부터 개최되었고, 단풍이 절정에 이르는 시기를 택해 매년 10월 말 ~ 11월 초에 개최된다. 백암산은 내장산 국립공원에 속한다. 백양사는 백암산 동쪽에 있는 절로 백제 무왕 때 세워졌는데, 백양사라고 불린 이유는 조선 숙종 때 환양선사가 설법하던 도중 백양 한 마리가 내려와 설법을 듣고 신이 되어 하늘로 올라갔기 때문이라고 한다. 장성백양단풍축제는 가을의 절정에서 자연의 멋을 느낄 수 있는 축제이다.",자연축제,https://minio.nculture.org/amsweb-opt/multimedia_assets/170/30224/17137/c/115_-2019-장성백양단풍축제-thumb.jpg,https://ncms.nculture.org/local-festival/story/494,전라남도,장성군,전남 장성군 북이면 사거리 656-5,단풍숲 거리공연,"쌍계루, 일광정에서 통기타 공연부터 국악, 클래식, 팝페라, 버스킹, 포크 콘서트까지 다양한 장르의 공연이 열린다.",20230101,"백양사, 백암산, 단풍, 정토사",F,라이프스타일 & 취미/예술과 연극 애호가,13,9,20231230
20231200376,정조대왕 능행차를 시연하는 '수원화성문화제',수원화성문화제는 유네스코가 지정한 세계문화유산의 하나인 수원화성에서 개최되는 종합축제 성격의 향토문화제이다. 수원화성은 정조대왕이 그의 부친인 사도세자의 능을 수원 화산의 현륭원으로 옮긴 이후 축조한 성곽이다. 정조대왕의 지극했던 효심을 기리는 뜻도 담겨 있다. 수원화성문화제의 대표 행사는 ‘정조대왕 능행차 시연’으로 수 천명이 참가하여 장관을 이룬다.,전통·역사 축제,https://minio.nculture.org/amsweb-opt/multimedia_assets/17/72604/66135/c/JKH_0011-thumb.jpg,https://ncms.nculture.org/local-festival/story/344,경기도,수원시,경기도 수원시 팔달구 남창동 6-2,낙성연,"수원화성 준공을 기념하기 위해 벌여졌던 낙성연을 재현한 것이다. 궁중연희를 재현하고 헌선도, 무고를 선보이며 다양한 궁중연희를 직접 눈으로 볼 수 있다.",20230101,"수원, 화성, 축제, 정조대왕, 유네스코세계문화유산, 효심",M,미디어 & 엔터테인먼트/TV 애호가,12,12,20231230
20231200377,정조대왕 능행차를 시연하는 '수원화성문화제',수원화성문화제는 유네스코가 지정한 세계문화유산의 하나인 수원화성에서 개최되는 종합축제 성격의 향토문화제이다. 수원화성은 정조대왕이 그의 부친인 사도세자의 능을 수원 화산의 현륭원으로 옮긴 이후 축조한 성곽이다. 정조대왕의 지극했던 효심을 기리는 뜻도 담겨 있다. 수원화성문화제의 대표 행사는 ‘정조대왕 능행차 시연’으로 수 천명이 참가하여 장관을 이룬다.,전통·역사 축제,https://minio.nculture.org/amsweb-opt/multimedia_assets/17/72604/66135/c/JKH_0011-thumb.jpg,https://ncms.nculture.org/local-festival/story/344,경기도,수원시,경기도 수원시 팔달구 남창동 6-2,낙성연,"수원화성 준공을 기념하기 위해 벌여졌던 낙성연을 재현한 것이다. 궁중연희를 재현하고 헌선도, 무고를 선보이며 다양한 궁중연희를 직접 눈으로 볼 수 있다.",20230101,"수원, 화성, 축제, 정조대왕, 유네스코세계문화유산, 효심",M,뉴스 & 정치/열렬한 뉴스 독자/열렬한 정치 뉴스 독자,12,12,20231230
20231200378,정조대왕 능행차를 시연하는 '수원화성문화제',수원화성문화제는 유네스코가 지정한 세계문화유산의 하나인 수원화성에서 개최되는 종합축제 성격의 향토문화제이다. 수원화성은 정조대왕이 그의 부친인 사도세자의 능을 수원 화산의 현륭원으로 옮긴 이후 축조한 성곽이다. 정조대왕의 지극했던 효심을 기리는 뜻도 담겨 있다. 수원화성문화제의 대표 행사는 ‘정조대왕 능행차 시연’으로 수 천명이 참가하여 장관을 이룬다.,전통·역사 축제,https://minio.nculture.org/amsweb-opt/multimedia_assets/17/72604/66135/c/JKH_0011-thumb.jpg,https://ncms.nculture.org/local-festival/story/344,경기도,수원시,경기도 수원시 팔달구 남창동 6-2,낙성연,"수원화성 준공을 기념하기 위해 벌여졌던 낙성연을 재현한 것이다. 궁중연희를 재현하고 헌선도, 무고를 선보이며 다양한 궁중연희를 직접 눈으로 볼 수 있다.",20230101,"수원, 화성, 축제, 정조대왕, 유네스코세계문화유산, 효심",M,스포츠 & 피트니스/스포츠 팬/축구 팬,12,12,20231230
20231200379,청계천에서 펼쳐지는 서울빛초롱축제,"서울빛초롱축제는 2009년부터 서울특별시 청계광장 및 청계천 일대에서 개최되는 빛 축제이다. 2009년 ‘한국 방문의 해’를 기념하여 ‘서울등축제’로 시작했다가, 연례화하면서 진주시의 진주남강유등축제 측과 갈등이 빚어졌다. 두 시는 실무협의를 통해 서울등축제라는 이름을 서울빛초롱축제로 바꾸고, 콘텐츠도 차별화하기로 했다. 복원된 청계천에서 펼쳐지는 서울빛초롱축제는 매년 11월 첫주부터 셋째주까지 17일 동안 열린다.",이색축제,https://minio.nculture.org/amsweb-opt/multimedia_assets/160/30214/17127/c/102_-2019-서울빛초롱축제-thumb.jpg,https://ncms.nculture.org/local-festival/story/486,서울특별시,동대문구,서울 동대문구 용두동 701-6,AR 전시,빛초롱축제 공식 홈페이지에서 주요 작품을 AR전시를  통해 즐길 수 있다.,20230101,"등, 빛, 한국 방문의 해, 청계천",F,미디어 & 엔터테인먼트/TV 애호가,12,12,20231230
20231200380,율곡 이이 선생을 추모하는 율곡문화제,"파주시에서는 파주가 낳은 대표적인 조선 중기 유학의 거장인 율곡 이이(1536~1584) 유적지인 자운서원과 법원읍 동문리 일원에서 이이 선생을 추모하고, 기념하는 축제가 열린다. 1987년부터 율곡 선생을 추모하는 축제의 장을 통해, 아홉차례 과거에 모두 장원했던 구도장원공 율곡의 학문을 뒤쫓아가보는 유가행렬재연, 독서토론회, 학술행사 등이 열리며 전통 연희, 역사 토크 콘서트, 바둑대회 등 품격있는 행사를 파주시민들이 함께 한다.",지역인물축제,https://minio.nculture.org/amsweb-opt/multimedia_assets/232/30286/18380/c/185_-제-31회-율곡문화제-thumb.jpg,https://ncms.nculture.org/local-festival/story/111,경기도,파주시,경기 파주시 와동동 1412,사임당 미술제,"사생대회, 휘호대회 두 분야로 진행된다. 유치부에서 고등부까지의 참여가 가능하며 대상, 금상, 은상, 동상, 특선, 입선으로 나눠 상장과 소정의 상품이 수여된다.",20230101,"율곡, 자운서원, 이이유적지",M,미디어 & 엔터테인먼트/영화 애호가,12,12,20231230
20231200381,율곡 이이 선생을 추모하는 율곡문화제,"파주시에서는 파주가 낳은 대표적인 조선 중기 유학의 거장인 율곡 이이(1536~1584) 유적지인 자운서원과 법원읍 동문리 일원에서 이이 선생을 추모하고, 기념하는 축제가 열린다. 1987년부터 율곡 선생을 추모하는 축제의 장을 통해, 아홉차례 과거에 모두 장원했던 구도장원공 율곡의 학문을 뒤쫓아가보는 유가행렬재연, 독서토론회, 학술행사 등이 열리며 전통 연희, 역사 토크 콘서트, 바둑대회 등 품격있는 행사를 파주시민들이 함께 한다.",지역인물축제,https://minio.nculture.org/amsweb-opt/multimedia_assets/232/30286/18380/c/185_-제-31회-율곡문화제-thumb.jpg,https://ncms.nculture.org/local-festival/story/111,경기도,파주시,경기 파주시 와동동 1412,사임당 미술제,"사생대회, 휘호대회 두 분야로 진행된다. 유치부에서 고등부까지의 참여가 가능하며 대상, 금상, 은상, 동상, 특선, 입선으로 나눠 상장과 소정의 상품이 수여된다.",20230101,"율곡, 자운서원, 이이유적지",M,스포츠 & 피트니스/스포츠 팬/축구 팬,12,12,20231230
20231200382,6만평 하늘공원에서 펼쳐지는 서울억새축제,"서울억새축제는2002년 쓰레기 매립장 난지도에서 월드컵 공원 환경생태공원으로 변화한 하늘공원에서 억새꽃이 피는10월에 개최되는 축제이다.난지도는 서울의 쓰레기 매립장이었으나 생태공원으로 조성되었고, 하늘공원을 만들 당시 전국 23개 도시의 억새를 가져다 심었다. 6만평 억새밭 사이로 난 23개의 길을 걸어보는 것도 좋은 경험이고, 밤에 억새밭에서 서울의 야경을 감상하는 것도 좋은 추억이 될 것이다.",자연축제,https://minio.nculture.org/amsweb-opt/multimedia_assets/87/29766/14271/c/서울억새축제2019-10-18-20.03.57-thumb.jpg,https://ncms.nculture.org/local-festival/story/488,서울특별시,마포구,서울 마포구 상암동 481-72,가을 음악공연,7080 포크송 및 인디밴드 버스킹 등 다양한 라이브 공연이 중앙무대에서 펼쳐진다.,20230101,"억새, 난지도, 하늘공원, 월드컵 공원, 가을바람따라",F,스포츠 & 피트니스/스포츠 팬,12,11,20231230
20231200383,가을의 절정에서 단풍을 즐기는 장성백양단풍축제,"장성백양단풍축제는 전라남도 장성에 있는 백암산과 백양사의 아름다운 가을 단풍을 선보이는 축제다. 1996년부터 개최되었고, 단풍이 절정에 이르는 시기를 택해 매년 10월 말 ~ 11월 초에 개최된다. 백암산은 내장산 국립공원에 속한다. 백양사는 백암산 동쪽에 있는 절로 백제 무왕 때 세워졌는데, 백양사라고 불린 이유는 조선 숙종 때 환양선사가 설법하던 도중 백양 한 마리가 내려와 설법을 듣고 신이 되어 하늘로 올라갔기 때문이라고 한다. 장성백양단풍축제는 가을의 절정에서 자연의 멋을 느낄 수 있는 축제이다.",자연축제,https://minio.nculture.org/amsweb-opt/multimedia_assets/170/30224/17137/c/115_-2019-장성백양단풍축제-thumb.jpg,https://ncms.nculture.org/local-festival/story/494,전라남도,장성군,전남 장성군 북이면 사거리 656-5,단풍숲 거리공연,"쌍계루, 일광정에서 통기타 공연부터 국악, 클래식, 팝페라, 버스킹, 포크 콘서트까지 다양한 장르의 공연이 열린다.",20230101,"백양사, 백암산, 단풍, 정토사",F,음식 & 다이닝/자주 외식/끼니별 외식/저녁 외식을 주로하는 사람,12,11,20231230
20231200384,가을의 절정에서 단풍을 즐기는 장성백양단풍축제,"장성백양단풍축제는 전라남도 장성에 있는 백암산과 백양사의 아름다운 가을 단풍을 선보이는 축제다. 1996년부터 개최되었고, 단풍이 절정에 이르는 시기를 택해 매년 10월 말 ~ 11월 초에 개최된다. 백암산은 내장산 국립공원에 속한다. 백양사는 백암산 동쪽에 있는 절로 백제 무왕 때 세워졌는데, 백양사라고 불린 이유는 조선 숙종 때 환양선사가 설법하던 도중 백양 한 마리가 내려와 설법을 듣고 신이 되어 하늘로 올라갔기 때문이라고 한다. 장성백양단풍축제는 가을의 절정에서 자연의 멋을 느낄 수 있는 축제이다.",자연축제,https://minio.nculture.org/amsweb-opt/multimedia_assets/170/30224/17137/c/115_-2019-장성백양단풍축제-thumb.jpg,https://ncms.nculture.org/local-festival/story/494,전라남도,장성군,전남 장성군 북이면 사거리 656-5,단풍숲 거리공연,"쌍계루, 일광정에서 통기타 공연부터 국악, 클래식, 팝페라, 버스킹, 포크 콘서트까지 다양한 장르의 공연이 열린다.",20230101,"백양사, 백암산, 단풍, 정토사",F,음식 & 다이닝/자주 외식/끼니별 외식/점심 외식을 주로하는 사람,12,11,20231230
20231200385,청계천에서 펼쳐지는 서울빛초롱축제,"서울빛초롱축제는 2009년부터 서울특별시 청계광장 및 청계천 일대에서 개최되는 빛 축제이다. 2009년 ‘한국 방문의 해’를 기념하여 ‘서울등축제’로 시작했다가, 연례화하면서 진주시의 진주남강유등축제 측과 갈등이 빚어졌다. 두 시는 실무협의를 통해 서울등축제라는 이름을 서울빛초롱축제로 바꾸고, 콘텐츠도 차별화하기로 했다. 복원된 청계천에서 펼쳐지는 서울빛초롱축제는 매년 11월 첫주부터 셋째주까지 17일 동안 열린다.",이색축제,https://minio.nculture.org/amsweb-opt/multimedia_assets/160/30214/17127/c/102_-2019-서울빛초롱축제-thumb.jpg,https://ncms.nculture.org/local-festival/story/486,서울특별시,동대문구,서울 동대문구 용두동 701-6,AR 전시,빛초롱축제 공식 홈페이지에서 주요 작품을 AR전시를  통해 즐길 수 있다.,20230101,"등, 빛, 한국 방문의 해, 청계천",M,뉴스 & 정치/열렬한 뉴스 독자/열렬한 정치 뉴스 독자,12,11,20231230
20231200386,청계천에서 펼쳐지는 서울빛초롱축제,"서울빛초롱축제는 2009년부터 서울특별시 청계광장 및 청계천 일대에서 개최되는 빛 축제이다. 2009년 ‘한국 방문의 해’를 기념하여 ‘서울등축제’로 시작했다가, 연례화하면서 진주시의 진주남강유등축제 측과 갈등이 빚어졌다. 두 시는 실무협의를 통해 서울등축제라는 이름을 서울빛초롱축제로 바꾸고, 콘텐츠도 차별화하기로 했다. 복원된 청계천에서 펼쳐지는 서울빛초롱축제는 매년 11월 첫주부터 셋째주까지 17일 동안 열린다.",이색축제,https://minio.nculture.org/amsweb-opt/multimedia_assets/160/30214/17127/c/102_-2019-서울빛초롱축제-thumb.jpg,https://ncms.nculture.org/local-festival/story/486,서울특별시,동대문구,서울 동대문구 용두동 701-6,AR 전시,빛초롱축제 공식 홈페이지에서 주요 작품을 AR전시를  통해 즐길 수 있다.,20230101,"등, 빛, 한국 방문의 해, 청계천",M,여행/여행 매니아,12,11,20231230
20231200387,우리 김장문화를 널리 알리는 '광주세계김치축제',"우리나라 김장문화는 2013년 유네스코 인류무형유산으로 등재되었다. 광주세계김치축제는 국내 유일의 김치테마 축제로, 김치의 우수성과 우리나라의 다양한 김치를 세계에 널리 알리는 행사이다. 광주세계김치축제는 김치와 관련된 각종 경연대회와 문화행사로 이루어져 있다. 그리고 시중가보다 저렴한 가격에 김치와 김치 재료 등을 살 수 있으며 각종 먹을거리도 맛볼 수 있다.",지역음식축제,https://minio.nculture.org/amsweb-opt/multimedia_assets/129/30183/17050/c/076_2019광주세계김치축제-thumb.jpg,https://ncms.nculture.org/local-festival/story/170,광주광역시,남구,광주광역시 남구 임암동 김치로 60,광주 김치의 날,"광주김치의 모습을 미디어 영상, 음악, 댄스, 레이저, 드론으로 표현한 공식퍼포먼스이다. 초대가수가 있으며 김치사랑 버스킹이 상시 진행된다.",20230101,"광주, 김치, 유네스코, 축제, 고려인",F,미디어 & 엔터테인먼트/음악 애호가/월드 뮤직 팬,12,11,20231230
20231200388,6만평 하늘공원에서 펼쳐지는 서울억새축제,"서울억새축제는2002년 쓰레기 매립장 난지도에서 월드컵 공원 환경생태공원으로 변화한 하늘공원에서 억새꽃이 피는10월에 개최되는 축제이다.난지도는 서울의 쓰레기 매립장이었으나 생태공원으로 조성되었고, 하늘공원을 만들 당시 전국 23개 도시의 억새를 가져다 심었다. 6만평 억새밭 사이로 난 23개의 길을 걸어보는 것도 좋은 경험이고, 밤에 억새밭에서 서울의 야경을 감상하는 것도 좋은 추억이 될 것이다.",자연축제,https://minio.nculture.org/amsweb-opt/multimedia_assets/87/29766/14271/c/서울억새축제2019-10-18-20.03.57-thumb.jpg,https://ncms.nculture.org/local-festival/story/488,서울특별시,마포구,서울 마포구 상암동 481-72,가을 음악공연,7080 포크송 및 인디밴드 버스킹 등 다양한 라이브 공연이 중앙무대에서 펼쳐진다.,20230101,"억새, 난지도, 하늘공원, 월드컵 공원, 가을바람따라",F,라이프스타일 & 취미/친환경 라이프스타일,12,10,20231230
20231200389,무형문화재 3호 남사당놀이를 만난다 '안성맞춤 남사당 바우덕이축제',"안성맞춤 남사당 바우덕이 축제는 남사당의 전통문화와 19세기 말 남사당패의 여자 꼭두쇠인 바우덕이의 예술정신을 계승하고 발전시키고자 2001년부터 시작되었다. 안성은 남사당의 발상지이자 총본산이다. 남사당패의 여섯가지 놀이는 중요무형문화재 3호로 지정되어 있다. 축제에서는 남사당공연을 비롯한 창작극, 인형극, 관현악단, 해외 민속극까지 다양한 공연을 만날 수 있다.",지역인물축제,https://minio.nculture.org/amsweb-opt/multimedia_assets/63/30117/16044/c/017_2019-안성맞춤-남사당-바우덕이축제-thumb.jpg,https://ncms.nculture.org/local-festival/story/234,경기도,안성시,경기도 안성시 보개면 복평리 303-3,길놀이,여러 자치단체 주민들이 참여하며 다양한 주제에 따른 복장을 착용하고 참가하기에 시민 축제라고 한눈에 알아볼 수 있다.,20230101,"안성, 남사당, 바우덕이, 축제, 꼭두쇠, 추모제, 전통연희",F,미디어 & 엔터테인먼트/TV 대중 시청자,12,10,20231230
20231200390,무형문화재 3호 남사당놀이를 만난다 '안성맞춤 남사당 바우덕이축제',"안성맞춤 남사당 바우덕이 축제는 남사당의 전통문화와 19세기 말 남사당패의 여자 꼭두쇠인 바우덕이의 예술정신을 계승하고 발전시키고자 2001년부터 시작되었다. 안성은 남사당의 발상지이자 총본산이다. 남사당패의 여섯가지 놀이는 중요무형문화재 3호로 지정되어 있다. 축제에서는 남사당공연을 비롯한 창작극, 인형극, 관현악단, 해외 민속극까지 다양한 공연을 만날 수 있다.",지역인물축제,https://minio.nculture.org/amsweb-opt/multimedia_assets/63/30117/16044/c/017_2019-안성맞춤-남사당-바우덕이축제-thumb.jpg,https://ncms.nculture.org/local-festival/story/234,경기도,안성시,경기도 안성시 보개면 복평리 303-3,길놀이,여러 자치단체 주민들이 참여하며 다양한 주제에 따른 복장을 착용하고 참가하기에 시민 축제라고 한눈에 알아볼 수 있다.,20230101,"안성, 남사당, 바우덕이, 축제, 꼭두쇠, 추모제, 전통연희",F,미디어 & 엔터테인먼트/영화 애호가,12,10,20231230
20231200391,자갈치시장으로 놀러오세요! 부산자갈치문화관광축제,"부산자갈치문화관광축제는 부산광역시 중구 남포동 상인들이 남포동 발전추진위원회를 만들어 시작한 축제다. 1992년에 시작할 때는 자갈치수산물축제였는데, 전국 5대 축제에 선정된 1996년부터 이름을 부산자갈치문화관광축제로 바꾸었다. 10월에 같이 열리는 부산국제영화제, 부산 고등어축제, 동래읍성 역사축제 등의 축제들과 어우러져 시너지 효과를 내고 있는 축제이다.",지역음식축제,https://minio.nculture.org/amsweb-opt/multimedia_assets/136/30190/17057/c/082_2019-부산자갈치문화관광축제-thumb.jpg,https://ncms.nculture.org/local-festival/story/398,부산광역시,중구,부산 중구 남포동4가 37-1,도전! 세계 최대 회 비빔밥 만들기,매년 기네스 기록에 도전하는 세계 최대 회 비빔밥을 만드는 행사로 싱싱한 활어회를 넣는 것이 특징. 회 비빔밥은 축제를 찾아주신 관광객들에게 무료로 대접한다.,20230101,"자갈치시장, 용두산",M,미디어 & 엔터테인먼트/TV 애호가,12,10,20231230
20231200392,합천팔만대장경축제,합천팔만대장경축제는 유네스코 세계기록유산으로 지정된 팔만대장경을 주제로 2001년부터 개최된 불교문화 축제이다. 합천팔만대장경축제에서는 특별행사로 600여 년 전 대장경판을 강화도 선원사에서 합천군 해인사로 옮겨오는 모습을 재현한 이운행사가 열린다.,전통·역사 축제,,https://ncms.nculture.org/local-festival/story/1180,경상남도,합천군,경남 합천군 가야면 해인사길 122,대장경 이운식,"조선시대 문무백관과 호위 무사로 변장한 합천 군민과 불교 승려들이 팔만대장경을 머리에 이거나 지게, 소달구지 등을 이용해 서울에서 해인사로 대장경을 옮기던 장면을 연출한다.",20230101,"해인사, 팔만대장경, 몽골, 초조대장경",M,미디어 & 엔터테인먼트/영화 애호가,12,10,20231230
20231200393,2012년에 중단된 경주 한국의 술과 떡 잔치,"경주 한국의 술과 떡 잔치는 1998년부터 2012년까지 우리의 전통떡과 전통술을 소재로 개최된 전통 음식 문화 축제이다. 1998년 처음 축제가 개최되었을 때는 ‘한국 전통주와 떡 축제’라는 명칭이었다가 2002년에 ‘경주 한국의 술과 떡 잔치’로 이름을 바꾸었다. 전국 각지에서 모은 전통술과 떡을 경주 황성공원에 차려놓고, 많은 관광객들과 함께 즐겼던 이 축제는 그러나 2012년 15회를 끝으로 더 이상 개최되지 않는다.",지역음식축제,,https://ncms.nculture.org/local-festival/story/593,경상북도,경주시,경상북도 경주시 동부동 159-1,상설이벤트,"술과 떡이 함께 하는 다양한 상설 이벤트가 준비되어 있다. 길놀이 퍼레이드, 떡살 탁본뜨기, 전통 다례체험과 더불어 기타 다양한 전통공예를 체험해볼 수 있다.",20230101,"잔치, 술, 떡, 전통주",M,뉴스 & 정치/열렬한 뉴스 독자/연예 뉴스 매니아,12,10,20231230
20231200394,우리나라의 대표적인 아리랑 '정선아리랑제',"정선은 아리랑의 대표적인 전승지이다. 정선아리랑제는 정선 아리랑의 문화적 가치를 전승하고자 1976년부터 시작되었다. 정선아리랑은 국내 아리랑 중 유일한 무형문화재이다. 정선에서는 이미 5천수 이상의 아리랑 가사가 채록되었고 지금도 끊임없이 창작, 전승되고 있다. 정선아리랑제에서는 어르신, 학생, 성인 등 다양한 사람들이 경창대회를 열고, 아리랑을 주제로한 인형극, 공연, 콘서트, 포럼이 열린다.",춤·음악 축제,https://minio.nculture.org/amsweb-opt/multimedia_assets/73/30127/16061/c/026_2019정선아리랑제-thumb.jpg,https://ncms.nculture.org/local-festival/story/323,강원특별자치도,정선군,강원도 정선군 정선읍 봉양리 112,민속체험 &한복체험,정선의 대표문화인 짚풀공예와 삼찌기 시현을 보고 한복 대여 체험을 통해 축제를 더욱 재밌게 즐길 수 있다.,20230101,"정선, 아리랑, 아라리, 문화예술, 무형문화재, 소리문화",M,미디어 & 엔터테인먼트/게이머/롤플레잉 게임 팬,11,11,20231230
20231200395,6만평 하늘공원에서 펼쳐지는 서울억새축제,"서울억새축제는2002년 쓰레기 매립장 난지도에서 월드컵 공원 환경생태공원으로 변화한 하늘공원에서 억새꽃이 피는10월에 개최되는 축제이다.난지도는 서울의 쓰레기 매립장이었으나 생태공원으로 조성되었고, 하늘공원을 만들 당시 전국 23개 도시의 억새를 가져다 심었다. 6만평 억새밭 사이로 난 23개의 길을 걸어보는 것도 좋은 경험이고, 밤에 억새밭에서 서울의 야경을 감상하는 것도 좋은 추억이 될 것이다.",자연축제,https://minio.nculture.org/amsweb-opt/multimedia_assets/87/29766/14271/c/서울억새축제2019-10-18-20.03.57-thumb.jpg,https://ncms.nculture.org/local-festival/story/488,서울특별시,마포구,서울 마포구 상암동 481-72,가을 음악공연,7080 포크송 및 인디밴드 버스킹 등 다양한 라이브 공연이 중앙무대에서 펼쳐진다.,20230101,"억새, 난지도, 하늘공원, 월드컵 공원, 가을바람따라",F,뉴스 & 정치/열렬한 뉴스 독자/연예 뉴스 매니아,11,11,20231230
20231200396,가을의 절정에서 단풍을 즐기는 장성백양단풍축제,"장성백양단풍축제는 전라남도 장성에 있는 백암산과 백양사의 아름다운 가을 단풍을 선보이는 축제다. 1996년부터 개최되었고, 단풍이 절정에 이르는 시기를 택해 매년 10월 말 ~ 11월 초에 개최된다. 백암산은 내장산 국립공원에 속한다. 백양사는 백암산 동쪽에 있는 절로 백제 무왕 때 세워졌는데, 백양사라고 불린 이유는 조선 숙종 때 환양선사가 설법하던 도중 백양 한 마리가 내려와 설법을 듣고 신이 되어 하늘로 올라갔기 때문이라고 한다. 장성백양단풍축제는 가을의 절정에서 자연의 멋을 느낄 수 있는 축제이다.",자연축제,https://minio.nculture.org/amsweb-opt/multimedia_assets/170/30224/17137/c/115_-2019-장성백양단풍축제-thumb.jpg,https://ncms.nculture.org/local-festival/story/494,전라남도,장성군,전남 장성군 북이면 사거리 656-5,단풍숲 거리공연,"쌍계루, 일광정에서 통기타 공연부터 국악, 클래식, 팝페라, 버스킹, 포크 콘서트까지 다양한 장르의 공연이 열린다.",20230101,"백양사, 백암산, 단풍, 정토사",F,음식 & 다이닝/요리 매니아/간단 요리,11,11,20231230
20231200397,9가지 테마로 치즈를 즐겨봐요 '임실N치즈축제',"임실N치즈축제는 임실N치즈라는 임실만의 차별화된 콘텐츠를 활용한 체험형 관광축제이다. 임실은 벨기에에서 온 지정환 신부가 우리나라 최초로 농민들에게 치즈 만드는 기술을 가르쳐준 치즈 생산지이다. 임실N치즈축제는 ‘특별한 치즈(공연), 다함께 치즈(대동), 뽐내는 치즈(경연), 재미있는 치즈(체험), 맛깔난 치즈(음식), 볼만한 치즈(전시), 빛나는 치즈(야간), 더불어 치즈(문화), 마을 치즈(연계)’ 등의 9개 테마로 구성되어 있다.",지역음식축제,https://minio.nculture.org/amsweb-opt/multimedia_assets/88/30142/16082/c/036_2019-임실N치즈축제-thumb.jpg,https://ncms.nculture.org/local-festival/story/320,전라북도,임실군,전라북도 임실군 성수면 도인리 689,다함께 치즈,"국가대표 쌀 피자 만들기, 치즈요리 나눔행사, 가족대항 쭉쭉 늘려내 치즈 등 여러 체험들이 있어 가족, 친구, 연인과 함께 참여하여 추억을 쌓아보자.",20230101,"임실, 치즈, 축제, 특산물, 지정환 신부",M,미디어 & 엔터테인먼트/TV 애호가,11,11,20231230
20231200398,청계천에서 펼쳐지는 서울빛초롱축제,"서울빛초롱축제는 2009년부터 서울특별시 청계광장 및 청계천 일대에서 개최되는 빛 축제이다. 2009년 ‘한국 방문의 해’를 기념하여 ‘서울등축제’로 시작했다가, 연례화하면서 진주시의 진주남강유등축제 측과 갈등이 빚어졌다. 두 시는 실무협의를 통해 서울등축제라는 이름을 서울빛초롱축제로 바꾸고, 콘텐츠도 차별화하기로 했다. 복원된 청계천에서 펼쳐지는 서울빛초롱축제는 매년 11월 첫주부터 셋째주까지 17일 동안 열린다.",이색축제,https://minio.nculture.org/amsweb-opt/multimedia_assets/160/30214/17127/c/102_-2019-서울빛초롱축제-thumb.jpg,https://ncms.nculture.org/local-festival/story/486,서울특별시,동대문구,서울 동대문구 용두동 701-6,AR 전시,빛초롱축제 공식 홈페이지에서 주요 작품을 AR전시를  통해 즐길 수 있다.,20230101,"등, 빛, 한국 방문의 해, 청계천",M,스포츠 & 피트니스/스포츠 팬/축구 팬,11,11,20231230
20231200399,국내 유일의 보석축제 '익산보석대축제',"익산보석대축제는 보석을 주제로 다양한 체험과 판매, 전시 등이 진행되는 축제이다. 약 60개의 보석 전문 업체들이 선보이는 보석들을 만나볼 수 있을 뿐만 아니라 30퍼센트 특별할인가로 보석들을 저렴하게 구입할 수 있다. 이밖에 세계적인 수준의 ‘보석박물관’을 비롯한 주변의 관광명소를 둘러볼 수 있다.",이색축제,https://minio.nculture.org/amsweb-opt/multimedia_assets/114/30168/17035/c/061_2019-익산보석대축제-thumb.jpg,https://ncms.nculture.org/local-festival/story/357,전라북도,익산시,전라북도 익산시 왕궁면 동용리 541-1,30% 특별할인,24K 순금과 다이아몬드를 제외한 모든 보석류를 특별할인 30%가 된 가격에 구입할 수 있는 행사다.,20230101,"익산, 축제, 보석, 주얼팰리스, 보석박물관",F,미디어 & 엔터테인먼트/음악 애호가/월드 뮤직 팬,11,11,20231230
20231200400,국내 유일의 보석축제 '익산보석대축제',"익산보석대축제는 보석을 주제로 다양한 체험과 판매, 전시 등이 진행되는 축제이다. 약 60개의 보석 전문 업체들이 선보이는 보석들을 만나볼 수 있을 뿐만 아니라 30퍼센트 특별할인가로 보석들을 저렴하게 구입할 수 있다. 이밖에 세계적인 수준의 ‘보석박물관’을 비롯한 주변의 관광명소를 둘러볼 수 있다.",이색축제,https://minio.nculture.org/amsweb-opt/multimedia_assets/114/30168/17035/c/061_2019-익산보석대축제-thumb.jpg,https://ncms.nculture.org/local-festival/story/357,전라북도,익산시,전라북도 익산시 왕궁면 동용리 541-1,30% 특별할인,24K 순금과 다이아몬드를 제외한 모든 보석류를 특별할인 30%가 된 가격에 구입할 수 있는 행사다.,20230101,"익산, 축제, 보석, 주얼팰리스, 보석박물관",F,스포츠 & 피트니스/스포츠 팬/축구 팬,11,11,20231230
20231200401,허준이 태어난 강서구 가양동에서 열리는 허준축제,"허준축제는 서울특별시 강서구 가양동 허가바위를 중심으로 1999년부터 개최된 축제이다. 강서구는 허준이 태어난 옛 양천이고, 가양동 허가바위 일대는 허준이 『동의보감』을 저술한 지역이다. 조선시대 명의였던 허준을 기리고 동양최고의 의학서적인『동의보감』을 알리는 취지에서 개최된 이 축제에서는 진맥과 처방, 약초 구입 등을 할 수 있다.",지역인물축제,https://minio.nculture.org/amsweb-opt/multimedia_assets/163/30217/17130/c/106_-2019-허준축제-thumb.jpg,https://ncms.nculture.org/local-festival/story/810,서울특별시,강서구,서울 강서구 가양동 1471,강서미라클메디특구관(건강체험관),"한방을 중심으로 하는 건강 체험 프로그램으로 한의사들의 각종 건강 상담, 진료 및 시술 체험이 가능하다. 진맥은 물론 약침과 추나치료 등을 경험해 볼 수 있다.",20230101,"허준, 동의보감, 의성",M,미디어 & 엔터테인먼트/만화 & 애니메이션 팬,11,11,20231230
20231200402,허준이 태어난 강서구 가양동에서 열리는 허준축제,"허준축제는 서울특별시 강서구 가양동 허가바위를 중심으로 1999년부터 개최된 축제이다. 강서구는 허준이 태어난 옛 양천이고, 가양동 허가바위 일대는 허준이 『동의보감』을 저술한 지역이다. 조선시대 명의였던 허준을 기리고 동양최고의 의학서적인『동의보감』을 알리는 취지에서 개최된 이 축제에서는 진맥과 처방, 약초 구입 등을 할 수 있다.",지역인물축제,https://minio.nculture.org/amsweb-opt/multimedia_assets/163/30217/17130/c/106_-2019-허준축제-thumb.jpg,https://ncms.nculture.org/local-festival/story/810,서울특별시,강서구,서울 강서구 가양동 1471,강서미라클메디특구관(건강체험관),"한방을 중심으로 하는 건강 체험 프로그램으로 한의사들의 각종 건강 상담, 진료 및 시술 체험이 가능하다. 진맥은 물론 약침과 추나치료 등을 경험해 볼 수 있다.",20230101,"허준, 동의보감, 의성",M,미디어 & 엔터테인먼트/TV 애호가,11,11,20231230
20231200403,앞산으로 빨래하러 가세“대덕제 대구앞산빨래터 축제”,대구광역시 남구에서 1987년에 전국에서 구 단위로 개최한 최초의 축제이다. 초기에는 구민체육대회로 개최했으나 2007년부터 여러 문화행사를 추가해 대덕제라 명칭을 바꾸어 진행 중이다. 남구의 앞산(600m) 골안동에서 지하수가 흘러 공동 빨래터가 조성되었다. 1970년도에 도시자연공원으로 개발되면서 빨래터는 사라졌지만 어머니들이 빨래하던 모습을 재현해 앞산 이팝나무 개화시기인 4월에 축제로 열고 있다.,지역명소축제,https://minio.nculture.org/amsweb-opt/multimedia_assets/246/30301/18538/c/140_-2019-대덕제-대구앞산빨래터-축제-thumb.jpg,https://ncms.nculture.org/local-festival/story/1187,대구광역시,남구,대구 남구 대명동 1501-2,반려동물 투개더,"반려동물과 함께하는 펫 퍼레이드, 영화 속 출연견과 함께 인증샷을 남길 수 있는 스타독 포토존, 펫티켓 운동회, 반려견 행동상담, 증멍사진찍기, 무료 기초미용 등 반려동물 인식개선과 올바른 펫 문화 정착을 위한 다양한 프로그램으로 구성되어 있다.",20230101,"앞산, 공동빨래터, 체육대회, 체험부스",F,뉴스 & 정치/열렬한 뉴스 독자/연예 뉴스 매니아,11,11,20231230
20231200404,6만평 하늘공원에서 펼쳐지는 서울억새축제,"서울억새축제는2002년 쓰레기 매립장 난지도에서 월드컵 공원 환경생태공원으로 변화한 하늘공원에서 억새꽃이 피는10월에 개최되는 축제이다.난지도는 서울의 쓰레기 매립장이었으나 생태공원으로 조성되었고, 하늘공원을 만들 당시 전국 23개 도시의 억새를 가져다 심었다. 6만평 억새밭 사이로 난 23개의 길을 걸어보는 것도 좋은 경험이고, 밤에 억새밭에서 서울의 야경을 감상하는 것도 좋은 추억이 될 것이다.",자연축제,https://minio.nculture.org/amsweb-opt/multimedia_assets/87/29766/14271/c/서울억새축제2019-10-18-20.03.57-thumb.jpg,https://ncms.nculture.org/local-festival/story/488,서울특별시,마포구,서울 마포구 상암동 481-72,가을 음악공연,7080 포크송 및 인디밴드 버스킹 등 다양한 라이브 공연이 중앙무대에서 펼쳐진다.,20230101,"억새, 난지도, 하늘공원, 월드컵 공원, 가을바람따라",F,뷰티 & 웰빙/뷰티 전문가,11,10,20231230
20231200405,6만평 하늘공원에서 펼쳐지는 서울억새축제,"서울억새축제는2002년 쓰레기 매립장 난지도에서 월드컵 공원 환경생태공원으로 변화한 하늘공원에서 억새꽃이 피는10월에 개최되는 축제이다.난지도는 서울의 쓰레기 매립장이었으나 생태공원으로 조성되었고, 하늘공원을 만들 당시 전국 23개 도시의 억새를 가져다 심었다. 6만평 억새밭 사이로 난 23개의 길을 걸어보는 것도 좋은 경험이고, 밤에 억새밭에서 서울의 야경을 감상하는 것도 좋은 추억이 될 것이다.",자연축제,https://minio.nculture.org/amsweb-opt/multimedia_assets/87/29766/14271/c/서울억새축제2019-10-18-20.03.57-thumb.jpg,https://ncms.nculture.org/local-festival/story/488,서울특별시,마포구,서울 마포구 상암동 481-72,가을 음악공연,7080 포크송 및 인디밴드 버스킹 등 다양한 라이브 공연이 중앙무대에서 펼쳐진다.,20230101,"억새, 난지도, 하늘공원, 월드컵 공원, 가을바람따라",M,테크놀로지/소셜 미디어 매니아,11,10,20231230
20231200406,국내 유일의 보석축제 '익산보석대축제',"익산보석대축제는 보석을 주제로 다양한 체험과 판매, 전시 등이 진행되는 축제이다. 약 60개의 보석 전문 업체들이 선보이는 보석들을 만나볼 수 있을 뿐만 아니라 30퍼센트 특별할인가로 보석들을 저렴하게 구입할 수 있다. 이밖에 세계적인 수준의 ‘보석박물관’을 비롯한 주변의 관광명소를 둘러볼 수 있다.",이색축제,https://minio.nculture.org/amsweb-opt/multimedia_assets/114/30168/17035/c/061_2019-익산보석대축제-thumb.jpg,https://ncms.nculture.org/local-festival/story/357,전라북도,익산시,전라북도 익산시 왕궁면 동용리 541-1,30% 특별할인,24K 순금과 다이아몬드를 제외한 모든 보석류를 특별할인 30%가 된 가격에 구입할 수 있는 행사다.,20230101,"익산, 축제, 보석, 주얼팰리스, 보석박물관",M,은행 및 금융/열렬한 투자자,11,10,20231230
20231200407,국내 유일의 보석축제 '익산보석대축제',"익산보석대축제는 보석을 주제로 다양한 체험과 판매, 전시 등이 진행되는 축제이다. 약 60개의 보석 전문 업체들이 선보이는 보석들을 만나볼 수 있을 뿐만 아니라 30퍼센트 특별할인가로 보석들을 저렴하게 구입할 수 있다. 이밖에 세계적인 수준의 ‘보석박물관’을 비롯한 주변의 관광명소를 둘러볼 수 있다.",이색축제,https://minio.nculture.org/amsweb-opt/multimedia_assets/114/30168/17035/c/061_2019-익산보석대축제-thumb.jpg,https://ncms.nculture.org/local-festival/story/357,전라북도,익산시,전라북도 익산시 왕궁면 동용리 541-1,30% 특별할인,24K 순금과 다이아몬드를 제외한 모든 보석류를 특별할인 30%가 된 가격에 구입할 수 있는 행사다.,20230101,"익산, 축제, 보석, 주얼팰리스, 보석박물관",M,뉴스 & 정치/열렬한 뉴스 독자/열렬한 비즈니스 뉴스 독자,11,10,20231230
20231200408,국내 유일의 보석축제 '익산보석대축제',"익산보석대축제는 보석을 주제로 다양한 체험과 판매, 전시 등이 진행되는 축제이다. 약 60개의 보석 전문 업체들이 선보이는 보석들을 만나볼 수 있을 뿐만 아니라 30퍼센트 특별할인가로 보석들을 저렴하게 구입할 수 있다. 이밖에 세계적인 수준의 ‘보석박물관’을 비롯한 주변의 관광명소를 둘러볼 수 있다.",이색축제,https://minio.nculture.org/amsweb-opt/multimedia_assets/114/30168/17035/c/061_2019-익산보석대축제-thumb.jpg,https://ncms.nculture.org/local-festival/story/357,전라북도,익산시,전라북도 익산시 왕궁면 동용리 541-1,30% 특별할인,24K 순금과 다이아몬드를 제외한 모든 보석류를 특별할인 30%가 된 가격에 구입할 수 있는 행사다.,20230101,"익산, 축제, 보석, 주얼팰리스, 보석박물관",M,스포츠 & 피트니스/스포츠 팬/축구 팬,11,10,20231230
20231200409,국내 유일의 보석축제 '익산보석대축제',"익산보석대축제는 보석을 주제로 다양한 체험과 판매, 전시 등이 진행되는 축제이다. 약 60개의 보석 전문 업체들이 선보이는 보석들을 만나볼 수 있을 뿐만 아니라 30퍼센트 특별할인가로 보석들을 저렴하게 구입할 수 있다. 이밖에 세계적인 수준의 ‘보석박물관’을 비롯한 주변의 관광명소를 둘러볼 수 있다.",이색축제,https://minio.nculture.org/amsweb-opt/multimedia_assets/114/30168/17035/c/061_2019-익산보석대축제-thumb.jpg,https://ncms.nculture.org/local-festival/story/357,전라북도,익산시,전라북도 익산시 왕궁면 동용리 541-1,30% 특별할인,24K 순금과 다이아몬드를 제외한 모든 보석류를 특별할인 30%가 된 가격에 구입할 수 있는 행사다.,20230101,"익산, 축제, 보석, 주얼팰리스, 보석박물관",M,여행/여행 매니아,11,10,20231230
20231200410,율곡 이이 선생을 추모하는 율곡문화제,"파주시에서는 파주가 낳은 대표적인 조선 중기 유학의 거장인 율곡 이이(1536~1584) 유적지인 자운서원과 법원읍 동문리 일원에서 이이 선생을 추모하고, 기념하는 축제가 열린다. 1987년부터 율곡 선생을 추모하는 축제의 장을 통해, 아홉차례 과거에 모두 장원했던 구도장원공 율곡의 학문을 뒤쫓아가보는 유가행렬재연, 독서토론회, 학술행사 등이 열리며 전통 연희, 역사 토크 콘서트, 바둑대회 등 품격있는 행사를 파주시민들이 함께 한다.",지역인물축제,https://minio.nculture.org/amsweb-opt/multimedia_assets/232/30286/18380/c/185_-제-31회-율곡문화제-thumb.jpg,https://ncms.nculture.org/local-festival/story/111,경기도,파주시,경기 파주시 와동동 1412,사임당 미술제,"사생대회, 휘호대회 두 분야로 진행된다. 유치부에서 고등부까지의 참여가 가능하며 대상, 금상, 은상, 동상, 특선, 입선으로 나눠 상장과 소정의 상품이 수여된다.",20230101,"율곡, 자운서원, 이이유적지",F,뉴스 & 정치/열렬한 뉴스 독자/연예 뉴스 매니아,11,10,20231230
20231200411,율곡 이이 선생을 추모하는 율곡문화제,"파주시에서는 파주가 낳은 대표적인 조선 중기 유학의 거장인 율곡 이이(1536~1584) 유적지인 자운서원과 법원읍 동문리 일원에서 이이 선생을 추모하고, 기념하는 축제가 열린다. 1987년부터 율곡 선생을 추모하는 축제의 장을 통해, 아홉차례 과거에 모두 장원했던 구도장원공 율곡의 학문을 뒤쫓아가보는 유가행렬재연, 독서토론회, 학술행사 등이 열리며 전통 연희, 역사 토크 콘서트, 바둑대회 등 품격있는 행사를 파주시민들이 함께 한다.",지역인물축제,https://minio.nculture.org/amsweb-opt/multimedia_assets/232/30286/18380/c/185_-제-31회-율곡문화제-thumb.jpg,https://ncms.nculture.org/local-festival/story/111,경기도,파주시,경기 파주시 와동동 1412,사임당 미술제,"사생대회, 휘호대회 두 분야로 진행된다. 유치부에서 고등부까지의 참여가 가능하며 대상, 금상, 은상, 동상, 특선, 입선으로 나눠 상장과 소정의 상품이 수여된다.",20230101,"율곡, 자운서원, 이이유적지",F,여행/여행 매니아,11,10,20231230
20231200412,합천팔만대장경축제,합천팔만대장경축제는 유네스코 세계기록유산으로 지정된 팔만대장경을 주제로 2001년부터 개최된 불교문화 축제이다. 합천팔만대장경축제에서는 특별행사로 600여 년 전 대장경판을 강화도 선원사에서 합천군 해인사로 옮겨오는 모습을 재현한 이운행사가 열린다.,전통·역사 축제,,https://ncms.nculture.org/local-festival/story/1180,경상남도,합천군,경남 합천군 가야면 해인사길 122,대장경 이운식,"조선시대 문무백관과 호위 무사로 변장한 합천 군민과 불교 승려들이 팔만대장경을 머리에 이거나 지게, 소달구지 등을 이용해 서울에서 해인사로 대장경을 옮기던 장면을 연출한다.",20230101,"해인사, 팔만대장경, 몽골, 초조대장경",M,미디어 & 엔터테인먼트/TV 대중 시청자,11,10,20231230
20231200413,6만평 하늘공원에서 펼쳐지는 서울억새축제,"서울억새축제는2002년 쓰레기 매립장 난지도에서 월드컵 공원 환경생태공원으로 변화한 하늘공원에서 억새꽃이 피는10월에 개최되는 축제이다.난지도는 서울의 쓰레기 매립장이었으나 생태공원으로 조성되었고, 하늘공원을 만들 당시 전국 23개 도시의 억새를 가져다 심었다. 6만평 억새밭 사이로 난 23개의 길을 걸어보는 것도 좋은 경험이고, 밤에 억새밭에서 서울의 야경을 감상하는 것도 좋은 추억이 될 것이다.",자연축제,https://minio.nculture.org/amsweb-opt/multimedia_assets/87/29766/14271/c/서울억새축제2019-10-18-20.03.57-thumb.jpg,https://ncms.nculture.org/local-festival/story/488,서울특별시,마포구,서울 마포구 상암동 481-72,가을 음악공연,7080 포크송 및 인디밴드 버스킹 등 다양한 라이브 공연이 중앙무대에서 펼쳐진다.,20230101,"억새, 난지도, 하늘공원, 월드컵 공원, 가을바람따라",M,라이프스타일 & 취미/예술과 연극 애호가,10,10,20231230
20231200414,6만평 하늘공원에서 펼쳐지는 서울억새축제,"서울억새축제는2002년 쓰레기 매립장 난지도에서 월드컵 공원 환경생태공원으로 변화한 하늘공원에서 억새꽃이 피는10월에 개최되는 축제이다.난지도는 서울의 쓰레기 매립장이었으나 생태공원으로 조성되었고, 하늘공원을 만들 당시 전국 23개 도시의 억새를 가져다 심었다. 6만평 억새밭 사이로 난 23개의 길을 걸어보는 것도 좋은 경험이고, 밤에 억새밭에서 서울의 야경을 감상하는 것도 좋은 추억이 될 것이다.",자연축제,https://minio.nculture.org/amsweb-opt/multimedia_assets/87/29766/14271/c/서울억새축제2019-10-18-20.03.57-thumb.jpg,https://ncms.nculture.org/local-festival/story/488,서울특별시,마포구,서울 마포구 상암동 481-72,가을 음악공연,7080 포크송 및 인디밴드 버스킹 등 다양한 라이브 공연이 중앙무대에서 펼쳐진다.,20230101,"억새, 난지도, 하늘공원, 월드컵 공원, 가을바람따라",F,라이프스타일 & 취미/사진광,10,10,20231230
20231200415,6만평 하늘공원에서 펼쳐지는 서울억새축제,"서울억새축제는2002년 쓰레기 매립장 난지도에서 월드컵 공원 환경생태공원으로 변화한 하늘공원에서 억새꽃이 피는10월에 개최되는 축제이다.난지도는 서울의 쓰레기 매립장이었으나 생태공원으로 조성되었고, 하늘공원을 만들 당시 전국 23개 도시의 억새를 가져다 심었다. 6만평 억새밭 사이로 난 23개의 길을 걸어보는 것도 좋은 경험이고, 밤에 억새밭에서 서울의 야경을 감상하는 것도 좋은 추억이 될 것이다.",자연축제,https://minio.nculture.org/amsweb-opt/multimedia_assets/87/29766/14271/c/서울억새축제2019-10-18-20.03.57-thumb.jpg,https://ncms.nculture.org/local-festival/story/488,서울특별시,마포구,서울 마포구 상암동 481-72,가을 음악공연,7080 포크송 및 인디밴드 버스킹 등 다양한 라이브 공연이 중앙무대에서 펼쳐진다.,20230101,"억새, 난지도, 하늘공원, 월드컵 공원, 가을바람따라",F,미디어 & 엔터테인먼트/만화 & 애니메이션 팬,10,10,20231230
20231200416,6만평 하늘공원에서 펼쳐지는 서울억새축제,"서울억새축제는2002년 쓰레기 매립장 난지도에서 월드컵 공원 환경생태공원으로 변화한 하늘공원에서 억새꽃이 피는10월에 개최되는 축제이다.난지도는 서울의 쓰레기 매립장이었으나 생태공원으로 조성되었고, 하늘공원을 만들 당시 전국 23개 도시의 억새를 가져다 심었다. 6만평 억새밭 사이로 난 23개의 길을 걸어보는 것도 좋은 경험이고, 밤에 억새밭에서 서울의 야경을 감상하는 것도 좋은 추억이 될 것이다.",자연축제,https://minio.nculture.org/amsweb-opt/multimedia_assets/87/29766/14271/c/서울억새축제2019-10-18-20.03.57-thumb.jpg,https://ncms.nculture.org/local-festival/story/488,서울특별시,마포구,서울 마포구 상암동 481-72,가을 음악공연,7080 포크송 및 인디밴드 버스킹 등 다양한 라이브 공연이 중앙무대에서 펼쳐진다.,20230101,"억새, 난지도, 하늘공원, 월드컵 공원, 가을바람따라",F,미디어 & 엔터테인먼트/TV 대중 시청자,10,10,20231230
20231200417,6만평 하늘공원에서 펼쳐지는 서울억새축제,"서울억새축제는2002년 쓰레기 매립장 난지도에서 월드컵 공원 환경생태공원으로 변화한 하늘공원에서 억새꽃이 피는10월에 개최되는 축제이다.난지도는 서울의 쓰레기 매립장이었으나 생태공원으로 조성되었고, 하늘공원을 만들 당시 전국 23개 도시의 억새를 가져다 심었다. 6만평 억새밭 사이로 난 23개의 길을 걸어보는 것도 좋은 경험이고, 밤에 억새밭에서 서울의 야경을 감상하는 것도 좋은 추억이 될 것이다.",자연축제,https://minio.nculture.org/amsweb-opt/multimedia_assets/87/29766/14271/c/서울억새축제2019-10-18-20.03.57-thumb.jpg,https://ncms.nculture.org/local-festival/story/488,서울특별시,마포구,서울 마포구 상암동 481-72,가을 음악공연,7080 포크송 및 인디밴드 버스킹 등 다양한 라이브 공연이 중앙무대에서 펼쳐진다.,20230101,"억새, 난지도, 하늘공원, 월드컵 공원, 가을바람따라",F,미디어 & 엔터테인먼트/영화 애호가,10,10,20231230
20231200418,6만평 하늘공원에서 펼쳐지는 서울억새축제,"서울억새축제는2002년 쓰레기 매립장 난지도에서 월드컵 공원 환경생태공원으로 변화한 하늘공원에서 억새꽃이 피는10월에 개최되는 축제이다.난지도는 서울의 쓰레기 매립장이었으나 생태공원으로 조성되었고, 하늘공원을 만들 당시 전국 23개 도시의 억새를 가져다 심었다. 6만평 억새밭 사이로 난 23개의 길을 걸어보는 것도 좋은 경험이고, 밤에 억새밭에서 서울의 야경을 감상하는 것도 좋은 추억이 될 것이다.",자연축제,https://minio.nculture.org/amsweb-opt/multimedia_assets/87/29766/14271/c/서울억새축제2019-10-18-20.03.57-thumb.jpg,https://ncms.nculture.org/local-festival/story/488,서울특별시,마포구,서울 마포구 상암동 481-72,가을 음악공연,7080 포크송 및 인디밴드 버스킹 등 다양한 라이브 공연이 중앙무대에서 펼쳐진다.,20230101,"억새, 난지도, 하늘공원, 월드컵 공원, 가을바람따라",F,여행/여행 매니아,10,10,20231230
20231200419,9가지 테마로 치즈를 즐겨봐요 '임실N치즈축제',"임실N치즈축제는 임실N치즈라는 임실만의 차별화된 콘텐츠를 활용한 체험형 관광축제이다. 임실은 벨기에에서 온 지정환 신부가 우리나라 최초로 농민들에게 치즈 만드는 기술을 가르쳐준 치즈 생산지이다. 임실N치즈축제는 ‘특별한 치즈(공연), 다함께 치즈(대동), 뽐내는 치즈(경연), 재미있는 치즈(체험), 맛깔난 치즈(음식), 볼만한 치즈(전시), 빛나는 치즈(야간), 더불어 치즈(문화), 마을 치즈(연계)’ 등의 9개 테마로 구성되어 있다.",지역음식축제,https://minio.nculture.org/amsweb-opt/multimedia_assets/88/30142/16082/c/036_2019-임실N치즈축제-thumb.jpg,https://ncms.nculture.org/local-festival/story/320,전라북도,임실군,전라북도 임실군 성수면 도인리 689,다함께 치즈,"국가대표 쌀 피자 만들기, 치즈요리 나눔행사, 가족대항 쭉쭉 늘려내 치즈 등 여러 체험들이 있어 가족, 친구, 연인과 함께 참여하여 추억을 쌓아보자.",20230101,"임실, 치즈, 축제, 특산물, 지정환 신부",M,미디어 & 엔터테인먼트/영화 애호가,10,10,20231230
20231200420,9가지 테마로 치즈를 즐겨봐요 '임실N치즈축제',"임실N치즈축제는 임실N치즈라는 임실만의 차별화된 콘텐츠를 활용한 체험형 관광축제이다. 임실은 벨기에에서 온 지정환 신부가 우리나라 최초로 농민들에게 치즈 만드는 기술을 가르쳐준 치즈 생산지이다. 임실N치즈축제는 ‘특별한 치즈(공연), 다함께 치즈(대동), 뽐내는 치즈(경연), 재미있는 치즈(체험), 맛깔난 치즈(음식), 볼만한 치즈(전시), 빛나는 치즈(야간), 더불어 치즈(문화), 마을 치즈(연계)’ 등의 9개 테마로 구성되어 있다.",지역음식축제,https://minio.nculture.org/amsweb-opt/multimedia_assets/88/30142/16082/c/036_2019-임실N치즈축제-thumb.jpg,https://ncms.nculture.org/local-festival/story/320,전라북도,임실군,전라북도 임실군 성수면 도인리 689,다함께 치즈,"국가대표 쌀 피자 만들기, 치즈요리 나눔행사, 가족대항 쭉쭉 늘려내 치즈 등 여러 체험들이 있어 가족, 친구, 연인과 함께 참여하여 추억을 쌓아보자.",20230101,"임실, 치즈, 축제, 특산물, 지정환 신부",M,미디어 & 엔터테인먼트/음악 애호가/월드 뮤직 팬,10,10,20231230
20231200421,9가지 테마로 치즈를 즐겨봐요 '임실N치즈축제',"임실N치즈축제는 임실N치즈라는 임실만의 차별화된 콘텐츠를 활용한 체험형 관광축제이다. 임실은 벨기에에서 온 지정환 신부가 우리나라 최초로 농민들에게 치즈 만드는 기술을 가르쳐준 치즈 생산지이다. 임실N치즈축제는 ‘특별한 치즈(공연), 다함께 치즈(대동), 뽐내는 치즈(경연), 재미있는 치즈(체험), 맛깔난 치즈(음식), 볼만한 치즈(전시), 빛나는 치즈(야간), 더불어 치즈(문화), 마을 치즈(연계)’ 등의 9개 테마로 구성되어 있다.",지역음식축제,https://minio.nculture.org/amsweb-opt/multimedia_assets/88/30142/16082/c/036_2019-임실N치즈축제-thumb.jpg,https://ncms.nculture.org/local-festival/story/320,전라북도,임실군,전라북도 임실군 성수면 도인리 689,다함께 치즈,"국가대표 쌀 피자 만들기, 치즈요리 나눔행사, 가족대항 쭉쭉 늘려내 치즈 등 여러 체험들이 있어 가족, 친구, 연인과 함께 참여하여 추억을 쌓아보자.",20230101,"임실, 치즈, 축제, 특산물, 지정환 신부",M,여행/여행 매니아,10,10,20231230
20231200422,정조대왕 능행차를 시연하는 '수원화성문화제',수원화성문화제는 유네스코가 지정한 세계문화유산의 하나인 수원화성에서 개최되는 종합축제 성격의 향토문화제이다. 수원화성은 정조대왕이 그의 부친인 사도세자의 능을 수원 화산의 현륭원으로 옮긴 이후 축조한 성곽이다. 정조대왕의 지극했던 효심을 기리는 뜻도 담겨 있다. 수원화성문화제의 대표 행사는 ‘정조대왕 능행차 시연’으로 수 천명이 참가하여 장관을 이룬다.,전통·역사 축제,https://minio.nculture.org/amsweb-opt/multimedia_assets/17/72604/66135/c/JKH_0011-thumb.jpg,https://ncms.nculture.org/local-festival/story/344,경기도,수원시,경기도 수원시 팔달구 남창동 6-2,낙성연,"수원화성 준공을 기념하기 위해 벌여졌던 낙성연을 재현한 것이다. 궁중연희를 재현하고 헌선도, 무고를 선보이며 다양한 궁중연희를 직접 눈으로 볼 수 있다.",20230101,"수원, 화성, 축제, 정조대왕, 유네스코세계문화유산, 효심",F,미디어 & 엔터테인먼트/TV 애호가,10,10,20231230
20231200423,청계천에서 펼쳐지는 서울빛초롱축제,"서울빛초롱축제는 2009년부터 서울특별시 청계광장 및 청계천 일대에서 개최되는 빛 축제이다. 2009년 ‘한국 방문의 해’를 기념하여 ‘서울등축제’로 시작했다가, 연례화하면서 진주시의 진주남강유등축제 측과 갈등이 빚어졌다. 두 시는 실무협의를 통해 서울등축제라는 이름을 서울빛초롱축제로 바꾸고, 콘텐츠도 차별화하기로 했다. 복원된 청계천에서 펼쳐지는 서울빛초롱축제는 매년 11월 첫주부터 셋째주까지 17일 동안 열린다.",이색축제,https://minio.nculture.org/amsweb-opt/multimedia_assets/160/30214/17127/c/102_-2019-서울빛초롱축제-thumb.jpg,https://ncms.nculture.org/local-festival/story/486,서울특별시,동대문구,서울 동대문구 용두동 701-6,AR 전시,빛초롱축제 공식 홈페이지에서 주요 작품을 AR전시를  통해 즐길 수 있다.,20230101,"등, 빛, 한국 방문의 해, 청계천",F,음식 & 다이닝/요리 매니아/셰프 지망생,10,10,20231230
20231200424,청계천에서 펼쳐지는 서울빛초롱축제,"서울빛초롱축제는 2009년부터 서울특별시 청계광장 및 청계천 일대에서 개최되는 빛 축제이다. 2009년 ‘한국 방문의 해’를 기념하여 ‘서울등축제’로 시작했다가, 연례화하면서 진주시의 진주남강유등축제 측과 갈등이 빚어졌다. 두 시는 실무협의를 통해 서울등축제라는 이름을 서울빛초롱축제로 바꾸고, 콘텐츠도 차별화하기로 했다. 복원된 청계천에서 펼쳐지는 서울빛초롱축제는 매년 11월 첫주부터 셋째주까지 17일 동안 열린다.",이색축제,https://minio.nculture.org/amsweb-opt/multimedia_assets/160/30214/17127/c/102_-2019-서울빛초롱축제-thumb.jpg,https://ncms.nculture.org/local-festival/story/486,서울특별시,동대문구,서울 동대문구 용두동 701-6,AR 전시,빛초롱축제 공식 홈페이지에서 주요 작품을 AR전시를  통해 즐길 수 있다.,20230101,"등, 빛, 한국 방문의 해, 청계천",M,미디어 & 엔터테인먼트/게이머/하드코어 게이머,10,10,20231230
20231200425,국내 유일의 보석축제 '익산보석대축제',"익산보석대축제는 보석을 주제로 다양한 체험과 판매, 전시 등이 진행되는 축제이다. 약 60개의 보석 전문 업체들이 선보이는 보석들을 만나볼 수 있을 뿐만 아니라 30퍼센트 특별할인가로 보석들을 저렴하게 구입할 수 있다. 이밖에 세계적인 수준의 ‘보석박물관’을 비롯한 주변의 관광명소를 둘러볼 수 있다.",이색축제,https://minio.nculture.org/amsweb-opt/multimedia_assets/114/30168/17035/c/061_2019-익산보석대축제-thumb.jpg,https://ncms.nculture.org/local-festival/story/357,전라북도,익산시,전라북도 익산시 왕궁면 동용리 541-1,30% 특별할인,24K 순금과 다이아몬드를 제외한 모든 보석류를 특별할인 30%가 된 가격에 구입할 수 있는 행사다.,20230101,"익산, 축제, 보석, 주얼팰리스, 보석박물관",F,미디어 & 엔터테인먼트/음악 애호가/팝 음악 팬,10,10,20231230
20231200426,국내 유일의 보석축제 '익산보석대축제',"익산보석대축제는 보석을 주제로 다양한 체험과 판매, 전시 등이 진행되는 축제이다. 약 60개의 보석 전문 업체들이 선보이는 보석들을 만나볼 수 있을 뿐만 아니라 30퍼센트 특별할인가로 보석들을 저렴하게 구입할 수 있다. 이밖에 세계적인 수준의 ‘보석박물관’을 비롯한 주변의 관광명소를 둘러볼 수 있다.",이색축제,https://minio.nculture.org/amsweb-opt/multimedia_assets/114/30168/17035/c/061_2019-익산보석대축제-thumb.jpg,https://ncms.nculture.org/local-festival/story/357,전라북도,익산시,전라북도 익산시 왕궁면 동용리 541-1,30% 특별할인,24K 순금과 다이아몬드를 제외한 모든 보석류를 특별할인 30%가 된 가격에 구입할 수 있는 행사다.,20230101,"익산, 축제, 보석, 주얼팰리스, 보석박물관",F,뉴스 & 정치/열렬한 뉴스 독자/열렬한 정치 뉴스 독자,10,10,20231230
20231200427,허준이 태어난 강서구 가양동에서 열리는 허준축제,"허준축제는 서울특별시 강서구 가양동 허가바위를 중심으로 1999년부터 개최된 축제이다. 강서구는 허준이 태어난 옛 양천이고, 가양동 허가바위 일대는 허준이 『동의보감』을 저술한 지역이다. 조선시대 명의였던 허준을 기리고 동양최고의 의학서적인『동의보감』을 알리는 취지에서 개최된 이 축제에서는 진맥과 처방, 약초 구입 등을 할 수 있다.",지역인물축제,https://minio.nculture.org/amsweb-opt/multimedia_assets/163/30217/17130/c/106_-2019-허준축제-thumb.jpg,https://ncms.nculture.org/local-festival/story/810,서울특별시,강서구,서울 강서구 가양동 1471,강서미라클메디특구관(건강체험관),"한방을 중심으로 하는 건강 체험 프로그램으로 한의사들의 각종 건강 상담, 진료 및 시술 체험이 가능하다. 진맥은 물론 약침과 추나치료 등을 경험해 볼 수 있다.",20230101,"허준, 동의보감, 의성",M,여행/여행 매니아,10,10,20231230
20231200428,율곡 이이 선생을 추모하는 율곡문화제,"파주시에서는 파주가 낳은 대표적인 조선 중기 유학의 거장인 율곡 이이(1536~1584) 유적지인 자운서원과 법원읍 동문리 일원에서 이이 선생을 추모하고, 기념하는 축제가 열린다. 1987년부터 율곡 선생을 추모하는 축제의 장을 통해, 아홉차례 과거에 모두 장원했던 구도장원공 율곡의 학문을 뒤쫓아가보는 유가행렬재연, 독서토론회, 학술행사 등이 열리며 전통 연희, 역사 토크 콘서트, 바둑대회 등 품격있는 행사를 파주시민들이 함께 한다.",지역인물축제,https://minio.nculture.org/amsweb-opt/multimedia_assets/232/30286/18380/c/185_-제-31회-율곡문화제-thumb.jpg,https://ncms.nculture.org/local-festival/story/111,경기도,파주시,경기 파주시 와동동 1412,사임당 미술제,"사생대회, 휘호대회 두 분야로 진행된다. 유치부에서 고등부까지의 참여가 가능하며 대상, 금상, 은상, 동상, 특선, 입선으로 나눠 상장과 소정의 상품이 수여된다.",20230101,"율곡, 자운서원, 이이유적지",M,은행 및 금융/열렬한 투자자,10,10,20231230
20231200429,율곡 이이 선생을 추모하는 율곡문화제,"파주시에서는 파주가 낳은 대표적인 조선 중기 유학의 거장인 율곡 이이(1536~1584) 유적지인 자운서원과 법원읍 동문리 일원에서 이이 선생을 추모하고, 기념하는 축제가 열린다. 1987년부터 율곡 선생을 추모하는 축제의 장을 통해, 아홉차례 과거에 모두 장원했던 구도장원공 율곡의 학문을 뒤쫓아가보는 유가행렬재연, 독서토론회, 학술행사 등이 열리며 전통 연희, 역사 토크 콘서트, 바둑대회 등 품격있는 행사를 파주시민들이 함께 한다.",지역인물축제,https://minio.nculture.org/amsweb-opt/multimedia_assets/232/30286/18380/c/185_-제-31회-율곡문화제-thumb.jpg,https://ncms.nculture.org/local-festival/story/111,경기도,파주시,경기 파주시 와동동 1412,사임당 미술제,"사생대회, 휘호대회 두 분야로 진행된다. 유치부에서 고등부까지의 참여가 가능하며 대상, 금상, 은상, 동상, 특선, 입선으로 나눠 상장과 소정의 상품이 수여된다.",20230101,"율곡, 자운서원, 이이유적지",M,뉴스 & 정치/열렬한 뉴스 독자/열렬한 비즈니스 뉴스 독자,10,10,20231230
20231200430,율곡 이이 선생을 추모하는 율곡문화제,"파주시에서는 파주가 낳은 대표적인 조선 중기 유학의 거장인 율곡 이이(1536~1584) 유적지인 자운서원과 법원읍 동문리 일원에서 이이 선생을 추모하고, 기념하는 축제가 열린다. 1987년부터 율곡 선생을 추모하는 축제의 장을 통해, 아홉차례 과거에 모두 장원했던 구도장원공 율곡의 학문을 뒤쫓아가보는 유가행렬재연, 독서토론회, 학술행사 등이 열리며 전통 연희, 역사 토크 콘서트, 바둑대회 등 품격있는 행사를 파주시민들이 함께 한다.",지역인물축제,https://minio.nculture.org/amsweb-opt/multimedia_assets/232/30286/18380/c/185_-제-31회-율곡문화제-thumb.jpg,https://ncms.nculture.org/local-festival/story/111,경기도,파주시,경기 파주시 와동동 1412,사임당 미술제,"사생대회, 휘호대회 두 분야로 진행된다. 유치부에서 고등부까지의 참여가 가능하며 대상, 금상, 은상, 동상, 특선, 입선으로 나눠 상장과 소정의 상품이 수여된다.",20230101,"율곡, 자운서원, 이이유적지",M,뉴스 & 정치/열렬한 뉴스 독자/열렬한 정치 뉴스 독자,10,10,20231230
20231200431,성북세계음식축제 누리마실(성북다문화음식축제),"2008년 처음 시작된 성북세계음식축제 누리마실은 음식을 매개로 한 문화다양성 축제이다. 다양한 세계음식을 맛볼 수 있고, 문화다양성을 콘셉트로 한 거리 퍼레이드, 친환경 캠페인 등이 진행된다. 성북구가 주최하고, 성북문화재단 등이 주관하며 매년 5월에 성북구 성북로 일대에서 개최된다.",이색축제,https://minio.nculture.org/amsweb-opt/multimedia_assets/125/30179/17046/c/072_2019-성북세계음식축제-누리마실-thumb.jpg,https://ncms.nculture.org/local-festival/story/177,서울특별시,성북구,서울특별시 성북구 성북로 37,예술로 함께 할 궁리,"시인 조지훈의 세 번째 이야기, 캔 숲으로 가다, 광장 목소리, 조건부 초대 명단에 있는 손님 등 더 많은 프로그램들이 준비되어있으며 축제의 심리적, 물질적 접근장벽을 낮추기위해 해결방안을 모색중이다.",20230101,"성북, 다문화, 음식, 누리마실, 축제",F,미디어 & 엔터테인먼트/음악 애호가/월드 뮤직 팬,10,10,20231230
20231200432,앞산으로 빨래하러 가세“대덕제 대구앞산빨래터 축제”,대구광역시 남구에서 1987년에 전국에서 구 단위로 개최한 최초의 축제이다. 초기에는 구민체육대회로 개최했으나 2007년부터 여러 문화행사를 추가해 대덕제라 명칭을 바꾸어 진행 중이다. 남구의 앞산(600m) 골안동에서 지하수가 흘러 공동 빨래터가 조성되었다. 1970년도에 도시자연공원으로 개발되면서 빨래터는 사라졌지만 어머니들이 빨래하던 모습을 재현해 앞산 이팝나무 개화시기인 4월에 축제로 열고 있다.,지역명소축제,https://minio.nculture.org/amsweb-opt/multimedia_assets/246/30301/18538/c/140_-2019-대덕제-대구앞산빨래터-축제-thumb.jpg,https://ncms.nculture.org/local-festival/story/1187,대구광역시,남구,대구 남구 대명동 1501-2,반려동물 투개더,"반려동물과 함께하는 펫 퍼레이드, 영화 속 출연견과 함께 인증샷을 남길 수 있는 스타독 포토존, 펫티켓 운동회, 반려견 행동상담, 증멍사진찍기, 무료 기초미용 등 반려동물 인식개선과 올바른 펫 문화 정착을 위한 다양한 프로그램으로 구성되어 있다.",20230101,"앞산, 공동빨래터, 체육대회, 체험부스",F,여행/여행 매니아,10,10,20231230
20231200433,율곡 이이 선생을 추모하는 율곡문화제,"파주시에서는 파주가 낳은 대표적인 조선 중기 유학의 거장인 율곡 이이(1536~1584) 유적지인 자운서원과 법원읍 동문리 일원에서 이이 선생을 추모하고, 기념하는 축제가 열린다. 1987년부터 율곡 선생을 추모하는 축제의 장을 통해, 아홉차례 과거에 모두 장원했던 구도장원공 율곡의 학문을 뒤쫓아가보는 유가행렬재연, 독서토론회, 학술행사 등이 열리며 전통 연희, 역사 토크 콘서트, 바둑대회 등 품격있는 행사를 파주시민들이 함께 한다.",지역인물축제,https://minio.nculture.org/amsweb-opt/multimedia_assets/232/30286/18380/c/185_-제-31회-율곡문화제-thumb.jpg,https://ncms.nculture.org/local-festival/story/111,경기도,파주시,경기 파주시 와동동 1412,사임당 미술제,"사생대회, 휘호대회 두 분야로 진행된다. 유치부에서 고등부까지의 참여가 가능하며 대상, 금상, 은상, 동상, 특선, 입선으로 나눠 상장과 소정의 상품이 수여된다.",20230101,"율곡, 자운서원, 이이유적지",F,은행 및 금융/열렬한 투자자,10,9,20231230
20231200434,율곡 이이 선생을 추모하는 율곡문화제,"파주시에서는 파주가 낳은 대표적인 조선 중기 유학의 거장인 율곡 이이(1536~1584) 유적지인 자운서원과 법원읍 동문리 일원에서 이이 선생을 추모하고, 기념하는 축제가 열린다. 1987년부터 율곡 선생을 추모하는 축제의 장을 통해, 아홉차례 과거에 모두 장원했던 구도장원공 율곡의 학문을 뒤쫓아가보는 유가행렬재연, 독서토론회, 학술행사 등이 열리며 전통 연희, 역사 토크 콘서트, 바둑대회 등 품격있는 행사를 파주시민들이 함께 한다.",지역인물축제,https://minio.nculture.org/amsweb-opt/multimedia_assets/232/30286/18380/c/185_-제-31회-율곡문화제-thumb.jpg,https://ncms.nculture.org/local-festival/story/111,경기도,파주시,경기 파주시 와동동 1412,사임당 미술제,"사생대회, 휘호대회 두 분야로 진행된다. 유치부에서 고등부까지의 참여가 가능하며 대상, 금상, 은상, 동상, 특선, 입선으로 나눠 상장과 소정의 상품이 수여된다.",20230101,"율곡, 자운서원, 이이유적지",F,음식 & 다이닝/요리 매니아/셰프 지망생,10,9,20231230
20231200435,율곡 이이 선생을 추모하는 율곡문화제,"파주시에서는 파주가 낳은 대표적인 조선 중기 유학의 거장인 율곡 이이(1536~1584) 유적지인 자운서원과 법원읍 동문리 일원에서 이이 선생을 추모하고, 기념하는 축제가 열린다. 1987년부터 율곡 선생을 추모하는 축제의 장을 통해, 아홉차례 과거에 모두 장원했던 구도장원공 율곡의 학문을 뒤쫓아가보는 유가행렬재연, 독서토론회, 학술행사 등이 열리며 전통 연희, 역사 토크 콘서트, 바둑대회 등 품격있는 행사를 파주시민들이 함께 한다.",지역인물축제,https://minio.nculture.org/amsweb-opt/multimedia_assets/232/30286/18380/c/185_-제-31회-율곡문화제-thumb.jpg,https://ncms.nculture.org/local-festival/story/111,경기도,파주시,경기 파주시 와동동 1412,사임당 미술제,"사생대회, 휘호대회 두 분야로 진행된다. 유치부에서 고등부까지의 참여가 가능하며 대상, 금상, 은상, 동상, 특선, 입선으로 나눠 상장과 소정의 상품이 수여된다.",20230101,"율곡, 자운서원, 이이유적지",F,미디어 & 엔터테인먼트/영화 애호가,10,9,20231230
