ESNTL_ID,LCLAS_NM,MLSFC_NM,FCLTY_NM,CTPRVN_CD,CTPRVN_NM,SIGNGU_CD,SIGNGU_NM,LEGALDONG_CD,LEGALDONG_NM,ROAD_NM_CD,FCLTY_ROAD_NM_ADDR,LNM_ADDR,ADDR_ENG_NM,ADSTRD_CD,BULD_NM,BULD_MANAGE_CD,TEL_NO,ZIP_NO,HMPG_URL,FCLTY_LA,FCLTY_LO,ORIGIN_NM,ADIT_DC,UPDT_DT,REGIST_DT
KCKRSPO23N000000001,관광명소,관광명소_축제,강릉커피축제,51,강원특별자치도,51150,강릉시,5115010700,용강동,421504460834,강원특별자치도 강릉시 임영로131번길 6 (용강동),강원특별자치도 강릉시 용강동 58-1 임영관,"6 Imyeong-ro 131beon-gil, Gangneung-si, Gangwon-do",,임영관,4215010700100580001028802,033-647-6802,46274,http://www.coffeefestival.net,37,128,문화정보원,커피경연대회(바리스타+핸드드립+커핑+마카롱)+커피체험(로스팅+추출+커핑+공예품 등)+전시+공연 등,20240604,20240604
KCKRSPO23N000000002,관광명소,관광명소_축제,전국생활문화축제 in강릉,51,강원특별자치도,51150,강릉시,5115010300,명주동,421504460103,강원특별자치도 강릉시 경강로2021번길 9-1 (명주동),강원특별자치도 강릉시 명주동 49-1 명주예술마당,"9-1 Gyeonggang-ro 2021beon-gil, Gangneung-si, Gangwon-do",,명주예술마당,4215010300100490001025425,033-647-6808,44970,,37,128,문화정보원,전국 생활문화 활동 발표+기획 프로그램 등,20240604,20240604
KCKRSPO23N000000003,관광명소,관광명소_축제,2022 강릉와인축제,51,강원특별자치도,51150,강릉시,5115010500,임당동,421503000145,강원특별자치도 강릉시 경강로 2111 (임당동),강원특별자치도 강릉시 임당동 106-1 임당시장,"2111 Gyeonggang-ro, Gangneung-si, Gangwon-do",,임당시장,4215010500101060001000001,033-647-6802,45015,https://www.gncaf.or.kr/contents.asp?page=482,37,128,문화정보원,도전 와인 골든벨+선셋 와인 아워+시음존 등 운영,20240604,20240604
KCKRSPO23N000000004,관광명소,관광명소_지역명소,2022 강릉누들축제,51,강원특별자치도,51150,강릉시,5115010500,임당동,421503000145,강원특별자치도 강릉시 경강로 2112 (임당동),강원특별자치도 강릉시 임당동 113-2 금학상가,"2112 Gyeonggang-ro, Gangneung-si, Gangwon-do",1126010500,금학상가,4215010500101130002000001,033-640-5130,25541,,37,128,문화정보원,"누들 쿠킹쇼, 쿠킹클래스, 시식회, 대형 수제비 만들기 등",20240604,20240604
KCKRSPO23N000000005,관광명소,관광명소_축제,군위 삼장군단오축제,27,대구광역시,27720,군위군,2772032029,효령면 장군리,477204742234,대구광역시 군위군 효령면 장군당1길 24-6,대구광역시 군위군 효령면 장군리 116-3,"24-6 Janggundang 1-gil, Hyoryeong-myeon, Gunwi-gun, Daegu",,,4772032044101160003000001,054-380-6866,38333,,36,128,문화정보원,단오축제,20240604,20240604
KCKRSPO23N000000006,관광명소,관광명소_축제,김수환추기경 사랑과 나눔 문화축전,27,대구광역시,27720,군위군,2772025034,군위읍 용대리,477203018054,대구광역시 군위군 군위읍 군위금성로 270,대구광역시 군위군 군위읍 용대리 424 김수환추기경 추모전시관,"270 Gunwigeumseong-ro, Gunwi-eup, Gunwi-gun, Daegu",,김수환추기경 추모전시관,4772025034104240000017018,054-380-6065,38333,,36,128,문화정보원,김수환추기경 문화축전,20240604,20240604
KCKRSPO23N000000007,관광명소,관광명소_축제,구례산수유꽃축제,,,,,,,,경기도 안양시 동안구 관평로 149 (평촌동),경기도 안양시 동안구 평촌동 895 중앙공원관리부속,"149 Gwanpyeong-ro, Dongan-gu, Anyang-si, Gyeonggi-do",4272025000,중앙공원관리부속,4117310300108950000000001,061-780-2390,5011,https://www.gurye.go.kr/tour/detail.do?tourId=TOUR_0000000100&menuNo=104001002000,32,123,문화정보원,산수유꽃 프로그램,20240604,20240604
KCKRSPO23N000000008,관광명소,관광명소_지역명소,2016 안양 시민축제,41,경기도,41173,안양시,4117310300,평촌동,411733183003,경기도 안양시 동안구 관평로 149 (평촌동),경기도 안양시 동안구 평촌동 895 중앙공원관리부속,"149 Gwanpyeong-ro, Dongan-gu, Anyang-si, Gyeonggi-do",4180025000,중앙공원관리부속,4117310300108950000000001,031-687-0500,24364,http://www.ayac.or.kr,37,126,문화정보원,시민공연마당+ 전시체험부스+ 특별기회전시+ 개폐막 축하공연+ 방송국 공개방송 등,20240604,20240604
KCKRSPO23N000000009,관광명소,관광명소_축제,2016 안양 아줌마축제,41,경기도,41173,안양시,4117310300,평촌동,411733183003,경기도 안양시 동안구 관평로 149 (평촌동),경기도 안양시 동안구 평촌동 895 중앙공원관리부속,"149 Gwanpyeong-ro, Dongan-gu, Anyang-si, Gyeonggi-do",4272025000,중앙공원관리부속,4117310300108950000000001,031-687-0500,24341,http://www.ayac.or.kr,37,126,문화정보원,아줌마 축제 기념공연+ 여성동호회공연+ 주부가요제+ 홍보체험부스+ 김치왕선발대회 등,20240604,20240604
KCKRSPO23N000000010,관광명소,관광명소_지역명소,2016 제5회 안양공공예술프로젝트,,경기도,,안양시,,,411713183019,경기도 안양시 만안구 예술공원로 180 (안양동),경기도 안양시 만안구 안양동 1351 안양파빌리온,"180 Yesulgongwon-ro, Manan-gu, Anyang-si, Gyeonggi-do",,안양파빌리온,4117110100113510000008169,031-687-0916,24399,http://www.ayac.or.kr,37,126,문화정보원,개막식+ 체험부스운영+ 공공예술작품 전시 및 공연,20240604,20240604
KCKRSPO23N000000011,관광명소,관광명소_지역명소,2014 안양시민축제,41,경기도,41173,안양시,4117310300,평촌동,411733183003,경기도 안양시 동안구 관평로 149 (평촌동),경기도 안양시 동안구 평촌동 895 중앙공원관리부속,"149 Gwanpyeong-ro, Dongan-gu, Anyang-si, Gyeonggi-do",4272037022,중앙공원관리부속,4117310300108950000000001,031-687-0500,24235,http://www.ayac.or.kr,37,126,문화정보원,시민공연마당+ 전시체험부스+ 특별기회전시+ 개폐막 축하공연+ 방송국 공개방송+ 거리공연 등,20240604,20240604
KCKRSPO23N000000012,관광명소,관광명소_지역명소,2017 안양충훈벚꽃축제,41,경기도,41171,안양시,4117110200,석수동,411713182011,경기도 안양시 만안구 석수로 159 (석수동),경기도 안양시 만안구 석수동 797,"159 Seoksu-ro, Manan-gu, Anyang-si, Gyeonggi-do",4279034000,,4117110200107970000000001,031-687-0500,24264,http://www.ayac.or.kr,37,126,문화정보원,축하공연+ 안양꽃길걷기대회+ 안양꽃길그리기+ 어린이벼룩시장+ 거리공연+ 체험부스 등,20240604,20240604
KCKRSPO23N000000013,관광명소,관광명소_지역명소,2017 안양 아줌마축제,41,경기도,41173,안양시,4117310300,평촌동,411733183003,경기도 안양시 동안구 관평로 149 (평촌동),경기도 안양시 동안구 평촌동 895 중앙공원관리부속,"149 Gwanpyeong-ro, Dongan-gu, Anyang-si, Gyeonggi-do",4273033026,중앙공원관리부속,4117310300108950000000001,031-687-0500,24239,http://www.ayac.or.kr,37,126,문화정보원,아줌마 축제 기념공연+ 여성동아리공연+ 미니올림픽+ 김장담그기대회+ 홍보체험부스 등,20240604,20240604
KCKRSPO23N000000014,관광명소,관광명소_지역명소,2017 광복기념음악회,41,경기도,41171,안양시,4117110100,안양동,411714346076,경기도 안양시 만안구 문예로36번길 16 (안양동),경기도 안양시 만안구 안양동 549,"16 Munye-ro 36beon-gil, Manan-gu, Anyang-si, Gyeonggi-do",4182033025,,4117110100105500000014155,031-687-0500,24302,http://www.ayac.or.kr,37,126,문화정보원,안양필하모닉 오케스트라연주+ 안양시립합창단 공연 등 (우천으로 안양아트센터 관악홀 실내 진행),20240604,20240604
KCKRSPO23N000000015,관광명소,관광명소_지역명소,2017 안양 시민축제,41,경기도,41173,안양시,4117310300,평촌동,411733183003,경기도 안양시 동안구 관평로 149 (평촌동),경기도 안양시 동안구 평촌동 895 중앙공원관리부속,"149 Gwanpyeong-ro, Dongan-gu, Anyang-si, Gyeonggi-do",4182032524,중앙공원관리부속,4117310300108950000000001,031-687-0500,24264,http://www.ayac.or.kr,37,126,문화정보원,시민공연마당+ 전시체험부스+ 개폐막 축하공연+ 방송국 공개방송+ 안양시민의날 기념식+ 안양시민가요제 등,20240604,20240604
KCKRSPO23N000000016,관광명소,관광명소_축제,2018 안양충훈벚꽃축제,41,경기도,41171,안양시,4117110200,석수동,411713182011,경기도 안양시 만안구 석수로 159 (석수동),경기도 안양시 만안구 석수동 797,"159 Seoksu-ro, Manan-gu, Anyang-si, Gyeonggi-do",4272025000,,4117110200107970000000001,031-687-0500,24420,http://www.ayac.or.kr,37,126,문화정보원,축하공연+ 안양꽃길걷기대회+ 안양꽃길그리기+ 어린이벼룩시장+ 거리공연+ 체험부스 등,20240604,20240604
KCKRSPO23N000000017,관광명소,관광명소_지역명소,2018 안양여성축제,41,경기도,41173,안양시,4117310300,평촌동,411733183003,경기도 안양시 동안구 관평로 149 (평촌동),경기도 안양시 동안구 평촌동 895 중앙공원관리부속,"149 Gwanpyeong-ro, Dongan-gu, Anyang-si, Gyeonggi-do",4128510400,중앙공원관리부속,4117310300108950000000001,031-687-0500,24441,http://www.ayac.or.kr,37,126,문화정보원,기념공연+ 여성동아리공연+ 미니올림픽+ 김장담그기대회+ 홍보체험부스 등,20240604,20240604
KCKRSPO23N000000018,관광명소,관광명소_축제,2018 광복기념음악회,41,경기도,41171,안양시,4117110100,안양동,411713182007,경기도 안양시 만안구 병목안로 215 (안양동),경기도 안양시 만안구 안양동 산82-2 병목안시민공원관리사무소,"215 Byeongmogan-ro, Manan-gu, Anyang-si, Gyeonggi-do",4283025000,병목안시민공원관리사무소,4117110100112190177000001,031-687-0500,24336,http://www.ayac.or.kr,37,126,문화정보원,뮤지컬 그룹 플래티넘+ 안양시립합창단 공연 등,20240604,20240604
KCKRSPO23N000000019,관광명소,관광명소_지역명소,2018 안양 시민축제,41,경기도,41173,안양시,4117310300,평촌동,411733183003,경기도 안양시 동안구 관평로 149 (평촌동),경기도 안양시 동안구 평촌동 895 중앙공원관리부속,"149 Gwanpyeong-ro, Dongan-gu, Anyang-si, Gyeonggi-do",4129010600,중앙공원관리부속,4117310300108950000000001,031-687-0500,24461,http://www.ayac.or.kr,37,126,문화정보원,시민공연마당+ 전시체험부스+ 개폐막 축하공연+ 방송국 공개방송+ 안양시민의날 기념식+ 안양시민가요제 등,20240604,20240604
KCKRSPO23N000000020,관광명소,관광명소_축제,마곡사 신록축제,44,충청남도,44150,공주시,4415039029,사곡면 운암리,441503251011,충청남도 공주시 사곡면 마곡사로 966,충청남도 공주시 사곡면 운암리 567 마곡사,"966 Magoksa-ro, Sagok-myeon, Gongju-si, Chungcheongnam-do",4283025000,마곡사,4415039029200740002029443,041-840-2056,24264,,36,127,문화정보원,전시 운영+백범명상길 걷기+마곡사 보물찾기 등,20240604,20240604
KCKRSPO23N000000021,관광명소,관광명소_지역명소,제68회 백제문화제,44,충청남도,44150,공주시,4415012000,신관동,441503251008,충청남도 공주시 금벽로 368 (신관동),충청남도 공주시 신관동 553,"368 Geumbyeok-ro, Gongju-si, Chungcheongnam-do",4161035021,,4415012000105530000759980,041-840-8112,24264,https://www.baekje.org/kor/,36,127,문화정보원,웅진성퍼레이드+체험마당+무대공연+농특산품전시 및 판매,20240604,20240604
KCKRSPO23N000000022,관광명소,관광명소_지역명소,제5회 겨울공주 군밤축제,44,,44150,,4415011000,금학동,,충청남도 공주시 금학동 111-1,충청남도 공주시 금학동 111-1,,4161035000,,,041-840-2056,24264,,36,127,문화정보원,알밤 토크콘서트+공주알밤 디저트 UCC공모전+휴게소 홍보 등,20240604,20240604
KCKRSPO23N000000023,관광명소,관광명소_지역명소,제1회 유구색동수국정원 꽃축제,,,,,,,,강원특별자치도 춘천시 서부대성로 71 (옥천동),강원특별자치도 춘천시 옥천동 73-2 춘천예술마당,"71 Seobudaeseong-ro, Chuncheon-si, Gangwon-do",4161037021,춘천예술마당,4211010700100730002002079,041-840-8111,24327,,32,123,문화정보원,공식+기획 행사+경관조성+체험프로그램+편의시설 운영 등,20240604,20240604
KCKRSPO23N000000024,관광명소,관광명소_지역명소,보이지 않아도 보이는,51,강원특별자치도,51110,춘천시,5111012500,삼천동,421104454446,강원도 춘천시 스포츠타운길399번길 25 어린이회관,강원특별자치도 춘천시 삼천동 223-2,,4161010800,,,,24239,https://www.cccf.or.kr/Home/H40000/H40400/boardView?board_key=10597&search_type=1&search_keyword=EBB3B4EC9DB4ECA780+EC958AEC9584EB8F84+EBB3B4EC9DB4EB8A94,37,127,문화정보원,"전시장에서 작품을 관람하고자 할 때, 종종 만지지 마세요 눈으로만 보세요.’ 라는 글귀가 있다. 그러면 작품을 볼 수 없는 시작장애인에게 작품 감상은 불가능하다. 이번 전시는 장애인과 같이 문화적 소외자들에게도 작품 감상의 기회를 만들어 시각 예술 분야의 한계성을 극복해보고자 하는 전시이다.",20240604,20240604
KCKRSPO23N000000025,관광명소,관광명소_지역명소,Creative energy_김정현 개인展,51,강원특별자치도,51110,춘천시,5111010700,옥천동,421103218018,강원특별자치도 춘천시 서부대성로 71 (옥천동),강원특별자치도 춘천시 옥천동 73-2 춘천예술마당,"71 Seobudaeseong-ro, Chuncheon-si, Gangwon-do",4161034030,춘천예술마당,4211010700100730002002079,033-241-1856,24271,https://www.cccf.or.kr/Home/H40000/H40400/boardView?board_key=10594&search_type=1&search_keyword=Creative+energy_EAB980ECA095ED9884+EAB09CEC9DB8E5B195,37,127,문화정보원,김정현 개인전,20240604,20240604
KCKRSPO23N000000026,관광명소,관광명소_지역명소,2022년 강원PAX아라리 제 3회 정기연주회,51,강원특별자치도,51110,춘천시,5111012400,석사동,421103218031,강원특별자치도 춘천시 우석로 70 (석사동),강원특별자치도 춘천시 석사동 95-3 국립춘천박물관,"70 Useok-ro, Chuncheon-si, Gangwon-do",4131010300,국립춘천박물관,4211012400200270001015797,,24455,https://www.cccf.or.kr/Home/H40000/H40400/boardView?board_key=10591&search_type=1&search_keyword=2022EB8584+EAB095EC9B90PAXEC9584EB9DBCEBA6AC+ECA09C+3ED9A8C+ECA095EAB8B0EC97B0ECA3BCED9A8C,37,127,문화정보원,"강원팍스아라리 주관으로 수원대학교 교수 박영란 작곡가에게 위촉한 6곡의 아리랑을 피아노(4명의 피아니스트)와 국악기(7명의 국악기 연주자)가 함께 앙상블로 연주한다. 국악과 양악의 콜라보레이션으로서, 한국 전통 민요인 아리랑을 새롭게 재창조하며 다채로운 해석을 통하여 대중적으로 다가가는 공연이 될 것이다.",20240604,20240604
KCKRSPO23N000000027,관광명소,관광명소_지역명소,제4회 대청호 벚꽃축제,,,,,,,,경기도 동두천시 어등로 45 (생연동),경기도 동두천시 생연동 70 동두천시종합운동장,"45 Eodeung-ro, Dongducheon-si, Gyeonggi-do",4131010600,동두천시종합운동장,4125010300100700000000333,042-251-6686,24336,https://www.donggu.go.kr/dg/tour/contents/988,32,123,문화정보원,벚꽃 아트길+온라인 공연+경연대회,20240604,20240604
KCKRSPO23N000000028,관광명소,관광명소_지역명소,제5회 대청호 벚꽃축제,,,,,,,,경기도 동두천시 어수로 8 (상패동),경기도 동두천시 상패동 122-2 상패동주민센터,"8 Eosu-ro, Dongducheon-si, Gyeonggi-do",4141010400,상패동주민센터,4125011200101220002000251,042-251-6686,24336,https://www.donggu.go.kr/dg/tour/contents/988,32,123,문화정보원,벚꽃콘서트+경연대회+푸드트럭+체험프로그램 등,20240604,20240604
KCKRSPO23N000000029,관광명소,관광명소_지역명소,동두천 청소년 별자리과학 축제,41,경기도,41250,동두천시,4125010300,생연동,412503189020,경기도 동두천시 어등로 45 (생연동),경기도 동두천시 생연동 70 동두천시종합운동장,"45 Eodeung-ro, Dongducheon-si, Gyeonggi-do",4141010700,동두천시종합운동장,4125010300100700000000333,031-860-2857,24341,http://www.ddc.go.kr,37,127,문화정보원,경기북부지역 청소년들의 과학과 수학에 대한 자신감과 흥미유발,20240604,20240604
KCKRSPO23N000000030,관광명소,관광명소_지역명소,동두천락페스티벌,,,,,,,,경기도 동두천시 상패로216번길 42 (보산동),경기도 동두천시 보산동 429-4,"42 Sangpae-ro 216beon-gil, Dongducheon-si, Gyeonggi-do",4141010400,,4125010600104290004001067,031-860-2105,24341,https://www.ddc.go.kr/tour/contents.do?key=269,32,123,문화정보원,전국락밴드경연 및 락 뮤지션 초청공연,20240604,20240604
KCKRSPO23N000000031,관광명소,관광명소_지역명소,2023 제7회 이담농악두드림대축제,41,경기도,41250,동두천시,4125010300,생연동,412503189031,경기도 동두천시 중앙로 268 (생연동),경기도 동두천시 생연동 594-1,"268 Jungang-ro, Dongducheon-si, Gyeonggi-do",4141010400,,4125010300105940001000034,031-860-3331,24336,http://www.ddc.go.kr,37,127,문화정보원,동두천시 무형문화재 제3호 이담농악보존회에서 주관하는 축제,20240604,20240604
KCKRSPO23N000000032,관광명소,관광명소_지역명소,제4회 동두천 국제 트레일러닝 대회,41,경기도,41250,동두천시,4125010300,생연동,412503189020,경기도 동두천시 어등로 45 (생연동),경기도 동두천시 생연동 70 동두천시종합운동장,"45 Eodeung-ro, Dongducheon-si, Gyeonggi-do",4141010600,동두천시종합운동장,4125010300100700000000333,031-860-2209,24355,http://www.korea50k.com,37,127,문화정보원,천혜의 자연 경관을 바탕으로 명실상부한 국내 최고의 트레일러닝대회,20240604,20240604
KCKRSPO23N000000033,관광명소,관광명소_지역명소,상패남산축제,41,경기도,41250,동두천시,4125011200,상패동,412503189021,경기도 동두천시 어수로 8 (상패동),경기도 동두천시 상패동 122-2 상패동주민센터,"8 Eosu-ro, Dongducheon-si, Gyeonggi-do",4141010600,상패동주민센터,4125011200101220002000251,031-860-3172,24373,http://www.ddc.go.kr,37,127,문화정보원,공연+체험+먹거리장터 등,20240604,20240604
KCKRSPO23N000000034,관광명소,관광명소_지역명소,동두천시 자원봉사 축제,41,경기도,41250,동두천시,4125010200,지행동,412503189031,경기도 동두천시 중앙로 125 (지행동),경기도 동두천시 지행동 691-5 영스포렉스,"125 Jungang-ro, Dongducheon-si, Gyeonggi-do",4157034032,영스포렉스,4125010200106910005008882,031-860-2089,24336,http://www.ddc.go.kr,37,127,문화정보원,자원봉사자와 시민·청소년 모두가 하나되는 나눔의 장,20240604,20240604
KCKRSPO23N000000035,관광명소,관광명소_지역명소,DDC할로윈클럽데이,41,경기도,41250,동두천시,4125010600,보산동,412504367075,경기도 동두천시 상패로216번길 42 (보산동),경기도 동두천시 보산동 429-4,"42 Sangpae-ro 216beon-gil, Dongducheon-si, Gyeonggi-do",4157034032,,4125010600104290004001067,031-860-2627,24428,http://www.ddc.go.kr,37,127,문화정보원,할로윈데이를 모티브로 한 젊은층 맞춤형 페스티벌,20240604,20240604
KCKRSPO23N000000036,관광명소,관광명소_지역명소,제5회 연제고분판타지축제,,,,,,,,부산광역시 영도구 해양로301번길 55 (동삼동),부산광역시 영도구 동삼동 1165,"55 Haeyang-ro 301beon-gil, Yeongdo-gu, Busan",4157010300,,2620012100111650000000001,051-665-4064,24336,,32,123,문화정보원,역사문화행사,20240604,20240604
KCKRSPO23N000000037,관광명소,관광명소_지역명소,(가칭)오산 산타 마켓,41,경기도,41370,오산시,4137010300,원동,413704394131,경기도 오산시 원동로37번길 37-1 (원동),경기도 오산시 원동 776-8 롯데리아,"37-1 Wondong-ro 37beon-gil, Osan-si, Gyeonggi-do",4157035030,롯데리아,4137010300107760008002524,031-8036-7608,25517,https://www.osan.go.kr/main.do,37,127,문화정보원,마켓운영+경관조명,20240604,20240604
KCKRSPO23N000000038,관광명소,관광명소_지역명소,여주도자기축제,41,경기도,41670,여주시,4167012000,천송동,416704442277,경기도 여주시 신륵사길 7 (천송동),경기도 여주시 천송동 297-1 여주세계생활도자관,"7 Silleuksa-gil, Yeoju-si, Gyeonggi-do",4157035029,여주세계생활도자관,4173025040102920001058692,031-881-9693,24239,www.yjcf.or.kr,37,127,문화정보원,"여주 도자기 전시 및 판매, 공연 등",20240604,20240604
KCKRSPO23N000000039,관광명소,관광명소_지역명소,크랩킹페스타,,,,,,,,인천광역시 부평구 신트리로 21 (부평동),인천광역시 부평구 부평동 880 북구도서관,"21 Sinteuri-ro, Bupyeong-gu, Incheon",4157010700,북구도서관,2823710100108800000103987,033-530-2111,24336,,32,123,문화정보원,"개막식, 먹거리장터, 공연행사,크랩뜰낚시체험, 크랩맨손잡기",20240604,20240604
KCKRSPO23N000000040,관광명소,관광명소_지역명소,2024얼음나라 화천 산천어축제,51,강원특별자치도,51790,화천군,5179025023,화천읍 중리,427904493062,강원특별자치도 화천군 화천읍 산천어길 137,강원특별자치도 화천군 화천읍 중리 186-5,"137 Sancheoneo-gil, Hwacheon-eup, Hwacheon-gun, Gangwon-do",4125010900,,4279025023000000000007890,1688-3000,24246,www.narafestival.com,38,127,문화정보원,얼음낚시+맨손잡기+눈얼음체험+얼음조각광장 등,20240604,20240604
KCKRSPO23N000000041,관광명소,관광명소_축제,2024 대구앞산축제(제29회 대덕제),27,대구광역시,27200,남구,2720010200,봉덕동,272004232016,대구광역시 남구 고산4길 71 (봉덕동),대구광역시 남구 봉덕동 1272-1,"71 Gosan 4-gil, Nam-gu, Daegu",4283025000,,2720010200112720001000002,053-664-3262,24412,,35,128,문화정보원,앞산을 배경으로 다양한 체험프로그램과 문화예술 공연이 있는 주민화합 축제,20240604,20240604
KCKRSPO23N000000042,관광명소,관광명소_축제,영도다리축제,26,부산광역시,26200,영도구,2620012100,동삼동,262004184392,부산광역시 영도구 해양로301번길 55 (동삼동),부산광역시 영도구 동삼동 1165,"55 Haeyang-ro 301beon-gil, Yeongdo-gu, Busan",4276034000,,2620012100111650000000001,051-419-4064,14259,http://www.yeongdo.go.kr/ydfestival.web,35,129,문화정보원,개막주제공연+축하공연+불꽃쇼+퍼레이드+체험행사 등,20240604,20240604
KCKRSPO23N000000043,관광명소,관광명소_축제,영도커피페스티벌,26,부산광역시,26200,영도구,2620012100,동삼동,262004184392,부산광역시 영도구 해양로301번길 55 (동삼동),부산광역시 영도구 동삼동 1165,"55 Haeyang-ro 301beon-gil, Yeongdo-gu, Busan",4276032000,,2620012100111650000000001,051-419-6332,14320,https://www.yeongdo.go.kr/yd_coffee_festival.web,35,129,문화정보원,개막주제공연+축하공연+체험행사 등,20240604,20240604
KCKRSPO23N000000044,관광명소,관광명소_축제,2023 과천공연예술축제,41,경기도,41290,과천시,4129010700,중앙동,412903195051,경기도 과천시 통영로 5 (중앙동),경기도 과천시 중앙동 6-2 과천시민회관,"5 Tongyeong-ro, Gwacheon-si, Gyeonggi-do",4275025000,과천시민회관,4129010700100060002000751,02-2009-9732,14234,http://www.gcfest.or.kr,37,126,문화정보원,시민주도형 예술축제,20240604,20240604
KCKRSPO23N000000045,관광명소,관광명소_축제,2024고령 대가야축제,47,경상북도,47830,고령군,4783025326,대가야읍 지산리,478303320005,경상북도 고령군 대가야읍 대가야로 1216,경상북도 고령군 대가야읍 지산리 471-1 대가야역사테마관광지,"1216 Daegaya-ro, Daegaya-eup, Goryeong-gun, Gyeongsangbuk-do",4278025600,대가야역사테마관광지,4783025026104740001025140,054-950-6424,14259,http://www.festdgy.com/,35,128,문화정보원,"체험프로그램, 악성우륵추모제, 가야금 100대 공연, 야간특별프로그램, 불꽃쇼, 인기가수 공연 등",20240604,20240604
KCKRSPO23N000000046,관광명소,관광명소_축제,2020 부평풍물대축제,28,인천광역시,28237,부평구,2823710100,부평동,282373154039,인천광역시 부평구 신트리로 21 (부평동),인천광역시 부평구 부평동 880 북구도서관,"21 Sinteuri-ro, Bupyeong-gu, Incheon",4281031000,북구도서관,2823710100108800000103987,032-509-7516,14295,https://portal.icbp.go.kr/bpf/,37,126,문화정보원,다큐멘터리 제작+지역 문화예술인 참여 소규모 공연 등,20240604,20240604
KCKRSPO23N000000047,관광명소,관광명소_축제,2023계룡軍문화축제,,,,,,,,제주특별자치도 제주시 오남로 221 (오라이동),제주특별자치도 제주시 오라이동 899-3,"221 Onam-ro, Jeju-si, Jeju-do",4213038000,,5011012000108990003000001,042-840-2623,14240,http://m-festival.org/,32,123,문화정보원,"개막식,전시관, 체험, 공연·경연, 부대행사등",20240604,20240604
KCKRSPO23N000000048,관광명소,관광명소_축제,휴애리 유럽 수국축제,50,제주특별자치도,50130,서귀포시,5013025329,남원읍 신례리,501303350180,제주특별자치도 서귀포시 남원읍 신례동로 256,제주특별자치도 서귀포시 남원읍 신례리 2081 휴애리,"256 Sillyedong-ro, Namwon-eup, Seogwipo-si, Jeju-do",4213025000,휴애리,5013025329120150004000001,064-732-2114,63608,hueree.com,33,126,문화정보원,동물먹이주기체험 전통놀이체험,20240604,20240604
KCKRSPO23N000000049,관광명소,관광명소_축제,상효원수목원 봉선화축제,50,제주특별자치도,50130,서귀포시,5013010700,상효동,501303020010,제주특별자치도 서귀포시 산록남로 2847-37 (상효동),제주특별자치도 서귀포시 상효동 산25,"2847-37 Sallongnam-ro, Seogwipo-si, Jeju-do",4280025000,,5013010700200250000009247,064-733-2200,14259,www.sanghyowon.com/,33,126,문화정보원,2014년 4월에 개원하여 운영하고 있는 제주도 서귀포시 돈내코 인근 중산간에 위치한 힐링 수목원 상효원에서 여름을 맞이하여 수국전시에 이어 산파첸스 축제가 열린다,20240604,20240604
KCKRSPO23N000000050,관광명소,관광명소_지역명소,2023제주애니아일랜드페스티벌,50,제주특별자치도,50130,서귀포시,5013010500,동홍동,501304850965,제주특별자치도 서귀포시 태평로537번길 40-9 (동홍동),제주특별자치도 서귀포시 동홍동 646-1 서귀포노인복지회관,"40-9 Taepyeong-ro 537beon-gil, Seogwipo-si, Jeju-do",4163034024,서귀포노인복지회관,5013010500106460001039201,064-766-0707,14245,naver.me/I5464pEC,33,126,문화정보원,캐릭터 전시·캐릭터 마켓·캐릭터 놀이터·나만의 모자 만들기 체험·다양한 공연·애니 상영회·캐릭터 페이스 페인팅,20240604,20240604
KCKRSPO23N000000051,관광명소,관광명소_축제,제13회 산지천축제,50,제주특별자치도,50110,제주시,5011010100,일도일동,501104848886,제주특별자치도 제주시 칠성로길 48 (일도일동),제주특별자치도 제주시 일도일동 1211,"48 Chilseongno-gil, Jeju-si, Jeju-do",4280025000,,5011010100112110000061776,064-728-4655,14245,,33,126,문화정보원,산지천 토크와 컨퍼런스·길트기·개막공연·문화예술공연·시니어모델 패션쇼·청소년 댄스 콘테스트·산지천 소망등 띄우기·산지천 물총파티·촘대 광어 낚시·RC보트 투어링·산지천 로드드로잉·산지천 전시회· 스탬프투어·어린이 장터 등,20240604,20240604
KCKRSPO23N000000052,관광명소,관광명소_지역명소,아트 트랙 제주 2023,50,제주특별자치도,50110,제주시,5011025324,애월읍 구엄리,501103349236,제주특별자치도 제주시 애월읍 일주서로 6935,제주특별자치도 제주시 애월읍 구엄리 50-1,"6935 Iljuseo-ro, Aewol-eup, Jeju-si, Jeju-do",4183040033,,5011025324100500001000001,070-4367-6329,61758,www.instagram.com/speeker_official,33,126,문화정보원,제주 전역을 전시장으로 한 제주를 여행하며 문화예술을 즐기는 아트 트랙 제주 2023,20240604,20240604
KCKRSPO23N000000053,관광명소,관광명소_지역명소,제16회 제주해녀축제,50,제주특별자치도,50110,제주시,5011025629,구좌읍 상도리,501104849073,제주특별자치도 제주시 구좌읍 해녀박물관길 26,제주특별자치도 제주시 구좌읍 상도리 3204-1,"26 Haenyeobangmulgwan-gil, Gujwa-eup, Jeju-si, Jeju-do",4167012000,,5011025629004710035048769,064-711-7021,61662,,33,126,문화정보원,체험 및 홍보부스 운영·’즐거운 오후 2시’와 함께하는 해녀가족 노래자랑·지역문화공원,20240604,20240604
KCKRSPO23N000000054,관광명소,관광명소_축제,휴애리 핑크뮬리축제,50,제주특별자치도,50130,서귀포시,5013025329,남원읍 신례리,501303350180,제주특별자치도 서귀포시 남원읍 신례동로 256,제주특별자치도 서귀포시 남원읍 신례리 2081 휴애리,"256 Sillyedong-ro, Namwon-eup, Seogwipo-si, Jeju-do",4276034000,휴애리,5013025329120150004000001,064-732-2114,61746,hueree.com,33,126,문화정보원,흑돼지야놀자·동물먹이주기체험·야생화 자연 학습체험·청귤체험·감귤체험·전통놀이체험,20240604,20240604
KCKRSPO23N000000055,관광명소,관광명소_축제,2023 숲으로오라-찾아라초록 숲의 비밀,50,제주특별자치도,50110,제주시,5011012000,오라이동,501103349144,제주특별자치도 제주시 오남로 221 (오라이동),제주특별자치도 제주시 오라이동 899-3,"221 Onam-ro, Jeju-si, Jeju-do",4283025000,,5011012000108990003000001,064-740-6000,61636,www.instagram.com/jejuforest_ora/,33,126,문화정보원,어린이 환경수호대(3기)·숲속 보물찾기·업사이클 굿즈 만들기 등 다양한 체험 프로그램과 환경의 중요성을 직접 느낄 수 있는 교육 프로그램과 제주 설화 인형극·밤마실 극장 등 현장에서 참여할 수 있는 다양한 체험거리와 즐길거리가 마련된다,20240604,20240604
KCKRSPO23N000000056,관광명소,관광명소_축제,신산 도채비 빛축제,50,제주특별자치도,50110,제주시,5011010200,일도이동,501103349113,제주특별자치도 제주시 신산로 82 (일도이동),제주특별자치도 제주시 일도이동 837-20 제주민속관광타운,"82 Sinsan-ro, Jeju-si, Jeju-do",4211010700,제주민속관광타운,5011010200108370020031437,,61639,www.instagram.com/jeju_sinsan,33,126,문화정보원,제주 도심 속 휴식공간인 신산공원에서 가을밤 신비롭고 아름다운 빛이 켜진다. 어쩌면 기적처럼 소원이 이루어질지 모른다. 처음 만나는 도채비 빛 축제를 만나보자,20240604,20240604
KCKRSPO23N000000057,관광명소,관광명소_축제,마노르블랑 핑크뮬리축제,50,제주특별자치도,50130,서귀포시,5013031026,안덕면 덕수리,501304850735,제주특별자치도 서귀포시 안덕면 일주서로2100번길 46,제주특별자치도 서귀포시 안덕면 덕수리 2952,"46 Iljuseo-ro 2100beon-gil, Andeok-myeon, Seogwipo-si, Jeju-do",4215034028,,5013031026129520000000001,064-794-0999,61636,manorblanc.modoo.at,33,126,문화정보원,대한민국 핑크뮬리의 성지 마노르블랑에서 핑크뮬리축제의 향연이 시작된다.,20240604,20240604
KCKRSPO23N000000058,관광명소,관광명소_지역명소,제8회 고마로 마문화축제,50,제주특별자치도,50110,제주시,5011010200,일도이동,501103349113,제주특별자치도 제주시 신산로 82 (일도이동),제주특별자치도 제주시 일도이동 837-20 제주민속관광타운,"82 Sinsan-ro, Jeju-si, Jeju-do",4165039000,제주민속관광타운,5011010200108370020031437,064-728-4442,61662,,33,126,문화정보원,고마로가요제·거리퍼레이드·먹거리장터 및 체험부스 운영 등,20240604,20240604
KCKRSPO23N000000059,관광명소,관광명소_지역명소,제주 광어대축제,50,제주특별자치도,50110,제주시,5011012000,오라이동,501103349137,제주특별자치도 제주시 연삼로 166 (오라이동),제주특별자치도 제주시 오라이동 2155-1,"166 Yeonsam-ro, Jeju-si, Jeju-do",4165038000,,5011012000121550001000001,064-766-7225,15355,,33,126,문화정보원,광어를 소재로 한 국내 유일의 행사로써 제주 광어의 우수성과 안정성을 소개하고 홍보하는 축제이다.,20240604,20240604
KCKRSPO23N000000060,관광명소,관광명소_지역명소,JEMI페스타,50,제주특별자치도,50110,제주시,5011010200,일도이동,501103349113,제주특별자치도 제주시 신산로 82 (일도이동),제주특별자치도 제주시 일도이동 837-20 제주민속관광타운,"82 Sinsan-ro, Jeju-si, Jeju-do",4145010600,제주민속관광타운,5011010200108370020031437,064-735-0617,15471,jejuckl.kr/community/photo.htm?act=view&seq=580,33,126,문화정보원,제주의 JEMI있는 콘텐츠를 발굴하는 연구소 ’제주콘텐츠코리아랩’의 콘텐츠 기업을 만날 수 있는 ’JEMI페스타’가 개최된다. 이번 JEMI페스타에는 32개 팀의 도내 콘텐츠기업과 예비창업자들이 참여해 다양한 미션존·체험존·전시존이 운영된다.,20240604,20240604
KCKRSPO23N000000061,관광명소,관광명소_지역명소,흥부제,52,전북특별자치도,52190,남원시,5219012200,어현동,451904613419,전북특별자치도 남원시 양림길 12 (어현동),전북특별자치도 남원시 어현동 37-19 춘향테마파크,"12 Yangnim-gil, Namwon-si, Jeonbuk-do",4145010600,춘향테마파크,4519012200100370019070248,063-620-5772,28013,,35,127,문화정보원,흥부마을터울림+다양한 공연 및 홍보 등,20240604,20240604
KCKRSPO23N000000062,관광명소,관광명소_지역명소,지리산 뱀사골 단풍제,52,전북특별자치도,52190,남원시,5219046027,산내면 부운리,451904613449,전북특별자치도 남원시 산내면 와운길 10,전북특별자치도 남원시 산내면 부운리 252 지리산국립공원,"10 Waun-gil, Sannae-myeon, Namwon-si, Jeonbuk-do",4831031023,지리산국립공원,4519046027100930004014689,063-620-4705,25750,,35,127,문화정보원,"단풍제(산신제)+체험행사(단풍길 걷기, 보물찾기 등)+지리산 풍경 사진전+공연단 공연",20240604,20240604
KCKRSPO23N000000063,관광명소,관광명소_축제,백운계곡 뜬구름 축제,41,경기도,41650,포천시,4165038022,이동면 도평리,416503000135,경기도 포천시 이동면 포화로 148,경기도 포천시 이동면 도평리 720,"148 Pohwa-ro, Idong-myeon, Pocheon-si, Gyeonggi-do",4215010300,,4165038022107200000063899,,63008,,38,127,문화정보원,장작패기+무술체험+포천쿠키만들기+레트로포토존+뜬구름빵+행운쿠기체험 등,20240604,20240604
KCKRSPO23N000000064,관광명소,관광명소_축제,억새꽃 축제,41,경기도,41650,포천시,4165039023,영북면 산정리,416504439259,경기도 포천시 영북면 산정호수로411번길 89,경기도 포천시 영북면 산정리 191-1,"89 Sanjeonghosu-ro 411beon-gil, Yeongbuk-myeon, Pocheon-si, Gyeonggi-do",4215010500,,4165039023101910001063690,,11103,,38,127,문화정보원,작은버스킹+1년 후에 받는 편지 등,20240604,20240604
KCKRSPO23N000000065,관광명소,관광명소_지역명소,포천 백운계곡 동장군 축제,41,경기도,41650,포천시,4165038022,이동면 도평리,416503213050,경기도 포천시 이동면 화동로 2381,경기도 포천시 이동면 도평리 249,"2381 Hwadong-ro, Idong-myeon, Pocheon-si, Gyeonggi-do",4831010600,,4165038022102490000000001,,63331,,38,127,문화정보원,ICE BIG TREE 포토존+얼음조각작품 전시+튜브 눈썰매+송어얼음 낚시,20240604,20240604
KCKRSPO23N000000066,관광명소,관광명소_지역명소,도봉 과학축전,11,서울특별시,11320,도봉구,1132010600,방학동,113203109006,서울특별시 도봉구 마들로 656 (방학동),서울특별시 도봉구 방학동 720 도봉구청,"656 Madeul-ro, Dobong-gu, Seoul",4831034026,도봉구청,1132010600107200000004091,02-2091-2316,63365,http://science.dobong.go.kr,37,127,문화정보원,과학 체험· 전시·교육·이벤트 마당 등,20240604,20240604
KCKRSPO23N000000067,관광명소,관광명소_지역명소,제13회 남한강축제,51,강원특별자치도,51130,원주시,5113035021,부론면 법천리,421303238089,강원특별자치도 원주시 부론면 앙암로 1234,강원특별자치도 원주시 부론면 법천리 1575-1,"1234 Angam-ro, Buron-myeon, Wonju-si, Gangwon-do",4831034023,,4213035021115750001000001,033-737-5630,,,37,127,문화정보원,문화예술공연+노래자랑 등,20240604,20240604
KCKRSPO23N000000068,관광명소,관광명소_지역명소,치악산찰옥수수축제,,,,,,,,경기도 안산시 단원구 광덕대로 157 (고잔동),경기도 안산시 단원구 고잔동 800,"157 Gwangdeok-daero, Danwon-gu, Ansan-si, Gyeonggi-do",4831010900,,4127310100108000000000001,033-737-1164,,,32,123,문화정보원,지역 옥수수 판매 및 농특산물 직거래장터 운영 등,20240604,20240604
KCKRSPO23N000000069,관광명소,관광명소_지역명소,치악산복숭아축제,51,강원특별자치도,51130,원주시,5113010600,명륜동,421303219013,강원특별자치도 원주시 단구로 170 (명륜동),강원특별자치도 원주시 명륜동 345 원주댄싱공연장,"170 Dangu-ro, Wonju-si, Gangwon-do",4831033021,원주댄싱공연장,4213010600103450000000001,033-737-4131,26447,,37,127,문화정보원,지역 복숭아 판매+품평회+기타 등,20240604,20240604
KCKRSPO23N000000070,관광명소,관광명소_지역명소,2023 원주 댄싱카니발,51,강원특별자치도,51130,원주시,5113010600,명륜동,421303219013,강원특별자치도 원주시 단구로 170 (명륜동),강원특별자치도 원주시 명륜동 345 원주댄싱공연장,"170 Dangu-ro, Wonju-si, Gangwon-do",4831033024,원주댄싱공연장,4213010600103450000000001,033-737-5123,26447,,37,127,문화정보원,댄싱경연+문화예술공연+각종 체험 등,20240604,20240604
KCKRSPO23N000000071,관광명소,관광명소_지역명소,원주삼토페스티벌,51,강원특별자치도,51130,원주시,5113010600,명륜동,421302219001,강원특별자치도 원주시 서원대로 311 (명륜동),강원특별자치도 원주시 명륜동 342 원주종합운동장,"311 Seowon-daero, Wonju-si, Gangwon-do",4831033025,원주종합운동장,4213010600103110000004187,033-737-4155,63168,,37,127,문화정보원,농촌문화체험+지역먹거리 판매 등,20240604,20240604
KCKRSPO23N000000072,관광명소,관광명소_지역명소,치악산한우축제,51,강원특별자치도,51130,원주시,5113010600,명륜동,421303219013,강원특별자치도 원주시 단구로 170 (명륜동),강원특별자치도 원주시 명륜동 345 원주댄싱공연장,"170 Dangu-ro, Wonju-si, Gangwon-do",4831010700,원주댄싱공연장,4213010600103450000000001,033-737-4195,63111,,37,127,문화정보원,지역 한우 판매 등,20240604,20240604
KCKRSPO23N000000073,관광명소,관광명소_지역명소,원주 독서대전,51,강원특별자치도,51130,원주시,5113010600,명륜동,421303219013,강원특별자치도 원주시 단구로 170 (명륜동),강원특별자치도 원주시 명륜동 345 원주댄싱공연장,"170 Dangu-ro, Wonju-si, Gangwon-do",4831035025,원주댄싱공연장,4213010600103450000000001,033-737-3817,26447,,37,127,문화정보원,학술토론+전시체험 등,20240604,20240604
KCKRSPO23N000000074,관광명소,관광명소_지역명소,원주 평생학습 축제,51,강원특별자치도,51130,원주시,5113010800,일산동,421303219043,강원특별자치도 원주시 원일로 139 (일산동),강원특별자치도 원주시 일산동 211 시민문화센터,"139 Wonil-ro, Wonju-si, Gangwon-do",4831036028,시민문화센터,4213010800102110000837544,033-737-3808,63003,www.wonju.go.kr,37,127,문화정보원,개막식+공연+전시+체험 등,20240604,20240604
KCKRSPO23N000000075,관광명소,관광명소_지역명소,제8회 상록수문화제,41,경기도,41271,안산시,4127110400,본오동,412714370208,경기도 안산시 상록구 샘골서길 64 (본오동),경기도 안산시 상록구 본오동 879-4 최용신기념관,"64 Saemgolseo-gil, Sangnok-gu, Ansan-si, Gyeonggi-do",4831036028,최용신기념관,4127110400108790004001701,031-481-3040,63624,https://www2.ansan.go.kr/choiyongshin/main/main.do,37,126,문화정보원,공연+체험 등,20240604,20240604
KCKRSPO23N000000076,관광명소,관광명소_지역명소,제9회 상록수문화제,41,경기도,41271,안산시,4127110400,본오동,412714370208,경기도 안산시 상록구 샘골서길 64 (본오동),경기도 안산시 상록구 본오동 879-4 최용신기념관,"64 Saemgolseo-gil, Sangnok-gu, Ansan-si, Gyeonggi-do",4831031025,최용신기념관,4127110400108790004001701,031-481-3040,63219,https://www2.ansan.go.kr/choiyongshin/main/main.do,37,126,문화정보원,기념음악회+전시+체험 등,20240604,20240604
KCKRSPO23N000000077,관광명소,관광명소_지역명소,안산국제거리극축제,41,경기도,41273,안산시,4127310100,고잔동,412732190001,경기도 안산시 단원구 광덕대로 157 (고잔동),경기도 안산시 단원구 고잔동 800,"157 Gwangdeok-daero, Danwon-gu, Ansan-si, Gyeonggi-do",4831031024,,4127310100108000000000001,031-481-0536,63365,https://www.ansanart.com/index.do,37,126,문화정보원,순수예술축제,20240604,20240604
KCKRSPO23N000000078,관광명소,관광명소_지역명소,여르미오페스티벌,41,경기도,41273,안산시,4127310700,초지동,412733191020,경기도 안산시 단원구 동산로 268 (초지동),경기도 안산시 단원구 초지동 667 경기도미술관,"268 Dongsan-ro, Danwon-gu, Ansan-si, Gyeonggi-do",4831031024,경기도미술관,4127310700106670000034923,031-481-0535,63165,https://www.ansanart.com/index.do,37,126,문화정보원,대중예술축제,20240604,20240604
KCKRSPO23N000000079,관광명소,관광명소_지역명소,2024 경산자인단오제,47,경상북도,47290,경산시,4729033022,자인면 서부리,472904739115,경상북도 경산시 자인면 계정길 68,경상북도 경산시 자인면 서부리 70,"68 Gyejeong-gil, Jain-myeon, Gyeongsan-si, Gyeongsangbuk-do",4831031026,,4729033022100700000055543,053-856-5765,17306,jaindano.or.kr,35,128,문화정보원,무형문화재 공연 및 각종 체험부대행사,20240604,20240604
KCKRSPO23N000000080,관광명소,관광명소_지역명소,2024 경산갓바위소원성취축제,,,,,,,,,전북특별자치도 군산시 중앙로1가 11-1,,4831039029,,,053-851-0022,17379,,32,123,문화정보원,소원성취 다례봉행+음악회 및 체험부대행사,20240604,20240604
KCKRSPO23N000000081,관광명소,관광명소_지역명소,제13회 경산대추축제 농산물한마당,,,,,,,,충청북도 음성군 음성읍 예술로 102,충청북도 음성군 음성읍 읍내리 781-2 음성문화예술회관,"102 Yesul-ro, Eumseong-eup, Eumseong-gun, Chungcheongbuk-do",4831010600,음성문화예술회관,4377025021107810002000074,053-810-6707,17306,,32,123,문화정보원,우수 농산물 홍보 및 판매+체험행사 등,20240604,20240604
KCKRSPO23N000000082,관광명소,관광명소_지역명소,정서진 해넘이 행사,28,인천광역시,28260,서구,2826011900,오류동,282603156173,인천광역시 서구 정서진1로 41 (오류동),인천광역시 서구 오류동 1563,"41 Jeongseojin 1-ro, Seo-gu, Incheon",4831038028,,2826011900000990099555555,032-560-5933,24336,http://www.seo.incheon.kr/,37,126,문화정보원,경관조명행사 + 체험프로그램,20240604,20240604
KCKRSPO23N000000083,관광명소,관광명소_지역명소,아라뱃길 카약축제,28,인천광역시,28260,서구,2826011900,오류동,282603156173,인천광역시 서구 정서진1로 41 (오류동),인천광역시 서구 오류동 1563,"41 Jeongseojin 1-ro, Seo-gu, Incheon",4888040025,,2826011900000990099555555,032-560-5933,24336,http://www.seo.incheon.kr/,37,126,문화정보원,수상레저체험 + 부대행사,20240604,20240604
KCKRSPO23N000000084,관광명소,관광명소_지역명소,벌교꼬막축제,46,전라남도,46780,보성군,4678025338,벌교읍 회정리,467804670167,전라남도 보성군 벌교읍 벌교천1길 19,전라남도 보성군 벌교읍 회정리 547-2,"19 Beolgyocheon 1-gil, Beolgyo-eup, Boseong-gun, Jeollanam-do",4825052000,,4678025338105470002704815,061-857-7676,24235,,34,127,문화정보원,지역 농특산물 판매 및 체험 전시행사,20240604,20240604
KCKRSPO23N000000085,관광명소,관광명소_지역명소,보성다향대축제,46,전라남도,46780,보성군,4678025024,보성읍 봉산리,467803290003,전라남도 보성군 보성읍 녹차로 775,전라남도 보성군 보성읍 봉산리 1191-1,"775 Nokcha-ro, Boseong-eup, Boseong-gun, Jeollanam-do",4825052000,,4678025024111910001107104,061-850-0058,29061,,34,127,문화정보원,차 관련 공연+전시+경연+판매+체험행사,20240604,20240604
KCKRSPO23N000000086,관광명소,관광명소_지역명소,보성군민의날,46,전라남도,46780,보성군,4678025021,보성읍 보성리,467804670293,전라남도 보성군 보성읍 용문길 18,전라남도 보성군 보성읍 보성리 338,"18 Yongmun-gil, Boseong-eup, Boseong-gun, Jeollanam-do",4825011800,,4678025021103380000102697,061-850-5104,29031,,34,127,문화정보원,군민의날 기념식+군민 어울림 한마당+축하공연 등,20240604,20240604
KCKRSPO23N000000087,관광명소,관광명소_지역명소,서편제 보성소리축제,46,전라남도,46780,보성군,4678025021,보성읍 보성리,467803290008,전라남도 보성군 보성읍 송재로 281-9,전라남도 보성군 보성읍 보성리 351,"281-9 Songjae-ro, Boseong-eup, Boseong-gun, Jeollanam-do",4825012700,,4678025021103590001000001,061-850-5892,29039,,34,127,문화정보원,전국 판소리·고수경연대회+추모공연 등,20240604,20240604
KCKRSPO23N000000088,관광명소,관광명소_지역명소,단종문화제,51,강원특별자치도,51750,영월군,5175025021,영월읍 영흥리,427503227006,강원특별자치도 영월군 영월읍 단종로 24,강원특별자치도 영월군 영월읍 영흥리 961-2,"24 Danjong-ro, Yeongwol-eup, Yeongwol-gun, Gangwon-do",4825025028,,4275025021109610002017473,033-375-6353,26125,http://www.ywcf.com/,37,128,문화정보원,조신시대국장재현+정순왕후선발대회+야간칡줄다리기,20240604,20240604
KCKRSPO23N000000089,관광명소,관광명소_지역명소,동강국제사진제,51,강원특별자치도,51750,영월군,5175025022,영월읍 하송리,427503227017,강원특별자치도 영월군 영월읍 영월로 1909-10,강원특별자치도 영월군 영월읍 하송리 217-2 동강사진박물관,"1909-10 Yeongwol-ro, Yeongwol-eup, Yeongwol-gun, Gangwon-do",4827038021,동강사진박물관,4275025022102170002019984,033-375-6353,52692,http://www.ywcf.com/,37,128,문화정보원,동강사진상+워크숍+사진예술전시,20240604,20240604
KCKRSPO23N000000090,관광명소,관광명소_지역명소,영월동강뗏목축제,,,,,,,,강원특별자치도 춘천시 공지로 188-77 (효자동),강원특별자치도 춘천시 효자동 192-1,"188-77 Gongji-ro, Chuncheon-si, Gangwon-do",4827025027,,4211012400103910016015697,033-375-6353,52692,http://www.ywcf.com/,32,123,문화정보원,전통뗏목시연+맨손송어잡기+래프팅,20240604,20240604
KCKRSPO23N000000091,관광명소,관광명소_지역명소,제36회 지용제,43,충청북도,43730,옥천군,4373025023,옥천읍 상계리,437303242010,충청북도 옥천군 옥천읍 매동로 209,충청북도 옥천군 옥천읍 상계리 14-2 상계체육시설,"209 Maedong-ro, Okcheon-eup, Okcheon-gun, Chungcheongbuk-do",4827010100,상계체육시설,4373025023100140002000001,043-730-3403,29030,http://gy-festival.okcc.or.kr/html/kr/,36,127,문화정보원,지용문학상 시상식+시노래콘서트+향수콘서트+지용백일장 등,20240604,20240604
KCKRSPO23N000000092,관광명소,관광명소_지역명소,제1회 향수옥천 유채꽃축제,,,,,,,,강원특별자치도 춘천시 영서로 3017 (사농동),강원특별자치도 춘천시 사농동 277-3 춘천인형극장,"3017 Yeongseo-ro, Chuncheon-si, Gangwon-do",4827010100,춘천인형극장,4211011900102770003012176,043-730-4533,52692,,32,123,문화정보원,개막 축하공연+기념음악회+농·특산물 판매 등,20240604,20240604
KCKRSPO23N000000093,관광명소,관광명소_지역명소,2023 제11회 군산시간여행축제,52,전라북도,52130,군산시,5213011800,중앙로1가,451303268096,전라북도 군산시 중앙로 178,전북특별자치도 군산시 중앙로1가 11-1,,4824011800,,,063-454-3302,52707,http://festival.gunsan.go.kr/,35,126,문화정보원,근대를 축으로 한 시간여행축제,20240604,20240604
KCKRSPO23N000000094,관광명소,관광명소_지역명소,제24회음성품바축제,43,충청북도,43770,음성군,4377025021,음성읍 읍내리,437703247036,충청북도 음성군 음성읍 예술로 102,충청북도 음성군 음성읍 읍내리 781-2 음성문화예술회관,"102 Yesul-ro, Eumseong-eup, Eumseong-gun, Chungcheongbuk-do",4886034025,음성문화예술회관,4377025021107810002000074,043-873-2241,52648,http://www.pumba21.com/,36,127,문화정보원,"글로벌품바래퍼경연대회, 품바라이브 등 공연 및 체험",20240604,20240604
KCKRSPO23N000000095,관광명소,관광명소_지역명소,제42회설성문화제,43,충청북도,43770,음성군,4377025021,음성읍 읍내리,437703247030,충청북도 음성군 음성읍 수정로 38,충청북도 음성군 음성읍 읍내리 817-35,"38 Sujeong-ro, Eumseong-eup, Eumseong-gun, Chungcheongbuk-do",4886036021,,4377025021108170035011414,043-872-4084,29030,http://eumseong.kccf.or.kr,36,127,문화정보원,"민속예술한마당놀이, 군민노래자랑 등 각종 체험",20240604,20240604
KCKRSPO23N000000096,관광명소,관광명소_지역명소,2024 금정산성축제,,,,,,,,강원특별자치도 춘천시 서부대성로 71 (옥천동),강원특별자치도 춘천시 옥천동 73-2 춘천예술마당,"71 Seobudaeseong-ro, Chuncheon-si, Gangwon-do",4833031026,춘천예술마당,4211010700100730002002079,051-519-4062,52830,,32,123,문화정보원,개막식+주제공연+전시·체험마당+연계행사 등,20240604,20240604
KCKRSPO23N000000097,관광명소,관광명소_지역명소,2024 지금여기 금정 관광후기 이벤트,26,부산광역시,26410,금정구,2641010900,부곡동,264102000010,부산광역시 금정구 중앙대로 1777 (부곡동),부산광역시 금정구 부곡동 78 금정구청,"1777 Jungang-daero, Geumjeong-gu, Busan",4833025300,금정구청,2641010900100780000004319,051-519-4081,46274,,35,129,문화정보원,금정을 여행하는 누구나 나만의 금정 관광후기를 공유하고 타인의 관광후기를 공유 받을 수 있음,20240604,20240604
KCKRSPO23N000000098,관광명소,관광명소_지역명소,울산옹기축제,31,울산광역시,31710,울주군,3171025630,온양읍 고산리,317104319772,울산광역시 울주군 온양읍 외고산3길 36,울산광역시 울주군 온양읍 고산리 501-18 울산옹기박물관,"36 Oegosan 3-gil, Onyang-eup, Ulju-gun, Ulsan",4833010700,울산옹기박물관,3171025630105010018000111,052-980-2233,11320,https://www.onggi.or.kr,35,129,문화정보원,웰컴투옹기마을(옹기주제전시+창작공연+옹기만들기체험+주민참여공연등),20240604,20240604
KCKRSPO23N000000099,관광명소,관광명소_지역명소,2025 간절곶 해맞이 행사,31,울산광역시,31710,울주군,3171031025,서생면 대송리,317104319012,울산광역시 울주군 서생면 간절곶1길 39-2,울산광역시 울주군 서생면 대송리 28-1,"39-2 Ganjeolgot 1-gil, Seosaeng-myeon, Ulju-gun, Ulsan",4833032000,,3171031025100280001028200,052-980-2232,11320,http://www.ucf.or.kr,35,129,문화정보원,새해 해맞이 행사(송년행사+신년행사+새해떡국나눔+셔틀버스 운행 등),20240604,20240604
KCKRSPO23N000000100,관광명소,관광명소_지역명소,제15회 청도유등제,,,,,,,,강원특별자치도 춘천시 서면 박사로 854,강원특별자치도 춘천시 서면 현암리 367-3 강원정보문화진흥원,"854 Baksa-ro, Seo-myeon, Chuncheon-si, Gangwon-do",4817012900,강원정보문화진흥원,4211035021103670000057666,054-372-6534,15355,,32,123,문화정보원,유등 점등 및 무대+체험+전시 행사 등,20240604,20240604
KCKRSPO23N000000101,관광명소,관광명소_지역명소,2024청도반시축제,47,경상북도,47820,청도군,4782025025,화양읍 동천리,478203319009,경상북도 청도군 화양읍 청려로 1846,경상북도 청도군 화양읍 동천리 457 청도군 문화체육시설사업소,"1846 Cheongnyeo-ro, Hwayang-eup, Cheongdo-gun, Gyeongsangbuk-do",4874034021,청도군 문화체육시설사업소,4782025025104500000060051,054-370-6376,24368,http://www.청도반시축제.kr,35,128,문화정보원,청도반시전시판매행사 및 공연,20240604,20240604
KCKRSPO23N000000102,관광명소,관광명소_지역명소,2024청도세계코미디아트페스티벌,47,경상북도,47820,청도군,4782025025,화양읍 동천리,478203319009,경상북도 청도군 화양읍 청려로 1846,경상북도 청도군 화양읍 동천리 457 청도군 문화체육시설사업소,"1846 Cheongnyeo-ro, Hwayang-eup, Cheongdo-gun, Gyeongsangbuk-do",4812512500,청도군 문화체육시설사업소,4782025025104500000060051,054-370-6376,24261,http://www.청도코아페.kr,35,128,문화정보원,코미디를 테마로 한 공연+전시+체험 등,20240604,20240604
KCKRSPO23N000000103,관광명소,관광명소_축제,제10회 느티마을 한마당 축제,11,서울특별시,11215,광진구,1121510700,화양동,112153104005,서울특별시 광진구 군자로 9 (화양동),서울특별시 광진구 화양동 12-2 서울화양초등학교,"9 Gunja-ro, Gwangjin-gu, Seoul",4215010500,서울화양초등학교,1121510700100120002016716,02-450-1845,24347,,37,127,문화정보원,느티나무 기원제+ 주민화합한마당+ 화양 힐링 한마당+ 주민자치프로그램 발표 등,20240604,20240604
KCKRSPO23N000000104,관광명소,관광명소_축제,춘천낭만여행 - 풍물장 새봄맞이 신명굿,51,강원특별자치도,51110,춘천시,5111012100,온의동,421103013022,강원특별자치도 춘천시 영서로 2352-21 (온의동),강원특별자치도 춘천시 온의동 29-3 풍물시장,"2352-21 Yeongseo-ro, Chuncheon-si, Gangwon-do",4217010100,풍물시장,4211012100100290003000004,,24336,https://www.cccf.or.kr/Home/H40000/H40400/boardView?board_key=7545,37,127,문화정보원,풍물장 새봄맞이 신명굿,20240604,20240604
KCKRSPO23N000000105,관광명소,관광명소_축제,춘천전쟁과 일상 국제문학포럼 2020 -한국전쟁 후-,51,강원특별자치도,51110,춘천시,5111011200,효자동,421104454014,강원특별자치도 춘천시 강원대학길 1 (효자동),강원특별자치도 춘천시 효자동 192-1,"1 Kangwondaehak-gil, Chuncheon-si, Gangwon-do",4223031021,,4211012400103910001000012,033-245-6603,24399,https://www.cccf.or.kr/Home/H40000/H40400/boardView?board_key=7531,37,127,문화정보원,강연 및 토론,20240604,20240604
KCKRSPO23N000000106,관광명소,관광명소_지역명소,이계통간異系統間 배요한 박예지 2인전,51,강원특별자치도,51110,춘천시,5111039021,동내면 거두리,421104454027,강원특별자치도 춘천시 동내면 거두택지길44번길 7-19,강원특별자치도 춘천시 동내면 거두리 1123-6,"7-19 Geodutaekji-gil 44beon-gil, Dongnae-myeon, Chuncheon-si, Gangwon-do",4812312500,,4211039021111230006000001,070-8095-3899,24374,https://www.cccf.or.kr/Home/H40000/H40400/boardList?cate_id=&search_type=1&search_keyword=EC9DB4EAB384ED86B5EAB08428E795B0E7B3BBE7B5B1E9969329+3A+EBB0B0EC9A94ED959C+EBB095EC9888ECA780+2EC9DB8ECA084,37,127,문화정보원,배요한x박예지 이계통간(異系統間),20240604,20240604
KCKRSPO23N000000107,관광명소,관광명소_지역명소,춘천인형극박물관 재개관 전시 인형의 기술,51,강원특별자치도,51110,춘천시,5111011900,사농동,421103013022,강원특별자치도 춘천시 영서로 3017 (사농동),강원특별자치도 춘천시 사농동 277-3 춘천인형극장,"3017 Yeongseo-ro, Chuncheon-si, Gangwon-do",4812125036,춘천인형극장,4211011900102770003012176,033-242-8452,24264,https://www.cccf.or.kr/Home/H40000/H40400/boardView?board_key=7591&search_type=1&search_keyword=ECB698ECB29CEC9DB8ED9895EAB7B9EBB095EBACBCEAB480+EC9EACEAB09CEAB480+ECA084EC8B9C+E3808AEC9DB8ED9895EC9D98+EAB8B0EC88A0E3808B,37,127,문화정보원,인형의 기술,20240604,20240604
KCKRSPO23N000000108,관광명소,관광명소_지역명소,최정숙 개인전 호모 하모니쿠스 Homo Harmonicus,51,강원특별자치도,51110,춘천시,5111010700,옥천동,421103218018,강원특별자치도 춘천시 서부대성로 71 (옥천동),강원특별자치도 춘천시 옥천동 73-2 춘천예술마당,"71 Seobudaeseong-ro, Chuncheon-si, Gangwon-do",4812125035,춘천예술마당,4211010700100730002002079,,24246,https://www.cccf.or.kr/Home/H40000/H40400/boardView?board_key=7582&search_type=1&search_keyword=ECB59CECA095EC8899+EAB09CEC9DB8ECA084+ED98B8EBAAA8+ED9598EBAAA8EB8B88ECBFA0EC8AA4+Homo+Harmonicus,37,127,문화정보원,최정숙 개인전 호모 하모니쿠스 Homo Harmonicus,20240604,20240604
KCKRSPO23N000000109,관광명소,관광명소_지역명소,2020 서현종 개인전 - 청.춘.천 展,51,강원특별자치도,51110,춘천시,5111012500,삼천동,421104454444,강원특별자치도 춘천시 스포츠타운길 347-9 (삼천동),강원특별자치도 춘천시 삼천동 200-2,"347-9 Sports town-gil, Chuncheon-si, Gangwon-do",4812131036,,4211012500102000002012567,,24289,https://www.cccf.or.kr/Home/H40000/H40400/boardView?board_key=7558,37,127,문화정보원,춘천이 가지고 온 풍경들과 그 속에서 자라온 우리들의 지나온 푸른색의 추억들을 아크릴화로 표현한 전시,20240604,20240604
KCKRSPO23N000000110,관광명소,관광명소_지역명소,2020 강원문화재단 원로예술인 공연 생일 - The Dark,51,강원특별자치도,51110,춘천시,5111012000,후평동,421103218021,강원특별자치도 춘천시 세실로 267 (후평동),강원특별자치도 춘천시 후평동 90-1,"267 Sesil-ro, Chuncheon-si, Gangwon-do",4812916100,,4211012000100900001000001,033-240-1347,24347,https://www.cccf.or.kr/Home/H40000/H40400/boardView?board_key=7578&search_type=1&search_keyword=2020+EAB095EC9B90EBACB8ED9994EC9EACEB8BA8+EC9B90EBA19CEC9888EC88A0EC9DB8,37,127,문화정보원,강원도 대표 연극인 김경태 원로예술인의 대표작 생일 - The Dark,20240604,20240604
KCKRSPO23N000000111,관광명소,관광명소_지역명소,춘천뿌리展_The Exhibition of Roots,51,강원특별자치도,51110,춘천시,5111010700,옥천동,421103218018,강원특별자치도 춘천시 서부대성로 71 (옥천동),강원특별자치도 춘천시 옥천동 73-2 춘천예술마당,"71 Seobudaeseong-ro, Chuncheon-si, Gangwon-do",4812914300,춘천예술마당,4211010700100730002002079,033-241-1856,24325,https://www.cccf.or.kr/Home/H40000/H40400/boardView?board_key=10842&search_type=1&search_keyword=ECB698ECB29CEBBF8CEBA6ACE5B195_The+Exhibition+of+Roots,37,127,문화정보원,춘천뿌리展_The Exhibition of Roots,20240604,20240604
KCKRSPO23N000000112,관광명소,관광명소_지역명소,춘천선열의 얼과 소통하다 한중수교 30주년기념 국제 초청 서예전 강원서예협회 정기전,51,강원특별자치도,51110,춘천시,5111012300,퇴계동,421103218041,강원특별자치도 춘천시 퇴계농공로 40 (퇴계동),강원특별자치도 춘천시 퇴계동 1020-2 춘천시평생학습관,"40 Toegyenonggong-ro, Chuncheon-si, Gangwon-do",4822011700,춘천시평생학습관,4211012300110200002000001,033-253-2992,24246,https://www.cccf.or.kr/Home/H40000/H40400/boardView?board_key=10833&search_type=1&search_keyword=ECB698ECB29CEC84A0EC97B4EC9D98+EC96BCEAB3BC+EC868CED86B5ED9598EB8BA4+2FED959CECA491EC8898EAB590+30ECA3BCEB8584EAB8B0EB8590+EAB5ADECA09C+ECB488ECB2AD+EC84,37,127,문화정보원,춘천은 애국 충정의 도시로 애향 선열의 얼을 이어 담은 작품 전시. 서예가 정광옥 비롯하여 한국작가와 중국작가 43명 전시,20240604,20240604
KCKRSPO23N000000113,관광명소,관광명소_지역명소,2022 마임 아카데미 움직임 창작자를 위한 워크숍 비행飛行,51,강원특별자치도,51110,춘천시,5111012300,퇴계동,421103218045,강원특별자치도 춘천시 행촌로 35 (퇴계동),강원특별자치도 춘천시 퇴계동 890-4,"35 Haengchon-ro, Chuncheon-si, Gangwon-do",4822011700,,4211012300108900004000646,033-244-7556,24271,https://www.cccf.or.kr/Home/H40000/H40400/boardList?cate_id=&search_type=1&search_keyword=2022+EBA788EC9E84+EC9584ECB9B4EB8DB0EBAFB8+EC9B80ECA781EC9E84+ECB0BDEC9E91EC9E90EBA5BC+EC9C84ED959C+EC9B8CED81ACEC888D+EBB984ED968928E9A39BE8A18C29,37,127,문화정보원,"자신의 상태,창작물의 완성도를 한 단계 확신에 가까운 상태로 이끌 수 있는 계기를 만들기 위한 시간",20240604,20240604
KCKRSPO23N000000114,관광명소,관광명소_지역명소,제로섬씽,51,강원특별자치도,51110,춘천시,5111011200,효자동,421104454799,강원특별자치도 춘천시 효자상길5번길 13 (효자동),강원특별자치도 춘천시 효자동 산40-12 춘천문화예술회관,"13 Hyojasang-gil 5beon-gil, Chuncheon-si, Gangwon-do",4822025022,춘천문화예술회관,4211011200200400002028991,,24272,https://www.cccf.or.kr/Home/H40000/H40400/boardView?board_key=10831&search_type=1&search_keyword=ECA09CEBA19CEC84ACEC94BD,37,127,문화정보원,강원도를 터전으로 하는 작가 76인과 함께하는 에코아트페어 제로섬씽은 쓸모없는 아름다움’을 주제로 하고 있습니다,20240604,20240604
KCKRSPO23N000000115,관광명소,관광명소_지역명소,마스터클래스 23회차 영혼의 기타리스트 이근형 vs 괴물연주자 베이시스트 장태웅,51,강원특별자치도,51110,춘천시,5111035021,서면 현암리,421103218011,강원특별자치도 춘천시 서면 박사로 854,강원특별자치도 춘천시 서면 현암리 367-3 강원정보문화진흥원,"854 Baksa-ro, Seo-myeon, Chuncheon-si, Gangwon-do",4822010600,강원정보문화진흥원,4211035021103670000057666,033-245-6321,35074,https://www.cccf.or.kr/Home/H40000/H40400/boardView?board_key=10730&search_type=1&search_keyword=EBA788EC8AA4ED84B0ED81B4EB9E98,37,127,문화정보원,"일렉트릭 기타의 모든것에 대한 토론, 베이시스트의 다양한 테크닉과 앙상블의 이해",20240604,20240604
KCKRSPO23N000000116,관광명소,관광명소_지역명소,김홍열 사진전_Moment,51,강원특별자치도,51110,춘천시,5111010700,옥천동,421103218018,강원특별자치도 춘천시 서부대성로 71 (옥천동),강원특별자치도 춘천시 옥천동 73-2 춘천예술마당,"71 Seobudaeseong-ro, Chuncheon-si, Gangwon-do",4822010100,춘천예술마당,4211010700100730002002079,033-241-1856,26131,https://www.cccf.or.kr/Home/H40000/H40400/boardView?board_key=10822&search_type=1&search_keyword=EAB980ED998DEC97B4+EC82ACECA784ECA084_Moment,37,127,문화정보원,김흥열 사진전,20240604,20240604
KCKRSPO23N000000117,관광명소,관광명소_지역명소,老雲 安淙重 篆刻展노운 안종중 전각전_안종중 개인전,51,강원특별자치도,51110,춘천시,5111010700,옥천동,421103218018,강원특별자치도 춘천시 서부대성로 71 (옥천동),강원특별자치도 춘천시 옥천동 73-2 춘천예술마당,"71 Seobudaeseong-ro, Chuncheon-si, Gangwon-do",4822036021,춘천예술마당,4211010700100730002002079,033-241-1856,32283,https://www.cccf.or.kr/Home/H40000/H40400/boardView?board_key=10804&page=1,37,127,문화정보원,시백 안종중 선생의 전각예술세계를 볼 수 있는 전시,20240604,20240604
KCKRSPO23N000000118,관광명소,관광명소_지역명소,소小 소素 소笑_김현숙 개인전,51,강원특별자치도,51110,춘천시,5111010700,옥천동,421103218018,강원특별자치도 춘천시 서부대성로 71 (옥천동),강원특별자치도 춘천시 옥천동 73-2 춘천예술마당,"71 Seobudaeseong-ro, Chuncheon-si, Gangwon-do",4885036022,춘천예술마당,4211010700100730002002079,033-241-1856,25919,https://www.cccf.or.kr/Home/H40000/H40400/boardView?board_key=10803&page=5,37,127,문화정보원,삶은 기억의 총합이며 색을 입힌 파트이다. 그러므로 사소한 것도 나에게는 이유 이자 힘이다.,20240604,20240604
KCKRSPO23N000000119,관광명소,관광명소_지역명소,2022 춘천도서전-춘천 쓰고 읽고 말하다.,51,강원특별자치도,51110,춘천시,5111012400,석사동,421103218031,강원특별자치도 춘천시 우석로 100 (석사동),강원특별자치도 춘천시 석사동 산32-1 춘천시립도서관,"100 Useok-ro, Chuncheon-si, Gangwon-do",4885036022,춘천시립도서관,4211012400200320001000001,033-251-9362,25932,https://www.cccf.or.kr/Home/H40000/H40400/boardView?board_key=10798,37,127,문화정보원,춘천지역출판연대가 주최하는 이번 도서전은 지역의 숨은 작가를 찾아 독자들과 이어주는 지역작가와 독자의 만남을 주요 목표로 하고 있다.,20240604,20240604
KCKRSPO23N000000120,관광명소,관광명소_지역명소,정춘일 개인전 - 삼 .철. 리 바람 展,51,강원특별자치도,51110,춘천시,5111012500,삼천동,421104454446,강원특별자치도 춘천시 스포츠타운길399번길 25 (삼천동),강원특별자치도 춘천시 삼천동 223-2 KT&amp;G상상마당 춘천아트센터,"25 Sports town-gil 399beon-gil, Chuncheon-si, Gangwon-do",4885040025,KT&amp;G상상마당 춘천아트센터,4211012500102230002012551,,25919,https://www.cccf.or.kr/Home/H40000/H40400/boardView?board_key=10795,37,127,문화정보원,"이번 프로젝트는 작가 본인에게는 자신의 한계성과의 싸움이며, 향유자에게는 작품의 다양성의 폭을 넓혀주고,나아가 문화도시 춘천의 위상과 예술의 질적수준을 높여 줄 것이라 기대한다.",20240604,20240604
KCKRSPO23N000000121,관광명소,관광명소_지역명소,지나가는 여름이 아쉬운 사람들을 위한 블루요선 여행페스타,51,강원특별자치도,51110,춘천시,5111010200,요선동,421104454380,강원특별자치도 춘천시 서부대성로44번길 2 (요선동),강원특별자치도 춘천시 요선동 149-2,"2 Seobudaeseong-ro 44beon-gil, Chuncheon-si, Gangwon-do",4885031029,,4211010200101490002019560,033-250-4936,25928,https://www.cccf.or.kr/Home/H40000/H40400/boardView?board_key=10701,37,127,문화정보원,"지나가는 여름이 아쉬운 사람들을 위한 늦여름 바캉스,스몰여행 페스타",20240604,20240604
KCKRSPO23N000000122,관광명소,관광명소_지역명소,축성탄 저세상 텐션으로의 초대 안녕 팥쥐,51,강원특별자치도,51110,춘천시,5111012300,퇴계동,421103218029,강원특별자치도 춘천시 안마산로 89 (퇴계동),강원특별자치도 춘천시 퇴계동 565-6,"89 Anmasan-ro, Chuncheon-si, Gangwon-do",4887036035,,4211012300200550000000001,033-255-0496,25909,https://www.cccf.or.kr/Home/H40000/H40400/boardView?board_key=10078,37,127,문화정보원,"안녕,팥쥐 온라인 상영회",20240604,20240604
KCKRSPO23N000000123,관광명소,관광명소_지역명소,Christmas Festival - 제 9회 정기연주회,51,강원특별자치도,51110,춘천시,5111011200,효자동,421104454799,강원특별자치도 춘천시 효자상길5번길 13 (효자동),강원특별자치도 춘천시 효자동 산40-12 춘천문화예술회관,"13 Hyojasang-gil 5beon-gil, Chuncheon-si, Gangwon-do",4889033032,춘천문화예술회관,4211011200200400002028991,,25928,https://www.cccf.or.kr/Home/H40000/H40400/boardView?board_key=10048,37,127,문화정보원,한중미 예술인 협회의 성악가들 협연,20240604,20240604
KCKRSPO23N000000124,관광명소,관광명소_지역명소,음악극 피터와 동물의 사육제,51,강원특별자치도,51110,춘천시,5111011200,효자동,421104454799,강원특별자치도 춘천시 효자상길5번길 13 (효자동),강원특별자치도 춘천시 효자동 산40-12 춘천문화예술회관,"13 Hyojasang-gil 5beon-gil, Chuncheon-si, Gangwon-do",4889033032,춘천문화예술회관,4211011200200400002028991,,25924,https://www.cccf.or.kr/Home/H40000/H40400/boardView?board_key=10047&search_type=1&search_keyword=EC9D8CEC9585EAB7B9+ED94BCED84B0EC9980+EB8F99EBACBCEC9D98+EC82ACEC9CA1ECA09C,37,127,문화정보원,피터가 동물들을 만나 늑대를 물리치러 가는 스토리,20240604,20240604
KCKRSPO23N000000125,관광명소,관광명소_지역명소,제2회 호반음악제 피아졸라 나이트클럽 인 춘천,51,강원특별자치도,51110,춘천시,5111011200,효자동,421104454014,강원특별자치도 춘천시 강원대학길 1 (효자동),강원특별자치도 춘천시 효자동 192-1,"1 Kangwondaehak-gil, Chuncheon-si, Gangwon-do",4889045023,,4211012400103910001000012,033-260-9331,25919,https://www.cccf.or.kr/Home/H40000/H40400/boardView?board_key=10023&search_type=1&search_keyword=ECA09C2ED9A8C+ED98B8EBB098EC9D8CEC9585ECA09C+ED94BCEC9584ECA1B8EB9DBC+EB8298EC9DB4ED8AB8ED81B4EB9FBD+EC9DB8+ECB698ECB29C,37,127,문화정보원,제2회 호반음악제 피아졸라 나이트클럽 인 춘천,20240604,20240604
KCKRSPO23N000000126,관광명소,관광명소_지역명소,제4회 셰익스피어 페스티벌 셰익스피어 맥베스를 연주하다,51,강원특별자치도,51110,춘천시,5111011200,효자동,421104454014,강원특별자치도 춘천시 강원대학길 1 (효자동),강원특별자치도 춘천시 효자동 192-1,"1 Kangwondaehak-gil, Chuncheon-si, Gangwon-do",4889041021,,4211012400103910001000012,033-250-7909,25919,https://www.cccf.or.kr/Home/H40000/H40400/boardView?board_key=10006&search_type=1&search_keyword=ECA09C4ED9A8C+EC85B0EC9DB5EC8AA4ED94BCEC96B4+ED8E98EC8AA4ED8BB0EBB28C,37,127,문화정보원,"제4회 셰익스피어 페스티벌-셰익스피어,맥베스를 연주하다",20240604,20240604
KCKRSPO23N000000127,관광명소,관광명소_지역명소,FESTA NYCC 2021 온라인 페스타 뉴욕 in 춘천,51,강원특별자치도,51110,춘천시,5111011200,효자동,421104454799,강원특별자치도 춘천시 효자상길5번길 13 (효자동),강원특별자치도 춘천시 효자동 산40-12 춘천문화예술회관,"13 Hyojasang-gil 5beon-gil, Chuncheon-si, Gangwon-do",4889037027,춘천문화예술회관,4211011200200400002028991,,42981,https://www.cccf.or.kr/Home/H40000/H40400/boardView?board_key=10004&search_type=1&search_keyword=FESTA+NYCC+2021+EC98A8EB9DBCEC9DB8+ED8E98EC8AA4ED8380+EB89B4EC9A95+in+ECB698ECB29C,37,127,문화정보원,그래미 수상자와 함께하는 춘천 온라인 페스티,20240604,20240604
KCKRSPO23N000000128,관광명소,관광명소_지역명소,2021춘천마임축제 물화일체,51,강원특별자치도,51110,춘천시,5111011200,효자동,421104454476,강원특별자치도 춘천시 약사고개길 53 (효자동),강원특별자치도 춘천시 효자동 677-25 약사천 화장실,"53 Yaksagogae-gil, Chuncheon-si, Gangwon-do",4729035036,약사천 화장실,4211011200106770025027816,033-242-0585,42991,https://www.cccf.or.kr/Home/H40000/H40400/boardView?board_key=9964&search_type=1&search_keyword=2021ECB698ECB29CEBA788EC9E84ECB695ECA09C+EBACBCED9994EC9DBCECB2B4,37,127,문화정보원,2021춘천마임축제 물화일체,20240604,20240604
KCKRSPO23N000000129,관광명소,관광명소_지역명소,2021춘천마임축제 도깨비 유랑단,51,강원특별자치도,51110,춘천시,5111011200,효자동,421104454785,강원특별자치도 춘천시 효석로9번길 13 (효자동),강원특별자치도 춘천시 효자동 305-18,"13 Hyoseok-ro 9beon-gil, Chuncheon-si, Gangwon-do",4713013600,,4211011200103050018026315,033-242-0585,42981,https://www.cccf.or.kr/Home/H40000/H40400/boardView?board_key=9963&search_type=1&search_keyword=2021ECB698ECB29CEBA788EC9E84ECB695ECA09C+EB8F84EAB9A8EBB984+EC9CA0EB9E91EB8BA8,37,127,문화정보원,2021춘천마임축제 도깨비 유랑단,20240604,20240604
KCKRSPO23N000000130,관광명소,관광명소_지역명소,박양순 명창 판소리 흥보가 완창 공연,51,강원특별자치도,51110,춘천시,5111011200,효자동,421104454799,강원특별자치도 춘천시 효자상길5번길 13 (효자동),강원특별자치도 춘천시 효자동 산40-12 춘천문화예술회관,"13 Hyojasang-gil 5beon-gil, Chuncheon-si, Gangwon-do",4783025322,춘천문화예술회관,4211011200200400002028991,,42991,https://www.cccf.or.kr/Home/H40000/H40400/boardView?board_key=9907&search_type=1&search_keyword=EBB095EC9691EC889C+EBAA85ECB0BD+ED8C90EC868C,37,127,문화정보원,"강원도 최초의 판소리 완창으로 기록된 2012년 6월, 춘천 KBS 공개 홀 심청가 완창에 이어 9년 만에 선보이는 두 번째 완창",20240604,20240604
KCKRSPO23N000000131,관광명소,관광명소_지역명소,2021 춘천 한국지역도서전,51,강원특별자치도,51110,춘천시,5111011700,근화동,421103218030,강원특별자치도 춘천시 옛경춘로 880 (근화동),강원특별자치도 춘천시 근화동 361-1,"880 Yetgyeongchun-ro, Chuncheon-si, Gangwon-do",4783036035,,4211011700103610001009781,033-250-3114,22132,https://www.cccf.or.kr/Home/H40000/H40400/boardView?board_key=9837&search_type=1&search_keyword=2021+ECB698ECB29C+ED959CEAB5ADECA780EC97ADEB8F84EC849CECA084,37,127,문화정보원,2021 춘천 한국지역도서전,20240604,20240604
KCKRSPO23N000000132,관광명소,관광명소_지역명소,음악으로 보는 이미지극 보이체크,51,강원특별자치도,51110,춘천시,5111011200,효자동,421103218037,강원특별자치도 춘천시 춘천로 112 (효자동),강원특별자치도 춘천시 효자동 531 축제극장몸짓,"112 Chuncheon-ro, Chuncheon-si, Gangwon-do",4772025034,축제극장몸짓,4211011200105310018000001,,24336,https://www.cccf.or.kr/Home/H40000/H40400/boardView?board_key=7690&search_type=1&search_keyword=EC9D8CEC9585EC9CBCEBA19C+EBB3B4EB8A94+EC9DB4EBAFB8ECA780EAB7B9+EBB3B4EC9DB4ECB2B4ED81AC,37,127,문화정보원,사회의 부조리에 짓밟힌 소시민의 비극 스토리,20240604,20240604
KCKRSPO23N000000133,관광명소,관광명소_지역명소,2021 꿈의 오케스트라 강릉 언택트 연주회 향상더하기,51,강원특별자치도,51150,강릉시,5115011000,교동,421503220048,강원특별자치도 강릉시 하슬라로 96 (교동),강원특별자치도 강릉시 교동 1785 강릉문화원,"96 Haseulla-ro, Gangneung-si, Gangwon-do",4728025321,강릉문화원,4215011000117850000010297,033-823-3214,50317,https://www.cccf.or.kr/Home/H40000/H40400/boardView?board_key=7685&search_type=1&search_keyword=2021+EABF88EC9D98+EC98A4ECBC80EC8AA4ED8AB8EB9DBC+EAB095EBA689+EC96B8ED839DED8AB8+EC97B0ECA3BCED9A8C+E3808CED96A5EC8381EB8D94ED9598EAB8B0E3808D+,37,128,문화정보원,꿈의 오케스트라 강릉 언택트 연주회「향상더하기」,20240604,20240604
KCKRSPO23N000000134,관광명소,관광명소_지역명소,춘천예술문화축제 한여름 밤의 아리아,51,강원특별자치도,51110,춘천시,5111012500,삼천동,421104454446,강원도 춘천시 스포츠타운길399번길 25 어린이회관,강원특별자치도 춘천시 삼천동 223-2,,4728036025,,,033-251-8907,50334,https://www.cccf.or.kr/Home/H40000/H40400/boardView?board_key=434&search_type=1&search_keyword=ECB698ECB29CEC9888EC88A0EBACB8ED9994ECB695ECA09C,37,127,문화정보원,춘천예술문화축제  한여름 밤의 아리아,20240604,20240604
KCKRSPO23N000000135,관광명소,관광명소_지역명소,제2회 봄내 전국 시낭송대회,51,강원특별자치도,51110,춘천시,5111011200,효자동,421103218037,강원특별자치도 춘천시 춘천로 112 (효자동),강원특별자치도 춘천시 효자동 531 축제극장몸짓,"112 Chuncheon-ro, Chuncheon-si, Gangwon-do",4728025031,축제극장몸짓,4211011200105310018000001,033-260-9371,24336,https://www.cccf.or.kr/Home/H40000/H40400/boardView?board_key=7598&search_type=1&search_keyword=ECA09C2ED9A8C+EBB484EB82B4+ECA084EAB5AD+EC8B9CEB82ADEC86A1EB8C80ED9A8C,37,127,문화정보원,제2회 봄내 전국 시낭송대회,20240604,20240604
KCKRSPO23N000000136,관광명소,관광명소_지역명소,춘천 핸드크래프트 프리마켓 어뮤즈데이,51,강원특별자치도,51110,춘천시,5111011700,근화동,421103218033,강원특별자치도 춘천시 중앙로 186 (근화동),강원특별자치도 춘천시 근화동 396-2,"186 Jungang-ro, Chuncheon-si, Gangwon-do",4728010700,,4211011700103960002000001,033-256-3962,24246,https://www.cccf.or.kr/Home/H40000/H40400/boardView?board_key=7550&search_type=1&search_keyword=ECB698ECB29C+ED95B8EB939CED81ACEB9E98ED9484ED8AB8+ED9484EBA6ACEBA788ECBC93+E28098EC96B4EBAEA4ECA688EB8DB0EC9DB4E28099,37,127,문화정보원,춘천 로컬 마켓인 라온마켓과 2019년 10월 공지천 사거리 철도 밑 근화동에 자리잡은 P6춘천이 준비한 프리마켓,20240604,20240604
KCKRSPO23N000000137,관광명소,관광명소_지역명소,김유정 83주기 추모공연 김유정을 연주하다 그 삶의 이중주,51,강원특별자치도,51110,춘천시,5111033024,신동면 증리,421104454462,강원특별자치도 춘천시 신동면 실레길 25,강원특별자치도 춘천시 신동면 증리 868-1,"25 Sille-gil, Sindong-myeon, Chuncheon-si, Gangwon-do",4728010700,,4211033024108680001041067,033-261-4650,50342,https://www.cccf.or.kr/Home/H40000/H40400/boardView?board_key=7548,37,127,문화정보원,김유정 83주기 추모공연,20240604,20240604
KCKRSPO23N000000138,관광명소,관광명소_지역명소,농악대축제,41,경기도,41210,광명시,4121010300,하안동,412103000022,경기도 광명시 오리로 703 (하안동),경기도 광명시 하안동 577,"703 Ori-ro, Gwangmyeong-si, Gyeonggi-do",4792032027,,4121010300105770000010549,02-899-1664,14259,,37,126,문화정보원,농악행사,20240604,20240604
KCKRSPO23N000000139,관광명소,관광명소_지역명소,소하도서관 책축제 팔짱+책을 품다,41,경기도,41210,광명시,4121010400,소하동,412103187037,경기도 광명시 소하일로 7 (소하동),경기도 광명시 소하동 1331 소하도서관,"7 Sohail-ro, Gwangmyeong-si, Gyeonggi-do",4725031021,소하도서관,4121010400113310000000003,02-2680-0926,16012,https://gmlib.gm.go.kr/front/,37,126,문화정보원,프리마켓+책축제+전시+공연+체험,20240604,20240604
KCKRSPO23N000000140,관광명소,관광명소_지역명소,농악대축제,41,경기도,41210,광명시,4121010200,철산동,412103187038,경기도 광명시 시청로 20 (철산동),경기도 광명시 철산동 222-1 광명시청,"20 Sicheong-ro, Gwangmyeong-si, Gyeonggi-do",4717013000,광명시청,4121010200102220001000089,02-899-1664,16106,,37,126,문화정보원,농악행사,20240604,20240604
KCKRSPO23N000000141,관광명소,관광명소_지역명소,구름산예술제,41,경기도,41210,광명시,4121010300,하안동,412103000022,경기도 광명시 오리로 703 (하안동),경기도 광명시 하안동 577,"703 Ori-ro, Gwangmyeong-si, Gyeonggi-do",4717034033,,4121010300105770000010549,02-2680-6871,24210,,37,126,문화정보원,예술 전시+부대행사,20240604,20240604
KCKRSPO23N000000142,관광명소,관광명소_지역명소,제7회 목감천 친환경 축제,41,경기도,41210,광명시,4121010100,광명동,412104361025,경기도 광명시 광명로791번길 6 (광명동),경기도 광명시 광명동 786 광명6동 행정복지센터,"6 Gwangmyeong-ro 791beon-gil, Gwangmyeong-si, Gyeonggi-do",4777032036,광명6동 행정복지센터,4121010100103800035000001,02-2680-6672,26305,,37,126,문화정보원,주민자치프로그램 공연+목감천 가요제 등,20240604,20240604
KCKRSPO23N000000143,관광명소,관광명소_지역명소,평생학습도시 선언 20주년 컨퍼런스,41,경기도,41210,광명시,4121010200,철산동,412104361245,경기도 광명시 오리로854번길 10 (철산동),경기도 광명시 철산동 419,"10 Ori-ro 854beon-gil, Gwangmyeong-si, Gyeonggi-do",4777037000,,4121010200104190000000502,02-2680-2549,26478,,37,126,문화정보원,평생학습도시 선언 20주년 컨퍼런스+전시,20240604,20240604
KCKRSPO23N000000144,관광명소,관광명소_지역명소,2022 페스티벌 광명,,경기도,,광명시,,,412103187055,경기도 광명시 철산로 지하13 (철산동),경기도 광명시 철산동 526 철산역,"B13 Cheolsan-ro, Gwangmyeong-si, Gyeonggi-do",4721039022,철산역,4121010200105260000016237,02-2680-2162,26478,http://gm.go.kr/,37,126,문화정보원,문화백신 기획축제(개막프로그램+제작프로그램+시민참여프로그램+광대전 등),20240604,20240604
KCKRSPO23N000000145,관광명소,관광명소_지역명소,구름산예술제,41,경기도,41210,광명시,4121010300,하안동,412103000022,경기도 광명시 오리로 703 (하안동),경기도 광명시 하안동 577,"703 Ori-ro, Gwangmyeong-si, Gyeonggi-do",4723032021,,4121010300105770000010549,02-2680-6229,26436,,37,126,문화정보원,예술 전시+부대행사,20240604,20240604
KCKRSPO23N000000146,관광명소,관광명소_지역명소,구름산예술제,41,경기도,41210,광명시,4121010300,하안동,412103187054,경기도 광명시 철망산로 2 (하안동),경기도 광명시 하안동 718-2 평생학습원,"2 Cheolmangsan-ro, Gwangmyeong-si, Gyeonggi-do",4790034036,평생학습원,4121010300107180002004990,02-2680-6229,51444,,37,126,문화정보원,예술 전시+부대행사,20240604,20240604
KCKRSPO23N000000147,관광명소,관광명소_지역명소,제27회 오리문화제,41,경기도,41210,광명시,4121010300,하안동,412103187054,경기도 광명시 철망산로 42 (하안동),경기도 광명시 하안동 683 광명문화원,"42 Cheolmangsan-ro, Gwangmyeong-si, Gyeonggi-do",4790041027,광명문화원,4121010300106830000011756,02-2618-5800,51117,www.gmcc.or.kr/,37,126,문화정보원,오리이원익 영우참배+헌화식+전시+체험마당+재현행사 등,20240604,20240604
KCKRSPO23N000000148,관광명소,관광명소_지역명소,고싸움놀이축제,29,광주광역시,29155,남구,2915512300,칠석동,291553161001,광주광역시 남구 고싸움로 2 (칠석동),광주광역시 남구 칠석동 619 고싸움,"2 Gossaum-ro, Nam-gu, Gwangju",4793033021,고싸움,2915512300101270001014493,062-607-2315,61758,www.gossaum.com,35,126,문화정보원,고싸움놀이 시연+무형문화재 초청공연+민속놀이 체험,20240604,20240604
KCKRSPO23N000000149,관광명소,관광명소_지역명소,굿모닝양림축제,29,광주광역시,29155,남구,2915511300,양림동,291553009003,광주광역시 남구 백서로 92-8 (양림동),광주광역시 남구 양림동 48,"92-8 Baekseo-ro, Nam-gu, Gwangju",4773038037,,2915511300100450001003937,062-607-2312,51411,,35,126,문화정보원,문화인물전시+공연+인문학 강의+체험행사,20240604,20240604
KCKRSPO23N000000150,관광명소,관광명소_지역명소,노대 에코 페스티벌,29,광주광역시,29155,남구,2915510700,노대동,291554283140,광주광역시 남구 노대실로41번길 31 (노대동),광주광역시 남구 노대동 831 광주한빛교회,"31 Nodaesil-ro 41beon-gil, Nam-gu, Gwangju",4782035043,광주한빛교회,2915510700102360000000001,062-607-2312,51113,,35,126,문화정보원,분적산어린이그림대회+숲속피크닉+물빛음악회,20240604,20240604
KCKRSPO23N000000151,관광명소,관광명소_지역명소,사직연등축제,29,광주광역시,29155,남구,2915510200,구동,291554283583,광주광역시 남구 중앙로107번길 15 (구동),광주광역시 남구 구동 21-1,"15 Jungang-ro 107beon-gil, Nam-gu, Gwangju",4782034050,,2915510200100210001027663,062-607-2312,51195,,35,126,문화정보원,봉축탑+소원등+점등식+작은음악회,20240604,20240604
KCKRSPO23N000000152,관광명소,관광명소_지역명소,사직단오제,29,광주광역시,29155,남구,2915510200,구동,291553162073,광주광역시 남구 중앙로 122-1 (구동),광주광역시 남구 구동 56,"122-1 Jungang-ro, Nam-gu, Gwangju",4782034050,,2915510200100560000027749,062-607-2315,51376,,35,126,문화정보원,창포물 머리 감기+사생대회+전통 단오굿,20240604,20240604
KCKRSPO23N000000153,관광명소,관광명소_지역명소,성거사지오층석탑다례재,29,광주광역시,29155,남구,2915510200,구동,291554283623,광주광역시 남구 천변좌로338번길 7 (구동),광주광역시 남구 구동 12,"7 Cheonbyeonjwa-ro 338beon-gil, Nam-gu, Gwangju",4782025334,,2915510200100120000027916,062-607-2312,52545,,35,126,문화정보원,다례재+영산재+탑돌이,20240604,20240604
KCKRSPO23N000000154,관광명소,관광명소_지역명소,양림&크리스마스 문화축제,29,광주광역시,29155,남구,2915511300,양림동,291553009003,광주광역시 남구 백서로 92-8 (양림동),광주광역시 남구 양림동 48,"92-8 Baekseo-ro, Nam-gu, Gwangju",4782025033,,2915511300100450001003937,062-607-2316,52539,,35,126,문화정보원,캐롤버스킹+체험프로그램+근대문화유적순례,20240604,20240604
KCKRSPO23N000000155,관광명소,관광명소_지역명소,여르미오페스티벌,41,경기도,41273,안산시,4127310100,고잔동,412733190080,경기도 안산시 단원구 화랑로 312 (고잔동),경기도 안산시 단원구 고잔동 817 안산문화예술의전당,"312 Hwarang-ro, Danwon-gu, Ansan-si, Gyeonggi-do",4785033043,안산문화예술의전당,4127310100108170000040910,031-481-4030,52537,https://www.ansanart.com/index.do,37,126,문화정보원,대중예술축제,20240604,20240604
KCKRSPO23N000000156,관광명소,관광명소_지역명소,안산국제거리극축제,41,경기도,41273,안산시,4127310100,고잔동,412732190001,경기도 안산시 단원구 광덕대로 157 (고잔동),경기도 안산시 단원구 고잔동 800,"157 Gwangdeok-daero, Danwon-gu, Ansan-si, Gyeonggi-do",4785033034,,4127310100108000000000001,031-481-0536,52547,https://www.ansanart.com/index.do,37,126,문화정보원,순수예술축제,20240604,20240604
KCKRSPO23N000000157,관광명소,관광명소_지역명소,연풍조령문화제,43,충청북도,43760,괴산군,4376033022,연풍면 행촌리,437603246036,충청북도 괴산군 연풍면 향교로 71,충청북도 괴산군 연풍면 행촌리 496 연풍면사무소,"71 Hyanggyo-ro, Yeonpung-myeon, Goesan-gun, Chungcheongbuk-do",4785032035,연풍면사무소,4376033022104960000013213,043-830-2472,52517,,36,128,문화정보원,연풍 조령내 문화 예술 체험 및 지역홍보,20240604,20240604
KCKRSPO23N000000158,관광명소,관광명소_지역명소,동해무릉제,51,강원특별자치도,51170,동해시,5117010100,천곡동,421704463060,강원특별자치도 동해시 덕골길 10 (천곡동),강원특별자치도 동해시 천곡동 363-1 동해웰빙레포츠타운,"10 Deokgol-gil, Donghae-si, Gangwon-do",4785036034,동해웰빙레포츠타운,4217010100103630001000007,033-530-2111,13016,,37,129,문화정보원,개막식+퍼레이드+공연행사+체험행사+동대항 민속경기+민속예술시연,20240604,20240604
KCKRSPO23N000000159,관광명소,관광명소_지역명소,찾아가는 문화예술공연,50,제주특별자치도,50110,제주시,5011031023,한경면 고산리,501103020002,제주특별자치도 제주시 한경면 칠전로 41,제주특별자치도 제주시 한경면 고산리 1881-2,"41 Chiljeon-ro, Hangyeong-myeon, Jeju-si, Jeju-do",4785025021,,5011031023018810002015634,,14067,,33,126,문화정보원,음악+댄스 등,20240604,20240604
KCKRSPO23N000000160,관광명소,관광명소_지역명소,찾아가는 문화예술공연,,,,,,,,강원특별자치도 춘천시 영서로 3017 (사농동),강원특별자치도 춘천시 사농동 277-3 춘천인형극장,"3017 Yeongseo-ro, Chuncheon-si, Gangwon-do",4785031042,춘천인형극장,4211011900102770003012176,,14067,,32,123,문화정보원,음악+댄스 등,20240604,20240604
KCKRSPO23N000000161,관광명소,관광명소_지역명소,찾아가는 문화예술공연,50,제주특별자치도,50110,제주시,5011025923,조천읍 조천리,501104848720,제주특별자치도 제주시 조천읍 조천18길 11-1,제주특별자치도 제주시 조천읍 조천리 1176-1 조천체육관,"11-1 Jocheon 18-gil, Jocheon-eup, Jeju-si, Jeju-do",2920012000,조천체육관,5011025923011760001063725,,14067,,33,126,문화정보원,음악+댄스 등,20240604,20240604
KCKRSPO23N000000162,관광명소,관광명소_지역명소,찾아가는 문화예술공연,50,제주특별자치도,50110,제주시,5011033021,우도면 연평리,501104848714,제주특별자치도 제주시 우도면 조일길 123-9,제주특별자치도 제주시 우도면 연평리 639,"123-9 Joil-gil, Udo-myeon, Jeju-si, Jeju-do",2920010800,,5011033021106390000000001,,63365,,33,126,문화정보원,음악+댄스 등,20240604,20240604
KCKRSPO23N000000163,관광명소,관광명소_지역명소,찾아가는 문화예술공연,,,,,,,,충청북도 옥천군 옥천읍 관성로 53,충청북도 옥천군 옥천읍 문정리 390 옥천군생활체육관,"53 Gwanseong-ro, Okcheon-eup, Okcheon-gun, Chungcheongbuk-do",2920010100,옥천군생활체육관,4373025022103900000010683,,26227,,32,123,문화정보원,음악+댄스 등,20240604,20240604
KCKRSPO23N000000164,관광명소,관광명소_지역명소,찾아가는 문화예술공연,,,,,,,,강원특별자치도 정선군 정선읍 애산로 21-8,강원특별자치도 정선군 정선읍 애산리 560 정선아리랑 생활문화센터,"21-8 Aesan-ro, Jeongseon-eup, Jeongseon-gun, Gangwon-do",2920011800,정선아리랑 생활문화센터,4277025024105600000029010,,26235,,32,123,문화정보원,음악+댄스 등,20240604,20240604
KCKRSPO23N000000165,관광명소,관광명소_지역명소,청소년 예술제,,,,,,,,경상남도 진주시 남강로 626 (본성동),경상남도 진주시 본성동 415 진주성,"626 Namgang-ro, Jinju-si, Gyeongsangnam-do",2920012400,진주성,4817010500103970000088570,,,,32,123,문화정보원,음악+댄스 등,20240604,20240604
KCKRSPO23N000000166,관광명소,관광명소_지역명소,신산공원 일원 문화의 거리 행사,,,,,,,,경상남도 진주시 남강로 626 (본성동),경상남도 진주시 본성동 415 진주성,"626 Namgang-ro, Jinju-si, Gyeongsangnam-do",2920012300,진주성,4817010500103970000088570,,26246,,32,123,문화정보원,버스킹 공연(음악+마술+성악 등),20240604,20240604
KCKRSPO23N000000167,관광명소,관광명소_지역명소,삼도2동 문화의 거리 행사,50,제주특별자치도,50110,제주시,5011010600,삼도이동,501104847166,제주특별자치도 제주시 관덕로6길 15 (삼도이동),제주특별자치도 제주시 삼도이동 108-15 삼도2동주민센터,"15 Gwandeok-ro 6-gil, Jeju-si, Jeju-do",2920011600,삼도2동주민센터,5011010600101080015038946,,55717,,33,126,문화정보원,전시+공연+참여 프로그램 등,20240604,20240604
KCKRSPO23N000000168,관광명소,관광명소_지역명소,2023 필터 페스티벌(Filter Festival),50,제주특별자치도,50110,제주시,5011012500,이호일동,501103349053,제주특별자치도 제주시 도리로 15-20,제주특별자치도 제주시 이호일동 1665-6,,2920012500,,,064-728-3993,55805,www.instagram.com/filter_festival/,33,126,문화정보원,이호테우해수욕장이 여러분의 필터가 되어 지친 몸과 마음에 힐링과 치유를 선사합니다.,20240604,20240604
KCKRSPO23N000000169,관광명소,관광명소_지역명소,2023 컬러풀 산지(Colorful SANJI) 페스티벌,,제주특별자치도,,제주시,,,501104847162,제주특별자치도 제주시 관덕로17길 1 (일도일동),제주특별자치도 제주시 일도일동 1477-5,"1 Gwandeok-ro 17-gil, Jeju-si, Jeju-do",2915512300,,5011010100114770005007219,064-740-6000,55717,www.instagram.com/colorful_sanji/,33,126,문화정보원,제주 원도심의 핫한 미식 브랜드들과 함께하는 시간,20240604,20240604
KCKRSPO23N000000170,관광명소,관광명소_지역명소,여름꽃 이야기 비체올린 능소화 축제,50,제주특별자치도,50110,제주시,5011031024,한경면 판포리,501103349200,제주특별자치도 제주시 한경면 판조로 253-6,제주특별자치도 제주시 한경면 판포리 725-1,"253-6 Panjo-ro, Hangyeong-myeon, Jeju-si, Jeju-do",2915512300,,5011031024200080000000001,064-773-0000,55776,www.vicheollin.com/index.php,33,126,문화정보원,제주힐링파크 ’비체올린’에서 5월31일부터 7월31일까지 두달간 전국 최대 규모의 ’능소화 축제’가 펼쳐진다.,20240604,20240604
KCKRSPO23N000000171,관광명소,관광명소_지역명소,보롬왓 축제,50,제주특별자치도,50130,서귀포시,5013032023,표선면 성읍리,501303349234,제주특별자치도 서귀포시 표선면 번영로 2350-104,제주특별자치도 서귀포시 표선면 성읍리 3229-4,"2350-104 Beonyeong-ro, Pyoseon-myeon, Seogwipo-si, Jeju-do",2915511100,,5013032023132290004000001,064-742-8181,55732,www.instagram.com/boromwat_/,33,126,문화정보원,제주농경의 여신 자청비와 메밀 이야기를 주제로 300대의 드론과 음악 무용공연을 ICT기술과 XR증강현실 드론쇼로 결합한 ’플라잉아트인제주’를 메밀축제에서 선보인다.,20240604,20240604
KCKRSPO23N000000172,관광명소,관광명소_지역명소,2023 제주 요가 페스티벌,50,제주특별자치도,50110,제주시,5011012900,도남동,501103349137,제주특별자치도 제주시 연삼로 286 (도남동),제주특별자치도 제주시 도남동 582,"286 Yeonsam-ro, Jeju-si, Jeju-do",2915511900,,5011012900105820000000001,,32438,www.youtube.com/watch?v=jTrHtqWASIg,33,126,문화정보원,나마스테~ 2023년 제9회 유엔 세계요가의 날을 기념하여 기후위기 등 환경문제 해결을 위한 요가인들의 역할과 인식개선에 대해 함께 고민해보는 시간을 가지는 요가프로젝트를 제주에서 개최합니다.,20240604,20240604
KCKRSPO23N000000173,관광명소,관광명소_지역명소,세상에 이런(E-RUN) 트립 in 우도,50,제주특별자치도,50110,제주시,5011033021,우도면 연평리,501104848460,제주특별자치도 제주시 우도면 우도해안길 32-12,제주특별자치도 제주시 우도면 연평리 2658,"32-12 Udohaean-gil, Udo-myeon, Jeju-si, Jeju-do",2915510200,,5011033021117060001000001,,32450,www.instagram.com/jeju_erun_trip/,33,126,문화정보원,Eco-RUN의 줄임말로 청정 제주를 위해 제주를 사랑하는 여러 기업/단체가 모여 기획한 친환경 관광 프로젝트이다.,20240604,20240604
KCKRSPO23N000000174,관광명소,관광명소_지역명소,2023 세계인제주 외국인 커뮤니티 제전,50,제주특별자치도,50110,제주시,5011010600,삼도이동,501103349184,제주특별자치도 제주시 중앙로 2 (삼도이동),제주특별자치도 제주시 삼도이동 1262,"2 Jungang-ro, Jeju-si, Jeju-do",2915510200,,5011010600112620000020457,062-233-2231,63165,,33,126,문화정보원,거주 외국인 뮤직 페스티벌·외국인 퍼포먼스·외국인 플리마켓·컬러링 프로젝트 등,20240604,20240604
KCKRSPO23N000000175,관광명소,관광명소_지역명소,이천도자기축제,41,경기도,41500,이천시,4150031029,신둔면 고척리,415004853635,경기도 이천시 신둔면 도자예술로5번길 109,"경기도 이천시 신둔면 고척리 599-6 이천도자공예공방,관광안내소","109 Dojayesul-ro 5beon-gil, Sindun-myeon, Icheon-si, Gyeonggi-do",2915511300,"이천도자공예공방,관광안내소",4150031029105990006000001,031-636-2200,32438,http://www.ceramic.or.kr,37,127,문화정보원,도자기전시+체험,20240604,20240604
KCKRSPO23N000000176,관광명소,관광명소_지역명소,설봉산별빛축제,41,경기도,41500,이천시,4150010200,관고동,415004421055,경기도 이천시 경충대로2697번길 304 (관고동),경기도 이천시 관고동 393-1,"304 Gyeongchung-daero 2697beon-gil, Icheon-si, Gyeonggi-do",2915510700,,4150010200103930001000001,031-634-7300,8284,http://www.2000art.or.kr,37,127,문화정보원,대중예술공연(총5회공연),20240604,20240604
KCKRSPO23N000000177,관광명소,관광명소_지역명소,체험문화축제,41,경기도,41500,이천시,4150031029,신둔면 고척리,415004853635,경기도 이천시 신둔면 도자예술로5번길 109,"경기도 이천시 신둔면 고척리 599-6 이천도자공예공방,관광안내소","109 Dojayesul-ro 5beon-gil, Sindun-myeon, Icheon-si, Gyeonggi-do",2911010100,"이천도자공예공방,관광안내소",4150031029105990006000001,031-636-2723,17306,http://www.2000green.com,37,127,문화정보원,공예체험+음식만들기+스포츠 놀이체험 등,20240604,20240604
KCKRSPO23N000000178,관광명소,관광명소_지역명소,춘천마임축제 걷다 보는 마임,51,강원특별자치도,51110,춘천시,5111011200,효자동,421103218037,강원특별자치도 춘천시 춘천로 112 (효자동),강원특별자치도 춘천시 효자동 531 축제극장몸짓,"112 Chuncheon-ro, Chuncheon-si, Gangwon-do",2911011300,축제극장몸짓,4211011200105310018000001,033-242-0582,24336,https://www.cccf.or.kr/Home/H40000/H40400/boardView?board_key=7627&search_type=1&search_keyword=ECB698ECB29CEBA788EC9E84ECB695ECA09C5D+EAB1B7EB8BA4+EBB3B4EB8A94+EBA788EC9E84,37,127,문화정보원,"일시적, 일회적 축제방식이 아닌, 소소하더라도 시민들과 깊이 있는 교감을 이뤄낼 수 있는 다양하고 지속적인 콘텐츠로 웃음을 선사하는 축제이다.",20240604,20240604
KCKRSPO23N000000179,관광명소,관광명소_지역명소,춘천마임축제 대학로 문화의 거리,51,강원특별자치도,51110,춘천시,5111011200,효자동,421103218037,강원특별자치도 춘천시 춘천로 112 (효자동),강원특별자치도 춘천시 효자동 531 축제극장몸짓,"112 Chuncheon-ro, Chuncheon-si, Gangwon-do",2911012100,축제극장몸짓,4211011200105310018000001,033-242-0582,24336,https://www.cccf.or.kr/Home/H40000/H40400/boardView?board_key=7626&search_type=1&search_keyword=ECB698ECB29CEBA788EC9E84ECB695ECA09C5D+EB8C80ED9599EBA19C+EBACB8ED9994EC9D98+EAB1B0EBA6AC,37,127,문화정보원,"거리의 공간을 이용한 축제로, 거리전시와 중고장터, 데일리 체험프로그램을 진행한다.",20240604,20240604
KCKRSPO23N000000180,관광명소,관광명소_지역명소,제33회 춘천인형극제 국내 참가작 공모,51,강원특별자치도,51110,춘천시,5111011900,사농동,421103013022,강원특별자치도 춘천시 영서로 3017 (사농동),강원특별자치도 춘천시 사농동 277-3 춘천인형극장,"3017 Yeongseo-ro, Chuncheon-si, Gangwon-do",2911011100,춘천인형극장,4211011900102770003012176,033-242-8452,24235,https://www.cccf.or.kr/Home/H40000/H40400/boardView?board_key=7617&search_type=1&search_keyword=ECA09C33ED9A8C+ECB698ECB29CEC9DB8ED9895EAB7B9ECA09C+EAB5ADEB82B4+ECB0B8EAB080EC9E91+EAB3B5EBAAA8,37,127,문화정보원,1989년 9월 처음 개최하여 33회를 맞이하는 아시아 최대 인형극축제 춘천인형극제이다.,20240604,20240604
KCKRSPO23N000000181,관광명소,관광명소_지역명소,제21회 옥천묘목축제,43,충청북도,43730,옥천군,4373036031,이원면 이원리,437303014035,충청북도 옥천군 이원면 이원로 830,충청북도 옥천군 이원면 이원리 503 옥천묘목공원 관리사무소,"830 Iwon-ro, Iwon-myeon, Okcheon-gun, Chungcheongbuk-do",2911012200,옥천묘목공원 관리사무소,4373036031105030000030049,043-730-3593,29061,https://www.oc.go.kr/tree/index.do,36,127,문화정보원,묘목판매+묘목 나눠주기 등,20240604,20240604
KCKRSPO23N000000182,관광명소,관광명소_지역명소,제14회 옥천참옻축제,43,충청북도,43730,옥천군,4373025038,옥천읍 삼양리,437303242048,충청북도 옥천군 옥천읍 중앙로 131,충청북도 옥천군 옥천읍 삼양리 125,"131 Jungang-ro, Okcheon-eup, Okcheon-gun, Chungcheongbuk-do",2911011800,,4373025038101250000000001,043-730-3594,25631,https://www.oc.go.kr/chamot/index.do,36,127,문화정보원,옻순판매+옻음식경연대회+공연 등,20240604,20240604
KCKRSPO23N000000183,관광명소,관광명소_지역명소,제15회 향수옥천 포도·복숭아 축제,43,충청북도,43730,옥천군,4373025022,옥천읍 문정리,437303242002,충청북도 옥천군 옥천읍 관성로 53,충청북도 옥천군 옥천읍 문정리 390 옥천군생활체육관,"53 Gwanseong-ro, Okcheon-eup, Okcheon-gun, Chungcheongbuk-do",2917011200,옥천군생활체육관,4373025022103900000010683,043-730-3262,25534,https://www.oc.go.kr/grape/index.do,36,127,문화정보원,개막 축하음악회+농·특산물 판매장 등,20240604,20240604
KCKRSPO23N000000184,관광명소,관광명소_지역명소,정선아리랑제,51,강원특별자치도,51770,정선군,5177025024,정선읍 애산리,427703229022,강원특별자치도 정선군 정선읍 애산로 51,강원특별자치도 정선군 정선읍 애산리 560,"51 Aesan-ro, Jeongseon-eup, Jeongseon-gun, Gangwon-do",2917012500,,4277025024105600000029007,033-560-3000,56451,www.arirangfestival.kr,37,128,문화정보원,아리랑 경창대회+아리랑 퍼레이드+전통문화 체험전+소비자 참여 프로그램 등,20240604,20240604
KCKRSPO23N000000185,관광명소,관광명소_지역명소,진주남강유등축제,48,경상남도,48170,진주시,4817010500,본성동,481703332011,경상남도 진주시 남강로 626 (본성동),경상남도 진주시 본성동 415 진주성,"626 Namgang-ro, Jinju-si, Gyeongsangnam-do",2917012500,진주성,4817010500103970000088570,055-755-9111,56400,http://www.yudeung.com,35,128,문화정보원,초혼점등+소망등 달기+추억의 유등띄우기+창작등 만들기+한국등 및 세계뭉풀등 전시+불꽃놀이+항공미디어아트 드론라이트 쇼+체험행사 및 부대행사,20240604,20240604
KCKRSPO23N000000186,관광명소,관광명소_지역명소,개천예술제,48,경상남도,48170,진주시,4817010500,본성동,481703332011,경상남도 진주시 남강로 626 (본성동),경상남도 진주시 본성동 415 진주성,"626 Namgang-ro, Jinju-si, Gyeongsangnam-do",2917010900,진주성,4817010500103970000088570,055-752-0111,56462,http://www.gaecheonart.com,35,128,문화정보원,서제+개제식+가장행렬+예술경연+각종전시+종야축제+예술문화행사+진주대첩 승전기념행사 등,20240604,20240604
KCKRSPO23N000000187,관광명소,관광명소_지역명소,코리아드라마페스티벌,,,,,,,,강원특별자치도 춘천시 서부대성로48번길 26-1 (요선동),강원특별자치도 춘천시 요선동 18-6,"26-1 Seobudaeseong-ro 48beon-gil, Chuncheon-si, Gangwon-do",2917010500,,4211010200100180006019435,055-755-2363,56459,http://www.kdfo.org,32,123,문화정보원,코리아드라마어워즈+ KDF콘서트+ 드라마영상국제포럼+ 부대행사 등,20240604,20240604
KCKRSPO23N000000188,관광명소,관광명소_지역명소,진주논개제,48,경상남도,48170,진주시,4817010500,본성동,481703332011,경상남도 진주시 남강로 626 (본성동),경상남도 진주시 본성동 415 진주성,"626 Namgang-ro, Jinju-si, Gyeongsangnam-do",2917010700,진주성,4817010500103970000088570,055-795-3213,56452,http://jjcc.or.kr/,35,128,문화정보원,헌다례 및 신위순행+ 의암별제+ 실경역사뮤지컬 의기논개+ 전통놀이 체험 등,20240604,20240604
KCKRSPO23N000000189,관광명소,관광명소_지역명소,진주 M2(뮤직&미디어)페스티벌,48,경상남도,48170,진주시,4817010100,망경동,481703332003,경상남도 진주시 강남로 320 아래 둔치,경상남도 진주시 망경동 110-1,,2917010700,,,055-273-1058,5239,http://jinjumusic.com/index.php,35,128,문화정보원,"수상무대공연(대학동아리팀 및 가수초청 공연, 인터렉티브 공연)+미디어아트쇼+수상체험 프로그램(카약+패들보트+드래곤보트), 푸드존 등 부대행사",20240604,20240604
KCKRSPO23N000000190,관광명소,관광명소_지역명소,진주 전국민속 소힘겨루기대회,48,경상남도,48170,진주시,4817012900,판문동,481704797551,경상남도 진주시 판문오동길 100 (판문동),경상남도 진주시 판문동 146-1 진주전통소싸움경기장,"100 Panmunodong-gil, Jinju-si, Gyeongsangnam-do",2917013800,진주전통소싸움경기장,4817012900101490001205277,055-749-8591,24399,,35,128,문화정보원,소힘겨루기 대회+경품추첨+초청가수 공연,20240604,20240604
KCKRSPO23N000000191,관광명소,관광명소_지역명소,진주탈춤한마당,,,,,,,,강원특별자치도 삼척시 엑스포로 45 (성남동),강원특별자치도 삼척시 성남동 2 삼척문화예술회관,"45 Expo-ro, Samcheok-si, Gangwon-do",2917014100,삼척문화예술회관,4223011900100010005000001,055-746-6884,24357,http://www.xn--ok1b32ku8n3wa05l2rfpsj.com/html/main2014.htm,32,123,문화정보원,한국탈춤공연+창작탈춤+특별공연+프린지공연+해외공연+기획공연+축하공연+탈전시회+학술행사+시민체험행사,20240604,20240604
KCKRSPO23N000000192,관광명소,관광명소_지역명소,진주국제농식품박람회,48,경상남도,48170,진주시,4817013700,충무공동,481703332077,경상남도 진주시 동진로 415 (충무공동),경상남도 진주시 충무공동 8 진주종합경기장,"415 Dongjin-ro, Jinju-si, Gyeongsangnam-do",2917014100,진주종합경기장,4817025022121880000000001,,24235,,35,128,문화정보원,테마별 전시관+목장체험+농업실내체험+해외문화 특별전시+해회시장판로개척 수출상담회+토종농산물종자전시회 등 부대행사,20240604,20240604
KCKRSPO23N000000193,관광명소,관광명소_지역명소,동두천 무형문화재 축제,,,,,,,,강원특별자치도 삼척시 엑스포로 45 (성남동),강원특별자치도 삼척시 성남동 2 삼척문화예술회관,"45 Expo-ro, Samcheok-si, Gangwon-do",2917014100,삼척문화예술회관,4223011900100010005000001,031-860-3333,24264,https://www.ddc.go.kr/ddc/selectBbsNttView.do?key=105&bbsNo=25&nttNo=130741,32,123,문화정보원,동두천 무형문화재 축제,20240604,20240604
KCKRSPO23N000000194,관광명소,관광명소_지역명소,왕방산 국제MTB대회,41,경기도,41250,동두천시,4125010300,생연동,412503189020,경기도 동두천시 어등로 45 (생연동),경기도 동두천시 생연동 70 동두천시종합운동장,"45 Eodeung-ro, Dongducheon-si, Gyeonggi-do",2917013900,동두천시종합운동장,4125010300100700000000333,031-860-2209,24264,http://www.ddcsports.kr/main/index.php,37,127,문화정보원,국제MTB대회,20240604,20240604
KCKRSPO23N000000195,관광명소,관광명소_지역명소,천사마라톤대회,41,경기도,41250,동두천시,4125010300,생연동,412503189020,경기도 동두천시 어등로 45 (생연동),경기도 동두천시 생연동 70 동두천시종합운동장,"45 Eodeung-ro, Dongducheon-si, Gyeonggi-do",2917011800,동두천시종합운동장,4125010300100700000000333,031-861-1004,24208,http://www.hope1004.org,37,127,문화정보원,천사데이기념 마라톤대회,20240604,20240604
KCKRSPO23N000000196,관광명소,관광명소_지역명소,여르미오페스티벌,41,경기도,41273,안산시,4127310100,고잔동,412733190080,경기도 안산시 단원구 화랑로 312 (고잔동),경기도 안산시 단원구 고잔동 817 안산문화예술의전당,"312 Hwarang-ro, Danwon-gu, Ansan-si, Gyeonggi-do",2917012000,안산문화예술의전당,4127310100108170000040910,031-481-4030,24336,https://www.ansanart.com/index.do,37,126,문화정보원,대중예술축제,20240604,20240604
KCKRSPO23N000000197,관광명소,관광명소_지역명소,2020 역발상전,51,강원특별자치도,51110,춘천시,5111012300,퇴계동,421103013022,강원특별자치도 춘천시 영서로 2260 (퇴계동),강원특별자치도 춘천시 퇴계동 633-2 남춘천역,"2260 Yeongseo-ro, Chuncheon-si, Gangwon-do",2917011700,남춘천역,4211012300106330002000001,033-252-0731,24399,https://www.cccf.or.kr/Home/H40000/H40400/boardView?board_key=10233&search_type=1&search_keyword=2020+EC97ADEBB09CEC8381ECA084,37,127,문화정보원,"춘천 외 활동작가 5인 춘천 활동작가 5인이 참여하는 전시이다. 2021역발상전은 서울, 경기권을 기반으로 작업하는 작가들이 함께 참여 하였고 2022 역발상전은 충청도권을 기반으로 작업하는 작가들이 함께 참여한다. 역발상전 교류 초대 작가는 대한민국의 국공립미술관 초대작가로 활동하는 인지도 높은 작가들이 대상이며 대한민국의 미술의 위상을 춘천에 소개하고 춘천 활동 작가들의 춘천외부 활동의 기회를 마련하는 것에 일조하기 위해 기획된 전시이다. 춘천 외 활동작가 5인 춘천 활동작가 5인이 참여하는 전시이다. 2021역발상전은 서울, 경기권을 기반으로 작업하는 작가들이 함께 참여 하였고 2022 역발상전은 충청도권을 기반으로 작업하는 작가들이 함께 참여한다. 역발상전 교류 초대 작가는 대한민국의 국공립미술관 초대작가로 활동하는 인지도 높은 작가들이 대상이며 대한민국의 미술의 위상을 춘천에 소개하고 춘천 활동 작가들의 춘천외부 활동의 기회를 마련하는 것에 일조하기 위해 기획된 전시이다.",20240604,20240604
KCKRSPO23N000000198,관광명소,관광명소_지역명소,만나고 싶었습니다 - 창작의 자극 그리고 예술로 환기,51,강원특별자치도,51110,춘천시,5111012200,교동,421104454762,강원특별자치도 춘천시 향교앞길 13-4 (교동),강원특별자치도 춘천시 교동 140,"13-4 Hyanggyoap-gil, Chuncheon-si, Gangwon-do",2917012800,,4211012200101400000008044,,24461,https://www.cccf.or.kr/Home/H40000/H40400/boardView?board_key=10234&search_type=1&search_keyword=EBA78CEB8298EAB3A0+EC8BB6EC9788EC8AB5EB8B88EB8BA4,37,127,문화정보원,"작가들은 각자 그동안 사회적 거리두기 상황으로 예술적 자극의 기회를 갖지 못했거나 자발적 절제로 동기부여의 활동을 할 수 없었다면 위드코로나로 전환된 지금 그 동기와 자극을 찾을 수 있는 방법을 제시하고자 한다. 언젠가는 만나 이야기하고 싶었던 동경의 대상, 작가를 만나거나, 꼭 한번 가보고 싶었던 미술관 혹은 어떤 전시 등을 가보거나, 경험하고 싶었던 나름의 활동을 경험해보거나 등등을 실현에 옮긴 후 그러한 시간과 행위와 경험에서 받은 영감이나 자극, 창의적 동기를 담아 새로운 창작물을 구상한다. 작가는 기존의 작업 스타일에서 벗어나는 방법으로 창작의 장르를, 방법을, 전시구성 등등 기존의 스타일에서 잠시 이탈해본다. 그렇게 제작된 작품을 공간공일 전시장에서 3월 4일부터 3월 16일까지 전시하게 된다. 또한 작가와의 대화 시간을 통해 관객과 소통하고 창의적 동기를 전달할 계획이다. 그렇게 관객은 전시된 작품과 소통의 시간으로 잠시나마 일상에서 닫힌 창을 열고 예술로 환기할 수 있는 기회를 가진다.",20240604,20240604
KCKRSPO23N000000199,관광명소,관광명소_지역명소,공공미술렌탈프로젝트 춘천예술공감공공청사 미술 전시展,51,강원특별자치도,51110,춘천시,5111010700,옥천동,421104454451,강원특별자치도 춘천시 시청길 11 (옥천동),강원특별자치도 춘천시 옥천동 111-1 춘천시청,"11 Sicheong-gil, Chuncheon-si, Gangwon-do",2917012800,춘천시청,4211010700101110001000001,,24368,https://www.cccf.or.kr/Home/H40000/H40400/boardList?cate_id=&search_type=1&search_keyword=EAB3B5EAB3B5EBAFB8EC88A0EBA08CED8388ED9484EBA19CECA09DED8AB8+ECB698ECB29CEC9888EC88A0EAB3B5EAB09028EAB3B5EAB3B5ECB2ADEC82AC+EBAFB8EC88A0+ECA084EC8B9C29E5B195,37,127,문화정보원,춘천예술공감이라는 테마로 지역작가 작품 중 춘천의 이미지를 담은 작품을 44인의 작가에게 임대하여 전시한다,20240604,20240604
KCKRSPO23N000000200,관광명소,관광명소_지역명소,제18회 강원아트페어 춘천전 자연에서 다시 태어나는 예술,51,강원특별자치도,51110,춘천시,5111011200,효자동,421104454799,강원특별자치도 춘천시 효자상길5번길 13 (효자동),강원특별자치도 춘천시 효자동 산40-12 춘천문화예술회관,"13 Hyojasang-gil 5beon-gil, Chuncheon-si, Gangwon-do",2917010900,춘천문화예술회관,4211011200200400002028991,033-241-1856,24264,https://www.cccf.or.kr/Home/H40000/H40400/boardList?cate_id=&search_type=1&search_keyword=ECA09C18ED9A8C+EAB095EC9B90EC9584ED8AB8ED8E98EC96B4+ECB698ECB29CECA084+5BEC9E90EC97B0EC9790EC849C+EB8BA4EC8B9C+ED839CEC96B4EB8298EB8A94+EC9888EC88A05D,37,127,문화정보원,아트페어는 자연에서 다시 태어나는 예술 이라는 주제로 전국 각지에서 참여하시는 18명의 다양한 작가님들의 참여로 진행,20240604,20240604
KCKRSPO23N000000201,관광명소,관광명소_지역명소,안성환 무심 無心 -쉬어 가다,51,강원특별자치도,51110,춘천시,5111039021,동내면 거두리,421104454027,강원특별자치도 춘천시 동내면 거두택지길44번길 7-19,강원특별자치도 춘천시 동내면 거두리 1123-6,"7-19 Geodutaekji-gil 44beon-gil, Dongnae-myeon, Chuncheon-si, Gangwon-do",2917010900,,4211039021111230006000001,,24368,https://www.cccf.or.kr/Home/H40000/H40400/boardView?board_key=10455,37,127,문화정보원,개나리미술관에서는 5월 24일부터 6월 5일까지 안성환작가의 조각전을 개최,20240604,20240604
KCKRSPO23N000000202,관광명소,관광명소_지역명소,2022 강원도 지역문제 발견 오픈테이블,51,강원특별자치도,51110,춘천시,5111011200,효자동,421103218003,강원특별자치도 춘천시 공지로 255 (효자동),강원특별자치도 춘천시 효자동 303-14,"255 Gongji-ro, Chuncheon-si, Gangwon-do",2917010900,,4211011200103030014026324,033-252-1090,32027,https://www.cccf.or.kr/Home/H40000/H40400/boardView?board_key=10452&search_type=1&search_keyword=2022+EAB095EC9B90EB8F84+ECA780EC97ADEBACB8ECA09C+EBB09CEAB2AC+EC98A4ED9488ED858CEC9DB4EBB894,37,127,문화정보원,강원지역문제해결플랫폼은 강원도민이 제안한 지역 문제를 공공기관의 자원을 연결하여 지역주민과 함께 리빙랩 방식으로 해결하기 위해 노력하고있습니다. 2022년에도 지역 주민중심으로 지역의 문제를 제안 받는 지역문제발견 오픈테이블을 진행 중입니다. 플랫폼 과정을 통해 선정된 의제는 500~1000만원의 실험비로 지역의 문제를 해결할 수 있는 실험을 진행할 수 있습니다.,20240604,20240604
KCKRSPO23N000000203,관광명소,관광명소_지역명소,제 29회 봄내예술제 봄내미술인전_시민과 예술인의 만남,51,강원특별자치도,51110,춘천시,5111010700,옥천동,421103218018,강원특별자치도 춘천시 서부대성로 71 (옥천동),강원특별자치도 춘천시 옥천동 73-2 춘천예술마당,"71 Seobudaeseong-ro, Chuncheon-si, Gangwon-do",2914012800,춘천예술마당,4211010700100730002002079,033-241-1856,24264,https://www.cccf.or.kr/Home/H40000/H40400/boardView?board_key=10449,37,127,문화정보원,"29회 봄내예술제의 세부 행사인 시민과 작가 159명이 참여한 2022 봄내 미술인전’이 열립니다. 서양화 56점, 수채화 41점, 한국화 25점, 서예·문인화 20점, 공예·디자인 12점, 조소 5점을 소개합니다.",20240604,20240604
KCKRSPO23N000000204,관광명소,관광명소_지역명소,춘천 핸드메이드 브랜드와 함께 하는 마켓396 5월,51,강원특별자치도,51110,춘천시,5111011700,근화동,421103218033,강원특별자치도 춘천시 중앙로 186 (근화동),강원특별자치도 춘천시 근화동 396-2,"186 Jungang-ro, Chuncheon-si, Gangwon-do",2914012000,,4211011700103960002000001,033-256-3961,31917,https://www.cccf.or.kr/Home/H40000/H40400/boardView?board_key=10481&search_type=1&search_keyword=ECB698ECB29C+ED95B8EB939CEBA994EC9DB4EB939C+EBB88CEB9E9CEB939CEC9980+ED95A8EABB98+ED9598EB8A94+EBA788ECBC93396+5EC9B94,37,127,문화정보원,오랜만에 근화동396 청년창업공간에서 핸드메이드 마켓396이 열립니다 힘든 시기 속에서도 찾아와주시는 방문객 여러분들의 안전을 생각하며 지난 해 총 세 번의 무인형식의 행사를 무사히 마치고 드디어 더욱 발전된 모습으로 올해 첫 마켓396을 선보이고자 합니다,20240604,20240604
KCKRSPO23N000000205,관광명소,관광명소_지역명소,연극뷰티풀라이프-춘천,51,강원특별자치도,51110,춘천시,5111011200,효자동,421104454378,강원특별자치도 춘천시 서부대성로239번길 7 (효자동),강원특별자치도 춘천시 효자동 629-5,"7 Seobudaeseong-ro 239beon-gil, Chuncheon-si, Gangwon-do",2914011800,,4211011200106290005028279,,34316,https://www.cccf.or.kr/Home/H40000/H40400/boardView?board_key=10457,37,127,문화정보원,연애에서 부터 결혼까지의 인생을 담은 연극,20240604,20240604
KCKRSPO23N000000206,관광명소,관광명소_지역명소,2022춘천막국수닭갈비축제,51,강원특별자치도,51110,춘천시,5111010700,옥천동,421104454451,강원특별자치도 춘천시 시청길 11 (옥천동),강원특별자치도 춘천시 옥천동 111-1 춘천시청,"11 Sicheong-gil, Chuncheon-si, Gangwon-do",2914012600,춘천시청,4211010700101110001000001,033-254-4347,34402,http://www.mdfestival.com/festival.html,37,127,문화정보원,"춘천의 대표적인 축제인 춘천막국수닭갈비축제가 올해는 춘천 삼악산 호수케이블카 일원에서 8월30일부터~9월4일까지 6일간 진행이 된다. 3년만에 오프라인으로 찾아오는 이번 축제는 30일 KBS전국노래자랑을 시작으로 멀티미디어 드론쇼,인기가수 축하공연등 풍성한 볼거리와 춘천에서 즐기는 막국수, 닭갈비를 다양하게 선보이려고 한다.",20240604,20240604
KCKRSPO23N000000207,관광명소,관광명소_지역명소,2022 청년 문화정책을 더하다,51,강원특별자치도,51110,춘천시,5111012400,석사동,421103218031,강원특별자치도 춘천시 우석로 70 (석사동),강원특별자치도 춘천시 석사동 95-3 국립춘천박물관,"70 Useok-ro, Chuncheon-si, Gangwon-do",2914012000,국립춘천박물관,4211012400200270001015797,02-3143-1232,24325,https://www.cccf.or.kr/Home/H40000/H40400/boardList?cate_id=&search_type=1&search_keyword=2022+ECB2ADEB85842C+EBACB8ED9994ECA095ECB185EC9D84+EB8D94ED9598EB8BA4,37,127,문화정보원,청년 문화 인력양성과 정책 지원 방법,20240604,20240604
KCKRSPO23N000000208,관광명소,관광명소_지역명소,마켓396 10월HALLOWEEN MARKET,51,강원특별자치도,51110,춘천시,5111011700,근화동,421103218033,강원특별자치도 춘천시 중앙로 186 (근화동),강원특별자치도 춘천시 근화동 396-2,"186 Jungang-ro, Chuncheon-si, Gangwon-do",2914010600,,4211011700103960002000001,033-256-3961,51791,https://www.cccf.or.kr/Home/H40000/H40400/boardList?cate_id=&search_type=1&search_keyword=EBA788ECBC93396+10EC9B9428HALLOWEEN+MARKET29,37,127,문화정보원,지역 내 핸드메이드&일러스트 기반 청년창작자의 창업활동 기반을 조성하고 시민들의 창작 경험 확대를 지원하기 위해 설립,20240604,20240604
KCKRSPO23N000000209,관광명소,관광명소_지역명소,2022 춘천 “별의 별Star & Star Folk concert,51,강원특별자치도,51110,춘천시,5111010200,요선동,421104454380,강원특별자치도 춘천시 서부대성로44번길 2 (요선동),강원특별자치도 춘천시 요선동 149-2,"2 Seobudaeseong-ro 44beon-gil, Chuncheon-si, Gangwon-do",2914010600,,4211010200101490002019560,033-911-6006,51791,https://www.cccf.or.kr/Home/H40000/H40400/boardView?board_key=10876&search_type=1&search_keyword=2022+ECB698ECB29C+E2809CEBB384EC9D98+EBB384,37,127,문화정보원,춘천 포크락 페스티벌,20240604,20240604
KCKRSPO23N000000210,관광명소,관광명소_지역명소,墨-사람다움을 담다,51,강원특별자치도,51110,춘천시,5111010200,요선동,421104454382,강원특별자치도 춘천시 서부대성로48번길 26-1 (요선동),강원특별자치도 춘천시 요선동 18-6,"26-1 Seobudaeseong-ro 48beon-gil, Chuncheon-si, Gangwon-do",2914013300,,4211010200100180006019435,,51534,https://www.cccf.or.kr/Home/H40000/H40400/boardView?board_key=11014,37,127,문화정보원,사람다움이란 무엇인가사람다움이란 무엇인가사람다움이란 어디서 비롯되는가,20240604,20240604
KCKRSPO23N000000211,관광명소,관광명소_지역명소,대전효문화뿌리축제,30,대전광역시,30140,중구,3014011900,안영동,301403165018,대전광역시 중구 뿌리공원로 47 (안영동),대전광역시 중구 안영동 71-2 효문화마을관리원,"47 Ppurigongwon-ro, Jung-gu, Daejeon",2914011900,효문화마을관리원,3014011900100710007007881,042-606-6292,51757,https://www.djjunggu.go.kr/hyo-ppuri/index.do,36,127,문화정보원,개·폐막식+문중(문화)·체험(참여) 주제공연 프로그램+어린이 성씨 놀이터+각종 온·오프라인 참여 이벤트 등,20240604,20240604
KCKRSPO23N000000212,관광명소,관광명소_지역명소,정선아리랑제,51,강원특별자치도,51770,정선군,5177025021,정선읍 봉양리,427704487143,강원특별자치도 정선군 정선읍 봉양3길 17,강원특별자치도 정선군 정선읍 봉양리 253-1 문화예술회관,"17 Bongyang 3-gil, Jeongseon-eup, Jeongseon-gun, Gangwon-do",2914011900,문화예술회관,4277025021102530001009113,033-563-2646,8013,www.arirangfestival.kr,37,128,문화정보원,강원특별자치도 무형문화재 제1호인 정선아리랑의 전승보존 및 계승,20240604,20240604
KCKRSPO23N000000213,관광명소,관광명소_축제,홍성 유기농업특구 축제,44,충청남도,44800,홍성군,4480033026,홍동면 문당리,448004586218,충청남도 홍성군 홍동면 문당길 142,충청남도 홍성군 홍동면 문당리 388-2,"142 Mundang-gil, Hongdong-myeon, Hongseong-gun, Chungcheongnam-do",4275025021,,4480033026103880002009046,041-630-1561,7983,https://www.hongseong.go.kr/kor/index.do,36,126,문화정보원,"유기농업 가치 확산을 주제로 한 생산, 소비, 체험, 교육, 장터 한마당",20240604,20240604
KCKRSPO23N000000214,관광명소,관광명소_지역명소,삼척정월대보름제,51,강원특별자치도,51230,삼척시,5123011900,성남동,422303224037,강원특별자치도 삼척시 엑스포로 45 (성남동),강원특별자치도 삼척시 성남동 2 삼척문화예술회관,"45 Expo-ro, Samcheok-si, Gangwon-do",2723011100,삼척문화예술회관,4223011900100010005000001,033-573-2882,7916,http://www.fullmoonfestival.or.kr/,37,129,문화정보원,개막식+제례행사+문화재행사+민속놀이행사 등 9개분야 50종,20240604,20240604
KCKRSPO23N000000215,관광명소,관광명소_지역명소,삼척맹방유채꽃행사,51,강원특별자치도,51230,삼척시,5123031021,근덕면 상맹방리,422303224019,강원특별자치도 삼척시 근덕면 삼척로 3916-112,강원특별자치도 삼척시 근덕면 상맹방리 174-1 상맹방1리마을회관,"3916-112 Samcheok-ro, Geundeok-myeon, Samcheok-si, Gangwon-do",2723012300,상맹방1리마을회관,4223031021101740001000001,033-570-3375,7916,http://tour.samcheok.go.kr/03joy/02_03.jsp,37,129,문화정보원,농축특산물 판매장 및 향토 먹거리장터 운영+유채꽃따라 걷기대회+기타 체험행사 등,20240604,20240604
KCKRSPO23N000000216,관광명소,관광명소_지역명소,황영조 국제 마라톤 대회,51,강원특별자치도,51230,삼척시,5123011900,성남동,422303224037,강원특별자치도 삼척시 엑스포로 45 (성남동),강원특별자치도 삼척시 성남동 2 삼척문화예술회관,"45 Expo-ro, Samcheok-si, Gangwon-do",2723010600,삼척문화예술회관,4223011900100010005000001,033-570-3813,7916,http://samcheokmarathon.com/index.php?sub=sub01_m01_c01,37,129,문화정보원,황영조 국제 마라톤 대회,20240604,20240604
KCKRSPO23N000000217,관광명소,관광명소_지역명소,삼척장미축제,51,강원특별자치도,51230,삼척시,5123012500,정상동,422303224022,강원특별자치도 삼척시 오십천로 536 (정상동),강원특별자치도 삼척시 정상동 407-10 천일동양운수,"536 Osipcheon-ro, Samcheok-si, Gangwon-do",2717056500,천일동양운수,4223012500103970040000002,033-570-3082,7951,,37,129,문화정보원,공연+먹거리+체험+기타,20240604,20240604
KCKRSPO23N000000218,관광명소,관광명소_지역명소,삼척비치썸페스티벌,51,강원특별자치도,51230,삼척시,5123010700,갈천동,422304472329,강원특별자치도 삼척시 테마타운길 19 (갈천동),강원특별자치도 삼척시 갈천동 14,"19 Thema town-gil, Samcheok-si, Gangwon-do",3023012500,,4223010700100140000000006,033-570-3081,7983,,37,129,문화정보원,공연+먹거리+체험+기타,20240604,20240604
KCKRSPO23N000000219,관광명소,관광명소_지역명소,삼척동해왕이사부축제,51,강원특별자치도,51230,삼척시,5123012500,정상동,422303224022,강원특별자치도 삼척시 오십천로 536 (정상동),강원특별자치도 삼척시 정상동 407-10 천일동양운수,"536 Osipcheon-ro, Samcheok-si, Gangwon-do",3023010700,천일동양운수,4223012500103970040000002,033-570-3073,7971,http://www.yisabu.com,37,129,문화정보원,공연+퍼레이드+체험+연계행사 등,20240604,20240604
KCKRSPO23N000000220,관광명소,관광명소_지역명소,삼척평생학습박람회 및 책축제,51,강원특별자치도,51230,삼척시,5123010600,교동,422304472321,강원특별자치도 삼척시 청석로3길 16-41 (교동),강원특별자치도 삼척시 교동 736 삼척시평생학습관,"16-41 Cheongseok-ro 3-gil, Samcheok-si, Gangwon-do",3023010600,삼척시평생학습관,4223010600107360000000001,033-570-4432,7920,http://lifelong.samcheok.go.kr/main/,37,129,문화정보원,개막식+평생학습유공자 포상+체험 홍보부스 운영+작품전시+공연 발표+책관련 행사,20240604,20240604
KCKRSPO23N000000221,관광명소,관광명소_지역명소,삼척종합예술제,51,강원특별자치도,51230,삼척시,5123011900,성남동,422303224037,강원특별자치도 삼척시 엑스포로 45 (성남동),강원특별자치도 삼척시 성남동 2 삼척문화예술회관,"45 Expo-ro, Samcheok-si, Gangwon-do",3017012800,삼척문화예술회관,4223011900100010005000001,033-570-3225,8098,,37,129,문화정보원,(사)한국예총 삼척지회 산하 8개 협회 공연+전시 등 행사 추진,20240604,20240604
KCKRSPO23N000000222,관광명소,관광명소_지역명소,삼척민족예술제,51,강원특별자치도,51230,삼척시,5123011900,성남동,422303224037,강원특별자치도 삼척시 엑스포로 45 (성남동),강원특별자치도 삼척시 성남동 2 삼척문화예술회관,"45 Expo-ro, Samcheok-si, Gangwon-do",3017012000,삼척문화예술회관,4223011900100010005000001,033-570-3225,25919,,37,129,문화정보원,동해왕 이사부 장군(융복합극)+전시(사진+한지공예+섬유공예+등공예 등)+체험교실,20240604,20240604
KCKRSPO23N000000223,관광명소,관광명소_지역명소,정월대보름 달맞이문화제,27,대구광역시,27710,달성군,2771025328,논공읍 북리,277103148011,대구광역시 달성군 논공읍 논공로 697-10,대구광역시 달성군 논공읍 북리 1,"697-10 Nongong-ro, Nongong-eup, Dalseong-gun, Daegu",3020011100,,2771025328100010000031832,053-668-2174,42981,http://culture.dalseong.daegu.kr,35,128,문화정보원,기원제+축하공연+달집태우기,20240604,20240604
KCKRSPO23N000000224,관광명소,관광명소_지역명소,비슬산 참꽃문화제,27,대구광역시,27710,달성군,2771025923,유가읍 용리,277104854161,대구광역시 달성군 유가읍 일연선사길 99,대구광역시 달성군 유가읍 용리 산10 비슬산자연휴양림,"99 Iryeonseonsa-gil, Yuga-eup, Dalseong-gun, Daegu",3014011000,비슬산자연휴양림,2771037023100040000012487,053-668-2172,24412,http://culture.dalseong.daegu.kr,35,128,문화정보원,개막식+부대행사+체험부스,20240604,20240604
KCKRSPO23N000000225,관광명소,관광명소_지역명소,정월대보름 달맞이문화제,27,대구광역시,27710,달성군,2771025328,논공읍 북리,277103148011,대구광역시 달성군 논공읍 논공로 697-10,대구광역시 달성군 논공읍 북리 1,"697-10 Nongong-ro, Nongong-eup, Dalseong-gun, Daegu",3014011000,,2771025328100010000031832,053-668-2174,42981,http://culture.dalseong.daegu.kr,35,128,문화정보원,기원제+축하공연+달집태우기,20240604,20240604
KCKRSPO23N000000226,관광명소,관광명소_지역명소,비슬산 참꽃문화제,27,대구광역시,27710,달성군,2771025923,유가읍 용리,277104854161,대구광역시 달성군 유가읍 일연선사길 99,대구광역시 달성군 유가읍 용리 산10 비슬산자연휴양림,"99 Iryeonseonsa-gil, Yuga-eup, Dalseong-gun, Daegu",3014012200,비슬산자연휴양림,2771037023100040000012487,053-668-2172,63165,http://culture.dalseong.daegu.kr,35,128,문화정보원,개막식+부대행사+체험부스,20240604,20240604
KCKRSPO23N000000227,관광명소,관광명소_지역명소,미추홀미디어문화축제,28,인천광역시,28177,미추홀구,2817710500,주안동,281773008014,인천광역시 미추홀구 주안로 95-19 (주안동),인천광역시 미추홀구 주안동 125 주안역사,"95-19 Juan-ro, Michuhol-gu, Incheon",3014012200,주안역사,2817010600101250000166864,032-880-7978,22132,https://www.michuhol.go.kr/culture/main.do,37,126,문화정보원,미추홀의 특색있는 문화자원과 미디어 분야의 융합 콘텐츠를 만날 수 있는 축제 프로그램,20240604,20240604
KCKRSPO23N000000228,관광명소,관광명소_지역명소,창녕 문화재 야행(창녕 별빛 마실),,,,,,,,경기도 안양시 동안구 관평로 149 (평촌동),경기도 안양시 동안구 평촌동 895 중앙공원관리부속,"149 Gwanpyeong-ro, Dongan-gu, Anyang-si, Gyeonggi-do",3014010100,중앙공원관리부속,4117310300108950000000001,,63333,,32,123,문화정보원,창녕 문화재 야행 행사+야간조명+먹거리및프리마켓,20240604,20240604
KCKRSPO23N000000229,관광명소,관광명소_지역명소,산토끼와 따오기가 함께하는 창작동요제,48,경상남도,48740,창녕군,4874025022,창녕읍 교리,487403341033,경상남도 창녕군 창녕읍 우포2로 1189-25,경상남도 창녕군 창녕읍 교리 991,,4611015900,,,,63028,,35,128,문화정보원,동요노래부르기 대회+창작동요제,20240604,20240604
KCKRSPO23N000000230,관광명소,관광명소_지역명소,창녕양파가요제,48,경상남도,48740,창녕군,4874025030,창녕읍 퇴천리,487402341003,경상남도 창녕군 창녕읍 창녕대로 305,경상남도 창녕군 창녕읍 퇴천리 61 창녕공설운동장,"305 Changnyeong-daero, Changnyeong-eup, Changnyeong-gun, Gyeongsangnam-do",4611015900,창녕공설운동장,4874025030100610000000001,,50573,,35,128,문화정보원,경연팀 공연+초대가수공연,20240604,20240604
KCKRSPO23N000000231,관광명소,관광명소_지역명소,우포따오기와 함께하는 비사벌문화제,,,,,,,,강원특별자치도 영월군 영월읍 영월로 1909-10,강원특별자치도 영월군 영월읍 하송리 217-2 동강사진박물관,"1909-10 Yeongwol-ro, Yeongwol-eup, Yeongwol-gun, Gangwon-do",4611013700,동강사진박물관,4275025022102170002019984,,50587,,32,123,문화정보원,비사벌문화행렬+향토기양제+보부상 장터+드론쇼,20240604,20240604
KCKRSPO23N000000232,관광명소,관광명소_지역명소,부곡온천축제,,,,,,,,강원특별자치도 영월군 김삿갓면 김삿갓로 216-22,강원특별자치도 영월군 김삿갓면 와석리 913-1 난고김삿삿문학원,"216-22 Gimsatgat-ro, Gimsatgat-myeon, Yeongwol-gun, Gangwon-do",4611010200,난고김삿삿문학원,4275032527109130001029635,,50500,,32,123,문화정보원,개막축하공연+족욕체험+삶은계란시식체험,20240604,20240604
KCKRSPO23N000000233,관광명소,관광명소_지역명소,3.1민속문화제,48,경상남도,48740,창녕군,4874038024,영산면 성내리,487403341024,경상남도 창녕군 영산면 영산계성로 110-15,경상남도 창녕군 영산면 성내리 260,"110-15 Yeongsangyeseong-ro, Yeongsan-myeon, Changnyeong-gun, Gyeongsangnam-do",4611010200,,4874038024102530002067219,,50585,,35,128,문화정보원,전야제+문화예슬행사+체육행사,20240604,20240604
KCKRSPO23N000000234,관광명소,관광명소_지역명소,낙동강유채축제,,,,,,,,전북특별자치도 남원시 산내면 지리산로 842-8,전북특별자치도 남원시 산내면 부운리 216-10 반선주차장,"842-8 Jirisan-ro, Sannae-myeon, Namwon-si, Jeonbuk-do",4611013200,반선주차장,4519046027102160010024653,,50624,,32,123,문화정보원,낙동강용왕대제+기념콘서트+유채꽃라디엔티어링+블랙이글스에어쇼,20240604,20240604
KCKRSPO23N000000235,관광명소,관광명소_지역명소,의왕백운호수축제,41,경기도,41430,의왕시,4143010600,학의동,414303201016,경기도 의왕시 백운로 526 (학의동),경기도 의왕시 학의동 341-8,"526 Baegun-ro, Uiwang-si, Gyeonggi-do",4611013400,,4143010600103410008000002,031-345-2548,50603,https://www.uiwang.go.kr,37,127,문화정보원,공연+개폐막식+시민참여 열린무대,20240604,20240604
KCKRSPO23N000000236,관광명소,관광명소_지역명소,의왕철도축제,41,경기도,41430,의왕시,4143011000,월암동,414303201032,경기도 의왕시 철도박물관로 142 (월암동),경기도 의왕시 월암동 374-1 철도박물관,"142 Cheoldobangmulgwan-ro, Uiwang-si, Gyeonggi-do",4611011300,철도박물관,4143011000103740001011367,031-345-2548,50541,https://www.uiwang.go.kr,37,126,문화정보원,공연+개폐막식+시민참여 열린무대,20240604,20240604
KCKRSPO23N000000237,관광명소,관광명소_지역명소,Green life Green art,51,강원특별자치도,51110,춘천시,5111031023,동면 장학리,421103218002,강원특별자치도 춘천시 동면 공단로 104,강원특별자치도 춘천시 동면 장학리 791-37,"104 Gongdan-ro, Dong-myeon, Chuncheon-si, Gangwon-do",4611015700,,4211031023107910037052930,033-251-9363,50541,https://www.cccf.or.kr/Home/H40000/H40400/boardView?board_key=10566&search_type=1&search_keyword=Green+life,37,127,문화정보원,자연과 조화를 위해 친환경 삼유를 소재로한 공예전,20240604,20240604
KCKRSPO23N000000238,관광명소,관광명소_지역명소,치악산왕발걸음축제,51,강원특별자치도,51130,원주시,5113031021,소초면 평장리,421304457621,강원특별자치도 원주시 소초면 평장동길 86-16,강원특별자치도 원주시 소초면 평장리 823-1,"86-16 Pyeongjangdong-gil, Socho-myeon, Wonju-si, Gangwon-do",4611015800,,4213031021108230001000001,033-734-5966,50619,,37,128,문화정보원,걷기행사+작은음악회 등,20240604,20240604
KCKRSPO23N000000239,관광명소,관광명소_지역명소,제25회 원주한지문화제,51,강원특별자치도,51130,원주시,5113011500,무실동,421304457648,강원특별자치도 원주시 한지공원길 151 (무실동),강원특별자치도 원주시 무실동 16,"151 Hanjigongwon-gil, Wonju-si, Gangwon-do",4611015400,,4213011500100160000000001,033-734-4739,41908,www.hanjipark.com,37,127,문화정보원,기획전시+온라인체험 등,20240604,20240604
KCKRSPO23N000000240,관광명소,관광명소_지역명소,제16회 용수골꽃양귀비축제,51,강원특별자치도,51130,원주시,5113011500,무실동,421304457648,강원특별자치도 원주시 한지공원길 151 (무실동),강원특별자치도 원주시 무실동 16,"151 Hanjigongwon-gil, Wonju-si, Gangwon-do",4611015400,,4213011500100160000000001,033-764-4443,41908,,37,127,문화정보원,꽃밭관람+포토존 이용+기념품 판매 등,20240604,20240604
KCKRSPO23N000000241,관광명소,관광명소_지역명소,제21회 장미축제,51,강원특별자치도,51130,원주시,5113011000,단계동,421304457533,강원특별자치도 원주시 장미공원길 67-16 (단계동),강원특별자치도 원주시 단계동 853-3 단계메디컬센터,"67-16 Jangmigongwon-gil, Wonju-si, Gangwon-do",4611015700,단계메디컬센터,4213011000108530003000001,033-000-0000,41185,,37,127,문화정보원,장미가요제 등,20240604,20240604
KCKRSPO23N000000242,관광명소,관광명소_지역명소,창원음식문화축제,48,경상남도,48123,창원시,4812313600,신월동,481232327003,경상남도 창원시 성산구 중앙대로186번길 13 (신월동),경상남도 창원시 성산구 신월동 98,"13 Jungang-daero 186beon-gil, Seongsan-gu, Changwon-si, Gyeongsangnam-do",2641010400,,4812112600100980000000001,,41185,,35,128,문화정보원,전국요리경연대회+음식문화전시관+홍보판매관+체험관,20240604,20240604
KCKRSPO23N000000243,관광명소,관광명소_지역명소,창원단감축제,48,경상남도,48121,창원시,4812125036,동읍 화양리,481214781145,경상남도 창원시 의창구 동읍 동읍로359번길 27,경상남도 창원시 의창구 동읍 화양리 665,"27 Dongeup-ro 359beon-gil, Dong-eup, Uichang-gu, Changwon-si, Gyeongsangnam-do",2641010300,,4812125036106650000000001,,41777,,35,128,문화정보원,개장행사+단감요리경연대회+단감요리체험+문화예술공연,20240604,20240604
KCKRSPO23N000000244,관광명소,관광명소_지역명소,마산아구데이축제,,,,,,,457103273004,전북특별자치도 고창군 고창읍 석정2로 171,전북특별자치도 고창군 고창읍 석정리 727 하나로마트,"171 Seokjeong 2-ro, Gochang-eup, Gochang-gun, Jeonbuk-do",2641011300,하나로마트,4579025025107270000000001,,13975,,32,123,문화정보원,아구가요제+체험프로그램+무료시식회,20240604,20240604
KCKRSPO23N000000245,관광명소,관광명소_지역명소,창원K-POP월드페스티벌,48,경상남도,48123,창원시,4812312500,중앙동,481232327001,경상남도 창원시 성산구 원이대로 450 (중앙동),경상남도 창원시 성산구 중앙동 1,"450 Woni-daero, Seongsan-gu, Changwon-si, Gyeongsangnam-do",2641011000,,4812111100101350004000001,,31157,,35,128,문화정보원,본선진출자 경연+K-POP스타 축하공연,20240604,20240604
KCKRSPO23N000000246,관광명소,관광명소_지역명소,천주산진달래축제,48,경상남도,48121,창원시,4812131027,북면 외감리,481214781061,경상남도 창원시 의창구 북면 달천길 150,경상남도 창원시 의창구 북면 외감리 525 달천계곡 오토캠핑장,"150 Dalcheon-gil, Buk-myeon, Uichang-gu, Changwon-si, Gyeongsangnam-do",2641010900,달천계곡 오토캠핑장,4812131027105250000000001,,31055,,35,128,문화정보원,개막식+문화예술공연+노래자랑+체험행사,20240604,20240604
KCKRSPO23N000000247,관광명소,관광명소_지역명소,마금산온천축제,48,경상남도,48121,창원시,4812110300,서상동,481213327052,경상남도 창원시 의창구 북면 천주로1170번길 24,경상남도 창원시 의창구 북면 신촌리 1462-1,"24 Cheonju-ro 1170beon-gil, Buk-myeon, Uichang-gu, Changwon-si, Gyeongsangnam-do",2641010600,,4812131036114620001047325,,31021,,35,128,문화정보원,개막식+공연+노래자랑+체험행사+지역농산물판매,20240604,20240604
KCKRSPO23N000000248,관광명소,관광명소_지역명소,이주민 문화다양성 축제(MAMF),48,경상남도,48121,창원시,4812112900,팔용동,481214781308,경상남도 창원시 의창구 사화로18번길 30 (팔용동),경상남도 창원시 의창구 팔용동 152-7 대동빌딩,"30 Sahwa-ro 18beon-gil, Uichang-gu, Changwon-si, Gyeongsangnam-do",2641010800,대동빌딩,4812112900101520007012164,,31220,,35,128,문화정보원,"다문화 퍼레이드, 아시아팝뮤직페스티벌 등",20240604,20240604
KCKRSPO23N000000249,관광명소,관광명소_지역명소,제8회 사천비토섬별주부전축제,48,경상남도,48240,사천시,4824037030,서포면 비토리,482404832497,경상남도 사천시 서포면 거북길 455,경상남도 사천시 서포면 비토리 30-6,"455 Geobuk-gil, Seopo-myeon, Sacheon-si, Gyeongsangnam-do",2641010100,,4824037030100300006065776,,56428,,34,127,문화정보원,지신밟기+용왕제+경창+사물놀이+국악공연,20240604,20240604
KCKRSPO23N000000250,관광명소,관광명소_지역명소,제25회 사천와룡문화제,48,경상남도,48240,사천시,4824033032,용현면 덕곡리,482403334034,경상남도 사천시 용현면 시청로 77,경상남도 사천시 용현면 덕곡리 501 사천시청,"77 Sicheong-ro, Yonghyeon-myeon, Sacheon-si, Gyeongsangnam-do",2641010400,사천시청,4824033032105010000043447,,4944,,35,128,문화정보원,합동공연+가요제+경창+백일장+웅변,20240604,20240604
KCKRSPO23N000000251,관광명소,관광명소_축제,선진리성벚꽃축제,48,경상남도,48240,사천시,4824033022,용현면 선진리,482404802374,경상남도 사천시 용현면 선진안길 83-28,경상남도 사천시 용현면 선진리 771,"83-28 Seonjinan-gil, Yonghyeon-myeon, Sacheon-si, Gyeongsangnam-do",4213010600,,4824033022107710000000001,,5118,,35,128,문화정보원,국궁활쏘기+테라리움+체험+전시+악기연주+노래자랑,20240604,20240604
KCKRSPO23N000000252,관광명소,관광명소_지역명소,남양열린한마당축제,48,경상남도,48240,사천시,4824012600,송포동,482404802574,경상남도 사천시 임내안길 65 (송포동),경상남도 사천시 송포동 355 남양동행정복지센터,"65 Imnaean-gil, Sacheon-si, Gyeongsangnam-do",2629058000,남양동행정복지센터,4824012600103560002000001,,52547,,34,128,문화정보원,"주민자치프로그램 공연, 초청가수 공연 등",20240604,20240604
KCKRSPO23N000000253,관광명소,관광명소_지역명소,사천 문화재 야행,48,경상남도,48240,사천시,4824025000,사천읍,482404832498,경상남도 사천시 사천읍 수양공원길 51,경상남도 사천시 사천읍 선인리 580-2,"51 Suyanggongwon-gil, Sacheon-eup, Sacheon-si, Gyeongsangnam-do",2617010300,,4824025021105800002061400,,5087,,35,128,문화정보원,"농악, 마도갈방아소리, 타악퍼포먼스, 낙화놀이, 체험프로그램 등",20240604,20240604
KCKRSPO23N000000254,관광명소,관광명소_지역명소,하남이성산성문화축제,41,,41450,,4145011800,춘궁동,,경기도 하남시 대성로 64 (하사창동),경기도 하남시 하사창동 291-1,"64 Daeseong-ro, Hanam-si, Gyeonggi-do",2617010100,,4145011900102910001007031,031-790-7979,5058,http://www.hnisf.or.kr/,37,127,문화정보원,둘레길 걷기+빛조명+개막식 등,20240604,20240604
KCKRSPO23N000000255,관광명소,관광명소_지역명소,2014 안양 아줌마축제,41,경기도,41173,안양시,4117310300,평촌동,411733183003,경기도 안양시 동안구 관평로 149 (평촌동),경기도 안양시 동안구 평촌동 895 중앙공원관리부속,"149 Gwanpyeong-ro, Dongan-gu, Anyang-si, Gyeonggi-do",2617010100,중앙공원관리부속,4117310300108950000000001,031-687-0500,5104,http://www.ayac.or.kr,37,126,문화정보원,아줌마 축제 개막식 및 폐막식+ 주민자치센터 동호회 공연  등,20240604,20240604
KCKRSPO23N000000256,관광명소,관광명소_지역명소,2015 안양 시민축제,41,경기도,41173,안양시,4117310300,평촌동,411733183003,경기도 안양시 동안구 관평로 149 (평촌동),경기도 안양시 동안구 평촌동 895 중앙공원관리부속,"149 Gwanpyeong-ro, Dongan-gu, Anyang-si, Gyeonggi-do",2617010300,중앙공원관리부속,4117310300108950000000001,031-687-0500,5038,http://www.ayac.or.kr,37,126,문화정보원,시민공연마당+ 전시체험부스+ 특별기회전시+ 개폐막 축하공연+ 방송국 공개방송 등,20240604,20240604
KCKRSPO23N000000257,관광명소,관광명소_지역명소,2015 안양 아줌마축제,41,경기도,41173,안양시,4117310300,평촌동,411733183003,경기도 안양시 동안구 관평로 149 (평촌동),경기도 안양시 동안구 평촌동 895 중앙공원관리부속,"149 Gwanpyeong-ro, Dongan-gu, Anyang-si, Gyeonggi-do",2617010400,중앙공원관리부속,4117310300108950000000001,031-687-0500,4991,http://www.ayac.or.kr,37,126,문화정보원,아줌마 축제 개막식 및 폐막식 공연+ 주민자치센터 끼열전+ 명사초청가요제 등,20240604,20240604
KCKRSPO23N000000258,관광명소,관광명소_지역명소,제5회 인제가을꽃축제,,,,,,,,강원특별자치도 춘천시 서면 박사로 854,강원특별자치도 춘천시 서면 현암리 367-3 강원정보문화진흥원,"854 Baksa-ro, Seo-myeon, Chuncheon-si, Gangwon-do",2617010100,강원정보문화진흥원,4211035021103670000057666,1577-8924,,https://www.inje.go.kr,32,123,문화정보원,가을꽃축제,20240604,20240604
KCKRSPO23N000000259,관광명소,관광명소_지역명소,단종문화제,51,강원특별자치도,51750,영월군,5175025021,영월읍 영흥리,427503227006,강원특별자치도 영월군 영월읍 단종로 24,강원특별자치도 영월군 영월읍 영흥리 961-2,"24 Danjong-ro, Yeongwol-eup, Yeongwol-gun, Gangwon-do",2617010100,,4275025021109610002017473,033-375-6353,15471,http://www.ywcf.com/,37,128,문화정보원,조신시대국장재현+정순왕후선발대회+야간칡줄다리기,20240604,20240604
KCKRSPO23N000000260,관광명소,관광명소_지역명소,동강국제사진제,51,강원특별자치도,51750,영월군,5175025022,영월읍 하송리,427503227017,강원특별자치도 영월군 영월읍 영월로 1909-10,강원특별자치도 영월군 영월읍 하송리 217-2 동강사진박물관,"1909-10 Yeongwol-ro, Yeongwol-eup, Yeongwol-gun, Gangwon-do",2617010100,동강사진박물관,4275025022102170002019984,033-375-6353,15355,http://www.ywcf.com/,37,128,문화정보원,동강사진상+워크숍+사진예술전시,20240604,20240604
KCKRSPO23N000000261,관광명소,관광명소_지역명소,영월동강뗏목축제,,,,,,,,강원특별자치도 춘천시 영서로 2260 (퇴계동),강원특별자치도 춘천시 퇴계동 633-2 남춘천역,"2260 Yeongseo-ro, Chuncheon-si, Gangwon-do",2617010100,남춘천역,4211012300106330002000001,033-375-6353,15539,http://www.ywcf.com/,32,123,문화정보원,전통뗏목시연+맨손송어잡기+래프팅,20240604,20240604
KCKRSPO23N000000262,관광명소,관광명소_지역명소,김삿갓문화제,51,강원특별자치도,51750,영월군,5175032527,김삿갓면 와석리,427503227004,강원특별자치도 영월군 김삿갓면 김삿갓로 216-22,강원특별자치도 영월군 김삿갓면 와석리 913-1 난고김삿삿문학원,"216-22 Gimsatgat-ro, Gimsatgat-myeon, Yeongwol-gun, Gangwon-do",2617010300,난고김삿삿문학원,4275032527109130001029635,033-375-6353,15471,http://www.ywcf.com/,37,128,문화정보원,조선시대영월과거대전+백일장+김삿갓해학의길걷기,20240604,20240604
KCKRSPO23N000000263,관광명소,관광명소_지역명소,지리산 바래봉 눈꽃축제,52,전북특별자치도,52190,남원시,5219025027,운봉읍 용산리,451904613232,전북특별자치도 남원시 운봉읍 바래봉길 214,전북특별자치도 남원시 운봉읍 용산리 446-3,"214 Baraebong-gil, Unbong-eup, Namwon-si, Jeonbuk-do",2617010100,,4519025027104460003369336,063-635-0301,15539,,35,127,문화정보원,눈꽃 겨울 캠핑체험+농특산품 홍보 등,20240604,20240604
KCKRSPO23N000000264,관광명소,관광명소_지역명소,지리산 뱀사골 고로쇠 약수제,52,전북특별자치도,52190,남원시,5219046027,산내면 부운리,451903000201,전북특별자치도 남원시 산내면 지리산로 842-8,전북특별자치도 남원시 산내면 부운리 216-10 반선주차장,"842-8 Jirisan-ro, Sannae-myeon, Namwon-si, Jeonbuk-do",2626010500,반선주차장,4519046027102160010024653,063-620-4705,15355,,35,127,문화정보원,고로쇠 홍보 및 판매+기념식 등,20240604,20240604
KCKRSPO23N000000265,관광명소,관광명소_지역명소,지리산 바래봉 철쭉제,52,전북특별자치도,52190,남원시,5219025027,운봉읍 용산리,451904613232,전북특별자치도 남원시 운봉읍 바래봉길 214,전북특별자치도 남원시 운봉읍 용산리 446-3,"214 Baraebong-gil, Unbong-eup, Namwon-si, Jeonbuk-do",2626010300,,4519025027104460003369336,063-635-0301,15355,,35,127,문화정보원,산신제+바래봉 철쭉+지역 농특산품 홍보 등,20240604,20240604
KCKRSPO23N000000266,관광명소,관광명소_지역명소,제93회 춘향제,52,전북특별자치도,52190,남원시,5219010500,천거동,451903000200,전북특별자치도 남원시 요천로 1447 (천거동),전북특별자치도 남원시 천거동 187-1 광한루,"1447 Yocheon-ro, Namwon-si, Jeonbuk-do",2626010500,광한루,4519010400101980000308678,063-620-5783,31923,,35,127,문화정보원,춘향제향+춘향선발대회+춘향국악대전+관광지 홍보+다양한 공연 등,20240604,20240604
KCKRSPO23N000000267,관광명소,관광명소_지역명소,2023 남원 세계드론제전,52,전북특별자치도,52190,남원시,5219011700,월락동,451903271044,전북특별자치도 남원시 충정로 341 (월락동),전북특별자치도 남원시 월락동 248 춘향골체육공원,"341 Chungjeong-ro, Namwon-si, Jeonbuk-do",2626010800,춘향골체육공원,4519011700102480000070133,063-620-6692,31960,,35,127,문화정보원,FAI 남원 세계드론레이싱 대회+드론경진대회+글로벌 드론산업박람회+세계푸트트럭 페스티벌+제1회 남원시장배 전국드론축구대회,20240604,20240604
KCKRSPO23N000000268,관광명소,관광명소_지역명소,예산장터삼국축제,44,충청남도,44810,예산군,4481025023,예산읍 대회리,448103263044,충청남도 예산군 예산읍 천변로 160,충청남도 예산군 예산읍 대회리 233-4 예산시네마,"160 Cheonbyeon-ro, Yesan-eup, Yesan-gun, Chungcheongnam-do",2626010800,예산시네마,4481025023102330004007275,041-339-7317,31904,https://yesansamguk.kr/,36,126,문화정보원,"예산의 국화, 국밥, 국수의 맛과 멋을 찾아 예산장터로 떠나는 가을여행축제",20240604,20240604
KCKRSPO23N000000269,관광명소,관광명소_지역명소,의좋은형제축제,44,충청남도,44810,예산군,4481034022,대흥면 상중리,448104589464,충청남도 예산군 대흥면 의좋은형제길 3,충청남도 예산군 대흥면 상중리 274-1,"3 Uijoeunhyeongje-gil, Daeheung-myeon, Yesan-gun, Chungcheongnam-do",2626010800,,4481034022102740001000001,041-339-7318,31960,https://gbfesta.kr/,36,126,문화정보원,예산의 실존인물인 이성만·이순형제와 함께 떠나는 가족여행,20240604,20240604
KCKRSPO23N000000270,관광명소,관광명소_지역명소,윤봉길평화축제,,,,,,,,서울특별시 양천구 목동동로 지하111 (신정동),서울특별시 양천구 신정동 320,"B111 Mokdongdong-ro, Yangcheon-gu, Seoul",2638010800,,1147010100103200000000002,041-339-7317,26052,www.woljin0429.com,32,123,문화정보원,윤봉길의사의 상해의거 기념행사+전시·체험행사+온라인이벤트,20240604,20240604
KCKRSPO23N000000271,관광명소,관광명소_지역명소,예산황토사과축제,44,충청남도,44810,예산군,4481025022,예산읍 향천리,448103263028,충청남도 예산군 예산읍 예산로 354,충청남도 예산군 예산읍 향천리 257 예산군종합운동장,"354 Yesan-ro, Yesan-eup, Yesan-gun, Chungcheongnam-do",2638010300,예산군종합운동장,4481025022102650001009889,041-339-7317,26052,https://www.yesan.go.kr/prog/fstvl/tour/sub04_01_06/view.do?fstvlNo=6,36,126,문화정보원,예산황토사과의 우수성 홍보,20240604,20240604
KCKRSPO23N000000272,관광명소,관광명소_지역명소,구로G페스티벌,11,서울특별시,11530,구로구,1153010200,구로동,115303000023,서울특별시 구로구 가마산로 245 (구로동),서울특별시 구로구 구로동 435 구로구청,"245 Gamasan-ro, Guro-gu, Seoul",2638010600,구로구청,1153010200104350000018884,02-860-2282,26052,www.gfestival.co.kr,37,126,문화정보원,구민이 주체가 되어 자발적으로 참여하는 구로구민을 위한 비대면 축제,20240604,20240604
KCKRSPO23N000000273,관광명소,관광명소_지역명소,2024 김포 아라마린페스티벌,,,,,,,,서울특별시 양천구 남부순환로64길 26 (신월동),서울특별시 양천구 신월동 149-20 신월야구장,"26 Nambusunhwan-ro 64-gil, Yangcheon-gu, Seoul",2638010600,신월야구장,1147010300100680003119282,031-999-7833,26052,https://aramarinefestival.com,32,123,문화정보원,수상레저체험+문화콘서트 등,20240604,20240604
KCKRSPO23N000000274,관광명소,관광명소_지역명소,2024 김포 평화누리길 걷기 행사,,,,,,,,서울특별시 양천구 남부순환로64길 2 (신월동),서울특별시 양천구 신월동 267 서서울예술교육센터,"2 Nambusunhwan-ro 64-gil, Yangcheon-gu, Seoul",2638010600,서서울예술교육센터,1147010300102680019000001,031-956-8313,26052,,32,123,문화정보원,걷기 프로그램+부대행사 등,20240604,20240604
KCKRSPO23N000000275,관광명소,관광명소_지역명소,2024 월곶저잣거리 축제,,,,,,,,서울특별시 양천구 목동중앙남로16나길 55 (목동),서울특별시 양천구 목동 642-1 목3동주민센터,"55 Mokdongjungangnam-ro 16na-gil, Yangcheon-gu, Seoul",2638010600,목3동주민센터,1147010200106420001000001,031-980-5113,26052,,32,123,문화정보원,저잣거리와 월곶의 역사를 담은 야간 조명과 함께하는 야행 등,20240604,20240604
KCKRSPO23N000000276,관광명소,관광명소_지역명소,2024 김포시도심축제,,,,,,,,서울특별시 양천구 목동동로 363 (목동),서울특별시 양천구 목동 906 파리공원,"363 Mokdongdong-ro, Yangcheon-gu, Seoul",2638010500,파리공원,1147010200109060000016256,031-980-5104,41911,,32,123,문화정보원,"레이저, 드론 쇼, 콘서트, 버스킹, 야간 조명 조형물, 시민체험프로그램 등",20240604,20240604
KCKRSPO23N000000277,관광명소,관광명소_지역명소,2022 경기인디뮤직페스티벌(삭제),,,,,,,,서울특별시 양천구 목동중앙북로16길 57 (목동),서울특별시 양천구 목동 542 서울양화초등학교,"57 Mokdongjungangbuk-ro 16-gil, Yangcheon-gu, Seoul",2614010600,서울양화초등학교,1147010200105420000019226,032-623-8032,41911,http://gimf.co.kr/,32,123,문화정보원,인디뮤지션 공연 및 부대행사,20240604,20240604
KCKRSPO23N000000278,관광명소,관광명소_지역명소,제23회 정동진독립영화제,51,강원특별자치도,51150,강릉시,5115034028,강동면 정동진리,421503220051,강원특별자치도 강릉시 강동면 헌화로 1055,강원특별자치도 강릉시 강동면 정동진리 184 정동초등학교,"1055 Heonhwa-ro, Gangdong-myeon, Gangneung-si, Gangwon-do",2614010600,정동초등학교,4215034028001840000048072,033-645-7415,41911,http://jiff.kr,37,129,문화정보원,야외 독립영화제(슬로건: 별이 지는 하늘 영화가 뜨는 바다),20240604,20240604
KCKRSPO23N000000279,관광명소,관광명소_지역명소,강릉문화재야행,51,강원특별자치도,51150,강릉시,5115010700,용강동,421504460834,강원특별자치도 강릉시 임영로131번길 6 (용강동),강원특별자치도 강릉시 용강동 58-1 임영관,"6 Imyeong-ro 131beon-gil, Gangneung-si, Gangwon-do",2614010600,임영관,4215010700100580001028802,033-823-3212,41911,http://gncn.or.kr,37,128,문화정보원,역사문화시설 개방 및 전시.체험.공연 프로그램 운영(8가지 밤의 테마와 32개 프로그램),20240604,20240604
KCKRSPO23N000000280,관광명소,관광명소_지역명소,고창벚꽃축제,52,전북특별자치도,52790,고창군,5279025025,고창읍 석정리,457903279035,전북특별자치도 고창군 고창읍 석정2로 171,전북특별자치도 고창군 고창읍 석정리 727 하나로마트,"171 Seokjeong 2-ro, Gochang-eup, Gochang-gun, Jeonbuk-do",2614012400,하나로마트,4579025025107270000000001,063-560-2950,41911,http://www.gochang.go.kr/tour/,35,126,문화정보원,어린이콘서트+전야제+개막공연+이색복장벚꽃길걷기+읍면줄다리기,20240604,20240604
KCKRSPO23N000000281,관광명소,관광명소_지역명소,바지락 오감체험 페스티발,52,전북특별자치도,52790,고창군,5279039029,심원면 하전리,457904637425,전북특별자치도 고창군 심원면 서전길 55-21,전북특별자치도 고창군 심원면 하전리 979 갯벌체험안내센터,"55-21 Seojeon-gil, Simwon-myeon, Gochang-gun, Jeonbuk-do",2614012400,갯벌체험안내센터,4579039029109790000000001,063-560-2733,41911,http://www.gochang.go.kr/tour/,35,126,문화정보원,조개캐기갯벌체험+어린이체험부스+바지락시식행사+공연행사,20240604,20240604
KCKRSPO23N000000282,관광명소,관광명소_지역명소,고창청보리밭축제,52,전북특별자치도,52790,고창군,5279034028,공음면 선동리,457904637891,전북특별자치도 고창군 공음면 학원농장길 158-6,전북특별자치도 고창군 공음면 선동리 산119-22 학원농장,"158-6 Hagwonnongjang-gil, Gongeum-myeon, Gochang-gun, Jeonbuk-do",2614012400,학원농장,4579034028201190001016339,063-560-2523,41911,http://www.gochang.go.kr/tour/,35,126,문화정보원,여는마당+체험마당+보리밭체험길걷기+상설전시 및 연계행사 등,20240604,20240604
KCKRSPO23N000000283,관광명소,관광명소_지역명소,동학농민혁명 무장기포기념제,52,전북특별자치도,52790,고창군,5279034023,공음면 구암리,457902000025,전북특별자치도 고창군 공음면 선운대로 308,전북특별자치도 고창군 공음면 구암리 589-2,"308 Seonun-daero, Gongeum-myeon, Gochang-gun, Jeonbuk-do",2614012400,,4579034023105890002001170,063-560-2461,41908,http://www.gochang.go.kr/tour/,35,126,문화정보원,식전공연+녹두대상시상+무장포고문낭독+진격로걷기+입성재연 등,20240604,20240604
KCKRSPO23N000000284,관광명소,관광명소_지역명소,고창복분자와수박축제,52,전북특별자치도,52790,고창군,5279032036,아산면 삼인리,457903279036,전북특별자치도 고창군 아산면 선운사로 250,전북특별자치도 고창군 아산면 삼인리 500,"250 Seonunsa-ro, Asan-myeon, Gochang-gun, Jeonbuk-do",2614011100,,4579032036105000000023176,063-560-2531,41908,http://www.gochang.go.kr/tour/,35,126,문화정보원,개막행사+농특산물판매+체험행사+복분자수박시식행사 등,20240604,20240604
KCKRSPO23N000000285,관광명소,관광명소_지역명소,강동선사문화축제,11,서울특별시,11740,강동구,1174010700,암사동,117403123023,서울특별시 강동구 올림픽로 875 (암사동),서울특별시 강동구 암사동 139-2 서울 암사동 유적,"875 Olympic-ro, Gangdong-gu, Seoul",2614012300,서울 암사동 유적,1174010700101390002015347,02-3425-5246,41908,https://www.gdsunsafestival.com/index.asp,37,127,문화정보원,신석기시대 체험 축제,20240604,20240604
KCKRSPO23N000000286,관광명소,관광명소_지역명소,진주영 틈,51,강원특별자치도,51110,춘천시,5111039021,동내면 거두리,421104454027,강원특별자치도 춘천시 동내면 거두택지길44번길 7-19,강원특별자치도 춘천시 동내면 거두리 1123-6,"7-19 Geodutaekji-gil 44beon-gil, Dongnae-myeon, Chuncheon-si, Gangwon-do",2614012300,,4211039021111230006000001,070-8095-3899,41908,https://www.cccf.or.kr/Home/H40000/H40400/boardView?board_key=11012&search_type=1&search_keyword=ECA784ECA3BCEC9881+3A+ED8B88,37,127,문화정보원,"작가는 소멸 이후에 재탄생되는 것들 위로 연약하지만 찬란하게 숨 쉬며 존재하는 것들을 시각화 하고자 하였다. 이러한 주제 의식을 통해 우리가 살아가고 있는 주변의 비조명된 것들과 그 가치를 인식하고, 각자의 환상 속에서 숨 쉬고 있는 것들의 의미를 모색해보는 시간이 되었으면 한다.",20240604,20240604
KCKRSPO23N000000287,관광명소,관광명소_지역명소,장혜란 개인전 - Back ground,51,강원특별자치도,51110,춘천시,5111011100,약사동,421104454481,강원특별자치도 춘천시 약사고개길50번길 10-1 (약사동),강원특별자치도 춘천시 약사동 94-5,"10-1 Yaksagogae-gil 50beon-gil, Chuncheon-si, Gangwon-do",2650010400,,4211011100100940005018004,,41908,https://www.cccf.or.kr/Home/H40000/H40400/boardView?board_key=11006,37,127,문화정보원,"법당 곳곳에 장식된 무늬들을 탐구하듯 구경하며 한참을 돌아다니다,어쩌면 그때 매료되었던 것",20240604,20240604
KCKRSPO23N000000288,관광명소,관광명소_지역명소,화이트릭스마스2 산타피습사건,51,강원특별자치도,51110,춘천시,5111011900,사농동,421103013022,강원특별자치도 춘천시 영서로 3017 (사농동),강원특별자치도 춘천시 사농동 277-3 춘천인형극장,"3017 Yeongseo-ro, Chuncheon-si, Gangwon-do",2620011500,춘천인형극장,4211011900102770003012176,033-253-5058,41908,https://www.cccf.or.kr/Home/H40000/H40400/boardView?board_key=11003&search_type=1&search_keyword=ED9994EC9DB4ED8AB8EBA6ADEC8AA4EBA788EC8AA42,37,127,문화정보원,기존 마술쇼의 형식에서 벗어나 마술과 극이 융합된 가족용 마술극,20240604,20240604
KCKRSPO23N000000289,관광명소,관광명소_지역명소,김명숙 영혼의 정원,51,강원특별자치도,51110,춘천시,5111010700,옥천동,421103218018,강원특별자치도 춘천시 서부대성로 71 (옥천동),강원특별자치도 춘천시 옥천동 73-2 춘천예술마당,"71 Seobudaeseong-ro, Chuncheon-si, Gangwon-do",2611013100,춘천예술마당,4211010700100730002002079,033-241-1856,24320,https://www.cccf.or.kr/Home/H40000/H40400/boardList?cate_id=&search_type=1&search_keyword=EAB980EBAA85EC8899+5BEC9881ED98BCEC9D98+ECA095EC9B905D,37,127,문화정보원,"바느질, 화면에 닿는 손을 통해 섬유의 물성이 작가의 심성에 고스란히 스며들기에 융합되기에 가능하다고 해석된다.",20240604,20240604
KCKRSPO23N000000290,관광명소,관광명소_지역명소,제18회 춘천현대사생대회展,51,강원특별자치도,51110,춘천시,5111010700,옥천동,421103218018,강원특별자치도 춘천시 서부대성로 71 (옥천동),강원특별자치도 춘천시 옥천동 73-2 춘천예술마당,"71 Seobudaeseong-ro, Chuncheon-si, Gangwon-do",2611012000,춘천예술마당,4211010700100730002002079,033-241-1856,24264,https://www.cccf.or.kr/Home/H40000/H40400/boardView?board_key=10994&search_type=1&search_keyword=ECA09C18ED9A8C+ECB698ECB29CED9884EB8C80EC82ACEC839DEB8C80ED9994E5B195,37,127,문화정보원,2022 보내공 안풍경 밖풍경,20240604,20240604
KCKRSPO23N000000291,관광명소,관광명소_지역명소,천년 고려 숨결로 만나는 청평유람淸平流覽 좋을씨구,51,강원특별자치도,51110,춘천시,5111038022,북산면 청평리,421104013004,강원특별자치도 춘천시 북산면 오봉산길 810,강원특별자치도 춘천시 북산면 청평리 673 청평사,"810 Obongsan-gil, Buksan-myeon, Chuncheon-si, Gangwon-do",2611011300,청평사,4211038022106730000037814,,27137,http://cheongpyeongsa.co.kr/bbs/board.php?bo_table=4010&wr_id=74&page=1,37,127,문화정보원,천년 고려 숨결로 만나는 청평유람 좋을씨구,20240604,20240604
KCKRSPO23N000000292,관광명소,관광명소_지역명소,그래미 수상자와 함께하는 춘천 10년의 문화동행 FESTA NYCC 2022,51,강원특별자치도,51110,춘천시,5111011200,효자동,421104454799,강원특별자치도 춘천시 효자상길5번길 13 (효자동),강원특별자치도 춘천시 효자동 산40-12 춘천문화예술회관,"13 Hyojasang-gil 5beon-gil, Chuncheon-si, Gangwon-do",2611010700,춘천문화예술회관,4211011200200400002028991,,28908,https://www.cccf.or.kr/Home/H40000/H40400/boardView?board_key=10990,37,127,문화정보원,영원한 청년작가 김유정 문화의 나라 아일랜드를 만나다,20240604,20240604
KCKRSPO23N000000293,관광명소,관광명소_지역명소,길종갑 사창리사람들,51,강원특별자치도,51110,춘천시,5111039021,동내면 거두리,421104454027,강원특별자치도 춘천시 동내면 거두택지길44번길 7-19,강원특별자치도 춘천시 동내면 거두리 1123-6,"7-19 Geodutaekji-gil 44beon-gil, Dongnae-myeon, Chuncheon-si, Gangwon-do",2611014000,,4211039021111230006000001,070-8095-3899,28936,https://www.cccf.or.kr/Home/H40000/H40400/boardView?board_key=10988&search_type=1&search_keyword=EAB8B8ECA285EAB091+3A+EC82ACECB0BDEBA6ACEC82ACEB9E8CEB93A4,37,127,문화정보원,"질병과 참사가 모두의 마음을 얼어붙게 하는 이 시대에,모든 살아있는 존재들에 대한 수평적인 공존을 말하는 작가의 순박한 시선을 통해,각자에게 내재된 가장 순수한 본성으로 돌아가 보는 시간이 되었으면 한다.",20240604,20240604
KCKRSPO23N000000294,관광명소,관광명소_지역명소,도보여행 서숙희이효숙최선아이현정최유선최덕화LUCY,51,강원특별자치도,51110,춘천시,5111035021,서면 현암리,421103218011,강원특별자치도 춘천시 서면 박사로 854,강원특별자치도 춘천시 서면 현암리 367-3 강원정보문화진흥원,"854 Baksa-ro, Seo-myeon, Chuncheon-si, Gangwon-do",2611013400,강원정보문화진흥원,4211035021103670000057666,033-245-6483,29030,https://www.cccf.or.kr/Home/H40000/H40400/boardView?board_key=10983&search_type=1&search_keyword=EB8F84EBB3B4EC97ACED9689,37,127,문화정보원,"도보 여행자가 가는 길은 되돌아가는 길, 근원으로 가는 길,인간의 삶의 시원으로 가는 길이다.",20240604,20240604
KCKRSPO23N000000295,관광명소,관광명소_지역명소,삶의 순환,51,강원특별자치도,51110,춘천시,5111012300,퇴계동,421103013022,강원도 춘천시 영서로 2260 1층 문화공간역,강원특별자치도 춘천시 퇴계동 633-2,,2611013900,,,,29150,https://www.cccf.or.kr/Home/H40000/H40400/boardView?board_key=10978&search_type=1&search_keyword=EC82B6EC9D98+EC889CED9998,37,127,문화정보원,달리세윤 개인전,20240604,20240604
KCKRSPO23N000000296,관광명소,관광명소_지역명소,강원도립극단 연극 카페인,51,강원특별자치도,51110,춘천시,5111010700,옥천동,421103218018,강원도 춘천시 서부대성로 71 봄내극장,강원특별자치도 춘천시 옥천동 73-2,,2611013600,,,033-255-0496,29151,https://www.cccf.or.kr/Home/H40000/H40400/boardList?cate_id=&search_type=1&search_keyword=EAB095EC9B90EB8F84EBA6BDEAB7B9EB8BA8+EC97B0EAB7B9+5BECB9B4ED8E98EC9DB85D,37,127,문화정보원,잠의 사탄이 앞에 나타나 달아나야해 갖다놔 더 강한 카페인,20240604,20240604
KCKRSPO23N000000297,관광명소,관광명소_지역명소,윤명식 개인전,51,강원특별자치도,51110,춘천시,5111012300,퇴계동,421103013022,강원도 춘천시 영서로 2260 1층 문화공간역,강원특별자치도 춘천시 퇴계동 633-2,,2635010500,,,033-252-0731,29151,https://www.cccf.or.kr/Home/H40000/H40400/boardView?board_key=10975&search_type=1&search_keyword=EC9CA4EBAA85EC8B9D+EAB09CEC9DB8ECA084,37,127,문화정보원,윤명식 개인전,20240604,20240604
KCKRSPO23N000000298,관광명소,관광명소_지역명소,서산국화축제,44,충청남도,44210,서산시,4421040021,고북면 가구리,442104562299,충청남도 서산시 고북면 복남골길 31-1,충청남도 서산시 고북면 가구리 621-4,"31-1 Bongnamgol-gil, Gobuk-myeon, Seosan-si, Chungcheongnam-do",2635010600,,4421040021106210004072602,041-660-3935,29151,https://www.seosan.go.kr/tour/index.do,36,126,문화정보원,국화축제 및 체험,20240604,20240604
KCKRSPO23N000000299,관광명소,관광명소_지역명소,(코로나로 일정 미정)서산어리굴젓축제,,,,,,,,충청남도 천안시 서북구 번영로 208 (백석동),충청남도 천안시 서북구 백석동 251 종합운동장,"208 Beonyeong-ro, Seobuk-gu, Cheonan-si, Chungcheongnam-do",2635010500,종합운동장,4413310300102510000049938,041-660-2069,27948,https://www.seosan.go.kr/tour/index.do,32,123,문화정보원,어리굴젓 캐기 체험 및 판매,20240604,20240604
KCKRSPO23N000000300,관광명소,관광명소_지역명소,(코로나로 일정 미정)서산뻘낙지먹물축제,44,충청남도,44210,서산시,4421034025,지곡면 중왕리,442104562475,충청남도 서산시 지곡면 어름들2길 66,충청남도 서산시 지곡면 중왕리 196 중앙어촌계수산물간이집하장,"66 Eoreumdeul 2-gil, Jigok-myeon, Seosan-si, Chungcheongnam-do",2635010500,중앙어촌계수산물간이집하장,4421034025101960000010783,041-660-2069,27918,https://www.seosan.go.kr/tour/index.do,36,126,문화정보원,낙지 잡기 체험 및 공연,20240604,20240604
KCKRSPO23N000000301,관광명소,관광명소_지역명소,2023 대덕물빛축제,30,대전광역시,30230,대덕구,3023012500,미호동,302303168003,대전광역시 대덕구 대청로 607 (미호동),대전광역시 대덕구 미호동 57 공원관리사업소,"607 Daecheong-ro, Daedeok-gu, Daejeon",1150010400,공원관리사업소,3023012500100570000021867,042-608-6732,27863,,36,127,문화정보원,"2023 대청호대덕뮤직페스티벌, 주말상설공연, 야관LED경관전시 등",20240604,20240604
KCKRSPO23N000000302,관광명소,관광명소_지역명소,동춘당문화제,30,대전광역시,30230,대덕구,3023010700,송촌동,302303168007,대전광역시 대덕구 동춘당로 80 (송촌동),대전광역시 대덕구 송촌동 192 동춘당,"80 Dongchundang-ro, Daedeok-gu, Daejeon",1150010500,동춘당,3023010700101920000000001,042-608-6572,28026,,36,127,문화정보원,문정공시호봉송행렬 등,20240604,20240604
KCKRSPO23N000000303,관광명소,관광명소_지역명소,구민화합대잔치,,,,,,,,전북특별자치도 고창군 고창읍 중앙로 292,전북특별자치도 고창군 고창읍 교촌리 55-2 고창군실내체육관,"292 Jungang-ro, Gochang-eup, Gochang-gun, Jeonbuk-do",1150010400,고창군실내체육관,4579025022100550002003647,042-608-6593,27703,,32,123,문화정보원,체육경기+골든벨퀴즈+화합공연 등,20240604,20240604
KCKRSPO23N000000304,관광명소,관광명소_지역명소,창원진동불꽃낙화축제,48,경상남도,48125,창원시,4812532025,진동면 요장리,481254787014,경상남도 창원시 마산합포구 진동면 광암해안길 16-1,경상남도 창원시 마산합포구 진동면 요장리 267-37,"16-1 Gwangamhaean-gil, Jindong-myeon, Masanhappo-gu, Changwon-si, Gyeongsangnam-do",1150010400,,4812532025102670037069567,,27633,,35,128,문화정보원,축하공연+개막식+불꽃낙화 점화,20240604,20240604
KCKRSPO23N000000305,관광명소,관광명소_지역명소,창원진동미더덕축제,48,경상남도,48125,창원시,4812532025,진동면 요장리,481254787014,경상남도 창원시 마산합포구 진동면 광암해안길 16-1,경상남도 창원시 마산합포구 진동면 요장리 267-37,"16-1 Gwangamhaean-gil, Jindong-myeon, Masanhappo-gu, Changwon-si, Gyeongsangnam-do",1162058500,,4812532025102670037069567,,27703,,35,128,문화정보원,축하공연+개막식+ 미더덕가요제+해상 불꽃 쇼,20240604,20240604
KCKRSPO23N000000306,관광명소,관광명소_지역명소,야철제,48,경상남도,48123,창원시,4812310400,외동,481233328022,경상남도 창원시 성산구 성산패총로 137 (외동),경상남도 창원시 성산구 외동 853-7 성산패총,"137 Seongsanpaechong-ro, Seongsan-gu, Changwon-si, Gyeongsangnam-do",1162010300,성산패총,4812310400108530026026188,,27011,,35,128,문화정보원,초혼제+불씨봉송 및 점화+제례,20240604,20240604
KCKRSPO23N000000307,관광명소,관광명소_지역명소,마산만날제,48,경상남도,48125,창원시,4812513400,월영동,481254787189,경상남도 창원시 마산합포구 만날고개1길 60-7 (월영동),경상남도 창원시 마산합포구 월영동 산175-11,"60-7 Mannalgogae 1-gil, Masanhappo-gu, Changwon-si, Gyeongsangnam-do",1165010800,,4812513400201750001049977,,29140,,35,128,문화정보원,개막식+당산제,20240604,20240604
KCKRSPO23N000000308,관광명소,관광명소_지역명소,2022 양천 창의교육 축제 X 과학체험한마당,11,서울특별시,11470,양천구,1147010100,신정동,114703114001,서울특별시 양천구 목동동로 지하111 (신정동),서울특별시 양천구 신정동 320,"B111 Mokdongdong-ro, Yangcheon-gu, Seoul",1165010800,,1147010100103200000000002,02-2620-4626,29140,http://www.yangcheon.go.kr,37,126,문화정보원,각종교육체험+특강+전시+공연+놀이마당,20240604,20240604
KCKRSPO23N000000309,관광명소,관광명소_지역명소,2022년 제6회 파리공원문화축제,11,서울특별시,11470,양천구,1147010200,목동,114703114001,서울특별시 양천구 목동동로 363 (목동),서울특별시 양천구 목동 906 파리공원,"363 Mokdongdong-ro, Yangcheon-gu, Seoul",1165010200,파리공원,1147010200109060000016256,02-2620-4026,51583,,37,126,문화정보원,자치회관프로그램발표+꼬마장터+체험부스,20240604,20240604
KCKRSPO23N000000310,관광명소,관광명소_지역명소,2023 양천 가을 문화 축제,11,서울특별시,11470,양천구,1147010300,신월동,114704142055,서울특별시 양천구 남부순환로64길 26 (신월동),서울특별시 양천구 신월동 149-20 신월야구장,"26 Nambusunhwan-ro 64-gil, Yangcheon-gu, Seoul",1165010800,신월야구장,1147010300100680003119282,,51702,https://yfac.kr/,37,126,문화정보원,락페스티벌+북페스티벌,20240604,20240604
KCKRSPO23N000000311,관광명소,관광명소_지역명소,2023 양천가을문화축제: 제10회 양천북페스티벌,11,서울특별시,11470,양천구,1147010300,신월동,114704142055,서울특별시 양천구 남부순환로64길 26 (신월동),서울특별시 양천구 신월동 149-20 신월야구장,"26 Nambusunhwan-ro 64-gil, Yangcheon-gu, Seoul",1165057000,신월야구장,1147010300100680003119282,02-2699-5919,51717,http://www.yfac.kr,37,126,문화정보원,작가와의 만남(강연)+마술쇼&동화콘서트 공연+전시 및 체험부스,20240604,20240604
KCKRSPO23N000000312,관광명소,관광명소_지역명소,제3회 능골산문화축제,11,서울특별시,11470,양천구,1147010300,신월동,114704142055,서울특별시 양천구 남부순환로64길 2 (신월동),서울특별시 양천구 신월동 267 서서울예술교육센터,"2 Nambusunhwan-ro 64-gil, Yangcheon-gu, Seoul",1165010900,서서울예술교육센터,1147010300102680019000001,02-2620-4095,55638,,37,126,문화정보원,주민노래자랑+체험마당+먹거리마당+장터마당,20240604,20240604
KCKRSPO23N000000313,관광명소,관광명소_지역명소,2023년 제5회 등마루축제,11,서울특별시,11470,양천구,1147010200,목동,114704142133,서울특별시 양천구 목동중앙남로16나길 55 (목동),서울특별시 양천구 목동 642-1 목3동주민센터,"55 Mokdongjungangnam-ro 16na-gil, Yangcheon-gu, Seoul",1129010100,목3동주민센터,1147010200106420001000001,02-2620-3991,1300,https://www.yangcheon.go.kr/dong/mok03/main.do,37,126,문화정보원,자치회관프로그램발표+꼬마벼룩시장+체험부스,20240604,20240604
KCKRSPO23N000000314,관광명소,관광명소_지역명소,2023년 제7회 파리공원문화축제,11,서울특별시,11470,양천구,1147010200,목동,114703114001,서울특별시 양천구 목동동로 363 (목동),서울특별시 양천구 목동 906 파리공원,"363 Mokdongdong-ro, Yangcheon-gu, Seoul",1129010100,파리공원,1147010200109060000016256,02-2620-4026,7920,https://www.yangcheon.go.kr/dong/mok05/main.do,37,126,문화정보원,자치회관프로그램발표+꼬마벼룩시장+체험부스+번개게임,20240604,20240604
KCKRSPO23N000000315,관광명소,관광명소_지역명소,목2동 용왕산 달빛거리 축제,11,서울특별시,11470,양천구,1147010200,목동,114704142185,서울특별시 양천구 목동중앙북로16길 57 (목동),서울특별시 양천구 목동 542 서울양화초등학교,"57 Mokdongjungangbuk-ro 16-gil, Yangcheon-gu, Seoul",1138011400,서울양화초등학교,1147010200105420000019226,02-2620-3972,1331,https://www.yangcheon.go.kr/dong/mok02/main.do,37,126,문화정보원,자치회관프로그램홍보+가족플리마켓+미니운동회+체험부스,20240604,20240604
KCKRSPO23N000000316,관광명소,관광명소_지역명소,2023년 고운달 마을사랑 대잔치,11,서울특별시,11470,양천구,1147010300,신월동,114704142017,서울특별시 양천구 곰달래로1길 38 (신월동),서울특별시 양천구 신월동 135-18 신월1동주민센터,"38 Gomdallae-ro 1-gil, Yangcheon-gu, Seoul",1138011400,신월1동주민센터,1147010300101350018015759,02-2620-4068,8098,https://www.yangcheon.go.kr/dong/sinwol01/main.do,37,126,문화정보원,식전행사+주민공연+축하공연+노래자랑등무대행사+체험마당+먹거리장터등부스운영,20240604,20240604
KCKRSPO23N000000317,관광명소,관광명소_지역명소,제2회 신정7동 갈산-목련 축제,11,서울특별시,11470,양천구,1147010100,신정동,114703114001,"서울특별시 양천구 목동동로 10 (신정동, 목동신시가지아파트11단지)",서울특별시 양천구 신정동 325 목동신시가지아파트11단지,"10 Mokdongdong-ro, Yangcheon-gu, Seoul",1126010100,목동신시가지아파트11단지,1147010100103250000000062,02-2620-4305,24412,https://www.yangcheon.go.kr/dong/sinjeong07/main.do,37,126,문화정보원,자치회관프로그램발표+먹거리부스+체험부스+문화공연+플리마켓,20240604,20240604
KCKRSPO23N000000318,관광명소,관광명소_축제,제5회 신정1동 마을축제,,,,,,,,충청남도 서산시 팔봉면 팔봉산로 100,충청남도 서산시 팔봉면 양길리 812-3 관광안내소,"100 Palbongsan-ro, Palbong-myeon, Seosan-si, Chungcheongnam-do",4213010600,관광안내소,4421033022108120003000001,02-2084-5381,36862,,32,123,문화정보원,자치회관프로그램발표+먹거리부스+체험부스+플리마켓,20240604,20240604
KCKRSPO23N000000319,관광명소,관광명소_축제,응봉산 해맞이 축제,,,,,,,,충청남도 서산시 해미면 남문2로 143,충청남도 서산시 해미면 읍내리 491 해미읍성,"143 Nammun 2-ro, Haemi-myeon, Seosan-si, Chungcheongnam-do",4213010600,해미읍성,4421039021100310001064026,02-2286-5202,36835,,32,123,문화정보원,매년 새해를 맞이하여 구의 명소인 응봉산 팔각정에서 성동구의 발전과 구민건강을 기원하고 새로운 다짐과 희망을 나누는 행사,20240604,20240604
KCKRSPO23N000000320,관광명소,관광명소_축제,2022 대한민국 소극장 열전 in 춘천,51,강원특별자치도,51110,춘천시,5111033024,신동면 증리,421104454740,강원특별자치도 춘천시 신동면 풍류1길 34,강원특별자치도 춘천시 신동면 증리 901,"34 Pungnyu 1-gil, Sindong-myeon, Chuncheon-si, Gangwon-do",4213011000,,4211033024109010000000001,033-263-7222,24412,https://www.cccf.or.kr/Home/H40000/H40400/boardView?board_key=10585&search_type=1&search_keyword=2022+EB8C80ED959CEBAFBCEAB5AD+EC868CEAB7B9EC9EA5+EC97B4ECA084+in+ECB698ECB29C,37,127,문화정보원,2022 대한민국 소극장 열전 in 춘천’ 대구 한울림 팀의 못생긴 남자’ 공연,20240604,20240604
KCKRSPO23N000000321,관광명소,관광명소_지역명소,용연음악회,,,,,,,,충청남도 서산시 해미면 남문2로 143,충청남도 서산시 해미면 읍내리 491 해미읍성,"143 Nammun 2-ro, Haemi-myeon, Seosan-si, Chungcheongnam-do",3171031027,해미읍성,4421039021100310001064026,,,,32,123,문화정보원,클래식 및 국악 공연+민속보존회 풍물놀이+용담동 주민 기타공연 등,20240604,20240604
KCKRSPO23N000000322,관광명소,관광명소_지역명소,한여름밤의 예술공연,50,제주특별자치도,50110,제주시,5011010600,삼도이동,501103349184,제주특별자치도 제주시 중앙로 2 (삼도이동),제주특별자치도 제주시 삼도이동 1262,"2 Jungang-ro, Jeju-si, Jeju-do",3171025328,,5011010600112620000020457,,63165,,33,126,문화정보원,도내 예술단체 공연(댄스·노래 등),20240604,20240604
KCKRSPO23N000000323,관광명소,관광명소_축제,아트페스타인제주,,,,,,,,강원특별자치도 태백시 장성1길 171 (장성동),강원특별자치도 태백시 장성동 169-1 장성동행정복지센터,"171 Jangseong 1-gil, Taebaek-si, Gangwon-do",4213010600,장성동행정복지센터,4219010200101690001011341,,27169,,32,123,문화정보원,도내외 미술작가 실내외 전시+시민참여 특별전시 프로그램,20240604,20240604
KCKRSPO23N000000324,관광명소,관광명소_축제,찾아가는 문화예술공연,50,제주특별자치도,50110,제주시,5011025924,조천읍 함덕리,501103349112,제주특별자치도 제주시 조천읍 신북로 501-1,제주특별자치도 제주시 조천읍 함덕리 1243-8,"501-1 Sinbuk-ro, Jocheon-eup, Jeju-si, Jeju-do",4213031021,,5011025924012430008068260,,49300,,33,126,문화정보원,음악+댄스 등,20240604,20240604
KCKRSPO23N000000325,관광명소,관광명소_축제,찾아가는 문화예술공연,50,제주특별자치도,50110,제주시,5011025024,한림읍 한림리,501103349210,제주특별자치도 제주시 한림읍 한림중앙로 71-9,제주특별자치도 제주시 한림읍 한림리 887-2,"71-9 Hallimjungang-ro, Hallim-eup, Jeju-si, Jeju-do",4213010800,,5011025024008870002003638,,57785,,33,126,문화정보원,음악+댄스 등,20240604,20240604
KCKRSPO23N000000326,관광명소,관광명소_축제,2022 양산봄꽃축제,48,경상남도,48330,양산시,4833010600,신기동,483303338113,경상남도 양산시 신기강변로 26 (신기동),경상남도 양산시 신기동 652-15,"26 Singigangbyeon-ro, Yangsan-si, Gyeongsangnam-do",4213010800,,4833010600106520014000001,055-392-5343,57704,,35,129,문화정보원,"(축제취소)튤립동산, 포토존, 풍차, 꽃탑 등",20240604,20240604
KCKRSPO23N000000327,관광명소,관광명소_축제,원동미나리축제,48,경상남도,48330,양산시,4833032021,원동면 원리,483303338070,경상남도 양산시 원동면 원동로 1708,경상남도 양산시 원동면 원리 414-8 함포마을회관,"1708 Wondong-ro, Wondong-myeon, Yangsan-si, Gyeongsangnam-do",4213010600,함포마을회관,4833032021104140008002354,055-392-3232,57726,http://tour.yangsan.go.kr/,35,128,문화정보원,"미나리 시식회 및 특산물 판매, 원동미나리 직판장 개설운영",20240604,20240604
KCKRSPO23N000000328,관광명소,관광명소_지역명소,배내골고로쇠축제,48,경상남도,48330,양산시,4833032026,원동면 선리,483303000108,경상남도 양산시 원동면 배내로 431,경상남도 양산시 원동면 선리 1421-5 배내골 홍보관,"431 Baenae-ro, Wondong-myeon, Yangsan-si, Gyeongsangnam-do",2871034022,배내골 홍보관,4833032026114210005037925,055-392-3232,57712,http://tour.yangsan.go.kr/,35,128,문화정보원,"(축제취소)고로쇠 시음회, 체험행사, 문화공연 등",20240604,20240604
KCKRSPO23N000000329,관광명소,관광명소_지역명소,원동매화축제,48,경상남도,48330,양산시,4833032024,원동면 영포리,483303338070,경상남도 양산시 원동면 원동로 2220,경상남도 양산시 원동면 영포리 537,"2220 Wondong-ro, Wondong-myeon, Yangsan-si, Gyeongsangnam-do",2820011000,,4833032024105370000000001,055-392-2548,57739,,35,128,문화정보원,"축하공연, 특산물 판매장, 포토존, 거리초크아트 등",20240604,20240604
KCKRSPO23N000000330,관광명소,관광명소_지역명소,양산시청소년한마음축제,48,경상남도,48330,양산시,4833010200,남부동,483303338098,경상남도 양산시 중앙로 39-1 (남부동),경상남도 양산시 남부동 874-1 양산문화예술회관,"39-1 Jungang-ro, Yangsan-si, Gyeongsangnam-do",2820011000,양산문화예술회관,4833010200108740001054939,055-392-2594,57728,,35,129,문화정보원,"시상식, 축하공연, 경연대회 등",20240604,20240604
KCKRSPO23N000000331,관광명소,관광명소_지역명소,2022 양산 월드 힙합 어벤져스,48,경상남도,48330,양산시,4833025321,물금읍 물금리,483303338091,경상남도 양산시 낙동로 295-9,경상남도 양산시 물금읍 물금리 172-2,,2820011000,,,055-392-2544,28026,,35,128,문화정보원,"개막식, 축하공연, 힙합댄스 경연대회, DJ/EDM파티 등",20240604,20240604
KCKRSPO23N000000332,관광명소,관광명소_지역명소,2023 양산웅상회야제,48,경상남도,48330,양산시,4833011900,평산동,483304814270,경상남도 양산시 배움터길 60-19 (평산동),경상남도 양산시 평산동 283 웅상체육공원,"60-19 Baeumteo-gil, Yangsan-si, Gyeongsangnam-do",2817710700,웅상체육공원,4833011900106230007000001,055-392-6182,28026,,35,129,문화정보원,"개막식, 폐막식, 공연, 시민참여 행사 등",20240604,20240604
KCKRSPO23N000000333,관광명소,관광명소_지역명소,어린이날 가족한마당,48,경상남도,48330,양산시,4833011900,평산동,483304814270,경상남도 양산시 배움터길 60-19 (평산동),경상남도 양산시 평산동 283 웅상체육공원,"60-19 Baeumteo-gil, Yangsan-si, Gyeongsangnam-do",2823710500,웅상체육공원,4833011900106230007000001,055-392-6283,28026,,35,129,문화정보원,"개회식, 공연, 초등학생 트로트 경연, 부대행사 등",20240604,20240604
KCKRSPO23N000000334,관광명소,관광명소_지역명소,2023 양산삽량문화축전,48,경상남도,48330,양산시,4833010400,북부동,483302000032,경상남도 양산시 양산대로 849 (북부동),경상남도 양산시 북부동 533 양산종합운동장,"849 Yangsan-daero, Yangsan-si, Gyeongsangnam-do",2823710500,양산종합운동장,4833010400105330000055893,055-392-2544,28006,yangsanfes.com,35,129,문화정보원,"개폐막식, 축하공연, 불꽃쇼, 테마존, 키즈존, 전시 및 체험프로그램, 부대행사 등",20240604,20240604
KCKRSPO23N000000335,관광명소,관광명소_지역명소,김광석길페스티벌,27,대구광역시,27110,중구,2711010200,동인동2가,271104223020,대구광역시 중구 국채보상로139길 1 (동인동2가),대구광역시 중구 동인동2가 177-4 중구청,"1 Gukchaebosang-ro 139-gil, Jung-gu, Daegu",2823710200,중구청,2711010200101770004010721,053-661-2174,28030,http://www.jung.daegu.kr/,35,128,문화정보원,"김광석길 문화예술 공연, 버스킹, 전시 등",20240604,20240604
KCKRSPO23N000000336,관광명소,관광명소_지역명소,대구화교중화문화축제,27,대구광역시,27110,중구,2711010200,동인동2가,271104223020,대구광역시 중구 국채보상로139길 1 (동인동2가),대구광역시 중구 동인동2가 177-4 중구청,"1 Gukchaebosang-ro 139-gil, Jung-gu, Daegu",2823710600,중구청,2711010200101770004010721,053-255-0561,28002,http://www.jung.daegu.kr/,35,128,문화정보원,"개막식, 중국용춤·사자춤,중화전통의상, 음식, 놀이 전시, 체험 등",20240604,20240604
KCKRSPO23N000000337,관광명소,관광명소_지역명소,제13회 팔공산 벚꽃축제,27,대구광역시,27140,동구,2714010100,신암동,271403142028,대구광역시 동구 아양로 207 (신암동),대구광역시 동구 신암동 36-1 동구청,"207 Ayang-ro, Dong-gu, Daegu",2823710400,동구청,2714010100100360001016471,053-662-4073,24264,http://www.dong.daegu.kr/,35,128,문화정보원,"벚꽃가요제, 벚꽃길 걷기대회, 축하공연 등",20240604,20240604
KCKRSPO23N000000338,관광명소,관광명소_축제,제23회 팔공산 단풍축제,27,대구광역시,27140,동구,2714010100,신암동,271403142028,대구광역시 동구 아양로 207 (신암동),대구광역시 동구 신암동 36-1 동구청,"207 Ayang-ro, Dong-gu, Daegu",4213011500,동구청,2714010100100360001016471,053-982-0103,26495,http://www.dong.daegu.kr/,35,128,문화정보원,"단풍가요제, 단풍길 걷기여행, 축하공연 등",20240604,20240604
KCKRSPO23N000000339,관광명소,관광명소_지역명소,달구벌목민관 부임 마을축제,27,대구광역시,27170,서구,2717010300,평리동,271703007001,대구광역시 서구 국채보상로 257 (평리동),대구광역시 서구 평리동 1230-9 서구청,"257 Gukchaebosang-ro, Seo-gu, Daegu",2818510600,서구청,2717010300112300009004422,053-663-2184,24336,http://www.dgs.go.kr,35,128,문화정보원,달구벌목민관 추원제 및 부임행사 재현 퍼레이드,20240604,20240604
KCKRSPO23N000000340,관광명소,관광명소_지역명소,2019 안양충훈벚꽃축제,41,경기도,41171,안양시,4117110200,석수동,411713182011,경기도 안양시 만안구 석수로 159 (석수동),경기도 안양시 만안구 석수동 797,"159 Seoksu-ro, Manan-gu, Anyang-si, Gyeonggi-do",2818510600,,4117110200107970000000001,031-687-0500,13975,http://www.ayac.or.kr,37,126,문화정보원,축하공연+ 안양꽃길걷기대회+ 안양꽃길그리기+ 어린이벼룩시장+ 거리공연+ 체험부스 등,20240604,20240604
KCKRSPO23N000000341,관광명소,관광명소_지역명소,천안흥타령춤축제,44,충청남도,44133,천안시,4413310300,백석동,441333250021,충청남도 천안시 서북구 번영로 208 (백석동),충청남도 천안시 서북구 백석동 251 종합운동장,"208 Beonyeong-ro, Seobuk-gu, Cheonan-si, Chungcheongnam-do",2818510100,종합운동장,4413310300102510000049938,041-900-7020,1331,,36,127,문화정보원,춤경연대회(전국춤경연대회+국제춤 대회+거리퍼레이드 등)+전시홍보 부스운영(중소기업제품판매+천안 농산물 홍보 및 체험한마당 등)+부대체험행사,20240604,20240604
KCKRSPO23N000000342,관광명소,관광명소_지역명소,입장거봉포도축제,44,충청남도,44133,천안시,4413331021,입장면 하장리,441334550632,충청남도 천안시 서북구 입장면 하장4길 19,충청남도 천안시 서북구 입장면 하장리 54-1 입장초등학교,"19 Hajang 4-gil, Ipjang-myeon, Seobuk-gu, Cheonan-si, Chungcheongnam-do",2818510100,입장초등학교,4413331021100540001016242,041-521-6847,25265,,36,127,문화정보원,입장거봉포도 휴게소 내 드라이브스루 시식코너+판매장 운영,20240604,20240604
KCKRSPO23N000000343,관광명소,관광명소_축제,천안성환배축제,44,충청남도,44133,천안시,4413325022,성환읍 성월리,441333250031,충청남도 천안시 서북구 성환읍 성진로 15,충청남도 천안시 서북구 성환읍 성월리 79 천안시민문화회관성환분관,"15 Seongjin-ro, Seonghwan-eup, Seobuk-gu, Cheonan-si, Chungcheongnam-do",4213011500,천안시민문화회관성환분관,4413325022100790000016007,041-581-1771,25254,,36,127,문화정보원,성환배 판매장 운영(일자 변경 가능),20240604,20240604
KCKRSPO23N000000344,관광명소,관광명소_지역명소,천안호두축제,44,충청남도,44131,천안시,4413132021,광덕면 광덕리,441313015001,충청남도 천안시 동남구 광덕면 광풍로 250,충청남도 천안시 동남구 광덕면 광덕리 403 광덕쉼터 관리실,"250 Gwangpung-ro, Gwangdeok-myeon, Dongnam-gu, Cheonan-si, Chungcheongnam-do",4613014700,광덕쉼터 관리실,4413132021104030000000001,041-521-4701,25271,,36,127,문화정보원,천안호두 드라이브스루 판매 및 홍보영상제작,20240604,20240604
KCKRSPO23N000000345,관광명소,관광명소_지역명소,고창모양성제,52,전북특별자치도,52790,고창군,5279025022,고창읍 교촌리,457903279077,전북특별자치도 고창군 고창읍 중앙로 292,전북특별자치도 고창군 고창읍 교촌리 55-2 고창군실내체육관,"292 Jungang-ro, Gochang-eup, Gochang-gun, Jeonbuk-do",4681033030,고창군실내체육관,4579025022100550002003647,063-560-2949,25216,http://www.gochang.go.kr/tour/,35,126,문화정보원,거리퍼레이드+답성놀이+강강술래 등,20240604,20240604
KCKRSPO23N000000346,관광명소,관광명소_지역명소,제9회 긴고랑 한마음 축제,11,서울특별시,11215,광진구,1121510100,중곡동,112153104006,서울특별시 광진구 긴고랑로 143 (중곡동),서울특별시 광진구 중곡동 68-20 긴고랑어린이공원 공중화장실,"143 Gingorang-ro, Gwangjin-gu, Seoul",4681034026,긴고랑어린이공원 공중화장실,1121510100100680020000001,02-450-1072,4944,,37,127,문화정보원,자치회관 프로그램 발표+ 주민 노래자랑+ 먹거리장터+ 체험 부스 운영 등,20240604,20240604
KCKRSPO23N000000347,관광명소,관광명소_지역명소,제7회 구삼축제 한마당,11,서울특별시,11215,광진구,1121510300,구의동,112154112040,서울특별시 광진구 광나루로56길 86 (구의동),서울특별시 광진구 구의동 546-2 구의공원 공중화장실,"86 Gwangnaru-ro 56-gil, Gwangjin-gu, Seoul",4623025024,구의공원 공중화장실,1121510300105460002000001,02-450-1242,4991,,37,127,문화정보원,시니어패션쇼+ 자치회관 프로그램 발표+ 주민 노래자랑+ 체험 부스 운영 등,20240604,20240604
KCKRSPO23N000000348,관광명소,관광명소_지역명소,제2회 숲나루 꿈의 축제,,,,,,,,충청북도 영동군 영동읍 영동힐링로 117,충청북도 영동군 영동읍 매천리 197,"117 Yeongdong healing-ro, Yeongdong-eup, Yeongdong-gun, Chungcheongbuk-do",4623025025,,4374025027101970000000001,02-450-1222,59471,,32,123,문화정보원,주민노래자랑+ 초대가수 공연+ 저글링 등 공연,20240604,20240604
KCKRSPO23N000000349,관광명소,관광명소_지역명소,자양4동 주민 소통한마당 축제,11,서울특별시,11215,광진구,1121510500,자양동,112154112413,서울특별시 광진구 자양강변길 73 (자양동),서울특별시 광진구 자양동 57-8 신양중학교,"73 Jayanggangbyeon-gil, Gwangjin-gu, Seoul",4623025022,신양중학교,1121510500100570008015558,02-450-1824,59458,,37,127,문화정보원,단체게임+ 노래자랑+ 초청공연,20240604,20240604
KCKRSPO23N000000350,관광명소,관광명소_지역명소,주민과 함께하는 제3회 이랴이랴 자신만만 축제,11,서울특별시,11215,광진구,1121510500,자양동,112154112416,서울특별시 광진구 자양로13길 41 (자양동),서울특별시 광진구 자양동 630 자마장공원 공중화장실,"41 Jayang-ro 13-gil, Gwangjin-gu, Seoul",4623010900,자마장공원 공중화장실,1121510500106300000000001,02-450-1282,8094,,37,127,문화정보원,초대가수 축하 공연,20240604,20240604
KCKRSPO23N000000351,관광명소,관광명소_지역명소,제7회 자양뚝방길 가을음악회,11,서울특별시,11215,광진구,1121510500,자양동,112154112446,서울특별시 광진구 자양로3길 7 (자양동),서울특별시 광진구 자양동 674 서울광양중학교,"7 Jayang-ro 3-gil, Gwangjin-gu, Seoul",4623036022,서울광양중학교,1121510500106740000013915,02-450-1602,8097,,37,127,문화정보원,태권도시범단공연+ 주민노래자랑+ 초대가수 공연,20240604,20240604
KCKRSPO23N000000352,관광명소,관광명소_축제,2023 행복나눔 구일 마을문화 축제,11,서울특별시,11215,광진구,1121510300,구의동,112154112027,서울특별시 광진구 광나루로36길 56 (구의동),서울특별시 광진구 구의동 237-6 구의1동주민센터,"56 Gwangnaru-ro 36-gil, Gwangjin-gu, Seoul",4278025624,구의1동주민센터,1121510300102370006008960,02-450-5142,1331,,37,127,문화정보원,동대부여고 동아리(합창+ 댄스) 발표+ 어린이 태권도 시범실버합창단 및 초대가수 공연+ 자치회관 발표,20240604,20240604
KCKRSPO23N000000353,관광명소,관광명소_축제,2023 제6회 능동 감마을 축제,11,서울특별시,11215,광진구,1121510200,능동,112153104007,서울특별시 광진구 능동로 238 (능동),서울특별시 광진구 능동 18 서울시민안전체험관,"238 Neungdong-ro, Gwangjin-gu, Seoul",4278025923,서울시민안전체험관,1121510200100180000005751,02-450-1122,4991,,37,127,문화정보원,감따기+ 감 껍질 길게 깎기+ 초청가수 공연,20240604,20240604
KCKRSPO23N000000354,관광명소,관광명소_지역명소,광장동 주민한마당 광나루 해오름축제,,,,,,,,충청북도 괴산군 괴산읍 임꺽정로 90,충청북도 괴산군 괴산읍 서부리 125 괴산군청,"90 Imkkeokjeong-ro, Goesan-eup, Goesan-gun, Chungcheongbuk-do",4623031021,괴산군청,4376025022101250000200237,02-450-1263,,,32,123,문화정보원,어린이공연+ 축하공연(팝페라가수+ K-POP댄스+ 전자현악기),20240604,20240604
KCKRSPO23N000000355,관광명소,관광명소_지역명소,안산국제거리극축제,41,경기도,41273,안산시,4127310100,고잔동,412732190001,경기도 안산시 단원구 광덕대로 157 (고잔동),경기도 안산시 단원구 고잔동 800,"157 Gwangdeok-daero, Danwon-gu, Ansan-si, Gyeonggi-do",4623031026,,4127310100108000000000001,031-481-0531,15471,https://www.ansanart.com/index.do,37,126,문화정보원,순수예술축제,20240604,20240604
KCKRSPO23N000000356,관광명소,관광명소_지역명소,여르미오페스티벌,41,경기도,41273,안산시,4127310100,고잔동,412733190080,경기도 안산시 단원구 화랑로 312 (고잔동),경기도 안산시 단원구 고잔동 817 안산문화예술의전당,"312 Hwarang-ro, Danwon-gu, Ansan-si, Gyeonggi-do",4623025028,안산문화예술의전당,4127310100108170000040910,031-481-4030,31917,https://www.ansanart.com//lay2/S1T54C56/contents.do,37,126,문화정보원,대중예술축제,20240604,20240604
KCKRSPO23N000000357,관광명소,관광명소_축제,제6회 상록수문화제,41,경기도,41271,안산시,4127110400,본오동,412714370208,경기도 안산시 상록구 샘골서길 64 (본오동),경기도 안산시 상록구 본오동 879-4 최용신기념관,"64 Saemgolseo-gil, Sangnok-gu, Ansan-si, Gyeonggi-do",4278025923,최용신기념관,4127110400108790004001701,031-481-3040,32016,https://www2.ansan.go.kr/choiyongshin/main/main.do,37,126,문화정보원,기념음악회+체험박람회+작품발표회+거리퍼레이드 등,20240604,20240604
KCKRSPO23N000000358,관광명소,관광명소_지역명소,안산국제거리극축제,41,경기도,41273,안산시,4127310100,고잔동,412732190001,경기도 안산시 단원구 광덕대로 157 (고잔동),경기도 안산시 단원구 고잔동 800,"157 Gwangdeok-daero, Danwon-gu, Ansan-si, Gyeonggi-do",4623025000,,4127310100108000000000001,031-481-0531,24336,https://www.ansanart.com/index.do,37,126,문화정보원,순수예술축제,20240604,20240604
KCKRSPO23N000000359,관광명소,관광명소_지역명소,제7회 상록수문화제,41,경기도,41271,안산시,4127110400,본오동,412714370208,경기도 안산시 상록구 샘골서길 64 (본오동),경기도 안산시 상록구 본오동 879-4 최용신기념관,"64 Saemgolseo-gil, Sangnok-gu, Ansan-si, Gyeonggi-do",4623032023,최용신기념관,4127110400108790004001701,031-481-3040,24252,https://www2.ansan.go.kr/choiyongshin/main/main.do,37,126,문화정보원,공연+전시+체험 등,20240604,20240604
KCKRSPO23N000000360,관광명소,관광명소_지역명소,안산국제거리극축제,41,경기도,41273,안산시,4127310100,고잔동,412733190080,경기도 안산시 단원구 화랑로 312 (고잔동),경기도 안산시 단원구 고잔동 817 안산문화예술의전당,"312 Hwarang-ro, Danwon-gu, Ansan-si, Gyeonggi-do",4623032000,안산문화예술의전당,4127310100108170000040910,031-481-0531,24255,https://www.ansanart.com/index.do,37,126,문화정보원,순수예술축제,20240604,20240604
KCKRSPO23N000000361,관광명소,관광명소_지역명소,여르미오페스티벌,41,경기도,41273,안산시,4127310100,고잔동,412733190080,경기도 안산시 단원구 화랑로 312 (고잔동),경기도 안산시 단원구 고잔동 817 안산문화예술의전당,"312 Hwarang-ro, Danwon-gu, Ansan-si, Gyeonggi-do",4623034024,안산문화예술의전당,4127310100108170000040910,031-481-4030,24243,https://www.ansanart.com/index.do,37,126,문화정보원,대중예술축제,20240604,20240604
KCKRSPO23N000000362,관광명소,관광명소_지역명소,팔봉산 감자축제,44,충청남도,44210,서산시,4421033022,팔봉면 양길리,442103254161,충청남도 서산시 팔봉면 팔봉산로 100,충청남도 서산시 팔봉면 양길리 812-3 관광안내소,"100 Palbongsan-ro, Palbong-myeon, Seosan-si, Chungcheongnam-do",4623035021,관광안내소,4421033022108120003000001,041-660-3937,24374,https://www.seosan.go.kr/tour/index.do,36,126,문화정보원,감자캐기 체험+판매,20240604,20240604
KCKRSPO23N000000363,관광명소,관광명소_지역명소,(코로나로 일정 미정)서산6쪽마늘축제,44,충청남도,44210,서산시,4421039021,해미면 읍내리,442103254016,충청남도 서산시 해미면 남문2로 143,충청남도 서산시 해미면 읍내리 491 해미읍성,"143 Nammun 2-ro, Haemi-myeon, Seosan-si, Chungcheongnam-do",4623036021,해미읍성,4421039021100310001064026,041-660-3937,24272,https://www.seosan.go.kr/tour/index.do,36,126,문화정보원,6쪽마늘 판매+공연+체험,20240604,20240604
KCKRSPO23N000000364,관광명소,관광명소_지역명소,삼길포우럭축제,44,충청남도,44210,서산시,4421025028,대산읍 화곡리,442103254070,충청남도 서산시 대산읍 삼길포1로 65,충청남도 서산시 대산읍 화곡리 2-1,"65 Samgilpo 1-ro, Daesan-eup, Seosan-si, Chungcheongnam-do",4623010600,,4421025028100020001000419,041-660-2069,31904,https://www.seosan.go.kr/tour/index.do,37,126,문화정보원,우럭체험 및 전시+판매,20240604,20240604
KCKRSPO23N000000365,관광명소,관광명소_지역명소,서산해미읍성축제,44,충청남도,44210,서산시,4421039021,해미면 읍내리,442103254016,충청남도 서산시 해미면 남문2로 143,충청남도 서산시 해미면 읍내리 491 해미읍성,"143 Nammun 2-ro, Haemi-myeon, Seosan-si, Chungcheongnam-do",4617011000,해미읍성,4421039021100310001064026,041-660-2228,26305,https://www.seosan.go.kr/tour/index.do,36,126,문화정보원,전통문화 공연 및 체험 등,20240604,20240604
KCKRSPO23N000000366,관광명소,관광명소_지역명소,한강 낙동강 발원지 축제,51,강원특별자치도,51190,태백시,5119010200,장성동,421904466163,강원특별자치도 태백시 장성1길 171 (장성동),강원특별자치도 태백시 장성동 169-1 장성동행정복지센터,"171 Jangseong 1-gil, Taebaek-si, Gangwon-do",4617011000,장성동행정복지센터,4219010200101690001011341,033-553-6900,26478,http://tbcf.or.kr/,37,129,문화정보원,물놀이난장+공연+체험행사+부스 운영 등,20240604,20240604
KCKRSPO23N000000367,관광명소,관광명소_지역명소,삼수 매봉산 바람개비 축제,51,강원특별자치도,51190,태백시,5119010200,장성동,421904466163,강원특별자치도 태백시 장성1길 171 (장성동),강원특별자치도 태백시 장성동 169-1 장성동행정복지센터,"171 Jangseong 1-gil, Taebaek-si, Gangwon-do",4617011000,장성동행정복지센터,4219010200101690001011341,033-552-1376,26478,http://tbcf.or.kr/,37,129,문화정보원,공연+체험프로그램+부스운영 등,20240604,20240604
KCKRSPO23N000000368,관광명소,관광명소_지역명소,장성 탄탄마을 축제,51,강원특별자치도,51190,태백시,5119010200,장성동,421904466163,강원특별자치도 태백시 장성1길 171 (장성동),강원특별자치도 태백시 장성동 169-1 장성동행정복지센터,"171 Jangseong 1-gil, Taebaek-si, Gangwon-do",4617011300,장성동행정복지센터,4219010200101690001011341,033-581-6903,26436,http://tbcf.or.kr/,37,129,문화정보원,공연+체험프로그램+부스운영 등,20240604,20240604
KCKRSPO23N000000369,관광명소,관광명소_지역명소,태백 황지연못 황부자며느리 축제,51,강원특별자치도,51190,태백시,5119010200,장성동,421904466163,강원특별자치도 태백시 장성1길 171 (장성동),강원특별자치도 태백시 장성동 169-1 장성동행정복지센터,"171 Jangseong 1-gil, Taebaek-si, Gangwon-do",4617011200,장성동행정복지센터,4219010200101690001011341,033-552-1370,26498,http://tbcf.or.kr/,37,129,문화정보원,마당극+걷기행사+가요제+야시장,20240604,20240604
KCKRSPO23N000000370,관광명소,관광명소_지역명소,철암 단풍축제,51,강원특별자치도,51190,태백시,5119010200,장성동,421904466163,강원특별자치도 태백시 장성1길 171 (장성동),강원특별자치도 태백시 장성동 169-1 장성동행정복지센터,"171 Jangseong 1-gil, Taebaek-si, Gangwon-do",4617038033,장성동행정복지센터,4219010200101690001011341,033-582-7906,26052,http://tbcf.or.kr/,37,129,문화정보원,단풍길걷기대회+전시회+먹거리장터 등,20240604,20240604
KCKRSPO23N000000371,관광명소,관광명소_지역명소,태백산 눈축제,51,강원특별자치도,51190,태백시,5119010200,장성동,421904466163,강원특별자치도 태백시 장성1길 171 (장성동),강원특별자치도 태백시 장성동 169-1 장성동행정복지센터,"171 Jangseong 1-gil, Taebaek-si, Gangwon-do",4617042027,장성동행정복지센터,4219010200101690001011341,033-553-6900,26447,http://tbcf.or.kr/,37,129,문화정보원,눈조각대회+눈꽃등반대회+체험행사+공연 등,20240604,20240604
KCKRSPO23N000000372,관광명소,관광명소_지역명소,제18회 대구국제뮤지컬페스티벌,27,대구광역시,27110,중구,2711010100,동인동1가,271103007017,대구광역시 중구 공평로 88 (동인동1가),대구광역시 중구 동인동1가 2-1 대구광역시 동인청사,"88 Gongpyeong-ro, Jung-gu, Daegu",4617036025,대구광역시 동인청사,2711010100100010000009433,053-622-1945,26447,http://www.daegu.go.kr/,35,128,문화정보원,"국내외 20작품 뮤지컬 공연, 딤프린지, 스타데이트 등",20240604,20240604
KCKRSPO23N000000373,관광명소,관광명소_지역명소,대구치맥페스티벌,27,대구광역시,27110,중구,2711010100,동인동1가,271103007017,대구광역시 중구 공평로 88 (동인동1가),대구광역시 중구 동인동1가 2-1 대구광역시 동인청사,"88 Gongpyeong-ro, Jung-gu, Daegu",4617036036,대구광역시 동인청사,2711010100100010000009433,053-248-9989,63038,http://www.daegu.go.kr/,35,128,문화정보원,"치킨 및 맥주업체 등 홍보, 전시, 판매, 테마별 프로그램 운영 등",20240604,20240604
KCKRSPO23N000000374,관광명소,관광명소_지역명소,제21회 대구국제오페라축제,27,대구광역시,27110,중구,2711010100,동인동1가,271103007017,대구광역시 중구 공평로 88 (동인동1가),대구광역시 중구 동인동1가 2-1 대구광역시 동인청사,"88 Gongpyeong-ro, Jung-gu, Daegu",4617036036,대구광역시 동인청사,2711010100100010000009433,053-666-6000,63584,http://www.daegu.go.kr/,35,128,문화정보원,"메인오페라, 콘서트시리즈, 오페라어워즈 등",20240604,20240604
KCKRSPO23N000000375,관광명소,관광명소_지역명소,대구콘텐츠페어,27,대구광역시,27110,중구,2711010100,동인동1가,271103007017,대구광역시 중구 공평로 88 (동인동1가),대구광역시 중구 동인동1가 2-1 대구광역시 동인청사,"88 Gongpyeong-ro, Jung-gu, Daegu",4617036036,대구광역시 동인청사,2711010100100010000009433,053-601-5831,63600,http://www.daegu.go.kr/,35,128,문화정보원,"콘텐츠 전시, 컨퍼런스, 부대행사 등",20240604,20240604
KCKRSPO23N000000376,관광명소,관광명소_지역명소,팔공산 산중전통장터 승시 축제,27,대구광역시,27110,중구,2711010100,동인동1가,271103007017,대구광역시 중구 공평로 88 (동인동1가),대구광역시 중구 동인동1가 2-1 대구광역시 동인청사,"88 Gongpyeong-ro, Jung-gu, Daegu",4617033025,대구광역시 동인청사,2711010100100010000009433,053-980-7956,63313,http://www.daegu.go.kr/,35,128,문화정보원,"승시재현마당, 개막식, 문화공연, 경연대회, 전시 및 체험 등",20240604,20240604
KCKRSPO23N000000377,관광명소,관광명소_지역명소,대구포크페스티벌,27,대구광역시,27110,중구,2711010100,동인동1가,271103007017,대구광역시 중구 공평로 88 (동인동1가),대구광역시 중구 동인동1가 2-1 대구광역시 동인청사,"88 Gongpyeong-ro, Jung-gu, Daegu",4617012300,대구광역시 동인청사,2711010100100010000009433,053-626-2015,63286,http://www.daegu.go.kr/,35,128,문화정보원,포크송 공연 등,20240604,20240604
KCKRSPO23N000000378,관광명소,관광명소_지역명소,월드오케스트라페스티벌,27,대구광역시,27110,중구,2711010100,동인동1가,271103007017,대구광역시 중구 공평로 88 (동인동1가),대구광역시 중구 동인동1가 2-1 대구광역시 동인청사,"88 Gongpyeong-ro, Jung-gu, Daegu",4617012300,대구광역시 동인청사,2711010100100010000009433,053-430-1200,63277,http://www.daegu.go.kr/,35,128,문화정보원,오케스트라 공연 등,20240604,20240604
KCKRSPO23N000000379,관광명소,관광명소_지역명소,제35회 동성로축제,27,대구광역시,27110,중구,2711010200,동인동2가,271104223020,대구광역시 중구 국채보상로139길 1 (동인동2가),대구광역시 중구 동인동2가 177-4 중구청,"1 Gukchaebosang-ro 139-gil, Jung-gu, Daegu",4617010200,중구청,2711010200101770004010721,053-423-3337,14245,http://www.jung.daegu.kr/,35,128,문화정보원,"동성로가요제, K-POP 댄스대회, 뮤지컬 갈라콘서트",20240604,20240604
KCKRSPO23N000000380,관광명소,관광명소_지역명소,대구 문화유산 야행,27,대구광역시,27110,중구,2711010200,동인동2가,271104223020,대구광역시 중구 국채보상로139길 1 (동인동2가),대구광역시 중구 동인동2가 177-4 중구청,"1 Gukchaebosang-ro 139-gil, Jung-gu, Daegu",4617012100,중구청,2711010200101770004010721,053-661-2623,14245,http://www.jung.daegu.kr/,35,128,문화정보원,"야간 문화유산 탐방, 해설 등",20240604,20240604
KCKRSPO23N000000381,관광명소,관광명소_지역명소,제11회 대구스트리트모터페스티벌,27,대구광역시,27110,중구,2711010200,동인동2가,271104223020,대구광역시 중구 국채보상로139길 1 (동인동2가),대구광역시 중구 동인동2가 177-4 중구청,"1 Gukchaebosang-ro 139-gil, Jung-gu, Daegu",4617013400,중구청,2711010200101770004010721,053-661-3014,14245,http://www.jung.daegu.kr/,35,128,문화정보원,차량전시 및 부대행사,20240604,20240604
KCKRSPO23N000000382,관광명소,관광명소_지역명소,제19회 패션주얼리위크,27,대구광역시,27110,중구,2711010200,동인동2가,271104223020,대구광역시 중구 국채보상로139길 1 (동인동2가),대구광역시 중구 동인동2가 177-4 중구청,"1 Gukchaebosang-ro 139-gil, Jung-gu, Daegu",4671033522,중구청,2711010200101770004010721,053-424-9150,24374,http://www.jung.daegu.kr/,35,128,문화정보원,"주얼리패션쇼, 주얼리경매, 주얼리모델대회, 주얼리체험 등",20240604,20240604
KCKRSPO23N000000383,관광명소,관광명소_지역명소,서문시장글로벌대축제,27,대구광역시,27110,중구,2711010200,동인동2가,271104223020,대구광역시 중구 국채보상로139길 1 (동인동2가),대구광역시 중구 동인동2가 177-4 중구청,"1 Gukchaebosang-ro 139-gil, Jung-gu, Daegu",4615038021,중구청,2711010200101770004010721,053-256-6341,24455,http://www.jung.daegu.kr/,35,128,문화정보원,"보부상퍼레이드, 상인가요제, 서문가요제 등",20240604,20240604
KCKRSPO23N000000384,관광명소,관광명소_지역명소,교동시장한마음축제,27,대구광역시,27110,중구,2711010200,동인동2가,271104223020,대구광역시 중구 국채보상로139길 1 (동인동2가),대구광역시 중구 동인동2가 177-4 중구청,"1 Gukchaebosang-ro 139-gil, Jung-gu, Daegu",4615038022,중구청,2711010200101770004010721,053-427-0443,24207,http://www.jung.daegu.kr/,35,128,문화정보원,"축하공연, 교동보물찾기, 상인 노래자랑 등",20240604,20240604
KCKRSPO23N000000385,관광명소,관광명소_지역명소,2022 마임아카데미 몸짓워크숍,51,강원특별자치도,51110,춘천시,5111012400,석사동,421104454810,강원도 춘천시 후석로186번길 22 지하 1층,강원특별자치도 춘천시 석사동 726-9,,4615012200,,,033-244-7556,24435,https://www.cccf.or.kr/Home/H40000/H40400/boardList?cate_id=&search_type=1&search_keyword=2022+EBA788EC9E84EC9584ECB9B4EB8DB0EBAFB8+5BEBAAB8ECA793EC9B8CED81ACEC888D5D,37,127,문화정보원,아티스트에게 다양한 몸짓을 배우고 무대에서 공연까지 해보는 참여형 프로그램,20240604,20240604
KCKRSPO23N000000386,관광명소,관광명소_지역명소,완주와일드앤로컬푸드축제,52,,52710,,5271036000,고산면,,전라북도 완주군 고산면 고산자연휴양림로 246,전북특별자치도 완주군 고산면 246,,4615010700,,,063-290-3977+,24235,http://www.wanjufestival.kr/,35,127,문화정보원,○ 자연친화+야생체험,20240604,20240604
KCKRSPO23N000000387,관광명소,관광명소_지역명소,겨울왕국제천 페스티벌,43,충청북도,43150,제천시,4315011400,모산동,431504517788,충청북도 제천시 의림대로47길 7 (모산동),충청북도 제천시 모산동 223-2 의림지역사박물관,"7 Uirim-daero 47-gil, Jecheon-si, Chungcheongbuk-do",4615039030,의림지역사박물관,4315011400102230002000001,043-645-4998,52852,,37,128,문화정보원,전시연출+대형얼음성+얼음조각체험+얼음터널,20240604,20240604
KCKRSPO23N000000388,관광명소,관광명소_지역명소,속리산 신화여행축제,43,충청북도,43720,보은군,4372031527,속리산면 사내리,437203241010,충청북도 보은군 속리산면 법주사로 293,충청북도 보은군 속리산면 사내리 198-1 음식점,"293 Beopjusa-ro, Songnisan-myeon, Boeun-gun, Chungcheongbuk-do",4615039036,음식점,4372031527101980001001516,043-540-3372,28908,,36,127,문화정보원,축하공연+민속예술경연대회+천왕봉산신제+영신행차+속리산산채비빔밥체험+탑돌이재연+가족뮤지컬+치맥파티,20240604,20240604
KCKRSPO23N000000389,관광명소,관광명소_지역명소,보은대추축제,43,충청북도,43720,보은군,4372025031,보은읍 이평리,437203241009,충청북도 보은군 보은읍 뱃들로 54,충청북도 보은군 보은읍 이평리 125 보은문화예술회관,"54 Baetdeul-ro, Boeun-eup, Boeun-gun, Chungcheongbuk-do",4615039024,보은문화예술회관,4372025031101250000000025,043-540-3392,30119,,36,127,문화정보원,농특산물 판매+축하공연+이벤트,20240604,20240604
KCKRSPO23N000000390,관광명소,관광명소_지역명소,제36회 지용제,43,충청북도,43730,옥천군,4373025024,옥천읍 하계리,437304526438,충청북도 옥천군 옥천읍 향수길 56,충청북도 옥천군 옥천읍 하계리 39,"56 Hyangsu-gil, Okcheon-eup, Okcheon-gun, Chungcheongbuk-do",4615013300,,4373025024100390000016566,043-733-5588,24374,,36,127,문화정보원,초청공연+동요제+작가와의만남+노래자랑+향토음식경연대회+국제문화포럼+제25회정지용문학상시상식+제22회전국정지용백일장,20240604,20240604
KCKRSPO23N000000391,관광명소,관광명소_지역명소,영동곶감축제,43,충청북도,43740,영동군,4374025027,영동읍 매천리,437403243040,충청북도 영동군 영동읍 영동황간로 122,충청북도 영동군 영동읍 매천리 313 영동체육관,"122 Yeongdonghwanggan-ro, Yeongdong-eup, Yeongdong-gun, Chungcheongbuk-do",4615032026,영동체육관,4374025027103220003008386,043-745-8912,24374,,36,127,문화정보원,개막식+지역문화공연+영동곶감한마음콘서트+신년음악회+농가노래자랑대회+어린이마술쇼,20240604,20240604
KCKRSPO23N000000392,관광명소,관광명소_지역명소,영동포도축제,43,충청북도,43740,영동군,4374025027,영동읍 매천리,437403351896,충청북도 영동군 영동읍 영동힐링로 117,충청북도 영동군 영동읍 매천리 197,"117 Yeongdong healing-ro, Yeongdong-eup, Yeongdong-gun, Chungcheongbuk-do",4615025027,,4374025027101970000000001,043-745-8918,24441,,36,127,문화정보원,포도따기 등 어린이 체험+개막식+농특산물판매장+우수과일종합전시+먹거리존,20240604,20240604
KCKRSPO23N000000393,관광명소,관광명소_축제,제54회 영동난계국악축제,43,충청북도,43740,영동군,4374025027,영동읍 매천리,437403351896,충청북도 영동군 영동읍 영동힐링로 117,충청북도 영동군 영동읍 매천리 197,"117 Yeongdong healing-ro, Yeongdong-eup, Yeongdong-gun, Chungcheongbuk-do",4211011400,,4374025027101970000000001,043-745-8917,24270,,36,127,문화정보원,난계국악단공연+종묘제례악+왕가의산책퍼포먼스+국악기제작 및 연주체험+전국난계국악경연대회+전국 정가 경창대회+천고타북식+숭모제+학술제,20240604,20240604
KCKRSPO23N000000394,관광명소,관광명소_지역명소,제12회 대한민국와인축제,43,충청북도,43740,영동군,4374025027,영동읍 매천리,437403351896,충청북도 영동군 영동읍 영동힐링로 117,충청북도 영동군 영동읍 매천리 197,"117 Yeongdong healing-ro, Yeongdong-eup, Yeongdong-gun, Chungcheongbuk-do",4615035026,,4374025027101970000000001,043-745-8920,24235,,36,127,문화정보원,와인 시음 및 판매+와인 족욕 등,20240604,20240604
KCKRSPO23N000000395,관광명소,관광명소_지역명소,증평들노래축제,43,충청북도,43745,증평군,4374525040,증평읍 남하리,437454532038,충청북도 증평군 증평읍 둔덕길 89,충청북도 증평군 증평읍 남하리 91 증평지역박물관,"89 Dundeok-gil, Jeungpyeong-eup, Jeungpyeong-gun, Chungcheongbuk-do",4615035040,증평지역박물관,4374525040100910000000001,043-835-4153,24455,,36,127,문화정보원,두레농요시연+줄타기 공연+전통문화공연+전국사진촬영대회+농경체험+전통음식체험+두레민복체험+오감체험+감자캐기+물고기잡기,20240604,20240604
KCKRSPO23N000000396,관광명소,관광명소_지역명소,증평인삼골축제,43,충청북도,43745,증평군,4374525032,증평읍 송산리,437453244025,충청북도 증평군 증평읍 인삼로 23,충청북도 증평군 증평읍 송산리 253 증평종합스포츠센터,"23 Insam-ro, Jeungpyeong-eup, Jeungpyeong-gun, Chungcheongbuk-do",4615035021,증평종합스포츠센터,4374525032102530000005846,043-836-3400,24336,,36,127,문화정보원,주민화합행사+풍물경연대회+체험행사+농산물직거래장터+인삼판매,20240604,20240604
KCKRSPO23N000000397,관광명소,관광명소_지역명소,제23회 생거진천 농다리축제,43,충청북도,43750,진천군,4375033032,문백면 구산동리,437503245003,충청북도 진천군 문백면 농다리로 1032-11,충청북도 진천군 문백면 구산동리 135 농다리관광명소화사업전시관,"1032-11 Nongdari-ro, Munbaek-myeon, Jincheon-gun, Chungcheongbuk-do",4615031024,농다리관광명소화사업전시관,4375033024101350000028042,043-533-2742,24239,,36,127,문화정보원,농산물판매+체험부스+페이스페인팅+추억의 먹거리+공예마을+사생대회+백일장,20240604,20240604
KCKRSPO23N000000398,관광명소,관광명소_지역명소,괴산고추축제,43,충청북도,43760,괴산군,4376025022,괴산읍 서부리,437603246025,충청북도 괴산군 괴산읍 임꺽정로 92,충청북도 괴산군 괴산읍 서부리 125 괴산군의회,"92 Imkkeokjeong-ro, Goesan-eup, Goesan-gun, Chungcheongbuk-do",4615031022,괴산군의회,4376025022101250000201196,043-830-3463,24336,,36,127,문화정보원,개막식+키자니아 괴산+찾아가는 안전체험 마당+황금고추를찾아라+고추난타+고추물고기를잡아라+핫치맥페스티벌+농산물판매장,20240604,20240604
KCKRSPO23N000000399,관광명소,관광명소_축제,제24회 음성품바축제,43,충청북도,43770,음성군,4377025021,음성읍 읍내리,437704541668,충청북도 음성군 음성읍 설성공원길 28,충청북도 음성군 음성읍 읍내리 446-1 야외음악당,"28 Seolseonggongwon-gil, Eumseong-eup, Eumseong-gun, Chungcheongbuk-do",4211011900,야외음악당,4377025021108170000000221,043-873-2241,24368,,36,127,문화정보원,품바왕선발대회+오늘의품바+품바뮤지컬+음성예술단공연+천인의엿치기+품바래퍼경연대회+품바가요제,20240604,20240604
KCKRSPO23N000000400,관광명소,관광명소_축제,2023 음성명작페스티벌,43,충청북도,43770,음성군,4377025321,금왕읍 무극리,437704541600,충청북도 음성군 금왕읍 탑골7길 2,충청북도 음성군 금왕읍 무극리 745,"2 Tapgol 7-gil, Geumwang-eup, Eumseong-gun, Chungcheongbuk-do",4211011900,,4377025321107450000216196,043-873-0107,24210,,36,127,문화정보원,평생학습 대축제+명작 운동회+드론쇼+평생학습체험거리+명작장터,20240604,20240604
KCKRSPO23N000000401,관광명소,관광명소_축제,제42회 설성문화제,43,충청북도,43770,음성군,4377025021,음성읍 읍내리,437704541668,충청북도 음성군 음성읍 설성공원길 28,충청북도 음성군 음성읍 읍내리 446-1 야외음악당,"28 Seolseonggongwon-gil, Eumseong-eup, Eumseong-gun, Chungcheongbuk-do",4211011200,야외음악당,4377025021108170000000221,043-872-4084,24264,,36,127,문화정보원,염계달 연계 판소리 공연+무형문화재 공연+전국가수왕선발대회+사진전+출향인 고향의 밤+북한 음식 체험+북토크콘서트,20240604,20240604
KCKRSPO23N000000402,관광명소,관광명소_지역명소,제38회 소백산철쭉제,43,충청북도,43800,단양군,4380025025,단양읍 별곡리,438003248037,충청북도 단양군 단양읍 수변로 111,충청북도 단양군 단양읍 별곡리 569-1 다누리센터,"111 Subyeon-ro, Danyang-eup, Danyang-gun, Chungcheongbuk-do",4613025029,다누리센터,4380025025105690001000001,043-420-2551,24341,,36,128,문화정보원,전국노래자랑+봄힐링콘서트+전국실버가요제+EDM페스티벌,20240604,20240604
KCKRSPO23N000000403,관광명소,관광명소_지역명소,2023 영동포도축제,43,충청북도,43740,영동군,4374025021,영동읍 계산리,437403243018,충청북도 영동군 영동읍 동정로 1,충청북도 영동군 영동읍 계산리 210-1 cctv통합관제센터,"1 Dongjeong-ro, Yeongdong-eup, Yeongdong-gun, Chungcheongbuk-do",4613010900,cctv통합관제센터,4374025022101250004004655,043-745-8916,24264,,36,127,문화정보원,포도판매장+포도밟기+공연 등,20240604,20240604
KCKRSPO23N000000404,관광명소,관광명소_지역명소,2023 영동곶감축제,43,충청북도,43740,영동군,4374025021,영동읍 계산리,437403243018,충청북도 영동군 영동읍 동정로 1,충청북도 영동군 영동읍 계산리 210-1 cctv통합관제센터,"1 Dongjeong-ro, Yeongdong-eup, Yeongdong-gun, Chungcheongbuk-do",4613012600,cctv통합관제센터,4374025022101250004004655,043-745-8916,24399,,36,127,문화정보원,"곶감판매장터, 체험프로그램 등",20240604,20240604
KCKRSPO23N000000405,관광명소,관광명소_지역명소,진해군항제,48,경상남도,48129,창원시,4812913900,경화동,481292000030,경상남도 창원시 진해구 진해대로 649 (경화동),경상남도 창원시 진해구 경화동 850-3,"649 Jinhae-daero, Jinhae-gu, Changwon-si, Gyeongsangnam-do",4613010200,,4812913900108500003006873,,24341,,35,128,문화정보원,추모대제+승전행사+불꽃쇼+문화예술행사,20240604,20240604
KCKRSPO23N000000406,관광명소,관광명소_지역명소,진해군악의장페스티벌,48,경상남도,48129,창원시,4812910300,도만동,481293331066,경상남도 창원시 진해구 충무로 43 (도만동),경상남도 창원시 진해구 도만동 1 진해공설운동장,"43 Chungmu-ro, Jinhae-gu, Changwon-si, Gyeongsangnam-do",4613010100,진해공설운동장,4812910300100010000003949,,24399,,35,128,문화정보원,개막행사+주공연장 마칭공연+프린지공연,20240604,20240604
KCKRSPO23N000000407,관광명소,관광명소_지역명소,마산국화축제,48,경상남도,48125,창원시,4812513500,월포동,481252329003,경상남도 창원시 마산합포구 해안대로 180 (월포동),경상남도 창원시 마산합포구 월포동 1-6 (주)쌍용양회공업마산공장,"180 Haean-daero, Masanhappo-gu, Changwon-si, Gyeongsangnam-do",4683034034,(주)쌍용양회공업마산공장,4812513500100010006047960,,24264,,35,128,문화정보원,국화작품전시+공연,20240604,20240604
KCKRSPO23N000000408,관광명소,관광명소_축제,장수 한우랑 사과랑 축제,52,전북특별자치도,52740,장수군,5274025027,장수읍 두산리,457403276041,전북특별자치도 장수군 장수읍 한누리로 393,전북특별자치도 장수군 장수읍 두산리 474 장수한누리전당,"393 Hannuri-ro, Jangsu-eup, Jangsu-gun, Jeonbuk-do",4219010200,장수한누리전당,4574025027104640001010492,063-350-2356,24368,http://www.jangsufestival.com,35,127,문화정보원,대표프로그램 등 7개분야 70여개 프로그램,20240604,20240604
KCKRSPO23N000000409,관광명소,관광명소_축제,도봉서원 춘·추향제,11,서울특별시,11320,도봉구,1132010800,도봉동,113204127198,서울특별시 도봉구 도봉산길 90,서울특별시 도봉구 도봉동 512,,4219010200,,,02-905-4026,24355,,37,127,문화정보원,"분향례, 전폐례, 초헌례, 아헌례, 종헌례, 음복례 등 제례, 추모음악회",20240604,20240604
KCKRSPO23N000000410,관광명소,관광명소_지역명소,도봉산 산사축제,,,,,,,,서울특별시 도봉구 도봉로173가길 26 (도봉동),서울특별시 도봉구 도봉동 산70-4,"26 Dobong-ro 173ga-gil, Dobong-gu, Seoul",4690034028,,1132010800200700004018662,02-905-4026,24264,,37,127,문화정보원,"산사음악회, 영산재, 사찰음식전 등",20240604,20240604
KCKRSPO23N000000411,관광명소,관광명소_지역명소,도봉구민 건강축제,11,서울특별시,11320,도봉구,1132010600,방학동,113203109006,서울특별시 도봉구 마들로 656 (방학동),서울특별시 도봉구 방학동 720 도봉구청,"656 Madeul-ro, Dobong-gu, Seoul",4686031029,도봉구청,1132010600107200000004091,02-2091-4422,24264,,37,127,문화정보원,"도봉구민 걷기대회, 장애체험, 가상음주체험, 유방암검진, 신장초음파 검사, 건강관련 패널전시, 건강강좌 등",20240604,20240604
KCKRSPO23N000000412,관광명소,관광명소_지역명소,2024 예천활축제,,,,,,,,강원특별자치도 원주시 한지공원길 151 (무실동),강원특별자치도 원주시 무실동 16,"151 Hanjigongwon-gil, Wonju-si, Gangwon-do",4686032024,,4213011500100160000000001,054-650-6031,24461,yctf.kr,32,123,문화정보원,각종 공연 및 체험프로그램 등,20240604,20240604
KCKRSPO23N000000413,관광명소,관광명소_지역명소,2024 곤충 & 서머쿨 페스티벌,,,,,,,,강원특별자치도 원주시 한지공원길 151 (무실동),강원특별자치도 원주시 무실동 16,"151 Hanjigongwon-gil, Wonju-si, Gangwon-do",4686032031,,4213011500100160000000001,054-650-6031,24399,yctf.kr,32,123,문화정보원,각종 공연 및 체험프로그램 등,20240604,20240604
KCKRSPO23N000000414,관광명소,관광명소_지역명소,2024 삼강주막나루터축제,47,경상북도,47900,예천군,4790041027,풍양면 삼강리,479004769168,경상북도 예천군 풍양면 삼강리길 33,경상북도 예천군 풍양면 삼강리 145 삼강문화단지,"33 Samgangni-gil, Pungyang-myeon, Yecheon-gun, Gyeongsangbuk-do",4686025023,삼강문화단지,4790041027101450000000001,054-650-6031,24264,yctf.kr,36,128,문화정보원,각종 공연 및 체험프로그램 등,20240604,20240604
KCKRSPO23N000000415,관광명소,관광명소_지역명소,2024 문화유산야행,47,경상북도,47900,예천군,4790031039,용문면 상금곡리,479004769042,경상북도 예천군 용문면 금당실길 52-16,경상북도 예천군 용문면 상금곡리 422-1,"52-16 Geumdangsil-gil, Yongmun-myeon, Yecheon-gun, Gyeongsangbuk-do",4679036028,,4790031039104220001038270,054-650-6031,24239,yctf.kr,36,128,문화정보원,각종 공연 및 체험프로그램 등,20240604,20240604
KCKRSPO23N000000416,관광명소,관광명소_지역명소,양양문화제,,,,,,,,강원특별자치도 원주시 단구로 170 (명륜동),강원특별자치도 원주시 명륜동 345 원주댄싱공연장,"170 Dangu-ro, Wonju-si, Gangwon-do",4679039522,원주댄싱공연장,4213010600103450000000001,033-670-2795,24261,https://tour.yangyang.go.kr,32,123,문화정보원,2024년 양양문화제,20240604,20240604
KCKRSPO23N000000417,관광명소,관광명소_지역명소,양양 송이&연어축제,,,,,,,,강원특별자치도 원주시 단구로 170 (명륜동),강원특별자치도 원주시 명륜동 345 원주댄싱공연장,"170 Dangu-ro, Wonju-si, Gangwon-do",4579025025,원주댄싱공연장,4213010600103450000000001,033-671-3803,25341,https://tour.yangyang.go.kr,32,123,문화정보원,"송이 및 연어 홍보부스, 부대행사",20240604,20240604
KCKRSPO23N000000418,관광명소,관광명소_지역명소,제천국제음악영화제,,충청북도,,제천시,,,431502239002,충청북도 제천시 의림대로12길 14-1,충청북도 제천시,,4513014400,,,043-646-2242,1678,http://www.jimff.org,37,128,문화정보원,음악영화제,20240604,20240604
KCKRSPO23N000000419,관광명소,관광명소_축제,제천의병제,43,충청북도,43150,제천시,4315010700,중앙로2가,431502239002,충청북도 제천시 의림대로 125 (중앙로2가),충청북도 제천시 중앙로2가 26-1 제천시민회관,"125 Uirim-daero, Jecheon-si, Chungcheongbuk-do",4219010200,제천시민회관,4315010700100260001032746,043-642-3646,56401,http://www.jecheoncc.or.kr,37,128,문화정보원,의병제,20240604,20240604
KCKRSPO23N000000420,관광명소,관광명소_지역명소,사하예술제,26,부산광역시,26380,사하구,2638010300,하단동,263804202091,부산광역시 사하구 낙동남로1233번길 25 (하단동),부산광역시 사하구 하단동 1151-14 을숙도 문화회관,"25 Nakdongnam-ro 1233beon-gil, Saha-gu, Busan",4519011100,을숙도 문화회관,2638010300111510014009967,051-220-4062,56455,https://www.saha.go.kr/tour/contents.do?mId=0202020000,35,128,문화정보원,전시+공연+체험프로그램+연계 행사 등,20240604,20240604
KCKRSPO23N000000421,관광명소,관광명소_지역명소,광양매화축제,46,전라남도,46230,광양시,4623010600,중동,462303285059,전라남도 광양시 시청로 33 (중동),전라남도 광양시 중동 1313 광양시청,"33 Sicheong-ro, Gwangyang-si, Jeollanam-do",4519038021,광양시청,4623010600113130000005676,061-797-2721,56402,http://www.gwangyang.go.kr/tour_culture,34,127,문화정보원,공연+경연+체험+전시+판매+부대행사,20240604,20240604
KCKRSPO23N000000422,관광명소,관광명소_축제,광양천년동백축제,46,전라남도,46230,광양시,4623032022,옥룡면 운평리,462303285031,전라남도 광양시 옥룡면 신재로 624,전라남도 광양시 옥룡면 운평리 262,"624 Sinjae-ro, Ongnyong-myeon, Gwangyang-si, Jeollanam-do",4219010200,,4623032022102620000029828,061-797-2603,24455,http://www.gwangyang.go.kr/tour_culture,35,127,문화정보원,공연+경연+체험+전시+판매+부대행사,20240604,20240604
KCKRSPO23N000000423,관광명소,관광명소_지역명소,백운산국사봉철쭉제,46,전라남도,46230,광양시,4623033024,옥곡면 신금리,462303285034,전라남도 광양시 옥곡면 옥진로 665-1,전라남도 광양시 옥곡면 신금리 1353-6 새마을금고,"665-1 Okjin-ro, Okgok-myeon, Gwangyang-si, Jeollanam-do",4519012200,새마을금고,4623033024113530006014429,061-797-4233,24264,http://www.gwangyang.go.kr/tour_culture,34,127,문화정보원,공연+경연+체험+전시+판매+부대행사,20240604,20240604
KCKRSPO23N000000424,관광명소,관광명소_지역명소,광양전어축제,46,전라남도,46230,광양시,4623035021,진월면 망덕리,462304655157,전라남도 광양시 진월면 망덕길 265,전라남도 광양시 진월면 망덕리 12-1 망덕마을회관,"265 Mangdeok-gil, Jinwol-myeon, Gwangyang-si, Jeollanam-do",4519012200,망덕마을회관,4623035021100120001016779,061-797-3679,24412,http://www.gwangyang.go.kr/tour_culture,34,127,문화정보원,공연+경연+체험+전시+판매+부대행사,20240604,20240604
KCKRSPO23N000000425,관광명소,관광명소_지역명소,광양숯불구이축제,46,전라남도,46230,광양시,4623025023,광양읍 칠성리,462304655072,전라남도 광양시 광양읍 남등길 6,전라남도 광양시 광양읍 칠성리 946 광양읍사무소,"6 Namdeung-gil, Gwangyang-eup, Gwangyang-si, Jeollanam-do",4519025036,광양읍사무소,4623025023109460000000001,061-797-4903,24226,http://www.gwangyang.go.kr/tour_culture,34,127,문화정보원,공연+경연+체험+전시+판매+부대행사,20240604,20240604
KCKRSPO23N000000426,관광명소,관광명소_지역명소,광양k-pop 슈퍼 페스티벌,46,전라남도,46230,광양시,4623025022,광양읍 구산리,462303283034,전라남도 광양시 광양읍 매천로 695-20,"전라남도 광양시 광양읍 구산리 299 공설운동장, 실내체육관","695-20 Maecheon-ro, Gwangyang-eup, Gwangyang-si, Jeollanam-do",4519012200,"공설운동장, 실내체육관",4623025022105360041035722,061-797-3714,24412,http://www.gwangyang.go.kr/tour_culture,34,127,문화정보원,공연+체험+부대행사,20240604,20240604
KCKRSPO23N000000427,관광명소,관광명소_지역명소,괴산대학찰옥수수축제,43,충청북도,43760,괴산군,4376025022,괴산읍 서부리,437603246025,충청북도 괴산군 괴산읍 임꺽정로 75,충청북도 괴산군 괴산읍 서부리 160 괴산게이트볼장,"75 Imkkeokjeong-ro, Goesan-eup, Goesan-gun, Chungcheongbuk-do",4580036021,괴산게이트볼장,4376025022101590002203637,043-830-3463,24399,,36,127,문화정보원,"옥수수체험 관련 온-오프라인 행사, 농특산물 판매 등",20240604,20240604
KCKRSPO23N000000428,관광명소,관광명소_지역명소,괴산고추축제,43,충청북도,43760,괴산군,4376025022,괴산읍 서부리,437603246025,충청북도 괴산군 괴산읍 임꺽정로 75,충청북도 괴산군 괴산읍 서부리 160 괴산게이트볼장,"75 Imkkeokjeong-ro, Goesan-eup, Goesan-gun, Chungcheongbuk-do",4580036000,괴산게이트볼장,4376025022101590002203637,043-830-3462,24464,,36,127,문화정보원,"고추관련 온-오프 행사, 고추 및 농특산물 판매 등",20240604,20240604
KCKRSPO23N000000429,관광명소,관광명소_축제,괴산김장축제,43,충청북도,43760,괴산군,4376025022,괴산읍 서부리,437603246025,충청북도 괴산군 괴산읍 임꺽정로 75,충청북도 괴산군 괴산읍 서부리 160 괴산게이트볼장,"75 Imkkeokjeong-ro, Goesan-eup, Goesan-gun, Chungcheongbuk-do",4219010200,괴산게이트볼장,4376025022101590002203637,043-830-3464,24264,,36,127,문화정보원,괴산절임배추 활용 김장체험 및 농특산물 판매 등,20240604,20240604
KCKRSPO23N000000430,관광명소,관광명소_지역명소,감물감자축제,43,충청북도,43760,괴산군,4376031026,감물면 광전리,437604538766,충청북도 괴산군 감물면 충민로신대길 13,충청북도 괴산군 감물면 광전리 90 감물면사무소,"13 Chungmin-ro sindae-gil, Gammul-myeon, Goesan-gun, Chungcheongbuk-do",4571035025,감물면사무소,4376031026100900000100086,043-830-2432,24239,,36,127,문화정보원,농특산물(감자) 홍보 및 지역홍보,20240604,20240604
KCKRSPO23N000000431,관광명소,관광명소_지역명소,괴산사랑축제,43,충청북도,43760,괴산군,4376025021,괴산읍 동부리,437604538578,충청북도 괴산군 괴산읍 읍내로15길 8-8,충청북도 괴산군 괴산읍 동부리 560-1,"8-8 Eumnae-ro 15-gil, Goesan-eup, Goesan-gun, Chungcheongbuk-do",4571025022,,4376025021105600001204605,043-830-2403,24327,,36,127,문화정보원,주민화합,20240604,20240604
KCKRSPO23N000000432,관광명소,관광명소_지역명소,목도 백중놀이 축제,43,충청북도,43760,괴산군,4376041021,불정면 목도리,437604538283,충청북도 괴산군 불정면 목도로2길 11,충청북도 괴산군 불정면 목도리 303-1 불정면주민센터,"11 Mokdo-ro 2-gil, Buljeong-myeon, Goesan-gun, Chungcheongbuk-do",4571025000,불정면주민센터,4376041021103030001000001,043-830-2621,24239,,36,127,문화정보원,목도 백중놀이 문화 체험 및 지역홍보,20240604,20240604
KCKRSPO23N000000433,관광명소,관광명소_지역명소,文美貪,51,강원특별자치도,51110,춘천시,5111010700,옥천동,421103218018,강원특별자치도 춘천시 서부대성로 71 (옥천동),강원특별자치도 춘천시 옥천동 73-2 춘천예술마당,"71 Seobudaeseong-ro, Chuncheon-si, Gangwon-do",4571025022,춘천예술마당,4211010700100730002002079,033-241-1856,24461,https://www.cccf.or.kr/Home/H40000/H40400/boardView?board_key=10209&search_type=1&search_keyword=E69687.E7BE8E.E8B2AA,37,127,문화정보원,가장 먼저 시들지 않는 꽃으로 봄을 알려 마음의 봄 향기를 넣어줄 전시,20240604,20240604
KCKRSPO23N000000434,관광명소,관광명소_지역명소,Your Body,51,강원특별자치도,51130,원주시,5113025027,문막읍 후용리,421304457303,강원특별자치도 원주시 문막읍 비야동길 11,강원특별자치도 원주시 문막읍 후용리 389 후용초등학교,"11 Biyadong-gil, Munmak-eup, Wonju-si, Gangwon-do",4571032022,후용초등학교,4213025027103730003027353,033-732-0827,11961,https://www.cccf.or.kr/Home/H40000/H40400/boardView?board_key=10202&search_type=1&search_keyword=Your+Body,37,127,문화정보원,전쟁으로 인한 트라우마를 가진 몸의 자우와 평화를 찾는 전쟁연작,20240604,20240604
KCKRSPO23N000000435,관광명소,관광명소_지역명소,마임프린지,51,강원특별자치도,51110,춘천시,5111011200,효자동,421103218037,강원특별자치도 춘천시 춘천로 112 (효자동),강원특별자치도 춘천시 효자동 531 축제극장몸짓,"112 Chuncheon-ro, Chuncheon-si, Gangwon-do",4571034025,축제극장몸짓,4211011200105310018000001,033-244-7556,11961,https://www.cccf.or.kr/Home/H40000/H40400/boardView?board_key=7624&search_type=1&search_keyword=EBA788EC9E84ED9484EBA6B0ECA780,37,127,문화정보원,신진예술가들의 자유로운 창작 공연,20240604,20240604
KCKRSPO23N000000436,관광명소,관광명소_지역명소,도봉산 산사축제,,,,,,,,서울특별시 도봉구 도봉로173가길 26 (도봉동),서울특별시 도봉구 도봉동 산70-4,"26 Dobong-ro 173ga-gil, Dobong-gu, Seoul",4571038023,,1132010800200700004018662,02-905-4026,41911,,37,127,문화정보원,"산사음악회, 영산재, 사찰음식전 등",20240604,20240604
KCKRSPO23N000000437,관광명소,관광명소_지역명소,도봉구민 건강축제,11,서울특별시,11320,도봉구,1132010600,방학동,113203109006,서울특별시 도봉구 마들로 656 (방학동),서울특별시 도봉구 방학동 720 도봉구청,"656 Madeul-ro, Dobong-gu, Seoul",4514040026,도봉구청,1132010600107200000004091,02-2091-4422,41911,,37,127,문화정보원,"도봉구민 걷기대회, 장애체험, 가상음주체험, 유방암검진, 신장초음파 검사, 건강관련 패널전시, 건강강좌 등",20240604,20240604
KCKRSPO23N000000438,관광명소,관광명소_축제,둔내고랭지토마토축제,51,강원특별자치도,51730,횡성군,5173033022,둔내면 둔방내리,427303000145,강원특별자치도 횡성군 둔내면 경강로 4708,강원특별자치도 횡성군 둔내면 둔방내리 58-11,"4708 Gyeonggang-ro, Dunnae-myeon, Hoengseong-gun, Gangwon-do",4219010200,,4273033022100580001000001,033-340-2774,41911,,37,128,문화정보원,토마토풀장+향토음식체험 등,20240604,20240604
KCKRSPO23N000000439,관광명소,관광명소_지역명소,횡성더덕축제,51,강원특별자치도,51730,횡성군,5173035024,청일면 유동리,427303226058,강원특별자치도 횡성군 청일면 유동로 17,강원특별자치도 횡성군 청일면 유동리 850-2 청일면사무소,"17 Yudong-ro, Cheongil-myeon, Hoengseong-gun, Gangwon-do",4572037022,청일면사무소,4273035024108500002031321,033-340-2832,41911,,37,128,문화정보원,더덕캐기체험+더덕품평회 등,20240604,20240604
KCKRSPO23N000000440,관광명소,관광명소_지역명소,안흥찐빵축제,51,강원특별자치도,51730,횡성군,5173032021,안흥면 안흥리,427303013031,강원특별자치도 횡성군 안흥면 주천강로 1868,강원특별자치도 횡성군 안흥면 안흥리 1063 모락모락찐빵관,"1868 Jucheongang-ro, Anheung-myeon, Hoengseong-gun, Gangwon-do",4572032024,모락모락찐빵관,4273032021110640002000001,033-340-2742,24336,,37,128,문화정보원,안흥찐빵 시식 및 홍보+농경문화 체험+먹거리장터운영 등,20240604,20240604
KCKRSPO23N000000441,관광명소,관광명소_지역명소,횡성한우축제,51,강원특별자치도,51730,횡성군,5173025023,횡성읍 북천리,427303226022,강원특별자치도 횡성군 횡성읍 문화체육로 57,강원특별자치도 횡성군 횡성읍 북천리 184-3 횡성실내체육관,"57 Munhwacheyuk-ro, Hoengseong-eup, Hoengseong-gun, Gangwon-do",4572039021,횡성실내체육관,4273025023101840000022949,033-340-5712,24412,http://www.happyhanwoofestival.com/,37,127,문화정보원,한우구이터+횡성한우 발전포럼+횡성빛축제 등,20240604,20240604
KCKRSPO23N000000442,관광명소,관광명소_지역명소,횡성호수길축제,51,,51730,,5173025000,횡성읍,,강원특별자치도 횡성군 횡성읍 갑천면 구방5길40,강원특별자치도 횡성군 횡성읍 40,,4572039000,,,033-340-2803,24239,,37,128,문화정보원,"호수길 걷기대회, 어린이 그림그리기대회, 스탬프 투어 등",20240604,20240604
KCKRSPO23N000000443,관광명소,관광명소_축제,횡성회다지소리축제,51,강원특별자치도,51730,횡성군,5173031025,우천면 정금리,427303226072,강원특별자치도 횡성군 우천면 정포로 37,강원특별자치도 횡성군 우천면 정금리 868-4,"37 Jeongpo-ro, Ucheon-myeon, Hoengseong-gun, Gangwon-do",4219010200,,4273031025108680004012372,033-343-3176,24438,,37,128,문화정보원,회다지 인형극+원형공개+공연,20240604,20240604
KCKRSPO23N000000444,관광명소,관광명소_지역명소,전국요트대회,46,전라남도,46780,보성군,4678039027,회천면 동율리,467804670305,전라남도 보성군 회천면 우암길 24,전라남도 보성군 회천면 동율리 678 율포해수녹차탕,"24 Uam-gil, Hoecheon-myeon, Boseong-gun, Jeollanam-do",4572040021,율포해수녹차탕,4678039027106780000503010,061-852-3258,24239,,34,127,문화정보원,2개종목 12개부(옵티미스트 10+토파즈 2),20240604,20240604
KCKRSPO23N000000445,관광명소,관광명소_축제,보성데일리콘서트 및 드론라이트쇼,46,전라남도,46780,보성군,4678025021,보성읍 보성리,467803290014,전라남도 보성군 보성읍 현충로 92-20,전라남도 보성군 보성읍 보성리 86-19,"92-20 Hyeonchung-ro, Boseong-eup, Boseong-gun, Jeollanam-do",4219010200,,4678025021100860001100165,061-850-5213,55514,,34,127,문화정보원,연령별·장르별 데일리콘서트 및 드론라이트쇼,20240604,20240604
KCKRSPO23N000000446,관광명소,관광명소_지역명소,양천구 해우리문화축제 <바람난 양천>,11,서울특별시,11470,양천구,1147010100,신정동,114703114003,서울특별시 양천구 목동서로 367 (신정동),서울특별시 양천구 신정동 322 양천문화회관,"367 Mokdongseo-ro, Yangcheon-gu, Seoul",5013011200,양천문화회관,1147010100103220000000844,02-2021-8906,8094,http://www.yfac.kr,37,126,문화정보원,각종 문화체험활동+시가 함께하는 콘서트+댄싱페스티벌,20240604,20240604
KCKRSPO23N000000447,관광명소,관광명소_지역명소,제1회 신정7동 갈산- 호돌이 축제,11,서울특별시,11470,양천구,1147010100,신정동,114703114001,"서울특별시 양천구 목동동로 50 (신정동, 목동신시가지아파트12단지)",서울특별시 양천구 신정동 326 목동신시가지아파트12단지,"50 Mokdongdong-ro, Yangcheon-gu, Seoul",5013010500,목동신시가지아파트12단지,1147010100103260000000084,02-2620-4305,63166,https://www.yangcheon.go.kr/dong/sinjeong07/main.do,37,126,문화정보원,자치회관프로그램발표+먹거리부스+체험부스+문화공연+플리마켓,20240604,20240604
KCKRSPO23N000000448,관광명소,관광명소_지역명소,도봉 과학축전,11,서울특별시,11320,도봉구,1132010600,방학동,113203109006,서울특별시 도봉구 마들로 656 (방학동),서울특별시 도봉구 방학동 720 도봉구청,"656 Madeul-ro, Dobong-gu, Seoul",5013010900,도봉구청,1132010600107200000004091,02-2091-2316,63277,http://science.dobong.go.kr,37,127,문화정보원,과학 체험· 전시·교육·이벤트 마당 등,20240604,20240604
KCKRSPO23N000000449,관광명소,관광명소_축제,도봉구 등축제,,,,,,,,서울특별시 도봉구 도봉로173가길 26 (도봉동),서울특별시 도봉구 도봉동 산70-4,"26 Dobong-ro 173ga-gil, Dobong-gu, Seoul",4219010200,,1132010800200700004018662,02-2091-2254,63124,,37,127,문화정보원,"둘리와 친구들과 어우러지는 범선, 동물친구들 등과 추석을 앞두고 있어 전통춤 시리즈로 구성하여 등 전시",20240604,20240604
KCKRSPO23N000000450,관광명소,관광명소_지역명소,순창장류축제,52,전북특별자치도,52770,순창군,5277025000,순창읍,457704634352,전북특별자치도 순창군 순창읍 민속마을길 6-3,전북특별자치도 순창군 순창읍 백산리 265-4,"6-3 Minsongmaeul-gil, Sunchang-eup, Sunchang-gun, Jeonbuk-do",5011011600,,4577025025002650004000326,063-652-9301,63357,http://www.jangfestival.co.kr,35,127,문화정보원,문화공연+장류체험+전시+판매+주민참여 프로그램 등,20240604,20240604
KCKRSPO23N000000451,관광명소,관광명소_지역명소,(코로나로 일정 미정)해미벚꽃축제,,,,,,,,강원특별자치도 춘천시 동내면 거두택지길44번길 7-19,강원특별자치도 춘천시 동내면 거두리 1123-6,"7-19 Geodutaekji-gil 44beon-gil, Dongnae-myeon, Chuncheon-si, Gangwon-do",5011013400,,4211039021111230006000001,041-660-3844,63622,https://www.seosan.go.kr/tour/index.do,32,123,문화정보원,벚꽃축제 및 공연,20240604,20240604
KCKRSPO23N000000452,관광명소,관광명소_축제,(코로나로 일정 미정)지곡 왕산포 서산갯마을축제,44,충청남도,44210,서산시,4421034025,지곡면 중왕리,442104562475,충청남도 서산시 지곡면 어름들2길 66,충청남도 서산시 지곡면 중왕리 196 중앙어촌계수산물간이집하장,"66 Eoreumdeul 2-gil, Jigok-myeon, Seosan-si, Chungcheongnam-do",4276035027,중앙어촌계수산물간이집하장,4421034025101960000010783,041-660-2069,63365,https://www.seosan.go.kr/tour/index.do,36,126,문화정보원,갯벌 바지락 캐기 체험 및 공연,20240604,20240604
KCKRSPO23N000000453,관광명소,관광명소_지역명소,류방택 별축제,44,충청남도,44210,서산시,4421031025,인지면 애정리,442103254051,충청남도 서산시 인지면 무학로 1353-4,충청남도 서산시 인지면 애정리 151-8,"1353-4 Muhak-ro, Inji-myeon, Seosan-si, Chungcheongnam-do",4425051000,,4421031025101510009000001,041-661-8009,63614,https://www.seosan.go.kr/tour/index.do,36,126,문화정보원,천문과학 관련 체험,20240604,20240604
KCKRSPO23N000000454,관광명소,관광명소_지역명소,연극 통일 익스프레스,51,강원특별자치도,51110,춘천시,5111011200,효자동,421103218037,강원특별자치도 춘천시 춘천로 112 (효자동),강원특별자치도 춘천시 효자동 531 축제극장몸짓,"112 Chuncheon-ro, Chuncheon-si, Gangwon-do",4425031021,축제극장몸짓,4211011200105310018000001,033-251-9363,63514,https://www.cccf.or.kr/Home/H40000/H40400/boardView?board_key=7532&search_type=1&search_keyword=ED86B5EC9DBC+EC9DB5EC8AA4ED9484EBA088EC8AA4,37,127,문화정보원,연극 통일 익스프레스,20240604,20240604
KCKRSPO23N000000455,관광명소,관광명소_지역명소,창작뮤지컬 흰 사과나무,51,강원특별자치도,51110,춘천시,5111010700,옥천동,421104454758,강원특별자치도 춘천시 한림대학길 1 (옥천동),강원특별자치도 춘천시 옥천동 1-1 한림대학교,"1 Hallymdaehak-gil, Chuncheon-si, Gangwon-do",4425031022,한림대학교,4211010700100010000002033,,63564,https://www.cccf.or.kr/Home/H40000/H40400/boardView?board_key=7527&search_type=1&search_keyword=ED9DB0+EC82ACEAB3BCEB8298EBACB4,37,127,문화정보원,창작뮤지컬 흰 사과나무,20240604,20240604
KCKRSPO23N000000456,관광명소,관광명소_지역명소,춘천아트페스티벌,51,강원특별자치도,51110,춘천시,5111012000,후평동,421104454675,"강원특별자치도 춘천시 춘천로281번길 15 (후평동, 크로바아파트)",강원특별자치도 춘천시 후평동 511-5 크로바아파트,"15 Chuncheon-ro 281beon-gil, Chuncheon-si, Gangwon-do",4425010100,크로바아파트,4211012000105110005032971,033-251-0545,8799,https://www.cccf.or.kr/Home/H40000/H40400/boardView?board_key=7575&search_type=1&search_keyword=ECB698ECB29CEC9584ED8AB8ED8E98EC8AA4ED8BB0EBB28C,37,127,문화정보원,춘천의 순수 공연에술 축제,20240604,20240604
KCKRSPO23N000000457,관광명소,관광명소_축제,2020춘천조각공공미술심포지엄,51,강원특별자치도,51110,춘천시,5111011500,소양로3가,421103218023,강원특별자치도 춘천시 소양로 77 (소양로3가),강원특별자치도 춘천시 소양로3가 128-1,"77 Soyang-ro, Chuncheon-si, Gangwon-do",4273035024,,4211011500101280001000001,,48305,https://www.cccf.or.kr/Home/H40000/H40400/boardView?board_key=7573,37,127,문화정보원,2020춘천조각(공공미술)심포지엄,20240604,20240604
KCKRSPO23N000000458,관광명소,관광명소_지역명소,슬기로운 협동생활,51,강원특별자치도,51110,춘천시,5111011200,효자동,421103218003,강원특별자치도 춘천시 공지로 255 (효자동),강원특별자치도 춘천시 효자동 303-14,"255 Gongji-ro, Chuncheon-si, Gangwon-do",4415010700,,4211011200103030014026324,033-910-0201,61755,https://www.cccf.or.kr/Home/H40000/H40400/boardView?board_key=7566&search_type=1&search_keyword=EC8AACEAB8B0EBA19CEC9AB4+ED9891EB8F99EC839DED999C,37,127,문화정보원,슬기로운 협동생활,20240604,20240604
KCKRSPO23N000000459,관광명소,관광명소_지역명소,강원문화재단요선시장 코로나땡 동그랑땡,51,강원특별자치도,51110,춘천시,5111011500,소양로3가,421103218004,강원특별자치도 춘천시 금강로 11 (소양로3가),강원특별자치도 춘천시 소양로3가 175-5 KT춘천지사,"11 Geumgang-ro, Chuncheon-si, Gangwon-do",4415039029,KT춘천지사,4211011500101750005014218,033-240-1347,24331,https://www.cccf.or.kr/Home/H40000/H40400/boardView?board_key=7586&search_type=1&search_keyword=EAB095EC9B90EBACB8ED9994EC9EACEB8BA85DEC9A94EC84A0EC8B9CEC9EA5+ECBD94EBA19CEB8298EB95A1+EB8F99EAB7B8EB9E91EB95A1,37,127,문화정보원,강원문화재단 요선시장 코로나땡 동그랑땡,20240604,20240604
KCKRSPO23N000000460,관광명소,관광명소_지역명소,제5회 인제가을꽃축제,,,,,,,,강원특별자치도 춘천시 스포츠타운길399번길 25 (삼천동),강원특별자치도 춘천시 삼천동 223-2 KT&amp;G상상마당 춘천아트센터,"25 Sports town-gil 399beon-gil, Chuncheon-si, Gangwon-do",4418011000,KT&amp;G상상마당 춘천아트센터,4211012500102230002012551,1577-8924,24264,https://www.inje.go.kr,32,123,문화정보원,가을꽃축제,20240604,20240604
KCKRSPO23N000000461,관광명소,관광명소_지역명소,치악산왕발걸음축제,51,강원특별자치도,51130,원주시,5113031021,소초면 평장리,421304457621,강원특별자치도 원주시 소초면 평장동길 86-16,강원특별자치도 원주시 소초면 평장리 823-1,"86-16 Pyeongjangdong-gil, Socho-myeon, Wonju-si, Gangwon-do",4476031026,,4213031021108230001000001,033-734-5966,24235,,37,128,문화정보원,걷기행사+작은음악회 등,20240604,20240604
KCKRSPO23N000000462,관광명소,관광명소_지역명소,제25회 원주한지문화제,51,강원특별자치도,51130,원주시,5113011500,무실동,421304457648,강원특별자치도 원주시 한지공원길 151 (무실동),강원특별자치도 원주시 무실동 16,"151 Hanjigongwon-gil, Wonju-si, Gangwon-do",4476025032,,4213011500100160000000001,033-734-4739,24235,www.hanjipark.com,37,127,문화정보원,기획전시+온라인체험 등,20240604,20240604
KCKRSPO23N000000463,관광명소,관광명소_지역명소,제16회 용수골꽃양귀비축제,51,강원특별자치도,51130,원주시,5113011500,무실동,421304457648,강원특별자치도 원주시 한지공원길 151 (무실동),강원특별자치도 원주시 무실동 16,"151 Hanjigongwon-gil, Wonju-si, Gangwon-do",4476039026,,4213011500100160000000001,033-764-4443,24357,,37,127,문화정보원,꽃밭관람+포토존 이용+기념품 판매 등,20240604,20240604
KCKRSPO23N000000464,관광명소,관광명소_지역명소,제21회 장미축제,51,강원특별자치도,51130,원주시,5113011000,단계동,421304457533,강원특별자치도 원주시 장미공원길 67-16 (단계동),강원특별자치도 원주시 단계동 853-3 단계메디컬센터,"67-16 Jangmigongwon-gil, Wonju-si, Gangwon-do",4421032033,단계메디컬센터,4213011000108530003000001,033-000-0000,24336,,37,127,문화정보원,장미가요제 등,20240604,20240604
KCKRSPO23N000000465,관광명소,관광명소_지역명소,제13회 남한강축제,51,강원특별자치도,51130,원주시,5113035021,부론면 법천리,421303238089,강원특별자치도 원주시 부론면 앙암로 1234,강원특별자치도 원주시 부론면 법천리 1575-1,"1234 Angam-ro, Buron-myeon, Wonju-si, Gangwon-do",4421031025,,4213035021115750001000001,033-737-5630,24235,,37,127,문화정보원,문화예술공연+노래자랑 등,20240604,20240604
KCKRSPO23N000000466,관광명소,관광명소_지역명소,치악산찰옥수수축제,,,,,,,,전북특별자치도 고창군 해리면 청해1길 15,전북특별자치도 고창군 해리면 하련리 628 해리면 복지회관,"15 Cheonghae 1-gil, Haeri-myeon, Gochang-gun, Jeonbuk-do",4481036026,해리면 복지회관,4579036021106280000000001,033-737-1164,24336,,32,123,문화정보원,지역 옥수수 판매 및 농특산물 직거래장터 운영 등,20240604,20240604
KCKRSPO23N000000467,관광명소,관광명소_지역명소,치악산복숭아축제,51,강원특별자치도,51130,원주시,5113010600,명륜동,421303219013,강원특별자치도 원주시 단구로 170 (명륜동),강원특별자치도 원주시 명륜동 345 원주댄싱공연장,"170 Dangu-ro, Wonju-si, Gangwon-do",4481035027,원주댄싱공연장,4213010600103450000000001,033-737-4131,24412,,37,127,문화정보원,지역 복숭아 판매+품평회+기타 등,20240604,20240604
KCKRSPO23N000000468,관광명소,관광명소_지역명소,2023 원주 댄싱카니발,51,강원특별자치도,51130,원주시,5113010600,명륜동,421303219013,강원특별자치도 원주시 단구로 170 (명륜동),강원특별자치도 원주시 명륜동 345 원주댄싱공연장,"170 Dangu-ro, Wonju-si, Gangwon-do",4413134026,원주댄싱공연장,4213010600103450000000001,033-737-5123,24336,,37,127,문화정보원,댄싱경연+문화예술공연+각종 체험 등,20240604,20240604
KCKRSPO23N000000469,관광명소,관광명소_지역명소,981데이 : 중력 구월,50,제주특별자치도,50110,제주시,5011025336,애월읍 어음리,501103349188,제주특별자치도 제주시 애월읍 천덕로 880-24,제주특별자치도 제주시 애월읍 어음리 3916 애월스마트테마파크,"880-24 Cheondeok-ro, Aewol-eup, Jeju-si, Jeju-do",4413111200,애월스마트테마파크,5011025336201310000000001,1883-9810,24461,blog.naver.com/981jeju/223208413445,33,126,문화정보원,중력으로 놀고 손 안에서 즐겨라,20240604,20240604
KCKRSPO23N000000470,관광명소,관광명소_지역명소,2023 하영올레 걷기 축제 & 걷기주간,50,제주특별자치도,50130,서귀포시,5013010600,서홍동,501303350347,제주특별자치도 서귀포시 중앙로 105 (서홍동),제주특별자치도 서귀포시 서홍동 440-1 서귀포시청,"105 Jungang-ro, Seogwipo-si, Jeju-do",4482534026,서귀포시청,5013010600104400001001705,064-760-3320,24264,www.jejusta.or.kr/pages.php?p=10_1_1_1,33,126,문화정보원,걷기주간(자유걷기) 걷기투어(테마투어) 걷기축제(메인축제),20240604,20240604
KCKRSPO23N000000471,관광명소,관광명소_지역명소,제19회 쇠소깍 축제,50,제주특별자치도,50130,서귀포시,5013010800,하효동,501303350171,제주특별자치도 서귀포시 쇠소깍로 128 (하효동),제주특별자치도 서귀포시 하효동 995,"128 Soesokkak-ro, Seogwipo-si, Jeju-do",4376025031,,5013010800109950000000443,064-760-4623,24336,www.seogwipo.go.kr/festivals/blacksand/index.htm,33,126,문화정보원,테우체험 어린이 사생대회 청소년 페스티벌 가요제 현장참여 이벤트 등,20240604,20240604
KCKRSPO23N000000472,관광명소,관광명소_지역명소,절물약수암 제6회 산사음악회,50,제주특별자치도,50110,제주시,5011011600,봉개동,501103349064,제주특별자치도 제주시 명림로 584 (봉개동),제주특별자치도 제주시 봉개동 산78-1 절물휴양림,"584 Myeongnim-ro, Jeju-si, Jeju-do",4376033025,절물휴양림,5011011600200780001055840,,24336,www.instagram.com/healinginjeju01/,33,126,문화정보원,64년 된 제주의 전통 사찰이자 도민은 물론 관광객들에게도 많은 사람을 받고 있는 절물자연휴양림 내 위치한 한국불교조계종 절물약수암에서 산사음악회를 개최한다,20240604,20240604
KCKRSPO23N000000473,관광명소,관광명소_축제,제2회 화북 포구문화제,50,제주특별자치도,50110,제주시,5011011100,화북일동,501104847299,제주특별자치도 제주시 금산5길 18 (화북일동),제주특별자치도 제주시 화북일동 4250-1,"18 Geumsan 5-gil, Jeju-si, Jeju-do",4282025025,,5011011100142500001054621,064-728-4681,24289,,33,126,문화정보원,보트타고 유적지 탐방 깅이잡기 고망낚시 예길따라 걸을락 체험프로그램(상설 부스 운영),20240604,20240604
KCKRSPO23N000000474,관광명소,관광명소_지역명소,2023성안올레걷기축제,50,제주특별자치도,50110,제주시,5011010100,일도일동,501104848778,제주특별자치도 제주시 중앙로3길 36 (일도일동),제주특별자치도 제주시 일도일동 1247,"36 Jungang-ro 3-gil, Jeju-si, Jeju-do",4372025036,,5011010100112470000038702,064-728-2752,24235,blog.naver.com/seonganolle,33,126,문화정보원,코스별걷기 문화공연 체험프로그램 등 참여자 모두가 함께 참여하고 즐길 수 있는 다양한 행사가 펼쳐질 예정이다,20240604,20240604
KCKRSPO23N000000475,관광명소,관광명소_지역명소,제28회 오리문화제,41,경기도,41210,광명시,4121010300,하안동,412103187054,경기도 광명시 철망산로 42 (하안동),경기도 광명시 하안동 683 광명문화원,"42 Cheolmangsan-ro, Gwangmyeong-si, Gyeonggi-do",4372032523,광명문화원,4121010300106830000011756,02-2618-5800,14245,www.gmcc.or.kr/,37,126,문화정보원,오리이원익 영우참배+토크콘서트+전시+체험마당+재현행사 등,20240604,20240604
KCKRSPO23N000000476,관광명소,관광명소_지역명소,제29회 오리문화제,41,경기도,41210,광명시,4121010300,하안동,412103187054,경기도 광명시 철망산로 42 (하안동),경기도 광명시 하안동 683 광명문화원,"42 Cheolmangsan-ro, Gwangmyeong-si, Gyeonggi-do",4374025027,광명문화원,4121010300106830000011756,02-2618-5800,32591,www.gmcc.or.kr/,37,126,문화정보원,오리이원익 영우참배+헌화식+오리이원익 청렴 토크콘서트 및 퀴즈대회+메타버스축제장에서 만남 오리 이원익 등,20240604,20240604
KCKRSPO23N000000477,관광명소,관광명소_축제,농악대축제,41,경기도,41210,광명시,4121010300,하안동,412103187054,경기도 광명시 철망산로 42 (하안동),경기도 광명시 하안동 683 광명문화원,"42 Cheolmangsan-ro, Gwangmyeong-si, Gyeonggi-do",4278025328,광명문화원,4121010300106830000011756,02-899-1664,32619,http://gmnongak.enterweb.co.kr/,37,126,문화정보원,전국학생농악경연대회(비대면)+개최공연 등,20240604,20240604
KCKRSPO23N000000478,관광명소,관광명소_지역명소,지식정보화시대 책이 밥 먹여 주는 시대,51,강원특별자치도,51110,춘천시,5111011200,효자동,421103218003,강원특별자치도 춘천시 공지로 255 (효자동),강원특별자치도 춘천시 효자동 303-14,"255 Gongji-ro, Chuncheon-si, Gangwon-do",4315031022,,4211011200103030014026324,033-252-6217,31797,https://www.cccf.or.kr/Home/H40000/H40400/boardView?board_key=10677&search_type=1&search_keyword=ECA780EC8B9DECA095EBB3B4ED9994EC8B9CEB8C803F+ECB185EC9DB4+EBB0A5+EBA8B9EC97AC+ECA3BCEB8A94+EC8B9CEB8C8021,37,127,문화정보원,아이들 독서 교육 강연,20240604,20240604
KCKRSPO23N000000479,관광명소,관광명소_지역명소,2021 강원도민 연극교실 금쪽같은 우리엄빠 참여자 모집,51,강원특별자치도,51110,춘천시,5111012300,퇴계동,421103218029,강원특별자치도 춘천시 안마산로 89 (퇴계동),강원특별자치도 춘천시 퇴계동 565-6,"89 Anmasan-ro, Chuncheon-si, Gangwon-do",4315033041,,4211012300200550000000001,033-255-0496,31700,https://www.cccf.or.kr/Home/H40000/H40400/boardView?board_key=10001&search_type=1&search_keyword=2021+EAB095EC9B90EB8F84EBAFBC+EC97B0EAB7B9EAB590,37,127,문화정보원,2021 강원도민 연극교실 금쪽같은 우리엄빠 참여자 모집,20240604,20240604
KCKRSPO23N000000480,관광명소,관광명소_지역명소,2021 정책아카데미 청년정책기획자 양성 과정 참여자 모집 안내,51,강원특별자치도,51110,춘천시,5111011900,사농동,421103218027,강원특별자치도 춘천시 신샘밭로 89 (사농동),강원특별자치도 춘천시 사농동 277-1 강원도청소년수련원,"89 Sinsaembat-ro, Chuncheon-si, Gangwon-do",4315032046,강원도청소년수련원,4211011900102770001005968,033-910-3120,24207,https://www.cccf.or.kr/Home/H40000/H40400/boardView?board_key=9991&search_type=1&search_keyword=2021+ECA095ECB185EC9584ECB9B4EB8DB0EBAFB8,37,127,문화정보원,2021 정책아카데미 청년정책기획자 양성 과정 참여자 모집 안내,20240604,20240604
KCKRSPO23N000000481,관광명소,관광명소_지역명소,창조성워크샵 creativity,51,강원특별자치도,51110,춘천시,5111012100,온의동,421103013022,강원특별자치도 춘천시 영서로 2299 (온의동),강원특별자치도 춘천시 온의동 152-8,"2299 Yeongseo-ro, Chuncheon-si, Gangwon-do",4374531023,,4211012100101520008019202,,31744,https://www.cccf.or.kr/Home/H40000/H40400/boardView?board_key=9965,37,127,문화정보원,창조성워크샵(creativity),20240604,20240604
KCKRSPO23N000000482,관광명소,관광명소_지역명소,재춘천인형극제_2021 콘텐츠 창의인재 동반 사업_공연예술의 저작권관련법,51,강원특별자치도,51110,춘천시,5111011900,사농동,421103013022,강원특별자치도 춘천시 영서로 3017 (사농동),강원특별자치도 춘천시 사농동 277-3 춘천인형극장,"3017 Yeongseo-ro, Chuncheon-si, Gangwon-do",4374525032,춘천인형극장,4211011900102770003012176,033-242-8452,58101,https://www.cccf.or.kr/Home/H40000/H40400/boardView?board_key=9961,37,127,문화정보원,공연예술의 저작권관련법,20240604,20240604
KCKRSPO23N000000483,관광명소,관광명소_지역명소,한국저작권위원회 2021년 11월 무료 온라인 교육 안내,48,경상남도,48170,진주시,4817013700,충무공동,481703350091,경상남도 진주시 충의로 19 (충무공동),경상남도 진주시 충무공동 227-2 한국토지주택공사,"19 Chungui-ro, Jinju-si, Gyeongsangnam-do",4374525032,한국토지주택공사,4817013700102270002000001,055-792-0228,58158,https://www.cccf.or.kr/Home/H40000/H40400/boardView?board_key=9959&search_type=1&search_keyword=ED959CEAB5ADECA080EC9E91EAB68CEC9C84EC9B90ED9A8C5D+2021EB8584+11EC9B94+EBACB4EBA38C+EC98A8EB9DBCEC9DB8+EAB590EC9CA1+EC9588EB82B4,35,128,문화정보원,2021년 한국저작권위원회 원격(온라인) 저작권 교육,20240604,20240604
KCKRSPO23N000000484,관광명소,관광명소_축제,2021 상상언더 청소년 교육생 모집밴드 댄스,,강원도,,춘천시,,,421103218033,강원도 춘천시 중앙로 38-5 다74-75,강원도 춘천시,,4279025023,,,033-250-4937,24272,https://www.cccf.or.kr/Home/H40000/H40400/boardView?board_key=9956,37,127,문화정보원,조운동 도시재생현장지원센터에서 중앙로 상상언더그라운드의 청소년 시설을 이용하여 청소년 문화활동 및 여가활동을 도모하기 위해 맞춤 교육프로그램을 운영하고자 합니다.,20240604,20240604
KCKRSPO23N000000485,관광명소,관광명소_지역명소,춘천인형극제 문화예술교육사 실습처 문화예술 장르의 결합과 현장실습,36,세종특별자치시,36110,갈매로,3611011000,어진동,361103258073,세종특별자치시 갈매로 388 정부세종청사 15동,세종특별자치시 세종시 어진동 650,,4313012800,,,033-242-8452,58103,https://www.cccf.or.kr/Home/H40000/H40400/boardView?board_key=9921&search_type=1&search_keyword=ECB698ECB29CEC9DB8ED9895EAB7B9ECA09C5D+EBACB8ED9994EC9888EC88A0EAB590EC9CA1EC82AC+EC8BA4EC8AB5ECB298+EBACB8ED9994EC9888EC88A0+EC9EA5EBA5B4EC9D98+EAB2B0ED9,36,127,문화정보원,문화예술교육사 실습처 문화예술 장르의 결합과 현장실습,20240604,20240604
KCKRSPO23N000000486,관광명소,관광명소_지역명소,2021 청년청 일자리 지원사업 글로벌기업취업JOB GO 시즌2 모집안내,51,강원특별자치도,51110,춘천시,5111011200,효자동,421103218003,강원특별자치도 춘천시 공지로 255 (효자동),강원특별자치도 춘천시 효자동 303-14,"255 Gongji-ro, Chuncheon-si, Gangwon-do",4313037033,,4211011200103030014026324,033-910-3120,57143,https://www.cccf.or.kr/Home/H40000/H40400/boardView?board_key=9920&search_type=1&search_keyword=2021+ECB2ADEB8584ECB2AD+EC9DBCEC9E90EBA6AC+ECA780EC9B90EC82ACEC97855D+EAB880EBA19CEBB28CEAB8B0EC9785ECB7A8EC9785JOB+GO21+EC8B9CECA68C2+EBAAA8ECA791EC9588E,37,127,문화정보원,2021년 청년들의을 위한 취업콘서트와 그룹멘토링,20240604,20240604
KCKRSPO23N000000487,관광명소,관광명소_지역명소,춘천시 청년청 청춘클라스 3차 네트워킹데이 춘천의 길 투어프로그램,51,강원특별자치도,51110,춘천시,5111011200,효자동,421103218003,강원특별자치도 춘천시 공지로 255 (효자동),강원특별자치도 춘천시 효자동 303-14,"255 Gongji-ro, Chuncheon-si, Gangwon-do",4313037034,,4211011200103030014026324,033-910-3107,57143,https://www.cccf.or.kr/Home/H40000/H40400/boardView?board_key=9914,37,127,문화정보원,춘천의 길_투어프로그램,20240604,20240604
KCKRSPO23N000000488,관광명소,관광명소_축제,홍라무와 함께하는 몸시 워크샵,51,강원특별자치도,51110,춘천시,5111012300,퇴계동,421103218045,강원특별자치도 춘천시 행촌로 35 (퇴계동),강원특별자치도 춘천시 퇴계동 890-4,"35 Haengchon-ro, Chuncheon-si, Gangwon-do",4223010600,,4211012300108900004000646,,4927,https://www.cccf.or.kr/Home/H40000/H40400/boardView?board_key=9889&search_type=1&search_keyword=ED998DEB9DBCEBACB4EC9980+ED95A8EABB98ED9598EB8A94+EBAAB8EC8B9C+EC9B8CED81ACEC83B5,37,127,문화정보원,홍라무와 함께하는 몸시 워크샵,20240604,20240604
KCKRSPO23N000000489,관광명소,관광명소_축제,한국관광공사 2021 공연관광 마케팅 아카데미_사전모집,51,강원특별자치도,51110,춘천시,5111010200,요선동,421103218033,강원도 춘천시 중앙로 16 무림빌딩,강원특별자치도 춘천시 요선동 4-9,,4223010600,,,02-766-6791,4905,https://www.cccf.or.kr/Home/H40000/H40400/boardView?board_key=9887&search_type=1&search_keyword=ED959CEAB5ADEAB480EAB491EAB3B5EC82AC5D+2021+EAB3B5EC97B0EAB480EAB491+EBA788ECBC80ED8C85+EC9584ECB9B4EB8DB0EBAFB8_EC82ACECA084EBAAA8ECA791,37,127,문화정보원,한국관광공사 2021 공연관광 마케팅 아카데미_사전모집,20240604,20240604
KCKRSPO23N000000490,관광명소,관광명소_축제,통합문화예술교육프로그램 나와 만나는 예술 속 몸 짓 손 짓,51,강원특별자치도,51110,춘천시,5111011900,사농동,421103013022,강원특별자치도 춘천시 영서로 3017 (사농동),강원특별자치도 춘천시 사농동 277-3 춘천인형극장,"3017 Yeongseo-ro, Chuncheon-si, Gangwon-do",4223010700,춘천인형극장,4211011900102770003012176,070-4633-5807,5006,https://www.cccf.or.kr/Home/H40000/H40400/boardView?board_key=7689&search_type=1&search_keyword=ED86B5ED95A9EBACB8ED9994EC9888EC88A0EAB590EC9CA1ED9484EBA19CEAB7B8EB9EA8,37,127,문화정보원,"통합문화예술교육프로그램 나와 만나는 예술 속 몸 짓, 손 짓",20240604,20240604
KCKRSPO23N000000491,관광명소,관광명소_축제,2021 강원도립극단 배우술훈련,51,강원특별자치도,51110,춘천시,5111012300,퇴계동,421103218029,강원특별자치도 춘천시 안마산로 89 (퇴계동),강원특별자치도 춘천시 퇴계동 565-6,"89 Anmasan-ro, Chuncheon-si, Gangwon-do",4215012100,,4211012300200550000000001,033-255-0496,5006,https://www.cccf.or.kr/Home/H40000/H40400/boardView?board_key=7686&search_type=1&search_keyword=2021+EAB095EC9B90EB8F84EBA6BDEAB7B9EB8BA8+EBB0B0EC9AB0EC88A0ED9B88EBA0A8,37,127,문화정보원,2021 강원도립극단 배우술훈련,20240604,20240604
KCKRSPO23N000000492,관광명소,관광명소_축제,달콤한 잠A Sweet Slumber,51,강원특별자치도,51110,춘천시,5111011200,효자동,421103218037,강원특별자치도 춘천시 춘천로 112 (효자동),강원특별자치도 춘천시 효자동 531 축제극장몸짓,"112 Chuncheon-ro, Chuncheon-si, Gangwon-do",4215010700,축제극장몸짓,4211011200105310018000001,,25332,https://www.cccf.or.kr/Home/H40000/H40400/boardView?board_key=7567,37,127,문화정보원,"달콤한 잠은 기억, 정육면체, 그리고 달콤한 잠. 이 세 작품을 통해 현대인들이 받아들이는 변형된 기억의 조각, 스스로를 옭아매는 마음, 그리고 또 다른 마음들의 움직임을 언어, 소리의 충돌",20240604,20240604
KCKRSPO23N000000493,관광명소,관광명소_축제,2020 강원민족예술한마당 끽해야 한판,51,강원특별자치도,51110,춘천시,5111012500,삼천동,421104454432,강원특별자치도 춘천시 수변공원길 18 (삼천동),강원특별자치도 춘천시 삼천동 469-15,"18 Subyeongongwon-gil, Chuncheon-si, Gangwon-do",4215010700,,4211012500100010000012679,033-252-8907,25341,https://www.cccf.or.kr/Home/H40000/H40400/boardView?board_key=7554&search_type=1&search_keyword=2020+EAB095EC9B90EBAFBCECA1B1EC9888EC88A0ED959CEBA788EB8BB9,37,127,문화정보원,"코로나19의 빠른 종식과 강원도민의 건강과 안녕을 기원하는 한마당, 우리 안의 신명으로 분단을 극복하고 평화통일의 시대를 염원하는 한마당",20240604,20240604
KCKRSPO23N000000494,관광명소,관광명소_축제,뮤지컬 루나틱,51,강원특별자치도,51110,춘천시,5111011200,효자동,421104454799,강원특별자치도 춘천시 효자상길5번길 13 (효자동),강원특별자치도 춘천시 효자동 산40-12 춘천문화예술회관,"13 Hyojasang-gil 5beon-gil, Chuncheon-si, Gangwon-do",4215010700,춘천문화예술회관,4211011200200400002028991,033-256-8246,25318,https://www.cccf.or.kr/Home/H40000/H40400/boardView?board_key=7553&search_type=1&search_keyword=EBAEA4ECA780ECBBAC+EBA3A8EB8298ED8BB1,37,127,문화정보원,뮤지컬 루나틱,20240604,20240604
KCKRSPO23N000000495,관광명소,관광명소_축제,2022링크전-○△□,51,강원특별자치도,51110,춘천시,5111012300,퇴계동,421103013022,강원특별자치도 춘천시 영서로 2260 (퇴계동),강원특별자치도 춘천시 퇴계동 633-2 남춘천역,"2260 Yeongseo-ro, Chuncheon-si, Gangwon-do",4280025021,남춘천역,4211012300106330002000001,033-252-0731,24368,https://www.cccf.or.kr/Home/H40000/H40400/boardView?board_key=10794,37,127,문화정보원,링크전은 소통과 연결을 화두로 삼아 해마다 주제를 달리하여 개최하는 전시,20240604,20240604
KCKRSPO23N000000496,관광명소,관광명소_축제,2022 서현종 개인전,51,강원특별자치도,51110,춘천시,5111031023,동면 장학리,421103218002,강원특별자치도 춘천시 동면 공단로 104,강원특별자치도 춘천시 동면 장학리 791-37,"104 Gongdan-ro, Dong-myeon, Chuncheon-si, Gangwon-do",4280025021,,4211031023107910037052930,,24210,https://www.cccf.or.kr/Home/H40000/H40400/boardView?board_key=10791&search_type=1&search_keyword=2022+EC849CED9884ECA285+EAB09CEC9DB8ECA084,37,127,문화정보원,2022 서현종의 11번째 개인전-그의 이야기속에 나오는 나무 한 그루展,20240604,20240604
KCKRSPO23N000000497,관광명소,관광명소_축제,제19회 겸로 이형제 개인전 봄내의 골목길-어제와 오늘,51,강원특별자치도,51110,춘천시,5111010700,옥천동,421103218018,강원특별자치도 춘천시 서부대성로 71 (옥천동),강원특별자치도 춘천시 옥천동 73-2 춘천예술마당,"71 Seobudaeseong-ro, Chuncheon-si, Gangwon-do",4275032527,춘천예술마당,4211010700100730002002079,033-241-1856,25377,https://www.cccf.or.kr/Home/H40000/H40400/boardView?board_key=10780&page=4,37,127,문화정보원,제19회 겸로 이형제 개인전 봄내의 골목길-어제와 오늘,20240604,20240604
KCKRSPO23N000000498,관광명소,관광명소_축제,강원대학교 산학협력단 K-Digital Training 제2기 교육생 모집,51,강원특별자치도,51110,춘천시,5111011200,효자동,421104454014,강원특별자치도 춘천시 강원대학길 1 (효자동),강원특별자치도 춘천시 효자동 192-1,"1 Kangwondaehak-gil, Chuncheon-si, Gangwon-do",4275025022,,4211012400103910001000012,033-250-8945,25315,https://www.cccf.or.kr/Home/H40000/H40400/boardView?board_key=10763,37,127,문화정보원,언리얼엔진 기반 메타버스 개발자 양성 과정 교육생 모집,20240604,20240604
KCKRSPO23N000000499,관광명소,관광명소_축제,자연과 영혼을 담은 구자근展,51,강원특별자치도,51110,춘천시,5111010700,옥천동,421103218018,강원특별자치도 춘천시 서부대성로 71 (옥천동),강원특별자치도 춘천시 옥천동 73-2 춘천예술마당,"71 Seobudaeseong-ro, Chuncheon-si, Gangwon-do",4213010600,춘천예술마당,4211010700100730002002079,033-241-1856,21676,https://www.cccf.or.kr/Home/H40000/H40400/boardView?board_key=10753&search_type=1&search_keyword=EC9E90EC97B0EAB3BC+EC9881ED98BCEC9D84+EB8BB4EC9D805D+EAB5ACEC9E90EAB7BCE5B195,37,127,문화정보원,자연과 영혼을 담은,20240604,20240604
KCKRSPO23N000000500,관광명소,관광명소_축제,한동국 현관문,51,강원특별자치도,51110,춘천시,5111039021,동내면 거두리,421104454027,강원특별자치도 춘천시 동내면 거두택지길44번길 7-19,강원특별자치도 춘천시 동내면 거두리 1123-6,"7-19 Geodutaekji-gil 44beon-gil, Dongnae-myeon, Chuncheon-si, Gangwon-do",4213010600,,4211039021111230006000001,070-8095-3899,3027,https://www.cccf.or.kr/Home/H40000/H40400/boardView?board_key=10752&search_type=1&search_keyword=ED959CEB8F99EAB5AD+3A+ED9884EAB480EBACB8,37,127,문화정보원,"개나리미술관에서 원주출신,한동국의 첫 개인전을 개최",20240604,20240604
KCKRSPO23N000000501,관광명소,관광명소_축제,2022 춘천학 학술대회 댐과 춘천의 미래,51,강원특별자치도,51110,춘천시,5111011200,효자동,421104454014,강원특별자치도 춘천시 강원대학길 1 (효자동),강원특별자치도 춘천시 효자동 192-1,"1 Kangwondaehak-gil, Chuncheon-si, Gangwon-do",4277025021,,4211012400103910001000012,033-244-5106,3027,https://www.cccf.or.kr/Home/H40000/H40400/boardView?board_key=10710&search_type=1&search_keyword=2022+ECB698ECB29CED9599+ED9599EC88A0EB8C80ED9A8C5D+EB8C90EAB3BC+ECB698ECB29CEC9D98+EBAFB8EB9E98,37,127,문화정보원,2022 춘천학 학술대회,20240604,20240604
KCKRSPO23N000000502,관광명소,관광명소_축제,할말하않 황효창展,51,강원특별자치도,51110,춘천시,5111039021,동내면 거두리,421104454027,강원특별자치도 춘천시 동내면 거두택지길44번길 7-19,강원특별자치도 춘천시 동내면 거두리 1123-6,"7-19 Geodutaekji-gil 44beon-gil, Dongnae-myeon, Chuncheon-si, Gangwon-do",4277025021,,4211039021111230006000001,070-8095-3899,3175,https://www.cccf.or.kr/Home/H40000/H40400/boardView?board_key=10703&search_type=1&search_keyword=ED95A0EBA790ED9598EC958A+3A+ED99A9ED9AA8ECB0BDE5B195,37,127,문화정보원,황효창 작가의 초대전,20240604,20240604
KCKRSPO23N000000503,관광명소,관광명소_축제,힘찬 제왕수탉_ 제왕수탉 힘찬울림 Coq-imperial Powerful sound,51,강원특별자치도,51110,춘천시,5111010700,옥천동,421103218018,강원특별자치도 춘천시 서부대성로 71 (옥천동),강원특별자치도 춘천시 옥천동 73-2 춘천예술마당,"71 Seobudaeseong-ro, Chuncheon-si, Gangwon-do",4211011200,춘천예술마당,4211010700100730002002079,033-241-1856,3152,https://www.cccf.or.kr/Home/H40000/H40400/boardView?board_key=10691,37,127,문화정보원,이승철 초대전 LegendLee Invitation Exhibit,20240604,20240604
KCKRSPO23N000000504,관광명소,관광명소_축제,유관선 사진전- 해빙,51,강원특별자치도,51110,춘천시,5111012300,퇴계동,421103013022,강원특별자치도 춘천시 영서로 2260 (퇴계동),강원특별자치도 춘천시 퇴계동 633-2 남춘천역,"2260 Yeongseo-ro, Chuncheon-si, Gangwon-do",4211011200,남춘천역,4211012300106330002000001,,3085,https://www.cccf.or.kr/Home/H40000/H40400/boardView?board_key=10505,37,127,문화정보원,2년간의 조사와 촬영시기를 체크하고 2주간의 변화되는 형상을 표현,20240604,20240604
KCKRSPO23N000000505,관광명소,관광명소_축제,길창인 개인전 - 회귀,51,강원특별자치도,51110,춘천시,5111011000,운교동,421103218004,강원특별자치도 춘천시 금강로 86 (운교동),강원특별자치도 춘천시 운교동 169,"86 Geumgang-ro, Chuncheon-si, Gangwon-do",4276038024,,4211011000101690000000001,,3152,https://www.cccf.or.kr/Home/H40000/H40400/boardView?board_key=10499&search_type=1&search_keyword=EAB8B8ECB0BDEC9DB8+EAB09CEC9DB8ECA084,37,127,문화정보원,길창인 개인전 회귀’,20240604,20240604
KCKRSPO23N000000506,관광명소,관광명소_축제,춘천여성미술작가회『만화방창』展,51,강원특별자치도,51110,춘천시,5111010700,옥천동,421103218018,강원특별자치도 춘천시 서부대성로 71 (옥천동),강원특별자치도 춘천시 옥천동 73-2 춘천예술마당,"71 Seobudaeseong-ro, Chuncheon-si, Gangwon-do",4276036021,춘천예술마당,4211010700100730002002079,,3084,https://www.cccf.or.kr/Home/H40000/H40400/boardView?board_key=10488&search_type=1&search_keyword=ECB698ECB29CEC97ACEC84B1EBAFB8EC88A0EC9E91EAB080ED9A8CE3808EEBA78CED9994EBB0A9ECB0BDE3808FE5B195,37,127,문화정보원,만화방창이라는 주제로 만물이 소생하듯 여성작가의 고뇌와 변화하는 모습을 다양한 작업 영역에서 작가들의 조형언어로 현대미술의 웅지를 펼치고자 한다.,20240604,20240604
KCKRSPO23N000000507,관광명소,관광명소_축제,제2회 춘천 국제 어린이 그림 교류전,51,강원특별자치도,51110,춘천시,5111010700,옥천동,421103218018,강원특별자치도 춘천시 서부대성로 71 (옥천동),강원특별자치도 춘천시 옥천동 73-2 춘천예술마당,"71 Seobudaeseong-ro, Chuncheon-si, Gangwon-do",4276036021,춘천예술마당,4211010700100730002002079,033-241-1856,3086,https://www.cccf.or.kr/Home/H40000/H40400/boardView?board_key=10487&search_type=1&search_keyword=ECA09C2ED9A8C+ECB698ECB29C+EAB5ADECA09C+EC96B4EBA6B0EC9DB4+EAB7B8EBA6BC+EAB590EBA598ECA084,37,127,문화정보원,본 전시는 춘천시 해외교류도시와의 미술작품 교류를 통해 문화교류의 장을 만드는 전시,20240604,20240604
KCKRSPO23N000000508,관광명소,관광명소_축제,애니메이션박물관 제17회 기획전 세상을 바꾼 불꽃 태일이,51,강원특별자치도,51110,춘천시,5111035021,서면 현암리,421103218011,강원도 춘천시 서면 박사로 854 애니메이션박물관,강원특별자치도 춘천시 서면 현암리 367-3,,4276036027,,,033-245-6470,3084,https://www.cccf.or.kr/Home/H40000/H40400/boardList?cate_id=&search_type=1&search_keyword=EC95A0EB8B88EBA994EC9DB4EC8598EBB095EBACBCEAB480+ECA09C17ED9A8C+EAB8B0ED9A8DECA084+5BEC84B8EC8381EC9D84+EBB094EABEBC+EBB688EABD832C+ED839CEC9DBCEC9DB45D,37,127,문화정보원,한국 노동현대사를 대표하는 전태일이 2021년 12월 장편 애니메이션으로 탄생했다.,20240604,20240604
KCKRSPO23N000000509,관광명소,관광명소_축제,개나리미술관 신진작가공모 선정작가전-최인엽,51,강원특별자치도,51110,춘천시,5111039021,동내면 거두리,421104454027,강원특별자치도 춘천시 동내면 거두택지길44번길 7-19,강원특별자치도 춘천시 동내면 거두리 1123-6,"7-19 Geodutaekji-gil 44beon-gil, Dongnae-myeon, Chuncheon-si, Gangwon-do",4276025025,,4211039021111230006000001,070-8095-3899,26464,https://www.cccf.or.kr/Home/H40000/H40400/boardView?board_key=10404,37,127,문화정보원,신진작가공모 선정작가전-최인엽,20240604,20240604
KCKRSPO23N000000510,관광명소,관광명소_축제,Re Birth - 다시 삶으로,51,강원특별자치도,51110,춘천시,5111010700,옥천동,421103218018,강원특별자치도 춘천시 서부대성로 71 (옥천동),강원특별자치도 춘천시 옥천동 73-2 춘천예술마당,"71 Seobudaeseong-ro, Chuncheon-si, Gangwon-do",4279025022,춘천예술마당,4211010700100730002002079,033-241-1856,24264,https://www.cccf.or.kr/Home/H40000/H40400/boardView?board_key=10383,37,127,문화정보원,Re Birth - 다시 삶으로 홍연화 첫번째 개인전,20240604,20240604
KCKRSPO23N000000511,관광명소,관광명소_축제,2022 KT&G 상상마당 춘천 아트갤러리 정기대관 공고,51,강원특별자치도,51110,춘천시,5111012500,삼천동,421104454446,강원도 춘천시 스포츠타운길399번길 25 어린이회관,강원특별자치도 춘천시 삼천동 223-2,,4279025023,,,070-7586-0550,24239,https://www.sangsangmadang.com/customer/notice/detail/5141,37,127,문화정보원,춘천 아트갤러리 정기대관 공고,20240604,20240604
KCKRSPO23N000000512,관광명소,관광명소_축제,만나고 싶었습니다 창작의 자극 그리고 예술로 환기,51,강원특별자치도,51110,춘천시,5111012200,교동,421104454762,강원특별자치도 춘천시 향교앞길 13-4 (교동),강원특별자치도 춘천시 교동 140,"13-4 Hyanggyoap-gil, Chuncheon-si, Gangwon-do",4273033022,,4211012200101400000008044,,50028,https://www.cccf.or.kr/Home/H40000/H40400/boardView?board_key=10234&search_type=1&search_keyword=EBA78CEB8298EAB3A0+EC8BB6EC9788EC8AB5EB8B88EB8BA4+E28093+ECB0BDEC9E91EC9D98+EC9E90EAB7B9+EAB7B8EBA6ACEAB3A0+EC9888EC88A0EBA19C+ED9998EAB8B0,37,127,문화정보원,코로나19로 예술적 활동의 위축과 교류의 단절로 가라앉은 작가들의 창작 동기를 일깨워 그 동기부여의 방법을 작가마다 나름의 방식대로 찾아보고 그 결과물을 일반 대중과 함께 나누는 예술로 환기하기 프로젝트,20240604,20240604
KCKRSPO23N000000513,관광명소,관광명소_축제,대관령눈꽃축제,51,강원특별자치도,51760,평창군,5176038024,대관령면 횡계리,427604484177,강원특별자치도 평창군 대관령면 사부랑길 224-2,강원특별자치도 평창군 대관령면 횡계리 산302,"224-2 Saburang-gil, Daegwallyeong-myeon, Pyeongchang-gun, Gangwon-do",4273032021,,4276038024105500000012392,033-335-3995,24264,http://www.snowfestival.net,37,128,문화정보원,눈조각전시+눈썰매체험,20240604,20240604
KCKRSPO23N000000514,관광명소,관광명소_축제,2023 노원달빛산책,11,,11350,,1135010500,상계동,,서울특별시 노원구 상계동 683-1,서울특별시 노원구 상계동 683-1,,4273025023,,,,24239,,37,127,문화정보원,"등,빛 작품 전시",20240604,20240604
KCKRSPO23N000000515,관광명소,관광명소_축제,고창갯벌축제,52,전북특별자치도,52790,고창군,5279039024,심원면 만돌리,457903279044,전북특별자치도 고창군 심원면 애향갯벌로 320,전북특별자치도 고창군 심원면 만돌리 960-27 갯벌체험학습장,"320 Aehyanggaetbeol-ro, Simwon-myeon, Gochang-gun, Jeonbuk-do",4273025023,갯벌체험학습장,4579039024109600027024481,063-560-2632,24368,http://www.gochang.go.kr/tour/,35,126,문화정보원,개막행사+갯벌체험+풍천장어잡기+해양치유프로그램+공연문화행사 등,20240604,20240604
KCKRSPO23N000000516,관광명소,관광명소_축제,무장읍성축제,52,전북특별자치도,52790,고창군,5279033022,무장면 성내리,457904637285,전북특별자치도 고창군 무장면 무장읍성길 45,전북특별자치도 고창군 무장면 성내리 156 무장읍성,"45 Mujangeupseong-gil, Mujang-myeon, Gochang-gun, Jeonbuk-do",4159061000,무장읍성,4579033022101500000013820,063-560-2949,24336,http://www.gochang.go.kr/tour/,35,126,문화정보원,고유제(진무제)+현감부임 행사+떡메치기 등,20240604,20240604
KCKRSPO23N000000517,관광명소,관광명소_축제,고창해풍고추축제,52,전북특별자치도,52790,고창군,5279036021,해리면 하련리,457904637840,전북특별자치도 고창군 해리면 청해1길 15,전북특별자치도 고창군 해리면 하련리 628 해리면 복지회관,"15 Cheonghae 1-gil, Haeri-myeon, Gochang-gun, Jeonbuk-do",4183041000,해리면 복지회관,4579036021106280000000001,063-560-2695,24264,http://www.gochang.go.kr/tour/,35,126,문화정보원,기념식+고추품평회+공연+전시판매+고추관련체험 등,20240604,20240604
KCKRSPO23N000000518,관광명소,관광명소_축제,강원도립극단 우리가족 본격 소통 공감 연극 놀이터 금쪽같은 우리 엄빠,51,강원특별자치도,51110,춘천시,5111012300,퇴계동,421103218029,강원특별자치도 춘천시 안마산로 89 (퇴계동),강원특별자치도 춘천시 퇴계동 565-6,"89 Anmasan-ro, Chuncheon-si, Gangwon-do",4157025300,,4211012300200550000000001,033-255-0496,24239,https://www.cccf.or.kr/Home/H40000/H40400/boardView?board_key=10583&search_type=1&search_keyword=EAB095EC9B90EB8F84EBA6BDEAB7B9EB8BA85D+EC9AB0EBA6ACEAB080ECA1B1+EBB3B8EAB2A9,37,127,문화정보원,가족을 주제로 참여자 모두가 역할을 갖고 가족과 함께 공감할 수 있는 이야기를 나누는 참여형 프로그램,20240604,20240604
KCKRSPO23N000000519,관광명소,관광명소_축제,자연이 주는 선물_신동필 사진전,51,강원특별자치도,51110,춘천시,5111010700,옥천동,421103218018,강원특별자치도 춘천시 서부대성로 71 (옥천동),강원특별자치도 춘천시 옥천동 73-2 춘천예술마당,"71 Seobudaeseong-ro, Chuncheon-si, Gangwon-do",4157034000,춘천예술마당,4211010700100730002002079,033-241-1856,24252,https://www.cccf.or.kr/Home/H40000/H40400/boardView?board_key=10578&search_type=1&search_keyword=EC9E90EC97B0EC9DB4+ECA3BCEB8A94+EC84A0EBACBC_EC8BA0EB8F99ED9584+EC82ACECA784ECA084,37,127,문화정보원,신동필 사진전,20240604,20240604
KCKRSPO23N000000520,관광명소,관광명소_축제,가정식 백반 맛있게 먹는 법,51,강원특별자치도,51110,춘천시,5111033024,신동면 증리,421104454740,강원특별자치도 춘천시 신동면 풍류1길 34,강원특별자치도 춘천시 신동면 증리 901,"34 Pungnyu 1-gil, Sindong-myeon, Chuncheon-si, Gangwon-do",4157025300,,4211033024109010000000001,033-263-7222,24412,https://www.cccf.or.kr/Home/H40000/H40400/boardView?board_key=10571&search_type=1&search_keyword=EAB080ECA095EC8B9D+EBB0B1EBB098+EBA79BEC9E88EAB28C+EBA8B9EB8A94+EBB295,37,127,문화정보원,"(사)문화프로덕션도모의 초연작, 가정식 백반 맛있게 먹는 법 도모만의 색깔로 재해석한 농도깊은 2인극",20240604,20240604
KCKRSPO23N000000521,관광명소,관광명소_축제,2022 도시재생 청소년 메이커스쿨,51,강원특별자치도,51110,춘천시,5111011800,우두동,421104454701,강원특별자치도 춘천시 충열로67번길 7-1 (우두동),강원특별자치도 춘천시 우두동 711-8,"7-1 Chungyeol-ro 67beon-gil, Chuncheon-si, Gangwon-do",4122051000,,4211011800107110008000001,033-256-5401,24239,https://www.cccf.or.kr/Home/H40000/H40400/boardView?board_key=10655&cate_id=14&search_type=1,37,127,문화정보원,4가지 프로그램을 통해 청소년의 시선으로 50호 마을을 바라보고 각각의 방식으로 표현하는 체험 프로그램,20240604,20240604
KCKRSPO23N000000522,관광명소,관광명소_축제,연극 소낙비처우,51,강원특별자치도,51110,춘천시,5111033024,신동면 증리,421104454740,강원특별자치도 춘천시 신동면 풍류1길 34,강원특별자치도 춘천시 신동면 증리 901,"34 Pungnyu 1-gil, Sindong-myeon, Chuncheon-si, Gangwon-do",4122060000,,4211033024109010000000001,033-263-7222,24399,https://www.cccf.or.kr/Home/H40000/H40400/boardView?board_key=10649,37,127,문화정보원,"김유정 프로젝트의 두번째 공연, 소낙비 처우(凄雨)",20240604,20240604
KCKRSPO23N000000523,관광명소,관광명소_축제,무하 MOOHA SPACE OF YANGYANG,51,강원특별자치도,51110,춘천시,5111039021,동내면 거두리,421104454027,강원특별자치도 춘천시 동내면 거두택지길44번길 7-19,강원특별자치도 춘천시 동내면 거두리 1123-6,"7-19 Geodutaekji-gil 44beon-gil, Dongnae-myeon, Chuncheon-si, Gangwon-do",4159057000,,4211039021111230006000001,070-8095-3899,24264,https://www.cccf.or.kr/Home/H40000/H40400/boardView?board_key=10642,37,127,문화정보원,동해바다가 보이는 양양에서 온 작가 무하의 개인전을 개최,20240604,20240604
KCKRSPO23N000000524,관광명소,관광명소_축제,Connect musical,51,강원특별자치도,51110,춘천시,5111040029,남산면 백양리,421104454304,강원특별자치도 춘천시 남산면 북한강변길 688,강원특별자치도 춘천시 남산면 백양리 29-1 엘리시안 강촌,"688 Bukhangangbyeon-gil, Namsan-myeon, Chuncheon-si, Gangwon-do",4113158000,엘리시안 강촌,4211040029100290001037053,02-2154-8412,24336,https://www.cccf.or.kr/Home/H40000/H40400/boardView?board_key=10635,37,127,문화정보원,"지구를 구해줘-분리수거편, 삼양동화",20240604,20240604
KCKRSPO23N000000525,관광명소,관광명소_축제,제2회 春川共感展_춘천공감전,51,강원특별자치도,51110,춘천시,5111010700,옥천동,421103218018,강원특별자치도 춘천시 서부대성로 71 (옥천동),강원특별자치도 춘천시 옥천동 73-2 춘천예술마당,"71 Seobudaeseong-ro, Chuncheon-si, Gangwon-do",4128112600,춘천예술마당,4211010700100730002002079,033-241-1856,50603,https://www.cccf.or.kr/Home/H40000/H40400/boardView?board_key=10632,37,127,문화정보원,회원들과 조합원이 함께 소통의 기회를 갖고자 회원 작가님들을 초대,20240604,20240604
KCKRSPO23N000000526,관광명소,관광명소_축제,2022 춘천예술문화축제,51,강원특별자치도,51110,춘천시,5111012500,삼천동,421104454446,강원특별자치도 춘천시 스포츠타운길399번길 25 (삼천동),강원특별자치도 춘천시 삼천동 223-2 KT&amp;G상상마당 춘천아트센터,"25 Sports town-gil 399beon-gil, Chuncheon-si, Gangwon-do",4128510400,KT&amp;G상상마당 춘천아트센터,4211012500102230002012551,033-251-8907,11961,https://www.cccf.or.kr/Home/H40000/H40400/boardView?board_key=10629,37,127,문화정보원,국내외에서 활동하는 젊은 성악가들초청공연 한여름밤의 아리아,20240604,20240604
KCKRSPO23N000000527,관광명소,관광명소_축제,시민과 함께하는 라이브러리 치유 콘서트,51,강원특별자치도,51110,춘천시,5111012400,석사동,421103218031,강원특별자치도 춘천시 우석로 100 (석사동),강원특별자치도 춘천시 석사동 산32-1 춘천시립도서관,"100 Useok-ro, Chuncheon-si, Gangwon-do",4121010200,춘천시립도서관,4211012400200320001000001,,11961,https://www.cccf.or.kr/Home/H40000/H40400/boardView?board_key=10625,37,127,문화정보원,"클래식의 기본을 유지하면서도 남녀노소, 시민 누구나 즐기고 좋아할 수 있는 음악을 연주. 현악, 목관, 금관, 타악을 갖춘 대편성의 시민오케스트라로서 다양한 연주를 함.",20240604,20240604
KCKRSPO23N000000528,관광명소,관광명소_축제,2022 춘천오페라페스티발 카르멘,51,강원특별자치도,51110,춘천시,5111012500,삼천동,421104454446,강원특별자치도 춘천시 스포츠타운길399번길 25 (삼천동),강원특별자치도 춘천시 삼천동 223-2 KT&amp;G상상마당 춘천아트센터,"25 Sports town-gil 399beon-gil, Chuncheon-si, Gangwon-do",4113310400,KT&amp;G상상마당 춘천아트센터,4211012500102230002012551,,11961,https://www.cccf.or.kr/Home/H40000/H40400/boardView?board_key=10624,37,127,문화정보원,"우크라이나 하르키우 오페라극장 등 프랑스, 스페인 등 유럽에서 왕성하게 활동하던 중 전쟁으로 어려움을 겪다 딸과 어머니와 함께 체코에 난민 자격으로 체류 중인 내용",20240604,20240604
KCKRSPO23N000000529,관광명소,관광명소_축제,2022 강원콘텐츠코리아랩 창작공모전,51,강원특별자치도,51110,춘천시,5111035021,서면 현암리,421103218011,강원특별자치도 춘천시 서면 박사로 854,강원특별자치도 춘천시 서면 현암리 367-3 강원정보문화진흥원,"854 Baksa-ro, Seo-myeon, Chuncheon-si, Gangwon-do",4113310100,강원정보문화진흥원,4211035021103670000057666,033-245-6994,11961,https://www.cccf.or.kr/Home/H40000/H40400/boardView?board_key=10391&search_type=1&search_keyword=2022+EAB095EC9B90ECBD98ED8590ECB8A0ECBD94EBA6ACEC9584EB9EA9+ECB0BDEC9E91EAB3B5EBAAA8ECA084,37,127,문화정보원,"강원도민, 강원도 소재 재학생 및 직장인",20240604,20240604
KCKRSPO23N000000530,관광명소,관광명소_축제,2023 구리 유채꽃 한강예술제,41,경기도,41310,구리시,4131010700,토평동,413104854856,경기도 구리시 코스모스길14번길 249 (토평동),경기도 구리시 토평동 810,"249 Cosmos-gil 14beon-gil, Guri-si, Gyeonggi-do",4111512300,,4131010700108100000000001,031-550-2065,11961,http://www.guri.go.kr,37,127,문화정보원,무대공연+체험부스운영+먹거리 체험+꽃 관람,20240604,20240604
KCKRSPO23N000000531,관광명소,관광명소_축제,2023 구리 코스모스 한강예술제,41,경기도,41310,구리시,4131010700,토평동,413104854856,경기도 구리시 코스모스길14번길 249 (토평동),경기도 구리시 토평동 810,"249 Cosmos-gil 14beon-gil, Guri-si, Gyeonggi-do",4111512300,,4131010700108100000000001,031-550-2065,28063,http://www.guri.go.kr,37,127,문화정보원,무대공연+체험부스운영+먹거리 체험+꽃 관람,20240604,20240604
KCKRSPO23N000000532,관광명소,관광명소_축제,제46회 대구약령시한방문화축제,27,대구광역시,27110,중구,2711010100,동인동1가,271103007017,대구광역시 중구 공평로 88 (동인동1가),대구광역시 중구 동인동1가 2-1 대구광역시 동인청사,"88 Gongpyeong-ro, Jung-gu, Daegu",4111512300,대구광역시 동인청사,2711010100100010000009433,053-253-4729,28045,http://www.daegu.go.kr/,35,128,문화정보원,"개막식, 고유제, 한방 관련 전시체험 및 공연 등",20240604,20240604
KCKRSPO23N000000533,관광명소,관광명소_축제,파워풀대구페스티벌,27,대구광역시,27110,중구,2711010100,동인동1가,271103007017,대구광역시 중구 공평로 88 (동인동1가),대구광역시 중구 동인동1가 2-1 대구광역시 동인청사,"88 Gongpyeong-ro, Jung-gu, Daegu",4111512300,대구광역시 동인청사,2711010100100010000009433,053-651-5028,28056,http://www.daegu.go.kr/,35,128,문화정보원,"퍼레이드, 거리예술제, 시민문화제, 부대행사 등",20240604,20240604
KCKRSPO23N000000534,관광명소,관광명소_축제,대구생활문화제,27,대구광역시,27110,중구,2711010100,동인동1가,271103007017,대구광역시 중구 공평로 88 (동인동1가),대구광역시 중구 동인동1가 2-1 대구광역시 동인청사,"88 Gongpyeong-ro, Jung-gu, Daegu",4127110400,대구광역시 동인청사,2711010100100010000009433,053-430-1200,14259,http://www.daegu.go.kr/,35,128,문화정보원,"생활문화동호인 공연, 전시, 체험행사 및 생활문화 홍보 등",20240604,20240604
KCKRSPO23N000000535,관광명소,관광명소_축제,형형색색 달구벌 관등놀이,27,대구광역시,27110,중구,2711010100,동인동1가,271103007017,대구광역시 중구 공평로 88 (동인동1가),대구광역시 중구 동인동1가 2-1 대구광역시 동인청사,"88 Gongpyeong-ro, Jung-gu, Daegu",4117110100,대구광역시 동인청사,2711010100100010000009433,053-623-6388,14259,http://www.daegu.go.kr/,35,128,문화정보원,부처님 오신날 기념 연등행렬,20240604,20240604
KCKRSPO23N000000536,관광명소,관광명소_축제,어린이 창작무용극 갓깨비,51,강원특별자치도,51110,춘천시,5111011200,효자동,421103218037,강원특별자치도 춘천시 춘천로 112 (효자동),강원특별자치도 춘천시 효자동 531 축제극장몸짓,"112 Chuncheon-ro, Chuncheon-si, Gangwon-do",4117110200,축제극장몸짓,4211011200105310018000001,,14234,https://www.cccf.or.kr/Home/H40000/H40400/boardView?board_key=10559&search_type=1&search_keyword=EC96B4EBA6B0EC9DB4+ECB0BDEC9E91EBACB4EC9AA9EAB7B9,37,127,문화정보원,어린이들을 위한 창작 무용극,20240604,20240604
KCKRSPO23N000000537,관광명소,관광명소_축제,2022 실레페스트Sille Fest 강원 국제 아마추어 연극제,51,강원특별자치도,51110,춘천시,5111033024,신동면 증리,421104454740,강원특별자치도 춘천시 신동면 풍류1길 34,강원특별자치도 춘천시 신동면 증리 901,"34 Pungnyu 1-gil, Sindong-myeon, Chuncheon-si, Gangwon-do",4146110300,,4211033024109010000000001,033-263-7222,14240,https://www.cccf.or.kr/Home/H40000/H40400/boardView?board_key=10531&search_type=1&search_keyword=2022+EC8BA4EBA088ED8E98EC8AA4ED8AB8,37,127,문화정보원,"아마추어 연극인들의 무대,다채로운 연극제",20240604,20240604
KCKRSPO23N000000538,관광명소,관광명소_축제,영서기획- Work&Art Balance,51,강원특별자치도,51110,춘천시,5111012500,삼천동,421104454446,강원특별자치도 춘천시 스포츠타운길399번길 25 (삼천동),강원특별자치도 춘천시 삼천동 223-2 KT&amp;G상상마당 춘천아트센터,"25 Sports town-gil 399beon-gil, Chuncheon-si, Gangwon-do",4146110300,KT&amp;G상상마당 춘천아트센터,4211012500102230002012551,,14260,https://www.cccf.or.kr/Home/H40000/H40400/boardView?board_key=10517&search_type=1&search_keyword=EC9881EC849CEAB8B0ED9A8D,37,127,문화정보원,미디어아트 기획전,20240604,20240604
KCKRSPO23N000000539,관광명소,관광명소_축제,still a cat,51,강원특별자치도,51110,춘천시,5111012100,온의동,421103218029,강원특별자치도 춘천시 안마산로 21 (온의동),강원특별자치도 춘천시 온의동 548-10,"21 Anmasan-ro, Chuncheon-si, Gangwon-do",4146110300,,4211012100105480010018961,,14234,https://www.cccf.or.kr/Home/H40000/H40400/boardView?board_key=10516&search_type=1&search_keyword=stil,37,127,문화정보원,이수현 작가와 홍현지 작가의 길고양이 보호 및 구조를 지지하기 위한 고양이’ 전시,20240604,20240604
KCKRSPO23N000000540,관광명소,관광명소_축제,한선주展_Dearest Yoricke 친애하는 요릭에게,51,강원특별자치도,51110,춘천시,5111012500,삼천동,421104454446,강원도 춘천시 스포츠타운길399번길 25 어린이회관,강원특별자치도 춘천시 삼천동 223-2,,4146110300,,,070-7586-0550,14240,https://www.cccf.or.kr/Home/H40000/H40400/boardView?board_key=10619&search_type=1&search_keyword=ED959CEC84A0ECA3BCE5B195_Dearest+Yoricke+3A+ECB99CEC95A0ED9598EB8A94+EC9A94EBA6ADEC9790EAB28C,37,127,문화정보원,"생명의 유한성, 유한의 슬픔이라는 테마 아래 기획한 전시이며, 죽음[요릭]과의 서신을 통해 밝혀지는 삶이라는 진리’에 관한 이야기다. 전시는 문학적 상상력 속에서 오브제와 회화작품의 병치로 연출되며, 1장 밤의 서신(lettre de la nuit)과 2장 새벽의 서신(lettre de l’aube)으로 나뉘어 각각 아트갤러리 1과 아트갤러리 2에서 진행된다.",20240604,20240604
KCKRSPO23N000000541,관광명소,관광명소_축제,제27회 무주반딧불축제,52,전북특별자치도,52730,무주군,5273025022,무주읍 당산리,457303275053,전북특별자치도 무주군 무주읍 한풍루로 326-14,전북특별자치도 무주군 무주읍 당산리 1118 등나무운동장,"326-14 Hanpungnu-ro, Muju-eup, Muju-gun, Jeonbuk-do",4129010700,등나무운동장,4573025022111180000000001,063-320-2537,14245,http://firefly.or.kr/index2.sgk,36,127,문화정보원,환경탐사+체험 판매 등 상설행사+문화예술행사,20240604,20240604
KCKRSPO23N000000542,관광명소,관광명소_축제,제39회 단양소백산철죽제,,,,,,,,서울특별시 종로구 사직로 89 (사직동),서울특별시 종로구 사직동 1-28,"89 Sajik-ro, Jongno-gu, Seoul",4121010400,,1111011500100010028027291,043-420-2552,14234,https://www.danyang.go.kr/sobaeksan/,32,123,문화정보원,제39회 단양소백산철죽제,20240604,20240604
KCKRSPO23N000000543,관광명소,관광명소_축제,탐라국 입춘굿,50,제주특별자치도,50110,제주시,5011010600,삼도이동,501103349016,제주특별자치도 제주시 관덕로 19 (삼도이동),제주특별자치도 제주시 삼도이동 983-1 관덕정,"19 Gwandeok-ro, Jeju-si, Jeju-do",4121010300,관덕정,5011010600109830001062980,,28105,,33,126,문화정보원,입춘굿+거리굿+춘경문굿+소원지 쓰기 등,20240604,20240604
KCKRSPO23N000000544,관광명소,관광명소_축제,거리예술제,50,제주특별자치도,50110,제주시,5011010100,일도일동,501104847158,제주특별자치도 제주시 관덕로11길 6 (일도일동),제주특별자치도 제주시 일도일동 1355-4,"6 Gwandeok-ro 11-gil, Jeju-si, Jeju-do",4121010300,,5011010100113550004032266,,28148,,33,126,문화정보원,음악+댄스+마술 등,20240604,20240604
KCKRSPO23N000000545,관광명소,관광명소_축제,거리예술제,50,제주특별자치도,50110,제주시,5011013700,연동,501104848086,제주특별자치도 제주시 신대로12길 52 (연동),제주특별자치도 제주시 연동 272-31,"52 Sindae-ro 12-gil, Jeju-si, Jeju-do",4121010300,,5011013700102720031000001,,27447,,33,126,문화정보원,음악+댄스+마술 등,20240604,20240604
KCKRSPO23N000000546,관광명소,관광명소_축제,제27회 제주국제관광마라톤축제,50,제주특별자치도,50110,제주시,5011025634,구좌읍 김녕리,501103349030,제주특별자치도 제주시 구좌읍 김녕로 209,제주특별자치도 제주시 구좌읍 김녕리 497-1,"209 Gimnyeong-ro, Gujwa-eup, Jeju-si, Jeju-do",4131010700,,5011025634004570001051541,064-741-8772,27438,www.jejumarathon.com/,33,126,문화정보원,제주의 파란 바닷빛과 함께~ 천혜의 자연 에너지를 만끽할 수 있는 제주국제관광마라톤축제 아름다운 제주 바닷길을 함께 달려보자,20240604,20240604
KCKRSPO23N000000547,관광명소,관광명소_축제,2023 서귀포 유채꽃축제,50,제주특별자치도,50130,서귀포시,5013032024,표선면 가시리,501303349231,제주특별자치도 서귀포시 표선면 녹산로 381-15,제주특별자치도 서귀포시 표선면 가시리 3149-33 가시리조랑말체험공원,"381-15 Noksan-ro, Pyoseon-myeon, Seogwipo-si, Jeju-do",4131010700,가시리조랑말체험공원,5013032024131490033000001,064-760-3942,27214,https://www.seogwipo.go.kr/festivals/uchae/index.htm,33,126,문화정보원,화사한 봄꽃들이 만발한 봄날 3~4월 경에 열리는 2023 서귀포 유채꽃축제,20240604,20240604
KCKRSPO23N000000548,관광명소,관광명소_축제,제12회 우도소라축제,50,제주특별자치도,50110,제주시,5011033021,우도면 연평리,501104848460,제주특별자치도 제주시 우도면 우도해안길 70,제주특별자치도 제주시 우도면 연평리 1737-13,"70 Udohaean-gil, Udo-myeon, Jeju-si, Jeju-do",4131010700,,5011033021017370013047797,064-728-4321,27863,,33,126,문화정보원,섬속의 섬 힐링 우도에서 모두가 소통하는 친환경 열린축제,20240604,20240604
KCKRSPO23N000000549,관광명소,관광명소_축제,한라산청정고사리축제,50,제주특별자치도,50130,서귀포시,5013025323,남원읍 한남리,501303350144,제주특별자치도 서귀포시 남원읍 서성로 788,제주특별자치도 서귀포시 남원읍 한남리 산76-7,"788 Seoseong-ro, Namwon-eup, Seogwipo-si, Jeju-do",4131010700,,5013025323200760007000001,064-760-4182,11961,www.jejugosari.net/,33,126,문화정보원,축제로 즐기는 제주 고사리의 명성,20240604,20240604
KCKRSPO23N000000550,관광명소,관광명소_축제,가파도청보리축제,50,제주특별자치도,50130,서귀포시,5013025026,대정읍 가파리,501303350007,제주특별자치도 서귀포시 대정읍 가파로 2,제주특별자치도 서귀포시 대정읍 가파리 526-1 가파리소각장,"2 Gapa-ro, Daejeong-eup, Seogwipo-si, Jeju-do",4141010400,가파리소각장,5013025026105260001000001,064-794-7130,11961,http://wonderfulis.co.kr/,33,126,문화정보원,가파도의 청보리는 국토 최남단의 땅끝에서 가장 먼저 전해오는 봄소식으로 3월 초부터 5월 초순까지 보리잎의 푸른 생명이 절정을 이루며 해마다 봄이 되면 18만여평의 청보리밭 위로 푸른 물결이 굽이치는 장관을 이룬다.,20240604,20240604
KCKRSPO23N000000551,관광명소,관광명소_축제,강정마을 생태축제,50,제주특별자치도,50130,서귀포시,5013011600,강정동,501303350237,제주특별자치도 서귀포시 이어도로 668 (강정동),제주특별자치도 서귀포시 강정동 2674-5,"668 Ieodo-ro, Seogwipo-si, Jeju-do",4157010400,,5013011600126740005012673,,11961,,33,126,문화정보원,사시사철 맑은 물이 흐르는 강정천 일대에서 즐기는 다양한 생태체험과 캠핑경험,20240604,20240604
KCKRSPO23N000000552,관광명소,관광명소_축제,관악강감찬축제,11,서울특별시,11620,관악구,1162010100,봉천동,116202120001,서울특별시 관악구 낙성대로 77 (봉천동),서울특별시 관악구 봉천동 228,"77 Nakseongdae-ro, Gwanak-gu, Seoul",4119010800,,1162010100102270000031038,02-828-5762,11961,https://ggcfest.com/,37,126,문화정보원,강감찬 장군 출병식 및 전승행렬 거리 퍼레이드+고려마을 테마 체험부스+강감찬 장군 추모제향 등 다채로운 행사 진행,20240604,20240604
KCKRSPO23N000000553,관광명소,관광명소_축제,광안리어방축제,26,부산광역시,26500,수영구,2650010500,남천동,265003138008,부산광역시 수영구 남천동로 100 (남천동),부산광역시 수영구 남천동 148-15 수영구청,"100 Namcheondong-ro, Suyeong-gu, Busan",4139013200,수영구청,2650010500101480015000900,051-610-4062,11961,www.suyeong.go.kr/eobang,35,129,문화정보원,뮤지컬어방+경상좌수사행렬전시 등,20240604,20240604
KCKRSPO23N000000554,관광명소,관광명소_축제,광주김치축제,29,광주광역시,29155,남구,2915511100,임암동,291553161023,광주광역시 남구 김치로 60 (임암동),광주광역시 남구 임암동 674 광주김치타운,"60 Kimchi-ro, Nam-gu, Gwangju",4139013000,광주김치타운,2915511100106740000000001,062-613-3955,24374,https://kimchi.gwangju.go.kr/,35,126,문화정보원,김치 사랑 버스킹+전통발효식품 체험+어린이 김치담그기 체험+푸드트럭 라운지+16人16色 광주김치명인 비법을 찾아서,20240604,20240604
KCKRSPO23N000000555,관광명소,관광명소_축제,김덕림 개인전 나를 사랑한 색 - 어울림의 빛을 나누다,51,강원특별자치도,51110,춘천시,5111011200,효자동,421104454163,강원특별자치도 춘천시 도화길6번길 9 (효자동),강원특별자치도 춘천시 효자동 601-11,"9 Dohwa-gil 6beon-gil, Chuncheon-si, Gangwon-do",4163010600,,4211011200106010011028534,,24374,https://www.cccf.or.kr/Home/H40000/H40400/boardView?board_key=10927&search_type=1&search_keyword=EAB980EB8D95EBA6BC+EAB09CEC9DB8ECA084,37,127,문화정보원,"창의적 색상의 수채화로 풍경, 정물, 인물화의 전시회",20240604,20240604
KCKRSPO23N000000556,관광명소,관광명소_축제,윤운복 개인전 Remember60展,51,강원특별자치도,51110,춘천시,5111010700,옥천동,421103218018,강원특별자치도 춘천시 서부대성로 71 (옥천동),강원특별자치도 춘천시 옥천동 73-2 춘천예술마당,"71 Seobudaeseong-ro, Chuncheon-si, Gangwon-do",4183038021,춘천예술마당,4211010700100730002002079,033-241-1856,24336,https://www.cccf.or.kr/Home/H40000/H40400/boardView?board_key=10917&search_type=1&search_keyword=EC9CA4EC9AB4EBB3B5+EAB09CEC9DB8ECA0845D+Remember60E5B195,37,127,문화정보원,"마음속 잃어버린 꿈과 희망을 필름과 영상모니터를 오브제로 작업한 작품으로 과거와 현재의 경계를 허물고, 아날로그 필름을 통해 구동되는 Remember60의 기계적 매커니즘을 키네틱아트 장치 전시회",20240604,20240604
KCKRSPO23N000000557,관광명소,관광명소_축제,제34회 춘천인형극제 코코바우 스테이지 12월 기획공연,51,강원특별자치도,51110,춘천시,5111011900,사농동,421103013022,강원특별자치도 춘천시 영서로 3017 (사농동),강원특별자치도 춘천시 사농동 277-3 춘천인형극장,"3017 Yeongseo-ro, Chuncheon-si, Gangwon-do",4183025025,춘천인형극장,4211011900102770003012176,033-242-8452,24264,https://www.cccf.or.kr/Home/H40000/H40400/boardView?board_key=11031&search_type=1&search_keyword=ECA09C34ED9A8C+ECB698ECB29CEC9DB8ED9895EAB7B9ECA09C,37,127,문화정보원,"손톱달, 돌연한 출발, 보통인간 공연",20240604,20240604
KCKRSPO23N000000558,관광명소,관광명소_축제,강원도립극단 뮤지컬 무궁화 꽃이 피었습니다,51,강원특별자치도,51110,춘천시,5111011900,사농동,421103013022,강원특별자치도 춘천시 영서로 3017 (사농동),강원특별자치도 춘천시 사농동 277-3 춘천인형극장,"3017 Yeongseo-ro, Chuncheon-si, Gangwon-do",4183025021,춘천인형극장,4211011900102770003012176,033-255-0496,3636,https://www.culture.go.kr/oneeye/oneEyeView.do?uci=G7061665004767494,37,127,문화정보원,"당연하게 생각해왔지만 사실은 잘 알지 못했던 무궁화 이야기, 그 이야기를 시작해본다",20240604,20240604
KCKRSPO23N000000559,관광명소,관광명소_축제,지유선 개인전 무지개 터널에서 만나,51,강원특별자치도,51110,춘천시,5111011100,약사동,421104454481,강원특별자치도 춘천시 약사고개길50번길 10-1 (약사동),강원특별자치도 춘천시 약사동 94-5,"10-1 Yaksagogae-gil 50beon-gil, Chuncheon-si, Gangwon-do",4183025027,,4211011100100940005018004,,24412,https://www.cccf.or.kr/Home/H40000/H40400/boardView?board_key=10888,37,127,문화정보원,무지개 터널에서 만나,20240604,20240604
KCKRSPO23N000000560,관광명소,관광명소_축제,The Frame,51,강원특별자치도,51110,춘천시,5111011200,효자동,421103218037,강원특별자치도 춘천시 춘천로 112 (효자동),강원특별자치도 춘천시 효자동 531 축제극장몸짓,"112 Chuncheon-ro, Chuncheon-si, Gangwon-do",4183034021,축제극장몸짓,4211011200105310018000001,,24264,https://www.cccf.or.kr/Home/H40000/H40400/boardView?board_key=10882&search_type=1&search_keyword=The+Frame,37,127,문화정보원,프레임을 부수고 정의할 수 없는 형태의 유기적인 인간이야말로 인간의 삶이라 볼 수 있다,20240604,20240604
KCKRSPO23N000000561,관광명소,관광명소_축제,해를 낚은 할아버지,51,강원특별자치도,51110,춘천시,5111011900,사농동,421103013022,강원특별자치도 춘천시 영서로 3017 (사농동),강원특별자치도 춘천시 사농동 277-3 춘천인형극장,"3017 Yeongseo-ro, Chuncheon-si, Gangwon-do",4180025321,춘천인형극장,4211011900102770003012176,033-242-8452,24264,https://www.cccf.or.kr/Home/H40000/H40400/boardView?board_key=10874&search_type=1&search_keyword=ED95B4EBA5BC+EB829AEC9D80+ED95A0EC9584EBB284ECA780,37,127,문화정보원,우연히 낚아버린 해를 돌려놓기 위한 할아버지의 노력의 관한 인형공연,20240604,20240604
KCKRSPO23N000000562,관광명소,관광명소_축제,소프라노 이효영 귀국 독창회,51,강원특별자치도,51110,춘천시,5111011200,효자동,421104454799,강원특별자치도 춘천시 효자상길5번길 13 (효자동),강원특별자치도 춘천시 효자동 산40-12 춘천문화예술회관,"13 Hyojasang-gil 5beon-gil, Chuncheon-si, Gangwon-do",4143010600,춘천문화예술회관,4211011200200400002028991,,24347,https://www.cccf.or.kr/Home/H40000/H40400/boardView?board_key=10870&search_type=1&search_keyword=EC868CED9484EB9DBCEB85B8+EC9DB4ED9AA8EC9881+EAB780EAB5AD+EB8F85ECB0BDED9A8C,37,127,문화정보원,소프라노 이효영 귀국 독창회,20240604,20240604
KCKRSPO23N000000563,관광명소,관광명소_축제,연극 금따는 콩밭,51,강원특별자치도,51110,춘천시,5111033024,신동면 증리,421104454740,강원특별자치도 춘천시 신동면 풍류1길 34,강원특별자치도 춘천시 신동면 증리 901,"34 Pungnyu 1-gil, Sindong-myeon, Chuncheon-si, Gangwon-do",4115010600,,4211033024109010000000001,033-263-7222,24374,https://www.cccf.or.kr/Home/H40000/H40400/boardList?cate_id=&search_type=1&search_keyword=EC97B0EAB7B9+5BEAB888EB94B0EB8A94+ECBDA9EBB0AD5D,37,127,문화정보원,금따는 콩밭,20240604,20240604
KCKRSPO23N000000564,관광명소,관광명소_축제,창작국악뮤지컬 어라연 연가,51,강원특별자치도,51110,춘천시,5111011200,효자동,421103218037,강원특별자치도 춘천시 춘천로 112 (효자동),강원특별자치도 춘천시 효자동 531 축제극장몸짓,"112 Chuncheon-ro, Chuncheon-si, Gangwon-do",4115010900,축제극장몸짓,4211011200105310018000001,033-251-6542,24246,https://www.cccf.or.kr/Home/H40000/H40400/boardView?board_key=10853,37,127,문화정보원,강원도와 전국을 연결하던 핏줄 같은 강의 이야기,20240604,20240604
KCKRSPO23N000000565,관광명소,관광명소_축제,마스터클래스 23회차 영혼의 기타리스트 이근형 vs 괴물연주자 베이시스트 장태웅,51,강원특별자치도,51110,춘천시,5111035021,서면 현암리,421103218011,강원특별자치도 춘천시 서면 박사로 854,강원특별자치도 춘천시 서면 현암리 367-3 강원정보문화진흥원,"854 Baksa-ro, Seo-myeon, Chuncheon-si, Gangwon-do",4115010900,강원정보문화진흥원,4211035021103670000057666,033-245-6321,63028,https://www.cccf.or.kr/Home/H40000/H40400/boardView?board_key=10828,37,127,문화정보원,알렉트릭 기타의 모든것에 대한 토론&베이시스트의 다양한 테크닉과 앙상블의 이해,20240604,20240604
KCKRSPO23N000000566,관광명소,관광명소_축제,하녀들,51,강원특별자치도,51110,춘천시,5111010700,옥천동,421103218018,강원도 춘천시 서부대성로 71 봄내극장,강원특별자치도 춘천시 옥천동 73-2,,4115010900,,,,63008,https://www.cccf.or.kr/Home/H40000/H40400/boardView?board_key=10811&search_type=1&search_keyword=ED9598EB8580EB93A4,37,127,문화정보원,두 재매들의 비틀어진 욕망을 그린 공연,20240604,20240604
KCKRSPO23N000000567,관광명소,관광명소_축제,송연교의 춤 카르마 業,51,강원특별자치도,51110,춘천시,5111011200,효자동,421103218037,강원특별자치도 춘천시 춘천로 112 (효자동),강원특별자치도 춘천시 효자동 531 축제극장몸짓,"112 Chuncheon-ro, Chuncheon-si, Gangwon-do",4115010900,축제극장몸짓,4211011200105310018000001,,63608,https://www.cccf.or.kr/Home/H40000/H40400/boardView?board_key=10806,37,127,문화정보원,"현 상황에서 지쳐있는 우리의 마음을 어루어만져주고 위로하여 주고 싶다. 예술이 할 수 있는 까다롭지만, 현재까지 이어지고 있는 현실적인 이미지를 표현한 공연",20240604,20240604
KCKRSPO23N000000568,관광명소,관광명소_축제,안형국 Dance Company 틀 무용 자유일기,51,강원특별자치도,51110,춘천시,5111011200,효자동,421103218037,강원특별자치도 춘천시 춘천로 112 (효자동),강원특별자치도 춘천시 효자동 531 축제극장몸짓,"112 Chuncheon-ro, Chuncheon-si, Gangwon-do",4115010100,축제극장몸짓,4211011200105310018000001,,63011,https://www.cccf.or.kr/Home/H40000/H40400/boardView?board_key=10799,37,127,문화정보원,자유일기는 난민들이 겪고 있는 아픔을 우리의 아픈 역사에 투명하게 비추어 무용의 시선으로 창작한 공연,20240604,20240604
KCKRSPO23N000000569,관광명소,관광명소_축제,음악극 브릴리언트-찬란하게 빛나던,51,강원특별자치도,51110,춘천시,5111011200,효자동,421104454378,강원특별자치도 춘천시 서부대성로239번길 7 (효자동),강원특별자치도 춘천시 효자동 629-5,"7 Seobudaeseong-ro 239beon-gil, Chuncheon-si, Gangwon-do",4115010100,,4211011200106290005028279,,63166,https://www.culture.go.kr/oneeye/oneEyeView.do?seq=218796,37,127,문화정보원,따사로운 봄처럼 따듯한 사랑 너에게 들려주고 싶은 어쿠스틱 멜로,20240604,20240604
KCKRSPO23N000000570,관광명소,관광명소_축제,종합예술극 라임의 왕 김삿갓,51,강원특별자치도,51110,춘천시,5111011900,사농동,421103013022,강원특별자치도 춘천시 영서로 3017 (사농동),강원특별자치도 춘천시 사농동 277-3 춘천인형극장,"3017 Yeongseo-ro, Chuncheon-si, Gangwon-do",4115010100,춘천인형극장,4211011900102770003012176,033-253-5058,63608,https://www.cccf.or.kr/Home/H40000/H40400/boardView?board_key=10732&page=1,37,127,문화정보원,"우리가 몰랐던 치명적 매력남 김삿갓의 이야기가 유쾌.통쾌하게 펼쳐지고, 그의 놀라운 시조는 힙합, EDM, 국악블루스 곡으로 새롭게 변신한 공연",20240604,20240604
KCKRSPO23N000000571,관광명소,관광명소_축제,강우성의 피아노 독주회 8 두 사람의 여정,,,,,,,,강원도 춘천시 강원도대학길 1,강원도 춘천시 1,,4115010100,,,033-250-8730,63011,https://www.cccf.or.kr/Home/H40000/H40400/boardView?board_key=10731&search_type=1&search_keyword=EAB095EC9AB0EC84B1EC9D98+ED94BCEC9584EB85B8+EB8F85ECA3BCED9A8C,37,127,문화정보원,"피아노 음악의 두 거장, 쇼팽과 리스트의 음악을 비교·감상해보며 관객과 대화하고 사유해보는 의미 있는 시간으로 독주회 공연",20240604,20240604
KCKRSPO23N000000572,관광명소,관광명소_축제,공주 석장리 구석기축제,44,충청남도,44150,공주시,4415012500,석장리동,441503251008,충청남도 공주시 금벽로 990 (석장리동),충청남도 공주시 석장리동 118 석장리박물관,"990 Geumbyeok-ro, Gongju-si, Chungcheongnam-do",4115010100,석장리박물관,4415035027101370003016723,041-840-8069,63577,,36,127,문화정보원,구석기문화 체험,20240604,20240604
KCKRSPO23N000000573,관광명소,관광명소_축제,계룡산산신제,44,충청남도,44150,공주시,4415033029,계룡면 양화리,441503251018,충청남도 공주시 계룡면 보목고개로 393,충청남도 공주시 계룡면 양화리 165-1 양화리마을회관,"393 Bomokgogae-ro, Gyeryong-myeon, Gongju-si, Chungcheongnam-do",4115010100,양화리마을회관,4415033029101650001011342,041-840-8093,63011,,36,127,문화정보원,유.불.무가식 산신제+점사체험+기체험+다양한 무대공연 등,20240604,20240604
KCKRSPO23N000000574,관광명소,관광명소_축제,남이흥장군문화제,44,충청남도,44270,당진시,4427033024,대호지면 도이리,442704595626,충청남도 당진시 대호지면 충장1길 53-8,충청남도 당진시 대호지면 도이리 377 충장사,"53-8 Chungjang 1-gil, Daehoji-myeon, Dangjin-si, Chungcheongnam-do",4115010100,충장사,4483033024103770000089342,,63527,,36,126,문화정보원,남이흥장군행렬재현+ 전통무예 등,20240604,20240604
KCKRSPO23N000000575,관광명소,관광명소_축제,왜목마을해넘이해맞이축제,44,충청남도,44270,당진시,4427032025,석문면 교로리,442704595493,충청남도 당진시 석문면 왜목길 26,충청남도 당진시 석문면 교로리 844-4 왜목하우스,"26 Waemok-gil, Seongmun-myeon, Dangjin-si, Chungcheongnam-do",4115010100,왜목하우스,4483032025108440004093025,,32739,,37,126,문화정보원,일출 감상+ 떡국 나눔 행사 등,20240604,20240604
KCKRSPO23N000000576,관광명소,관광명소_축제,당진해나루황토고구마홍보판촉행사,,,,,,,,충청남도 당진시 시 고대면 고대로 33,충청남도 당진시,,4115010100,,,,32739,,36,126,문화정보원,황토고구마 캐기+ 직거래 장터 등,20240604,20240604
KCKRSPO23N000000577,관광명소,관광명소_축제,당진해나루농특산물한마당행사,44,,44270,,4427038028,신평면 운정리,,충청남도 당진시 신평면 운정리 800,충청남도 당진시 신평면 운정리 800,,4115010100,,,,38812,,36,126,문화정보원,어울림한마당+ 노래자랑+ 농산물 직거래 등,20240604,20240604
KCKRSPO23N000000578,관광명소,관광명소_축제,화순백아산철쭉제,46,전라남도,46790,화순군,4679039530,백아면 이천리,467904673505,전라남도 화순군 백아면 학천길 20,전라남도 화순군 백아면 이천리 52 아산복지회관,"20 Hakcheon-gil, Baega-myeon, Hwasun-gun, Jeollanam-do",4115010100,아산복지회관,4679039030100570002000001,061-379-5103,24264,,35,127,문화정보원,6.25. 희생자 위령제+카네이션달아드리기+가수 축하공연+놀이마당(노래자랑),20240604,20240604
KCKRSPO23N000000579,관광명소,관광명소_축제,화순운주문화축제,46,전라남도,46790,화순군,4679037030,도암면 용강리,467903284067,전라남도 화순군 도암면 천태로 91-20,전라남도 화순군 도암면 용강리 110,"91-20 Cheontae-ro, Doam-myeon, Hwasun-gun, Jeollanam-do",4115010100,,4679037030101100000000001,061-379-5082,24264,,34,126,문화정보원,"길놀이+전국 글쓰기, 그리기 대회+포엠 콘서트+페이스페인팅+추억의옛사진전+농특산물판매",20240604,20240604
KCKRSPO23N000000580,관광명소,관광명소_축제,화순화학산철쭉제,,,,,,,,경기도 광명시 오리로 730 (하안동),경기도 광명시 하안동 683,"730 Ori-ro, Gwangmyeong-si, Gyeonggi-do",4115010100,,4121010300106830000011759,061-379-5041,,,32,123,문화정보원,화학산 기원제+철쭉제 기념식+공연+경품 추첨,20240604,20240604
KCKRSPO23N000000581,관광명소,관광명소_축제,화순적벽문화축제,46,전라남도,46790,화순군,4679038027,이서면 야사리,467903291047,전라남도 화순군 이서면 백아로 3114,전라남도 화순군 이서면 야사리 197 이서커뮤니티센터,"3114 Baega-ro, Iseo-myeon, Hwasun-gun, Jeollanam-do",4115010100,이서커뮤니티센터,4679038027101970000017562,061-379-5090,58103,,35,127,문화정보원,양로연 재현+어르신 장기자랑+전국난타경연대회+축하공연+시상식+적벽힐링건강걷기대회,20240604,20240604
KCKRSPO23N000000582,관광명소,관광명소_축제,대한민국 국향대전,46,전라남도,46860,함평군,4686025024,함평읍 수호리,468603297002,전라남도 함평군 함평읍 곤재로 27,전라남도 함평군 함평읍 수호리 1153-1 함평엑스포공원 주제영상관,"27 Gonjae-ro, Hampyeong-eup, Hampyeong-gun, Jeollanam-do",4115010100,함평엑스포공원 주제영상관,4686025024111530001000001,061-320-2238,1331,https://www.hpftf.or.kr/,35,126,문화정보원,나를 위한 행복 여행 in 함평 국화,20240604,20240604
KCKRSPO23N000000583,관광명소,관광명소_축제,나비대축제,46,전라남도,46860,함평군,4686025024,함평읍 수호리,468603297002,전라남도 함평군 함평읍 곤재로 27,전라남도 함평군 함평읍 수호리 1153-1 함평엑스포공원 주제영상관,"27 Gonjae-ro, Hampyeong-eup, Hampyeong-gun, Jeollanam-do",4115010100,함평엑스포공원 주제영상관,4686025024111530001000001,061-320-2238,57143,https://www.hpftf.or.kr/,35,126,문화정보원,"봄을 여는 소리, 함평나비대축제(부제 : 똑똑똑 나비야 일어나 봄이야)",20240604,20240604
KCKRSPO23N000000584,관광명소,관광명소_축제,제1회 중곡2동 긴고랑 왕벚꽃축제,11,서울특별시,11215,광진구,1121510100,중곡동,112153104007,서울특별시 광진구 능동로 346 (중곡동),서울특별시 광진구 중곡동 47-33 중곡제2동주민센터,"346 Neungdong-ro, Gwangjin-gu, Seoul",4115010100,중곡제2동주민센터,1121510100100470033000543,02-450-1033,7522,,37,127,문화정보원,긴고랑로의 아름다운 ‘왕벚꽃길’을 알리며 주민이 화합하는 마을축제,20240604,20240604
KCKRSPO23N000000585,관광명소,관광명소_축제,제1회 중곡3동 벚꽃축제,11,서울특별시,11215,광진구,1121510100,중곡동,112154112232,서울특별시 광진구 동일로76가길 28 (중곡동),서울특별시 광진구 중곡동 684 중곡제3동주민센터,"28 Dongil-ro 76ga-gil, Gwangjin-gu, Seoul",4115010100,중곡제3동주민센터,1121510100106840000005511,02-450-1052,7684,,37,127,문화정보원,주민이 함께 참여하는 벚꽃축제,20240604,20240604
KCKRSPO23N000000586,관광명소,관광명소_축제,2023 청춘대로,11,서울특별시,11215,광진구,1121510900,군자동,112153005024,서울특별시 광진구 광나루로 389 (군자동),서울특별시 광진구 군자동 374-4 광진광장,"389 Gwangnaru-ro, Gwangjin-gu, Seoul",4115010400,광진광장,1121510900103740007000001,02-450-7596,7719,,37,127,문화정보원,청년페스티벌 축하 공연 등 다양한 청년참여 프로그램 운영,20240604,20240604
KCKRSPO23N000000587,관광명소,관광명소_축제,2023 군자 한마당축제,11,서울특별시,11215,광진구,1121510900,군자동,112153104007,서울특별시 광진구 능동로 209 (군자동),서울특별시 광진구 군자동 98 세종대학교,"209 Neungdong-ro, Gwangjin-gu, Seoul",4122011800,세종대학교,1121510900100980000018572,02-450-1093,7679,,37,127,문화정보원,주민이 함께 참여하는 한마당 축제,20240604,20240604
KCKRSPO23N000000588,관광명소,관광명소_축제,평창송어축제,51,강원특별자치도,51760,평창군,5176036021,진부면 하진부리,427603000145,강원특별자치도 평창군 진부면 경강로 3562,강원특별자치도 평창군 진부면 하진부리 325,"3562 Gyeonggang-ro, Jinbu-myeon, Pyeongchang-gun, Gangwon-do",4122031024,,4276036021103250000013789,033-336-4000,7525,http://www.festival700.or.kr,37,128,문화정보원,송어얼음낚시+송어맨손잡기,20240604,20240604
KCKRSPO23N000000589,관광명소,관광명소_축제,대관령눈꽃축제,51,강원특별자치도,51760,평창군,5176038024,대관령면 횡계리,427604484177,강원특별자치도 평창군 대관령면 사부랑길 224-2,강원특별자치도 평창군 대관령면 횡계리 산302,"224-2 Saburang-gil, Daegwallyeong-myeon, Pyeongchang-gun, Gangwon-do",4122025041,,4276038024105500000012392,033-335-3995,7789,http://www.snowfestival.net,37,128,문화정보원,눈조각전시+눈썰매체험,20240604,20240604
KCKRSPO23N000000590,관광명소,관광명소_축제,오대산문화축전,51,강원특별자치도,51760,평창군,5176036027,진부면 동산리,427603228020,강원특별자치도 평창군 진부면 오대산로 413-28,강원특별자치도 평창군 진부면 동산리 63-9 남대지장암,"413-28 Odaesan-ro, Jinbu-myeon, Pyeongchang-gun, Gangwon-do",4122025041,남대지장암,4276036027200010000016172,033-339-6800,25318,http://www.woljeongsa.org,37,128,문화정보원,산사음악회+전시+불교문화체험,20240604,20240604
KCKRSPO23N000000591,관광명소,관광명소_축제,계촌클래식축제,,,,,,,,경기도 구리시 코스모스길14번길 249 (토평동),경기도 구리시 토평동 810,"249 Cosmos-gil 14beon-gil, Guri-si, Gyeonggi-do",4122025041,,4131010700108100000000001,070-7781-4847,7719,계촌클래식마을.kr/gyechon,32,123,문화정보원,토크콘서트+재즈콘서트 등 클래식 공연,20240604,20240604
KCKRSPO23N000000592,관광명소,관광명소_축제,평창효석문화제,,,,,,,,경기도 구리시 코스모스길14번길 249 (토평동),경기도 구리시 토평동 810,"249 Cosmos-gil 14beon-gil, Guri-si, Gyeonggi-do",4122025041,,4131010700108100000000001,033-335-2323,,http://www.hyoseok.com/sub02_01,32,123,문화정보원,효석 백일장+문학100리길 걷기 등,20240604,20240604
KCKRSPO23N000000593,관광명소,관광명소_축제,평창백일홍축제,51,강원특별자치도,51760,평창군,5176025025,평창읍 종부리,427604484325,강원도 평창군 평창읍 제방길 81,강원특별자치도 평창군 평창읍 종부리 986,,4122025041,,,033-335-6033,25377,http://www.101hongfestival.co.kr/intro,37,128,문화정보원,백일홍 산책길 걷기 + 떡메치기 체험,20240604,20240604
KCKRSPO23N000000594,관광명소,관광명소_축제,평창농악축제,51,강원특별자치도,51760,평창군,5176035027,용평면 장평리,427604484008,강원특별자치도 평창군 용평면 갈정지길 7,강원특별자치도 평창군 용평면 장평리 380-2,"7 Galjeongji-gil, Yongpyeong-myeon, Pyeongchang-gun, Gangwon-do",4122011700,,4276035027103800002000001,033-332-4333,37337,농악축제.kr,37,128,문화정보원,전국 농악 공연 + 민속놀이 체험,20240604,20240604
KCKRSPO23N000000595,관광명소,관광명소_축제,제24회소래포구축제(일정미확정),28,인천광역시,28200,남동구,2820011000,논현동,282002008005,인천광역시 남동구 아암대로 1550 (논현동),인천광역시 남동구 논현동 775 새우타워,"1550 Aam-daero, Namdong-gu, Incheon",4122037030,새우타워,2820011000107750000000002,032-453-2142,21676,www.namdong.go.kr/soraefestival,37,126,문화정보원,소래바다를 주제로한 체험행사 및 문화공연,20240604,20240604
KCKRSPO23N000000596,관광명소,관광명소_축제,어천절 대제전,11,서울특별시,11110,종로구,1111011500,사직동,111103100011,서울특별시 종로구 인왕산로 22 (사직동),서울특별시 종로구 사직동 1-28,"22 Inwangsan-ro, Jongno-gu, Seoul",4165038022,,1111011500100010028027139,02-2148-1807,50126,http://blog.naver.com/lgb301,37,126,문화정보원,국조 단군의 승천을 기념하는 전통제례 봉행 및 부대행사,20240604,20240604
KCKRSPO23N000000597,관광명소,관광명소_축제,개천절 대제전,11,서울특별시,11110,종로구,1111011500,사직동,111103100011,서울특별시 종로구 인왕산로 22 (사직동),서울특별시 종로구 사직동 1-28,"22 Inwangsan-ro, Jongno-gu, Seoul",4145010600,,1111011500100010028027139,02-2148-1807,50132,http://blog.naver.com/lgb301,37,126,문화정보원,국조 단군의 개국을 기념하는 전통제례 봉행 및 부대행사,20240604,20240604
KCKRSPO23N000000598,관광명소,관광명소_축제,종로한복축제,11,서울특별시,11110,종로구,1111012000,신문로1가,111104100158,서울특별시 종로구 새문안로3길 3 (신문로1가),서울특별시 종로구 신문로1가 58-15 내일신문,"3 Saemunan-ro 3-gil, Jongno-gu, Seoul",4159026221,내일신문,1111012000100580017031535,02-2148-1807,27849,https://jongnohanbok.kr/site/main/home,37,126,문화정보원,한복을 중심으로 한 전통행사,20240604,20240604
KCKRSPO23N000000599,관광명소,관광명소_축제,놀러와 대학로 차 없는 거리 축제,11,서울특별시,11110,종로구,1111012400,수송동,111104100312,"서울특별시 종로구 종로1길 36, 8층 문화과",서울특별시 종로구 수송동 146-12,,4159012700,,,02-2148-1812,63176,www.jongno.go.kr,37,126,문화정보원,대학로 대로변 차 없는 거리 행사 진행,20240604,20240604
KCKRSPO23N000000600,관광명소,관광명소_축제,2024 D.FESTA 대학로 거리공연축제,11,서울특별시,11110,종로구,1111016800,동숭동,111104100071,서울특별시 종로구 동숭4길 14 (동숭동),서울특별시 종로구 동숭동 12-8 갤럭시빌딩,"14 Dongsung 4-gil, Jongno-gu, Seoul",4159011600,갤럭시빌딩,1111016800100120008010121,02-3674-0472,63055,https://smalltheater.or.kr/,37,127,문화정보원,우수거리공연극 등 거리극축제,20240604,20240604
KCKRSPO23N000000601,관광명소,관광명소_축제,2024 대학로 소나무길 거리예술제,11,서울특별시,11110,종로구,1111012400,수송동,111104100312,"서울특별시 종로구 종로1길 36, 8층 문화과",서울특별시 종로구 수송동 146-12,,4159025938,,,02-2148-1812,63572,www.jongno.go.kr,37,126,문화정보원,차없는거리가 운영되는 소나무길에서의 거리예술제,20240604,20240604
KCKRSPO23N000000602,관광명소,관광명소_축제,2024 아시테지 국제여름축제,11,서울특별시,11110,종로구,1111016800,동숭동,111104100075,서울특별시 종로구 동숭길 114 (동숭동),서울특별시 종로구 동숭동 28,"114 Dongsung-gil, Jongno-gu, Seoul",4159025938,,1111016800100280000010717,02-765-6503,40140,http://assitejkorea.org/,37,127,문화정보원,아시테지 국제아동극 여름축제,20240604,20240604
KCKRSPO23N000000603,관광명소,관광명소_축제,제45회 서울연극제,11,서울특별시,11110,종로구,1111016800,동숭동,111104100035,서울특별시 종로구 대학로12길 92 (동숭동),서울특별시 종로구 동숭동 1-139 한양빌딩,"92 Daehak-ro 12-gil, Jongno-gu, Seoul",4117310300,한양빌딩,1111016800100010139009221,02-765-7500,57544,http://www.stf.or.kr/,37,127,문화정보원,우수 창작극 공연을 통해 한국 연극발전 도모,20240604,20240604
KCKRSPO23N000000604,관광명소,관광명소_축제,2024 아시테지 국제겨울축제,11,서울특별시,11110,종로구,1111016800,동숭동,111104100075,서울특별시 종로구 동숭길 114 (동숭동),서울특별시 종로구 동숭동 28,"114 Dongsung-gil, Jongno-gu, Seoul",4117310300,,1111016800100280000010717,02-745-5863,27477,http://assitejkorea.org/,37,127,문화정보원,아시테지 국제아동극 겨울축제,20240604,20240604
KCKRSPO23N000000605,관광명소,관광명소_축제,2024 웰컴대학로,51,강원특별자치도,51130,원주시,5113011700,반곡동,421303219087,강원특별자치도 원주시 세계로 10 (반곡동),강원특별자치도 원주시 반곡동 1914-6 한국관광공사,"10 Segye-ro, Wonju-si, Gangwon-do",4117310300,한국관광공사,4213011700119140006000001,033-738-3000,52236,https://korean.visitkorea.or.kr/,37,127,문화정보원,대학로를 다양하게 즐길 수 있는 공연관광 페스티벌,20240604,20240604
KCKRSPO23N000000606,관광명소,관광명소_축제,천령문화제,,,,,,,,제주특별자치도 서귀포시 남원읍 신례동로 256,제주특별자치도 서귀포시 남원읍 신례리 2081 휴애리,"256 Sillyedong-ro, Namwon-eup, Seogwipo-si, Jeju-do",4117310300,휴애리,5013025329120150004000001,055-960-4510,52234,,32,123,문화정보원,고유제+축하공연+버스킹공연+학술대회+야간 빛축제+문화예술단체 전시,20240604,20240604
KCKRSPO23N000000607,관광명소,관광명소_축제,함양연암문화제,,,,,,,,제주특별자치도 제주시 한림읍 한림로 300,제주특별자치도 제주시 한림읍 협재리 2487,"300 Hallim-ro, Hallim-eup, Jeju-si, Jeju-do",4161037021,,5011025031028720014002534,055-960-4510,52252,,32,123,문화정보원,학술대회+연암역사 퀴즈대회+연암 부임행차+연암제례+축하공연+군민노래자랑,20240604,20240604
KCKRSPO23N000000608,관광명소,관광명소_축제,제19회 함양산삼축제,48,경상남도,48870,함양군,4887025024,함양읍 교산리,488704838095,경상남도 함양군 함양읍 대맛길 107-1,경상남도 함양군 함양읍 교산리 1043-6,"107-1 Daemat-gil, Hamyang-eup, Hamyang-gun, Gyeongsangnam-do",4136025325,,4887025024110430006000001,055-964-3353,50028,https://www.sansamfestival.or.kr,35,127,문화정보원,황금산삼을찾아라+산삼캐기체험+심마니의 여정+심마니역사문화체험+산막페스티벌+산양삼및농특산물판매+밤소풍+달빛음악회+힐링산삼숲체험,20240604,20240604
KCKRSPO23N000000609,관광명소,관광명소_축제,The 4th Exhibition 2022 김운연의 Harmony-Breathe 숨쉬다,51,강원특별자치도,51110,춘천시,5111010700,옥천동,421103218018,강원특별자치도 춘천시 서부대성로 71 (옥천동),강원특별자치도 춘천시 옥천동 73-2 춘천예술마당,"71 Seobudaeseong-ro, Chuncheon-si, Gangwon-do",4183040033,춘천예술마당,4211010700100730002002079,033-0241-1856,52251,https://www.cccf.or.kr/Home/H40000/H40400/boardView?board_key=10973,37,127,문화정보원,"동물들의 이미지를 추상적인 표현위에 자연으로부터 오는 기운과 희망, 신비스러움을 다양한 소재와 표현법으로 연출해 화면을 구성해 나갔다.",20240604,20240604
KCKRSPO23N000000610,관광명소,관광명소_축제,김영경 개인전 사이의 공간,51,강원특별자치도,51110,춘천시,5111012500,삼천동,421104454446,강원특별자치도 춘천시 스포츠타운길399번길 25 (삼천동),강원특별자치도 춘천시 삼천동 223-2 KT&amp;G상상마당 춘천아트센터,"25 Sports town-gil 399beon-gil, Chuncheon-si, Gangwon-do",4165038022,KT&amp;G상상마당 춘천아트센터,4211012500102230002012551,,58434,https://www.cccf.or.kr/Home/H40000/H40400/boardView?board_key=10969&search_type=1&search_keyword=EAB980EC9881EAB2BD+EAB09CEC9DB8ECA084+,37,127,문화정보원,"김영경 개인전, 사이의 공간",20240604,20240604
KCKRSPO23N000000611,관광명소,관광명소_축제,강선주 개인전 정원도감-치유의 정원 으로의 초대,51,강원특별자치도,51110,춘천시,5111012300,퇴계동,421103013022,강원도 춘천시 영서로 2260 1층 문화공간역,강원특별자치도 춘천시 퇴계동 633-2,,4159035031,,,,53060,https://www.cccf.or.kr/Home/H40000/H40400/boardView?board_key=10968,37,127,문화정보원,"한국인의 정원에서 볼 수 있는 꽃과 나무, 그 속에 깃든 새와 곤충들을 그려 보았다. 또한 우리 민족의DNA에 녹아든 우리만의 소박한 성정을 표현",20240604,20240604
KCKRSPO23N000000612,관광명소,관광명소_축제,Edu오케스트라 창단연주회,51,강원특별자치도,51110,춘천시,5111011200,효자동,421104454799,강원특별자치도 춘천시 효자상길5번길 13 (효자동),강원특별자치도 춘천시 효자동 산40-12 춘천문화예술회관,"13 Hyojasang-gil 5beon-gil, Chuncheon-si, Gangwon-do",4159025628,춘천문화예술회관,4211011200200400002028991,,24336,https://www.cccf.or.kr/Home/H40000/H40400/boardView?board_key=10962&search_type=1&search_keyword=EduEC98A4ECBC80EC8AA4ED8AB8EB9DBC+ECB0BDEB8BA8EC97B0ECA3BCED9A8C,37,127,문화정보원,악기 연주를 열망하는 교직원들이 연주 기회를 갖고자 의기투합하여 2021년 12월에 첫 연습을 시작한 오케스트라,20240604,20240604
KCKRSPO23N000000613,관광명소,관광명소_축제,하림 권매화 개인전 내일을 꿈꾸다,51,강원특별자치도,51110,춘천시,5111010700,옥천동,421103218018,강원특별자치도 춘천시 서부대성로 71 (옥천동),강원특별자치도 춘천시 옥천동 73-2 춘천예술마당,"71 Seobudaeseong-ro, Chuncheon-si, Gangwon-do",4136036021,춘천예술마당,4211010700100730002002079,033-241-1856,35238,https://www.cccf.or.kr/Home/H40000/H40400/boardList?cate_id=&search_type=1&search_keyword=ED9598EBA6BC+EAB68CEBA7A4ED9994+EAB09CEC9DB8ECA084+5BEB82B4EC9DBCEC9D84+EABF88EABEB8EB8BA45D,37,127,문화정보원,"순수한 자연을 주제로 꽃과 나비, 새, 자연이 어우러져 소통하고 융화하는 의미를 가지고 있으며 맑고 깨끗한 자연속에 풍요로움과 평화로움으로 우주의 기운을 담아 표현한 작품 전시회",20240604,20240604
KCKRSPO23N000000614,관광명소,관광명소_축제,결 로 사진작가 이내 개인전,51,강원특별자치도,51110,춘천시,5111012500,삼천동,421104454446,강원특별자치도 춘천시 스포츠타운길399번길 25 (삼천동),강원특별자치도 춘천시 삼천동 223-2 KT&amp;G상상마당 춘천아트센터,"25 Sports town-gil 399beon-gil, Chuncheon-si, Gangwon-do",4155031033,KT&amp;G상상마당 춘천아트센터,4211012500102230002012551,,24239,https://www.cccf.or.kr/Home/H40000/H40400/boardView?board_key=10954,37,127,문화정보원,2018년부터 작업해 sns상에서만 공개되었던 작업들과 신작을 선보이는 개인전,20240604,20240604
KCKRSPO23N000000615,관광명소,관광명소_축제,보드게임 디자인 워크숍 - 나만의 보드게임 만들기,51,강원특별자치도,51110,춘천시,5111010700,옥천동,421104454758,강원특별자치도 춘천시 한림대학길 1 (옥천동),강원특별자치도 춘천시 옥천동 1-1 한림대학교,"1 Hallymdaehak-gil, Chuncheon-si, Gangwon-do",4155031033,한림대학교,4211010700100010000002033,033-248-3309,1331,https://www.cccf.or.kr/Home/H40000/H40400/boardView?board_key=10951,37,127,문화정보원,나만의 보드게임 만들기,20240604,20240604
KCKRSPO23N000000616,관광명소,관광명소_축제,2022 작은 무대에 부는 바람 in 춘천,51,강원특별자치도,51110,춘천시,5111033024,신동면 증리,421104454740,강원특별자치도 춘천시 신동면 풍류1길 34,강원특별자치도 춘천시 신동면 증리 901,"34 Pungnyu 1-gil, Sindong-myeon, Chuncheon-si, Gangwon-do",4148025026,,4211033024109010000000001,033-263-7222,1300,https://www.cccf.or.kr/Home/H40000/H40400/boardView?board_key=10950&search_type=1&search_keyword=2022+EC9E91EC9D80+EBACB4EB8C80EC9790+EBB680EB8A94+EBB094EB9E8C+in+ECB698ECB29C,37,127,문화정보원,작은 무대에 부는 바람 공연,20240604,20240604
KCKRSPO23N000000617,관광명소,관광명소_축제,김동일의 다큐멘터리 댄스 프로젝트 얼굴등등,51,강원특별자치도,51110,춘천시,5111012500,삼천동,421104454446,강원특별자치도 춘천시 스포츠타운길399번길 25 (삼천동),강원특별자치도 춘천시 삼천동 223-2 KT&amp;G상상마당 춘천아트센터,"25 Sports town-gil 399beon-gil, Chuncheon-si, Gangwon-do",4148025026,KT&amp;G상상마당 춘천아트센터,4211012500102230002012551,,28210,https://www.cccf.or.kr/Home/H40000/H40400/boardView?board_key=10942&search_type=1&search_keyword=EAB980EB8F99EC9DBCEC9D98+EB8BA4ED8190EBA998ED84B0EBA6AC+EB8C84EC8AA4,37,127,문화정보원,얼굴등등,20240604,20240604
KCKRSPO23N000000618,관광명소,관광명소_축제,조정태 갈림길을 지나며 Passing the crossroads,51,강원특별자치도,51110,춘천시,5111039021,동내면 거두리,421104454027,강원특별자치도 춘천시 동내면 거두택지길44번길 7-19,강원특별자치도 춘천시 동내면 거두리 1123-6,"7-19 Geodutaekji-gil 44beon-gil, Dongnae-myeon, Chuncheon-si, Gangwon-do",4157035021,,4211039021111230006000001,070-8095-3899,28529,https://www.cccf.or.kr/Home/H40000/H40400/boardView?board_key=10936&search_type=1&search_keyword=ECA1B0ECA095ED839C+3A+EAB088EBA6BCEAB8B8EC9D84+ECA780EB8298EBA9B0+Passing+the+crossroads,37,127,문화정보원,"조정태 작가의 사회와 자연, 인간에 대한 시선의 확장과 깊이를 엿볼 수 있는 시간",20240604,20240604
KCKRSPO23N000000619,관광명소,관광명소_축제,해와 달을 삼킨 소양강,51,강원특별자치도,51110,춘천시,5111010700,옥천동,421103218018,강원특별자치도 춘천시 서부대성로 71 (옥천동),강원특별자치도 춘천시 옥천동 73-2 춘천예술마당,"71 Seobudaeseong-ro, Chuncheon-si, Gangwon-do",4137010700,춘천예술마당,4211010700100730002002079,033-241-1856,24264,https://www.cccf.or.kr/Home/H40000/H40400/boardView?board_key=10933&search_type=1&search_keyword=ED95B4EC9980+EB8BACEC9D84+EC82BCED82A8+EC868CEC9691EAB0955D,37,127,문화정보원,춘천의 10대 청소년 30명과 함께 진행한 문화예술교육 작품 전시회,20240604,20240604
KCKRSPO23N000000620,관광명소,관광명소_축제,제61회 춘천미술협회전 전통의 재해석춘천문화예술회관,51,강원특별자치도,51110,춘천시,5111011200,효자동,421104454799,강원특별자치도 춘천시 효자상길5번길 13 (효자동),강원특별자치도 춘천시 효자동 산40-12 춘천문화예술회관,"13 Hyojasang-gil 5beon-gil, Chuncheon-si, Gangwon-do",4113510200,춘천문화예술회관,4211011200200400002028991,033-241-1856,55446,https://www.cccf.or.kr/Home/H40000/H40400/boardView?board_key=10928&search_type=1&search_keyword=ECA09C61ED9A8C+ECB698ECB29CEBAFB8EC88A0ED9891ED9A8CECA084,37,127,문화정보원,"이번 협회전은 전통의 재해석이라는 주제를 가지고 기존의 틀과 형식,재료,소재,기법 등의 변화를 꾀하는 전시를 펼쳐보고자",20240604,20240604
KCKRSPO23N000000621,관광명소,관광명소_축제,2023 물금 벚꽃 축제,48,경상남도,48330,양산시,4833025321,물금읍 물금리,483303338091,경상남도 양산시 낙동로 295-9,경상남도 양산시 물금읍 물금리 172-2,,4113111300,,,055-392-7012,55438,,35,128,문화정보원,"식전공연, 개막식, 축하공연, 불꽃축제, 플리마켓, 푸드트럭 등",20240604,20240604
KCKRSPO23N000000622,관광명소,관광명소_축제,제17회 구리 코스모스 축제,41,경기도,41310,구리시,4131010700,토평동,413104854856,경기도 구리시 코스모스길14번길 249 (토평동),경기도 구리시 토평동 810,"249 Cosmos-gil 14beon-gil, Guri-si, Gyeonggi-do",4113110200,,4131010700108100000000001,031-550-2065,24348,http://www.guri.go.kr,37,127,문화정보원,무대공연+체험부스운영+먹거리 체험+꽃 관람,20240604,20240604
KCKRSPO23N000000623,관광명소,관광명소_축제,제18회 구리 유채꽃 축제,41,경기도,41310,구리시,4131010700,토평동,413104854856,경기도 구리시 코스모스길14번길 249 (토평동),경기도 구리시 토평동 810,"249 Cosmos-gil 14beon-gil, Guri-si, Gyeonggi-do",4113310100,,4131010700108100000000001,031-550-2065,21440,http://www.guri.go.kr,37,127,문화정보원,무대공연+체험부스운영+먹거리 체험+꽃 관람,20240604,20240604
KCKRSPO23N000000624,관광명소,관광명소_축제,제18회 구리 코스모스 축제,41,경기도,41310,구리시,4131010700,토평동,413104854856,경기도 구리시 코스모스길14번길 249 (토평동),경기도 구리시 토평동 810,"249 Cosmos-gil 14beon-gil, Guri-si, Gyeonggi-do",4111512300,,4131010700108100000000001,031-550-2065,21354,http://www.guri.go.kr,37,127,문화정보원,무대공연+체험부스운영+먹거리 체험+꽃 관람,20240604,20240604
KCKRSPO23N000000625,관광명소,관광명소_축제,제19회 구리 유채꽃 축제,41,경기도,41310,구리시,4131010700,토평동,413104854856,경기도 구리시 코스모스길14번길 249 (토평동),경기도 구리시 토평동 810,"249 Cosmos-gil 14beon-gil, Guri-si, Gyeonggi-do",4127310100,,4131010700108100000000001,031-550-2065,21354,http://www.guri.go.kr,37,127,문화정보원,한강 꽃단지 체험 및 시가지 공연 등,20240604,20240604
KCKRSPO23N000000626,관광명소,관광명소_축제,제19회 구리 코스모스 축제,41,경기도,41310,구리시,4131010700,토평동,413104854856,경기도 구리시 코스모스길14번길 249 (토평동),경기도 구리시 토평동 810,"249 Cosmos-gil 14beon-gil, Guri-si, Gyeonggi-do",4127310100,,4131010700108100000000001,031-550-2065,8611,http://www.guri.go.kr,37,127,문화정보원,한강 꽃단지 체험 및 시가지 공연 등,20240604,20240604
KCKRSPO23N000000627,관광명소,관광명소_축제,청천환경버섯축제,43,충청북도,43760,괴산군,4376036021,청천면 청천리,437603246038,충청북도 괴산군 청천면 화양로 14,충청북도 괴산군 청천면 청천리 38-6,"14 Hwayang-ro, Cheongcheon-myeon, Goesan-gun, Chungcheongbuk-do",4127310100,,4376036021100380006000001,043-830-2532,28063,,36,127,문화정보원,농특산물(버섯) 홍보 및 지역홍보,20240604,20240604
KCKRSPO23N000000628,관광명소,관광명소_축제,사리면빨 축제,43,충청북도,43760,괴산군,4376039024,사리면 중흥리,437603014051,충청북도 괴산군 사리면 사리로 517,충청북도 괴산군 사리면 중흥리 1-1,"517 Sari-ro, Sari-myeon, Goesan-gun, Chungcheongbuk-do",4127310100,,4376039024100010001019212,043-830-2584,7508,,36,127,문화정보원,농특산물(쌀) 홍보 및 지역홍보,20240604,20240604
KCKRSPO23N000000629,관광명소,관광명소_축제,양곡은행나무축제,43,충청북도,43760,괴산군,4376035027,문광면 양곡리,437604538117,충청북도 괴산군 문광면 괴산로양곡5길 15,충청북도 괴산군 문광면 양곡리 54,"15 Goesan-ro yanggok 5-gil, Mungwang-myeon, Goesan-gun, Chungcheongbuk-do",4127310100,,4376035027100540000020489,043-830-2513,15355,,36,127,문화정보원,문광 은행나무길 홍보 및 지역홍보,20240604,20240604
KCKRSPO23N000000630,관광명소,관광명소_축제,농악대축제,41,경기도,41210,광명시,4121010300,하안동,412103000022,경기도 광명시 오리로 703 (하안동),경기도 광명시 하안동 577,"703 Ori-ro, Gwangmyeong-si, Gyeonggi-do",4127310100,,4121010300105770000010549,02-899-1664,15539,,37,126,문화정보원,농악행사,20240604,20240604
KCKRSPO23N000000631,관광명소,관광명소_축제,농악대축제,41,경기도,41210,광명시,4121010300,하안동,412103000022,경기도 광명시 오리로 703 (하안동),경기도 광명시 하안동 577,"703 Ori-ro, Gwangmyeong-si, Gyeonggi-do",4127310100,,4121010300105770000010549,02-899-1664,15471,,37,126,문화정보원,농악행사,20240604,20240604
KCKRSPO23N000000632,관광명소,관광명소_축제,구름산예술제,41,경기도,41210,광명시,4121010200,철산동,412103187038,경기도 광명시 시청로 20 (철산동),경기도 광명시 철산동 222-1 광명시청,"20 Sicheong-ro, Gwangmyeong-si, Gyeonggi-do",4127310100,광명시청,4121010200102220001000089,02-2680-6871,15539,,37,126,문화정보원,예술전시+행사,20240604,20240604
KCKRSPO23N000000633,관광명소,관광명소_축제,제14회 광명시평생학습축제,41,경기도,41210,광명시,4121010200,철산동,412104361245,경기도 광명시 오리로854번길 10 (철산동),경기도 광명시 철산동 419,"10 Ori-ro 854beon-gil, Gwangmyeong-si, Gyeonggi-do",4127310100,,4121010200104190000000502,02-2680-6200,24728,https://lll.gm.go.kr/lll/contents.do?key=288,37,126,문화정보원,학술 컨퍼런스 외,20240604,20240604
KCKRSPO23N000000634,관광명소,관광명소_축제,제2회 밤일음식문화 거리 축제,41,경기도,41210,광명시,4121010300,하안동,412103187026,경기도 광명시 밤일안로 19 (하안동),경기도 광명시 하안동 883-3,"19 Bamiran-ro, Gwangmyeong-si, Gyeonggi-do",4127310100,,4121010300108830003000001,02-2680-5484,14260,,37,126,문화정보원,음식점할인행사+무료시식+노래자랑+초대공연 등,20240604,20240604
KCKRSPO23N000000635,관광명소,관광명소_축제,구름산예술제,41,경기도,41210,광명시,4121010200,철산동,412103187038,경기도 광명시 시청로 20 (철산동),경기도 광명시 철산동 222-1 광명시청,"20 Sicheong-ro, Gwangmyeong-si, Gyeonggi-do",4127310100,광명시청,4121010200102220001000089,02-2680-6871,32555,,37,126,문화정보원,예술전시+행사,20240604,20240604
KCKRSPO23N000000636,관광명소,관광명소_축제,제16회 광명시평생학습축제,41,경기도,41210,광명시,4121010200,철산동,412104361245,경기도 광명시 오리로854번길 10 (철산동),경기도 광명시 철산동 419,"10 Ori-ro 854beon-gil, Gwangmyeong-si, Gyeonggi-do",4127110400,,4121010200104190000000502,02-2680-6200,25332,https://lll.gm.go.kr/lll/contents.do?key=284,37,126,문화정보원,학술 컨퍼런스 외,20240604,20240604
KCKRSPO23N000000637,관광명소,관광명소_축제,제26회 오리문화제,41,경기도,41210,광명시,4121010300,하안동,412103187054,경기도 광명시 철망산로 42 (하안동),경기도 광명시 하안동 683 광명문화원,"42 Cheolmangsan-ro, Gwangmyeong-si, Gyeonggi-do",4127110400,광명문화원,4121010300106830000011756,02-2680-6223,63538,www.gmcc.or.kr/,37,126,문화정보원,오리이원익 영우참배+헌화식+전시+체험마당+먹거리장터+학술행사 등,20240604,20240604
KCKRSPO23N000000638,관광명소,관광명소_축제,구름산예술제,41,경기도,41210,광명시,4121010200,철산동,412103187038,경기도 광명시 시청로 20 (철산동),경기도 광명시 철산동 222-1 광명시청,"20 Sicheong-ro, Gwangmyeong-si, Gyeonggi-do",4127110400,광명시청,4121010200102220001000089,02-2680-6871,12523,,37,126,문화정보원,예술전시+행사,20240604,20240604
KCKRSPO23N000000639,관광명소,관광명소_축제,청원생명축제,43,충청북도,43114,청주시,4311425349,오창읍 용두리,431143257075,충청북도 청주시 청원구 오창읍 미래지로 71-4,충청북도 청주시 청원구 오창읍 용두리 245,"71-4 Miraeji-ro, Ochang-eup, Cheongwon-gu, Cheongju-si, Chungcheongbuk-do",4127110400,,4371025349102450000000001,043-201-2164,12539,,36,127,문화정보원,농특산물 판매장+축산물판매 및 셀프식당+농산물 수확 체험장+전시+공연+체험,20240604,20240604
KCKRSPO23N000000640,관광명소,관광명소_축제,세종대왕과 초정약수축제,43,충청북도,43114,청주시,4311425031,내수읍 초정리,431143014023,충청북도 청주시 청원구 내수읍 초정약수로 851,충청북도 청주시 청원구 내수읍 초정리 81-5 초정행궁,"851 Chojeongyaksu-ro, Naesu-eup, Cheongwon-gu, Cheongju-si, Chungcheongbuk-do",4127110400,초정행궁,4311425031100810003000001,043-223-4048,55769,,36,127,문화정보원,어가행차+개막식+폐막식,20240604,20240604
KCKRSPO23N000000641,관광명소,관광명소_축제,충주 다이브(DIVE) 페스티벌,43,충청북도,43130,충주시,4313038521,중앙탑면 탑평리,431304515420,충청북도 충주시 중앙탑면 탑정안길 6,충청북도 충주시 중앙탑면 탑평리 3,"6 Tapjeongan-gil, Jungangtap-myeon, Chungju-si, Chungcheongbuk-do",4127110400,,4313038021100390002054978,043-723-1358,55430,,37,127,문화정보원,문화예술공연+드론쇼+불꽃놀이+먹거리존+미로게임+열기구전시+좀비탈출,20240604,20240604
KCKRSPO23N000000642,관광명소,관광명소_축제,제51회 우륵문화제,43,충청북도,43130,충주시,4313012800,금릉동,431303238009,충청북도 충주시 남한강로 46 (금릉동),충청북도 충주시 금릉동 600,"46 Namhangang-ro, Chungju-si, Chungcheongbuk-do",4117310300,,4313012800106000000000001,043-847-1565,55438,,36,127,문화정보원,문화행사+전통체험행사,20240604,20240604
KCKRSPO23N000000643,관광명소,관광명소_축제,청풍호 벚꽃축제,43,충청북도,43150,제천시,4315032041,청풍면 물태리,431504518039,충청북도 제천시 청풍면 청풍호로56길 23,충청북도 제천시 청풍면 물태리 133-99 청풍면보건소,"23 Cheongpungho-ro 56-gil, Cheongpung-myeon, Jecheon-si, Chungcheongbuk-do",4117310300,청풍면보건소,4315032041101330099000614,043-645-4998,24320,,36,128,문화정보원,개막행사+공연행사+전시행사+체험행사+이벤트,20240604,20240604
KCKRSPO23N000000644,관광명소,관광명소_축제,생거진천농다리축제,43,충청북도,43750,진천군,4375033032,문백면 구산동리,437503245003,충청북도 진천군 문백면 농다리로 1032-11,충청북도 진천군 문백면 구산동리 135 농다리관광명소화사업전시관,"1032-11 Nongdari-ro, Munbaek-myeon, Jincheon-gun, Chungcheongbuk-do",4117310300,농다리관광명소화사업전시관,4375033024101350000028042,043-539-3603,24336,www.jincheon.go.kr,36,127,문화정보원,문화예술공연,20240604,20240604
KCKRSPO23N000000645,관광명소,관광명소_축제,제15회 구리한강 유채꽃 축제,41,경기도,41310,구리시,4131010700,토평동,413104854856,경기도 구리시 코스모스길14번길 249 (토평동),경기도 구리시 토평동 810,"249 Cosmos-gil 14beon-gil, Guri-si, Gyeonggi-do",4117310300,,4131010700108100000000001,031-550-2065,24336,http://www.guri.go.kr,37,127,문화정보원,유채꽃 축제,20240604,20240604
KCKRSPO23N000000646,관광명소,관광명소_축제,제15회 구리 코스모스 축제,41,경기도,41310,구리시,4131010700,토평동,413104854856,경기도 구리시 코스모스길14번길 249 (토평동),경기도 구리시 토평동 810,"249 Cosmos-gil 14beon-gil, Guri-si, Gyeonggi-do",4117310300,,4131010700108100000000001,031-550-2065,24264,http://www.guri.go.kr,37,127,문화정보원,코스모스 축제,20240604,20240604
KCKRSPO23N000000647,관광명소,관광명소_축제,제16회 구리한강 유채꽃 축제,41,경기도,41310,구리시,4131010700,토평동,413104854856,경기도 구리시 코스모스길14번길 249 (토평동),경기도 구리시 토평동 810,"249 Cosmos-gil 14beon-gil, Guri-si, Gyeonggi-do",4117310300,,4131010700108100000000001,031-550-2065,24441,http://www.guri.go.kr,37,127,문화정보원,유채꽃 축제,20240604,20240604
KCKRSPO23N000000648,관광명소,관광명소_축제,제16회 구리 코스모스 축제,41,경기도,41310,구리시,4131010700,토평동,413104854856,경기도 구리시 코스모스길14번길 249 (토평동),경기도 구리시 토평동 810,"249 Cosmos-gil 14beon-gil, Guri-si, Gyeonggi-do",4117310300,,4131010700108100000000001,031-550-2065,24336,http://www.guri.go.kr,37,127,문화정보원,코스모스 축제,20240604,20240604
KCKRSPO23N000000649,관광명소,관광명소_축제,제17회 구리 유채꽃 축제,41,경기도,41310,구리시,4131010700,토평동,413104854856,경기도 구리시 코스모스길14번길 249 (토평동),경기도 구리시 토평동 810,"249 Cosmos-gil 14beon-gil, Guri-si, Gyeonggi-do",4117310300,,4131010700108100000000001,031-550-2065,24239,http://www.guri.go.kr,37,127,문화정보원,무대공연+체험부스운영+먹거리 체험+꽃 관람,20240604,20240604
KCKRSPO23N000000650,관광명소,관광명소_축제,2022 청춘의회 제3기 청년의원,51,강원특별자치도,51110,춘천시,5111011200,효자동,421103218003,강원특별자치도 춘천시 공지로 255 (효자동),강원특별자치도 춘천시 효자동 303-14,"255 Gongji-ro, Chuncheon-si, Gangwon-do",4117310300,,4211011200103030014026324,033-910-3106,24264,https://www.cccf.or.kr/Home/H40000/H40400/boardView?board_key=10293&search_type=1&search_keyword=2022+ECB2ADECB698EC9D98ED9A8CE3808CECA09C3EAB8B0+ECB2ADEB8584EC9D98EC9B90E3808D,37,127,문화정보원,청년이 함께 모여 생각을 공유하는 청춘모임,20240604,20240604
KCKRSPO23N000000651,관광명소,관광명소_축제,음악으로 지역을 잇다 뮤지컬 @춘천 참가자 모집,51,강원특별자치도,51110,춘천시,5111011200,효자동,421103218003,강원특별자치도 춘천시 공지로 255 (효자동),강원특별자치도 춘천시 효자동 303-14,"255 Gongji-ro, Chuncheon-si, Gangwon-do",4117310300,,4211011200103030014026324,033-912-5001,24246,https://www.cccf.or.kr/Home/H40000/H40400/boardList?cate_id=&search_type=1&search_keyword=EC9D8CEC9585EC9CBCEBA19C+ECA780EC97ADEC9D84+EC9E87EB8BA421+5BEBAEA4ECA780ECBBAC+40ECB698ECB29C5D+ECB0B8EAB080EC9E90+EBAAA8ECA791,37,127,문화정보원,지역의 이야기를 담은 음악 만들기,20240604,20240604
KCKRSPO23N000000652,관광명소,관광명소_축제,2022 춘천공연예술제,51,강원특별자치도,51110,춘천시,5111011200,효자동,421103218037,강원특별자치도 춘천시 춘천로 112 (효자동),강원특별자치도 춘천시 효자동 531 축제극장몸짓,"112 Chuncheon-ro, Chuncheon-si, Gangwon-do",4117110100,축제극장몸짓,4211011200105310018000001,033-251-0545,24336,http://ccaf.or.kr/festival2022,37,127,문화정보원,무대 위 펼쳐지는 공연예술 축체,20240604,20240604
KCKRSPO23N000000653,관광명소,관광명소_축제,2022 춘천연극제,51,강원특별자치도,51110,춘천시,5111010700,옥천동,421103218018,강원특별자치도 춘천시 서부대성로 71 (옥천동),강원특별자치도 춘천시 옥천동 73-2 춘천예술마당,"71 Seobudaeseong-ro, Chuncheon-si, Gangwon-do",4117110100,춘천예술마당,4211010700100730002002079,033-256-8246,50917,http://citf.or.kr/document/citf_intro,37,127,문화정보원,산책길에서 관객과 함께 웃고 호흡하는 연극제,20240604,20240604
KCKRSPO23N000000654,관광명소,관광명소_축제,제4회 홍제1동 장미거리축제,11,서울특별시,11410,서대문구,1141011100,홍제동,114104136445,서울특별시 서대문구 홍제내길 227 (홍제동),서울특별시 서대문구 홍제동 294-84,"227 Hongjenae-gil, Seodaemun-gu, Seoul",4117110100,,1141011100102170027000002,02-330-1410,50874,,37,126,문화정보원,개막공연+개막식+초청가수공연+자치회관프로그램발표회+가요콘서트＆패션쇼+장미가요제+마을장터+체험부스,20240604,20240604
KCKRSPO23N000000655,관광명소,관광명소_축제,음악극 동백꽃,51,강원특별자치도,51110,춘천시,5111033024,신동면 증리,421104454740,강원특별자치도 춘천시 신동면 풍류1길 34,강원특별자치도 춘천시 신동면 증리 901,"34 Pungnyu 1-gil, Sindong-myeon, Chuncheon-si, Gangwon-do",4117110200,,4211033024109010000000001,033-263-7222,50917,https://www.cccf.or.kr/Home/H40000/H40400/boardList?cate_id=&search_type=1&search_keyword=EC9D8CEC9585EAB7B9+5BEB8F99EBB0B1EABD835D,37,127,문화정보원,온 가족이 즐길 수 있는 음악극 동백꽃,20240604,20240604
KCKRSPO23N000000656,관광명소,관광명소_축제,Re Birth - 다시 삶으로,51,강원특별자치도,51110,춘천시,5111010700,옥천동,421103218018,강원특별자치도 춘천시 서부대성로 71 (옥천동),강원특별자치도 춘천시 옥천동 73-2 춘천예술마당,"71 Seobudaeseong-ro, Chuncheon-si, Gangwon-do",4117110200,춘천예술마당,4211010700100730002002079,033-241-1856,24264,https://www.cccf.or.kr/Home/H40000/H40400/boardList?cate_id=&search_type=1&search_keyword=Re3B+Birth++EB8BA4EC8B9C+EC82B6EC9CBCEBA19C,37,127,문화정보원,"다시, 삶 이라는 두 개의 단어로 구성되어 있다.다시는 이전에 이미 무언가가 있었다는 전제가 내포되어 있으며.삶에는 탄생이라는 전체적 사건이 있어야 한다.즉, 다시 삶은 재탄생(Rebirth)에서 시작되고 이어진다.",20240604,20240604
KCKRSPO23N000000657,관광명소,관광명소_축제,연극 알자스 지방의 세입자,51,강원특별자치도,51110,춘천시,5111010700,옥천동,421103218018,강원특별자치도 춘천시 서부대성로 71 (옥천동),강원특별자치도 춘천시 옥천동 73-2 춘천예술마당,"71 Seobudaeseong-ro, Chuncheon-si, Gangwon-do",4117110100,춘천예술마당,4211010700100730002002079,,24264,https://www.cccf.or.kr/Home/H40000/H40400/boardView?board_key=10372&search_type=1&search_keyword=EC97B0EAB7B95D+EC958CEC9E90EC8AA4+ECA780EBB0A9EC9D98+EC84B8EC9E85EC9E90,37,127,문화정보원,중학생 이상 관람가 (보호자 동의 시 초등생 입장가능),20240604,20240604
KCKRSPO23N000000658,관광명소,관광명소_축제,book book book 생각나누기 즐겁게 책읽기 특강 및 멘토링,51,강원특별자치도,51110,춘천시,5111010700,옥천동,421104454451,강원특별자치도 춘천시 시청길 11 (옥천동),강원특별자치도 춘천시 옥천동 111-1 춘천시청,"11 Sicheong-gil, Chuncheon-si, Gangwon-do",4146110300,춘천시청,4211010700101110001000001,033-252-6217,63599,https://www.cccf.or.kr/Home/H40000/H40400/boardView?board_key=10365&search_type=1&search_keyword=EC839DEAB081EB8298EB8884EAB8B0,37,127,문화정보원,"즐겁게 책 읽기 활동아 참여할 아동,청소년,학부모 100명을 모집합니다",20240604,20240604
KCKRSPO23N000000659,관광명소,관광명소_축제,시민이 상상한 옥상 현실이 되다 옥상상상,51,강원특별자치도,51110,춘천시,5111011200,효자동,421103218003,강원특별자치도 춘천시 공지로 255 (효자동),강원특별자치도 춘천시 효자동 303-14,"255 Gongji-ro, Chuncheon-si, Gangwon-do",4146110300,,4211011200103030014026324,033-912-5000,24374,https://www.cccf.or.kr/Home/H40000/H40400/boardView?board_key=7660&search_type=1&search_keyword=EC8B9CEBAFBCEC9DB4+EC8381EC8381ED959C,37,127,문화정보원,"활동가나 기관이 아닌 시민이 상상하고 준비한 행사로, 3주동안 옥상에서 다양한 프로그램을 진행한다.",20240604,20240604
KCKRSPO23N000000660,관광명소,관광명소_축제,마켓396,51,강원특별자치도,51110,춘천시,5111011700,근화동,421103218033,강원특별자치도 춘천시 중앙로 186 (근화동),강원특별자치도 춘천시 근화동 396-2,"186 Jungang-ro, Chuncheon-si, Gangwon-do",4182025022,,4211011700103960002000001,033-256-3961,63538,https://www.cccf.or.kr/Home/H40000/H40400/boardView?board_key=7655&search_type=1&search_keyword=EBA788ECBC93396,37,127,문화정보원,멈춰있는 핸드메이드 마켓의 활기를 돋우는 문화 축제,20240604,20240604
KCKRSPO23N000000661,관광명소,관광명소_축제,제주MBC 국제평화마라톤,50,제주특별자치도,50110,제주시,5011025024,한림읍 한림리,501103349210,제주특별자치도 제주시 한림읍 한림중앙로 71-9,제주특별자치도 제주시 한림읍 한림리 887-2,"71-9 Hallimjungang-ro, Hallim-eup, Jeju-si, Jeju-do",4121010100,,5011025024008870002003638,064-748-9021,63600,http://marathon.jejumbc.com/index.php,33,126,문화정보원,새 봄과 함께 2023 제주MBC 국제평화마라톤 대회,20240604,20240604
KCKRSPO23N000000662,관광명소,관광명소_축제,2023 제주 고산리 유적 선사축제,50,제주특별자치도,50110,제주시,5011031023,한경면 고산리,501103349230,제주특별자치도 제주시 한경면 노을해안로 1100,제주특별자치도 제주시 한경면 고산리 3650-1,"1100 Noeulhaean-ro, Hangyeong-myeon, Jeju-si, Jeju-do",4121010300,,5011031023136500001000001,064-772-0041,63572,https://jejugogohak.tistory.com/,33,126,문화정보원,제5회 GoGo 제주고산리유적 선사축제,20240604,20240604
KCKRSPO23N000000663,관광명소,관광명소_축제,휴애리 유채꽃 축제,50,제주특별자치도,50130,서귀포시,5013025329,남원읍 신례리,501303350180,제주특별자치도 서귀포시 남원읍 신례동로 256,제주특별자치도 서귀포시 남원읍 신례리 2081 휴애리,"256 Sillyedong-ro, Namwon-eup, Seogwipo-si, Jeju-do",4121010200,휴애리,5013025329120150004000001,064-732-2114,63608,www.hueree.com,33,126,문화정보원,2023 휴애리 유채꽃축제는 서귀포시 남원읍 신례리에 위치한 휴애리의 새로운 축제이다. 이번 휴애리 유채꽃축제에는 정성스럽게 키운 유채꽃 4000평 밭에서 직접 감상할 수 있다.,20240604,20240604
KCKRSPO23N000000664,관광명소,관광명소_축제,한림공원 수선화축제,50,제주특별자치도,50110,제주시,5011025031,한림읍 협재리,501103349208,제주특별자치도 제주시 한림읍 한림로 300,제주특별자치도 제주시 한림읍 협재리 2487,"300 Hallim-ro, Hallim-eup, Jeju-si, Jeju-do",4121010200,,5011025031028720014002534,064-796-0001,63624,www.hallimpark.com,33,126,문화정보원,제주 한림공원에서는 2023년 1월 21일(토)부터 2023년 2월 19일(일)까지 제12회 한림공원 수선화축제가 열린다.,20240604,20240604
KCKRSPO23N000000665,관광명소,관광명소_축제,탐라국입춘굿,50,제주특별자치도,50110,제주시,5011010600,삼도이동,501103349016,제주특별자치도 제주시 관덕로 19 (삼도이동),제주특별자치도 제주시 삼도이동 983-1 관덕정,"19 Gwandeok-ro, Jeju-si, Jeju-do",4121010200,관덕정,5011010600109830001062980,064-728-2714,63633,,33,126,문화정보원,2023 계묘년 탐라국입춘굿 성안이 들썩 관덕정 꽃마중. 제주 원도심에서 만나는 봄맞이 축제,20240604,20240604
KCKRSPO23N000000666,관광명소,관광명소_축제,휴애리 매화축제,50,제주특별자치도,50130,서귀포시,5013025329,남원읍 신례리,501303350180,제주특별자치도 서귀포시 남원읍 신례동로 256,제주특별자치도 서귀포시 남원읍 신례리 2081 휴애리,"256 Sillyedong-ro, Namwon-eup, Seogwipo-si, Jeju-do",4121010200,휴애리,5013025329120150004000001,064-732-2114,63608,www.hueree.com,33,126,문화정보원,올해로 열일곱 번째 열리는 휴애리 매화축제는 휴애리 공원에서 정성스럽게 키운 매화꽃을 매화올레길 매화정원 등 공원 곳곳에서 감상할 수 있는 휴애리 대표 축제이다.,20240604,20240604
KCKRSPO23N000000667,관광명소,관광명소_축제,한림공원 매화축제,50,제주특별자치도,50110,제주시,5011025031,한림읍 협재리,501103349208,제주특별자치도 제주시 한림읍 한림로 300,제주특별자치도 제주시 한림읍 협재리 2487,"300 Hallim-ro, Hallim-eup, Jeju-si, Jeju-do",4121010300,,5011025031028720014002534,064-796-0001,63622,www.hallimpark.com,33,126,문화정보원,한림공원 매화정원에서 고고한 매화의 기품과 수선화 향기와 함께 성큼 다가온 봄의 기운을 만끽해보자.,20240604,20240604
KCKRSPO23N000000668,관광명소,관광명소_축제,상효원수목원 튤립축제,50,제주특별자치도,50130,서귀포시,5013010700,상효동,501303020010,제주특별자치도 서귀포시 산록남로 2847-37 (상효동),제주특별자치도 서귀포시 상효동 산25,"2847-37 Sallongnam-ro, Seogwipo-si, Jeju-do",4121010300,,5013010700200250000009247,064-733-2200,63572,www.sanghyowon.com,33,126,문화정보원,힐링 수목원 상효원에서는 봄을 맞이하여 여덟 번째 튤립축제를 진행한다.,20240604,20240604
KCKRSPO23N000000669,관광명소,관광명소_축제,한림공원 왕벚꽃축제,50,제주특별자치도,50110,제주시,5011025031,한림읍 협재리,501103349208,제주특별자치도 제주시 한림읍 한림로 300,제주특별자치도 제주시 한림읍 협재리 2487,"300 Hallim-ro, Hallim-eup, Jeju-si, Jeju-do",4121010300,,5011025031028720014002534,064-796-0001,27388,www.hallimpark.com,33,126,문화정보원,완연한 봄을 알리는 한림공원 왕벚꽃축제,20240604,20240604
KCKRSPO23N000000670,관광명소,관광명소_축제,마노르블랑 봄꽃축제,50,제주특별자치도,50130,서귀포시,5013031026,안덕면 덕수리,501304850735,제주특별자치도 서귀포시 안덕면 일주서로2100번길 46,제주특별자치도 서귀포시 안덕면 덕수리 2952,"46 Iljuseo-ro 2100beon-gil, Andeok-myeon, Seogwipo-si, Jeju-do",4121010300,,5013031026129520000000001,064-794-0999,63527,https://www.instagram.com/jejumanorblanc,33,126,문화정보원,마노르블랑에서는 올해 봄을 맞이하여 봄꽃축제가 열리고 있다.,20240604,20240604
KCKRSPO23N000000671,관광명소,관광명소_축제,금산세계인삼축제,44,충청남도,44710,금산군,4471025021,금산읍 신대리,447103257042,충청남도 금산군 금산읍 인삼광장로 30,충청남도 금산군 금산읍 신대리 392 금산인삼관,"30 Insamgwangjang-ro, Geumsan-eup, Geumsan-gun, Chungcheongnam-do",4121010300,금산인삼관,4471025021103920000017768,041-750-2303,26052,http://www.insamfestival.co.kr/,36,127,문화정보원,"ㅇ인삼캐기 체험+미래로봇관+홍삼족욕 및 홍삼팩 마사지체험 등 건강 체험관 운영+국제인삼교역전+엄마 행복하세요 주제에 맞는 콘텐츠 구성 엄마건강UP,행복UP 등",20240604,20240604
KCKRSPO23N000000672,관광명소,관광명소_축제,금산삼계탕축제,44,충청남도,44710,금산군,4471025021,금산읍 신대리,447103257042,충청남도 금산군 금산읍 인삼광장로 30,충청남도 금산군 금산읍 신대리 392 금산인삼관,"30 Insamgwangjang-ro, Geumsan-eup, Geumsan-gun, Chungcheongnam-do",4121010200,금산인삼관,4471025021103920000017768,041-750-2303,26052,http://www.insamfestival.co.kr/,36,127,문화정보원,ㅇ가족 여름 삼(蔘)캉스+여름 별빛놀이터+열대야 콘서트+여름 쿨 음악회+금산인삼 푸드코너+간편 삼계요리 경연대회+금산약초 체험마켓 등,20240604,20240604
KCKRSPO23N000000673,관광명소,관광명소_축제,영천보현산별빛축제,47,경상북도,47230,영천시,4723034029,화북면 정각리,472303310010,경상북도 영천시 화북면 별빛로 681-32,경상북도 영천시 화북면 정각리 689,"681-32 Byeolbit-ro, Hwabuk-myeon, Yeongcheon-si, Gyeongsangbuk-do",4121010200,,4723034029106920000066681,054-330-6702,55937,http://영천보현산별빛축제.com,36,128,문화정보원,천문·우주·과학 관련 온오프라인 콘텐츠 운영+천문학 강의+스타파티+각종 참여 프로그램 등,20240604,20240604
KCKRSPO23N000000674,관광명소,관광명소_축제,이형석 개인전 그것들은 다 옷같이 낡으리니,51,강원특별자치도,51110,춘천시,5111010700,옥천동,421103218018,강원특별자치도 춘천시 서부대성로 71 (옥천동),강원특별자치도 춘천시 옥천동 73-2 춘천예술마당,"71 Seobudaeseong-ro, Chuncheon-si, Gangwon-do",4121010200,춘천예술마당,4211010700100730002002079,033-241-1856,55918,https://www.cccf.or.kr/Home/H40000/H40400/boardList?cate_id=&search_type=1&search_keyword=EC9DB4ED9895EC849D+EAB09CEC9DB8ECA084+5BEAB7B8EAB283EB93A4EC9D80+EB8BA4+EC98B7EAB099EC9DB4+EB82A1EC9CBCEBA6ACEB8B885D,37,127,문화정보원,50을 앞두고 대학시절부터 현재까지 사회적 변화와 개인적인 감성을 다양한 기법으로 풀고자 했던 작품을 모아 첫 개인전,20240604,20240604
KCKRSPO23N000000675,관광명소,관광명소_축제,춘천의 겨울을 마주하다_황순란,51,강원특별자치도,51110,춘천시,5111010700,옥천동,421103218018,강원특별자치도 춘천시 서부대성로 71 (옥천동),강원특별자치도 춘천시 옥천동 73-2 춘천예술마당,"71 Seobudaeseong-ro, Chuncheon-si, Gangwon-do",4121010300,춘천예술마당,4211010700100730002002079,033-241-1856,55918,https://www.cccf.or.kr/Home/H40000/H40400/boardView?board_key=10338&search_type=1&search_keyword=ECB698ECB29CEC9D98+EAB2A8EC9AB8EC9D84+EBA788ECA3BCED9598EB8BA4_ED99A9EC889CEB9E80,37,127,문화정보원,춘천에서 10년 동안 그리기를 지속해 온 작가의 작품,20240604,20240604
KCKRSPO23N000000676,관광명소,관광명소_축제,도봉구 등축제,,,,,,,,서울특별시 도봉구 도봉로173가길 26 (도봉동),서울특별시 도봉구 도봉동 산70-4,"26 Dobong-ro 173ga-gil, Dobong-gu, Seoul",4121010300,,1132010800200700004018662,02-2091-2254,55953,,37,127,문화정보원,"둘리와 친구들과 어우러지는 범선, 동물친구들 등과 추석을 앞두고 있어 전통춤 시리즈로 구성하여 등 전시",20240604,20240604
KCKRSPO23N000000677,관광명소,관광명소_축제,정의공주와 함께 하는 도봉 한글잔치,,,,,,,,서울특별시 도봉구 원당샘공원,서울특별시 도봉구,,4121010300,,,02-905-4026,12529,,37,127,문화정보원,"문화예술공연, 백일장 및 사생대회, 전통놀이체험 등",20240604,20240604
KCKRSPO23N000000678,관광명소,관광명소_축제,정월대보름 큰잔치,11,서울특별시,11320,도봉구,1132010600,방학동,113203109006,서울특별시 도봉구 마들로 656 (방학동),서울특별시 도봉구 방학동 720 도봉구청,"656 Madeul-ro, Dobong-gu, Seoul",4161025936,도봉구청,1132010600107200000004091,02-2091-2254,12568,,37,127,문화정보원,"길놀이, 풍물놀이, 소원지 붙이기, 달집태우기, 민속놀이 체험마당,청소년 동아리 프로그램 공연 및 솟대외줄타기 공연",20240604,20240604
KCKRSPO23N000000679,관광명소,관광명소_축제,2024년 마곡문화의 거리 버스킹,,서울특별시,,강서구,,,115004145564,서울특별시 강서구 마곡동로 3길 23,서울특별시 강서구,,4131010700,,,02-2600-6634,12510,,37,126,문화정보원,다양한 공연 및 부대행사,20240604,20240604
KCKRSPO23N000000680,관광명소,관광명소_축제,제8회 겸재문화예술제,11,서울특별시,11500,강서구,1150010400,가양동,115004145407,서울특별시 강서구 양천로47길 36 (마곡동),서울특별시 강서구 마곡동 815 겸재정선미술관,"36 Yangcheon-ro 47-gil, Gangseo-gu, Seoul",4131010700,겸재정선미술관,1150010400102430001000001,02-2659-2206,16255,https://culture.gangseo.seoul.kr/,37,126,문화정보원,전국사생대회+청소년문화예술제+체험마당 등,20240604,20240604
KCKRSPO23N000000681,관광명소,관광명소_축제,2024년 우장산 그린 페스타,11,서울특별시,11500,강서구,1150010300,화곡동,115004145432,서울특별시 강서구 우장산로10길 112 (화곡동),서울특별시 강서구 화곡동 산60-1 한국폴리텍대학서울강서캠퍼스,"112 Ujangsan-ro 10-gil, Gangseo-gu, Seoul",4131010700,한국폴리텍대학서울강서캠퍼스,1150010300100770003018464,02-2600-6634,34139,,37,126,문화정보원,체험 및 부대행사+버스킹 영화상영 등,20240604,20240604
KCKRSPO23N000000682,관광명소,관광명소_축제,강서문화예술페스티벌,11,서울특별시,11500,강서구,1150010300,화곡동,115003000009,서울특별시 강서구 가로공원로 195 (화곡동),서울특별시 강서구 화곡동 379-68 강서아트리움,"195 Garogongwon-ro, Gangseo-gu, Seoul",4131010700,강서아트리움,1150010300103790068013349,02-2600-5890,44532,,37,126,문화정보원,공연+전시 및 체험부스,20240604,20240604
KCKRSPO23N000000683,관광명소,관광명소_축제,오구오구 어린이 버스킹 시즌2,11,서울특별시,11500,강서구,1150010300,화곡동,115003005069,서울특별시 강서구 화곡로 234 (화곡동),서울특별시 강서구 화곡동 24-128 공중화장실,"234 Hwagok-ro, Gangseo-gu, Seoul",4131010700,공중화장실,1150010300100240128000001,02-2600-6634,44532,,37,126,문화정보원,다양한 공연 및 부대행사,20240604,20240604
KCKRSPO23N000000684,관광명소,관광명소_축제,여름밤 뮤직 콘서트,11,서울특별시,11500,강서구,1150010400,가양동,115004145491,서울특별시 강서구 허준로5길 42 (가양동),서울특별시 강서구 가양동 1471 허준공원관리사무실,"42 Heojun-ro 5-gil, Gangseo-gu, Seoul",4131010700,허준공원관리사무실,1150010400114710000000001,02-2600-6634,44532,,37,126,문화정보원,다양한 장르의 음악 공연,20240604,20240604
KCKRSPO23N000000685,관광명소,관광명소_축제,제21회 허준축제,11,서울특별시,11500,강서구,1150010500,마곡동,115003155046,서울특별시 강서구 마곡동로 161 (마곡동),서울특별시 강서구 마곡동 812 서울식물원,"161 Magokdong-ro, Gangseo-gu, Seoul",4125010600,서울식물원,1150010500108120000000001,02-2600-6455,44485,,37,126,문화정보원,트롯가요제+각종 의료건강 프로그램 운영,20240604,20240604
KCKRSPO23N000000686,관광명소,관광명소_축제,제2회 마곡 문화의 거리 축제,,,,,,,,제주특별자치도 서귀포시 대정읍 노을해안로 636,제주특별자치도 서귀포시 대정읍 신도리 2449,"636 Noeulhaean-ro, Daejeong-eup, Seogwipo-si, Jeju-do",4125010300,,5013025033124490000000001,02-2600-5890,2565,,32,123,문화정보원,각종체험부스+경관조명전시+점등식행사,20240604,20240604
KCKRSPO23N000000687,관광명소,관광명소_축제,2024년 송년의 밤 특별 콘서트,11,서울특별시,11500,강서구,1150010300,화곡동,115003000009,서울특별시 강서구 가로공원로 195 (화곡동),서울특별시 강서구 화곡동 379-68 강서아트리움,"195 Garogongwon-ro, Gangseo-gu, Seoul",4125010300,강서아트리움,1150010300103790068013349,02-2600-6634,2576,,37,126,문화정보원,음악공연,20240604,20240604
KCKRSPO23N000000688,관광명소,관광명소_축제,봉화은어축제,,,,,,,,제주특별자치도 서귀포시 예래해안로 256 (하예동),제주특별자치도 서귀포시 하예동 532-3 해녀탈의실,"256 Yeraehaean-ro, Seogwipo-si, Jeju-do",4125010300,해녀탈의실,5013012100105320003000001,054-674-3053,57035,https://bhftf.co.kr:8091/,32,123,문화정보원,은어반두잡이+맨손잡이 체험 등,20240604,20240604
KCKRSPO23N000000689,관광명소,관광명소_축제,봉화송이축제,,,,,,,,제주특별자치도 서귀포시 쇠소깍로 151-7 (하효동),제주특별자치도 서귀포시 하효동 999-3,"151-7 Soesokkak-ro, Seogwipo-si, Jeju-do",4125010300,,5013010800109990003027543,054-674-3053,58601,https://bhftf.co.kr:8091/,32,123,문화정보원,송이채취+시식회 등,20240604,20240604
KCKRSPO23N000000690,관광명소,관광명소_축제,제6회의성슈퍼푸드마늘축제,47,경상북도,47730,의성군,4773025021,의성읍 후죽리,477304745053,경상북도 의성군 의성읍 군청길 31,경상북도 의성군 의성읍 후죽리 509-2 의성군청,"31 Guncheong-gil, Uiseong-eup, Uiseong-gun, Gyeongsangbuk-do",4125011200,의성군청,4773025021105090002050889,054-830-6578,58601,http://www.garlicfestival.co.kr,36,128,문화정보원,의성 특산물 마늘을 활용한 요리대회+마늘주제관 등 다채로운 프로그램 운영,20240604,20240604
KCKRSPO23N000000691,관광명소,관광명소_축제,제1회남대천벚꽃축제,,,,,,,,제주특별자치도 서귀포시 표선면 성읍정의현로 30,제주특별자치도 서귀포시 표선면 성읍리 855-1,"30 Seongeupjeonguihyeon-ro, Pyoseon-myeon, Seogwipo-si, Jeju-do",4125010200,,5013032023108550001000002,054-830-6578,25265,,32,123,문화정보원,버스킹+플리마켓 중심의 벚꽃축제,20240604,20240604
KCKRSPO23N000000692,관광명소,관광명소_축제,거창한마당대축제,48,경상남도,48880,거창군,4888025032,거창읍 양평리,488804841384,경상남도 거창군 거창읍 심소정길 39-36,"경상남도 거창군 거창읍 양평리 1160 거창스포츠파크, 체육시설사업소","39-36 Simsojeong-gil, Geochang-eup, Geochang-gun, Gyeongsangnam-do",4125010300,"거창스포츠파크, 체육시설사업소",4888025032111600000017257,055-940-8458,25254,거창한마당축제.kr,35,127,문화정보원,아림예술제+군민체육대회 등,20240604,20240604
KCKRSPO23N000000693,관광명소,관광명소_축제,거창크리스마스트리문화축제,48,경상남도,48880,거창군,4888025021,거창읍 상림리,488803347018,경상남도 거창군 거창읍 중앙로 103,경상남도 거창군 거창읍 상림리 64-1 거창군청,"103 Jungang-ro, Geochang-eup, Geochang-gun, Gyeongsangnam-do",4119010900,거창군청,4888025021100640001021161,055-943-3579,25271,https://www.gcctf.co.kr/,35,127,문화정보원,트리문화축제 공연 등,20240604,20240604
KCKRSPO23N000000694,관광명소,관광명소_축제,생거진천문화축제,43,충청북도,43750,진천군,4375025024,진천읍 읍내리,437504535151,충청북도 진천군 진천읍 백사천길 17,충청북도 진천군 진천읍 읍내리 209-9,"17 Baeksacheon-gil, Jincheon-eup, Jincheon-gun, Chungcheongbuk-do",4139013000,,4375025024102090009024027,043-539-3603,25216,www.jincheon.go.kr,36,127,문화정보원,문화예술공연,20240604,20240604
KCKRSPO23N000000695,관광명소,관광명소_축제,전농로 왕벚꽃 축제,50,제주특별자치도,50110,제주시,5011010500,삼도일동,501103349176,제주특별자치도 제주시 전농로 40 (삼도일동),제주특별자치도 제주시 삼도일동 508-4 삼도일동 행정복지센터,"40 Jeonnong-ro, Jeju-si, Jeju-do",4183036021,삼도일동 행정복지센터,5011010500105080004000004,064-728-4524,41935,,33,126,문화정보원,4년 만에 도심 전농로에서 왕벚꽃 축제가 개최됩니다.,20240604,20240604
KCKRSPO23N000000696,관광명소,관광명소_축제,제5회 애월읍 왕벚꽃 축제,50,제주특별자치도,50110,제주시,5011025327,애월읍 장전리,501103349244,제주특별자치도 제주시 애월읍 장전로 106,제주특별자치도 제주시 애월읍 장전리 448-2 장전리사무소,"106 Jangjeon-ro, Aewol-eup, Jeju-si, Jeju-do",4167011200,장전리사무소,5011025327004480002025583,064-728-8811,41935,,33,126,문화정보원,제주의 왕벚꽃 명소에서 즐기는 축제,20240604,20240604
KCKRSPO23N000000697,관광명소,관광명소_축제,서귀포 유채꽃 국제걷기대회,50,제주특별자치도,50130,서귀포시,5013010200,법환동,501303350224,제주특별자치도 서귀포시 월드컵로 33 (법환동),제주특별자치도 서귀포시 법환동 914 제주월드컵경기장,"33 World cup-ro, Seogwipo-si, Jeju-do",4167012000,제주월드컵경기장,5013010200109140000039678,064-760-3320,41935,www.jejusta.or.kr,33,126,문화정보원,세계인이 함께 걷는 제주의 봄,20240604,20240604
KCKRSPO23N000000698,관광명소,관광명소_축제,고령대가야축제,47,경상북도,47830,고령군,4783025326,대가야읍 지산리,478303320005,경상북도 고령군 대가야읍 대가야로 1216,경상북도 고령군 대가야읍 지산리 471-1 대가야역사테마관광지,"1216 Daegaya-ro, Daegaya-eup, Goryeong-gun, Gyeongsangbuk-do",4167012000,대가야역사테마관광지,4783025026104740001025140,054-950-6424,41935,http://www.festdgy.com/,35,128,문화정보원,36개 체험프로그램+이조년 전국백일장 등 연계행사+대가야박물관 기획특별전 등 부대행사+역사재현극 등,20240604,20240604
KCKRSPO23N000000699,관광명소,관광명소_축제,곡성세계장미축제,46,전라남도,46720,곡성군,4672031021,오곡면 오지리,467203287005,전라남도 곡성군 오곡면 기차마을로 232,전라남도 곡성군 오곡면 오지리 770-5,"232 Gichamaeul-ro, Ogok-myeon, Gokseong-gun, Jeollanam-do",4180025321,,4672031021107700005007240,061-360-8471,41958,www.gokseong.go.kr,35,127,문화정보원,장미공원 게릴라 왈츠 퍼레이드+공연행사+체험프로그램,20240604,20240604
KCKRSPO23N000000700,관광명소,관광명소_축제,충주 다이브페스티벌,43,충청북도,43130,충주시,4313010700,호암동,431303238010,충청북도 충주시 대림로 85 (호암동),충청북도 충주시 호암동 967 충주종합운동장,"85 Daerim-ro, Chungju-si, Chungcheongbuk-do",4180025321,충주종합운동장,4313010700106270001010116,043-723-1358,41958,www.cjdive.kr/,36,127,문화정보원,충주 관광 홍보 및 지역경제활성화,20240604,20240604
KCKRSPO23N000000701,관광명소,관광명소_축제,제51회지리산평화제,48,경상남도,48860,산청군,4886036021,시천면 중산리,488602345002,경상남도 산청군 시천면 지리산대로 520,경상남도 산청군 시천면 중산리 519,"520 Jirisan-daero, Sicheon-myeon, Sancheong-gun, Gyeongsangnam-do",4150010200,,4886036021105190000046274,055-970-6402,41958,https://www.sancheong.go.kr/tour/contents.do?key=2006,35,127,문화정보원,지리산산신제+평화상시상+민속행사+원혼위령제,20240604,20240604
KCKRSPO23N000000702,관광명소,관광명소_축제,제48회남명선비문화축제,48,경상남도,48860,산청군,4886036022,시천면 사리,488604835035,경상남도 산청군 시천면 남명로240번길 33,경상남도 산청군 시천면 사리 900-27 한국선비문화연구원,"33 Nammyeong-ro 240beon-gil, Sicheon-myeon, Sancheong-gun, Gyeongsangnam-do",4150036030,한국선비문화연구원,4886036022109000027000001,055-970-6403,57009,https://www.sancheong.go.kr/tour/contents.do?key=2002,35,127,문화정보원,남명제례+개막식+공연+경연+전시+체험행사,20240604,20240604
KCKRSPO23N000000703,관광명소,관광명소_축제,제18회기산국악제전,48,경상남도,48860,산청군,4886037029,단성면 사월리,488604835142,경상남도 산청군 단성면 상동길 69,경상남도 산청군 단성면 사월리 1399 기산국악당,"69 Sangdong-gil, Danseong-myeon, Sancheong-gun, Gyeongsangnam-do",4150031029,기산국악당,4886037029113990000023547,055-970-6403,57058,https://www.sancheong.go.kr/tour/contents.do?key=2001,35,127,문화정보원,추모제+박헌봉국악상시상+국악한마당공연+전국국악경연대회,20240604,20240604
KCKRSPO23N000000704,관광명소,관광명소_축제,제16회불교문화제전,,,,,,,,경기도 양평군 용문면 용문산로 656,경기도 양평군 용문면 신점리 520 용문산 매표소,"656 Yongmunsan-ro, Yongmun-myeon, Yangpyeong-gun, Gyeonggi-do",4150031029,용문산 매표소,4183040033105290000005983,055-970-6402,28210,https://www.sancheong.go.kr/tour/contents.do?key=6329,32,123,문화정보원,음악회+불교문화체험및전시,20240604,20240604
KCKRSPO23N000000705,관광명소,관광명소_축제,제16회산청목화축제,48,경상남도,48860,산청군,4886037029,단성면 사월리,488603345043,경상남도 산청군 단성면 목화로 887,경상남도 산청군 단성면 사월리 105-1 목면시배유지,"887 Mokhwa-ro, Danseong-myeon, Sancheong-gun, Gyeongsangnam-do",4165039023,목면시배유지,4886037029101050001002981,055-970-6411,29140,,35,127,문화정보원,무명베짜기재현+모듬북공연+음악회+무명옷패션쇼+목화체험,20240604,20240604
KCKRSPO23N000000706,관광명소,관광명소_축제,영암왕인문화축제,46,전라남도,46830,영암군,4683036028,군서면 동구림리,468303295086,전라남도 영암군 군서면 왕인로 440,전라남도 영암군 군서면 동구림리 산17 왕인박사유적지,"440 Wangin-ro, Gunseo-myeon, Yeongam-gun, Jeollanam-do",4159035021,왕인박사유적지,4683036028104370000000001,061-470-2259,32209,www.왕인문화축제.kr,34,126,문화정보원,공연+낙화놀이+콘테스트+불꽃놀이+퍼레이드,20240604,20240604
KCKRSPO23N000000707,관광명소,관광명소_축제,2024 통영한산대첩축제,48,경상남도,48220,통영시,4822010600,문화동,482203333018,경상남도 통영시 세병로 27 (문화동),경상남도 통영시 문화동 62 삼도수군통제영(세병관),"27 Sebyeong-ro, Tongyeong-si, Gyeongsangnam-do",4159035021,삼도수군통제영(세병관),4822010600100620000029351,055-650-0522,32993,https://tyhansancf.or.kr/,34,128,문화정보원,고유제+군점+이순신장군 행렬+한산대첩 재현+학술발표회+통제영무과 체험마당,20240604,20240604
KCKRSPO23N000000708,관광명소,관광명소_축제,제17회_정남진_장흥_물축제,,,,,,,,울산광역시 중구 시계탑거리 4 (성남동),울산광역시 중구 성남동 19-4,"4 Sigyetap-geori, Jung-gu, Ulsan",4884033000,,3111010600100190004008233,061-860-5771,24235,https://www.jangheung.go.kr/festival,32,123,문화정보원,살수대첩+지상최대의물싸움+황금물고기를잡아라+수중줄다리기+워터락풀파티+별밤수다쟁이+지상최대의워터붐,20240604,20240604
KCKRSPO23N000000709,관광명소,관광명소_축제,2024 대전 서구 아트페스티벌,30,대전광역시,30170,서구,3017011200,둔산동,301703166021,대전광역시 서구 둔산서로 100 (둔산동),대전광역시 서구 둔산동 1300 구청사 주차빌딩,"100 Dunsanseo-ro, Seo-gu, Daejeon",4833025300,구청사 주차빌딩,3017011200113000000021884,042-288-2742,24336,https://www.seogu.go.kr/prog/fstvl/tour/sub04_02/14/view.do,36,127,문화정보원,도심 속에서 펼쳐지는 빛과 문화예술의 항연,20240604,20240604
KCKRSPO23N000000710,관광명소,관광명소_축제,정의공주와 함께 하는 도봉 한글잔치,,,,,,,,서울특별시 도봉구 원당샘공원,서울특별시 도봉구,,4833025300,,,02-905-4026,24239,,37,127,문화정보원,"문화예술공연, 백일장 및 사생대회, 전통놀이체험 등",20240604,20240604
KCKRSPO23N000000711,관광명소,관광명소_축제,정월대보름 큰잔치,11,서울특별시,11320,도봉구,1132010600,방학동,113203109006,서울특별시 도봉구 마들로 656 (방학동),서울특별시 도봉구 방학동 720 도봉구청,"656 Madeul-ro, Dobong-gu, Seoul",4833025300,도봉구청,1132010600107200000004091,02-2091-2254,24239,,37,127,문화정보원,"길놀이, 풍물놀이, 소원지 붙이기, 달집태우기, 민속놀이 체험마당,청소년 동아리 프로그램 공연 및 솟대외줄타기 공연",20240604,20240604
KCKRSPO23N000000712,관광명소,관광명소_축제,도봉서원 춘·추향제,11,서울특별시,11320,도봉구,1132010800,도봉동,113204127198,서울특별시 도봉구 도봉산길 90,서울특별시 도봉구 도봉동 512,,4874042000,,,02-905-4026,24341,,37,127,문화정보원,"분향례, 전폐례, 초헌례, 아헌례, 종헌례, 음복례 등 제례, 추모음악회",20240604,20240604
KCKRSPO23N000000713,관광명소,관광명소_축제,청남대 영춘제,43,충청북도,43111,청주시,4311135032,문의면 신대리,431114520623,충청북도 청주시 상당구 문의면 청남대길 646,충청북도 청주시 상당구 문의면 신대리 산26-1 청남대관리사업소,"646 Cheongnamdae-gil, Munui-myeon, Sangdang-gu, Cheongju-si, Chungcheongbuk-do",4812563000,청남대관리사업소,4371036032003200001075705,043-257-5080,24239,,36,127,문화정보원,문화예술공연+미술작품 기획전+푸드존+와인페스티벌+지역특산물 홍보 판매장 등,20240604,20240604
KCKRSPO23N000000714,관광명소,관광명소_축제,청주읍성큰잔치,43,충청북도,43111,청주시,4311110600,남문로2가,431113236009,충청북도 청주시 상당구 남사로 117 (남문로2가),충청북도 청주시 상당구 남문로2가 92-6,"117 Namsa-ro, Sangdang-gu, Cheongju-si, Chungcheongbuk-do",4887036000,,4311110600100920006052781,043-265-3624,24239,,36,127,문화정보원,청주읍성 시민퍼레이드+청주성 탈환 퍼포먼스+의승병 추모식+망선루의 밤+전통문화체험,20240604,20240604
KCKRSPO23N000000715,관광명소,관광명소_축제,제19회 진안고원 운장산 고로쇠축제,,,,,,,,전라남도 목포시 대양산단로199번길 93-41 (용해동),전라남도 목포시 용해동 산8,"93-41 Daeyangsandan-ro 199beon-gil, Mokpo-si, Jeollanam-do",4886037000,,4611016300201280015000001,063-430-2393,24336,https://www.jinan.go.kr/festival/,32,123,문화정보원,고로쇠 관련 체험+고로쇠 판매 등,20240604,20240604
KCKRSPO23N000000716,관광명소,관광명소_축제,제13회 진안고원 수박축제,52,전북특별자치도,52720,진안군,5272033023,동향면 능금리,457203274058,전북특별자치도 진안군 동향면 진성로 1687,전북특별자치도 진안군 동향면 능금리 2198-2,"1687 Jinseong-ro, Donghyang-myeon, Jinan-gun, Jeonbuk-do",4831038000,,4572033023121980002000001,063-430-2393,24326,https://www.jinan.go.kr/festival/,35,127,문화정보원,수박왕 선발대회+수박판매 등,20240604,20240604
KCKRSPO23N000000717,관광명소,관광명소_축제,2023 진안홍삼축제,52,전북특별자치도,52720,진안군,5272025023,진안읍 단양리,457203274014,전북특별자치도 진안군 진안읍 마이산로 160,전북특별자치도 진안군 진안읍 단양리 778-3,"160 Maisan-ro, Jinan-eup, Jinan-gun, Jeonbuk-do",4831051000,,4572025023107840000000001,063-430-2392,24325,https://www.jinan.go.kr/festival/,35,127,문화정보원,"홍삼, 수삼판매+홍삼관련체험+문화공연 등",20240604,20240604
KCKRSPO23N000000718,관광명소,관광명소_축제,제11회 춘천영화제,51,강원특별자치도,51110,춘천시,5111010800,조양동,421104454451,강원특별자치도 춘천시 시청길 32 (조양동),강원특별자치도 춘천시 조양동 6-227,"32 Sicheong-gil, Chuncheon-si, Gangwon-do",4831056000,,4211010800100060227023197,033-251-3370,24239,http://www.ccff.or.kr,37,127,문화정보원,개·폐막식+단편영화 시상+영화 상영+관객과의 대화+부대행사 등,20240604,20240604
KCKRSPO23N000000719,관광명소,관광명소_축제,2021 부평풍물대축제,28,인천광역시,28237,부평구,2823710200,십정동,282373154041,인천광역시 부평구 아트센터로 166 (십정동),인천광역시 부평구 십정동 186-22 부평아트센터,"166 Arts center-ro, Bupyeong-gu, Incheon",4711155000,부평아트센터,2823710200101860408019923,032-509-7516,24239,https://portal.icbp.go.kr/bpf/,37,126,문화정보원,전통+창작+가족 공연+개막 및 폐막 공연+작품전시 등,20240604,20240604
KCKRSPO23N000000720,관광명소,관광명소_축제,2022 부평풍물대축제,28,인천광역시,28237,부평구,2823710100,부평동,282372008008,인천광역시 부평구 부평대로 168 (부평동),인천광역시 부평구 부평동 879 부평구청,"168 Bupyeong-daero, Bupyeong-gu, Incheon",4777031000,부평구청,2823710100108790000101542,032-509-7516,24347,https://portal.icbp.go.kr/bpf/,37,126,문화정보원,전통+창작 연희공연+퍼레이드+개막 및 폐막 공연+체험행사 등,20240604,20240604
KCKRSPO23N000000721,관광명소,관광명소_축제,2023 부평풍물대축제,28,인천광역시,28237,부평구,2823710100,부평동,282372008008,인천광역시 부평구 부평대로 168 (부평동),인천광역시 부평구 부평동 879 부평구청,"168 Bupyeong-daero, Bupyeong-gu, Incheon",4777031000,부평구청,2823710100108790000101542,032-509-7516,24347,https://portal.icbp.go.kr/bpf/,37,126,문화정보원,전통+창작 연희공연+퍼레이드+개막 및 폐막 공연+체험행사 등,20240604,20240604
KCKRSPO23N000000722,관광명소,관광명소_축제,2024 금천하모니축제,11,서울특별시,11545,금천구,1154510300,시흥동,115454151335,서울특별시 금천구 시흥대로73길 70 (시흥동),서울특별시 금천구 시흥동 1020 금천구청종합청사,"70 Siheung-daero 73-gil, Geumcheon-gu, Seoul",4777035000,금천구청종합청사,1154510300110200000000001,02-2627-1445,24246,https://gcfac.or.kr/content?gcfac_menu_cd=U0107,37,126,문화정보원,공연+전시+체험+마켓 등,20240604,20240604
KCKRSPO23N000000723,관광명소,관광명소_축제,2024년 개화산 해맞이행사,,,,,,,,대구광역시 중구 중앙대로79길 31 (종로2가),대구광역시 중구 종로2가 12,"31 Jungang-daero 79-gil, Jung-gu, Daegu",4793025000,,2711011400100130000006139,02-2600-6455,24336,,32,123,문화정보원,해맞이축제,20240604,20240604
KCKRSPO23N000000724,관광명소,관광명소_축제,2024년 봄빛 페스타,11,서울특별시,11500,강서구,1150010900,방화동,115003115002,서울특별시 강서구 금낭화로 176,서울특별시 강서구 방화동 855,,4775025000,,,02-2600-6455,40232,,37,126,문화정보원,경관조명전시+플리마켓+버스킹 등,20240604,20240604
KCKRSPO23N000000725,관광명소,관광명소_축제,여르미오페스티벌,41,경기도,41273,안산시,4127310100,고잔동,412733190080,경기도 안산시 단원구 화랑로 312 (고잔동),경기도 안산시 단원구 고잔동 817 안산문화예술의전당,"312 Hwarang-ro, Danwon-gu, Ansan-si, Gyeonggi-do",4782025000,안산문화예술의전당,4127310100108170000040910,031-481-4030,40230,https://www.ansanart.com//lay2/S1T54C56/contents.do,37,126,문화정보원,대중예술축제,20240604,20240604
KCKRSPO23N000000726,관광명소,관광명소_축제,제4회 상록수문화제,41,경기도,41271,안산시,4127110400,본오동,412714370208,경기도 안산시 상록구 샘골서길 64 (본오동),경기도 안산시 상록구 본오동 879-4 최용신기념관,"64 Saemgolseo-gil, Sangnok-gu, Ansan-si, Gyeonggi-do",4782025000,최용신기념관,4127110400108790004001701,031-481-3040,40200,https://www2.ansan.go.kr/choiyongshin/main/main.do,37,126,문화정보원,기념음악회+체험박람회+작품발표회+거리퍼레이드 등,20240604,20240604
KCKRSPO23N000000727,관광명소,관광명소_축제,안산국제거리극축제,41,경기도,41273,안산시,4127310100,고잔동,412732190001,경기도 안산시 단원구 광덕대로 157 (고잔동),경기도 안산시 단원구 고잔동 800,"157 Gwangdeok-daero, Danwon-gu, Ansan-si, Gyeonggi-do",4790038000,,4127310100108000000000001,031-481-0531,40227,https://www.ansanart.com/index.do,37,126,문화정보원,순수예술축제,20240604,20240604
KCKRSPO23N000000728,관광명소,관광명소_축제,제5회 상록수문화제,41,경기도,41271,안산시,4127110400,본오동,412714370208,경기도 안산시 상록구 샘골서길 64 (본오동),경기도 안산시 상록구 본오동 879-4 최용신기념관,"64 Saemgolseo-gil, Sangnok-gu, Ansan-si, Gyeonggi-do",4790025000,최용신기념관,4127110400108790004001701,031-481-3040,15539,https://www2.ansan.go.kr/choiyongshin/main/main.do,37,126,문화정보원,기념음악회+체험박람회+작품발표회+거리퍼레이드 등,20240604,20240604
KCKRSPO23N000000729,관광명소,관광명소_축제,고성군민의 날 및 수성문화제,51,강원특별자치도,51820,고성군,5182025025,간성읍 상리,428203234013,강원특별자치도 고성군 간성읍 수성로 87,강원특별자치도 고성군 간성읍 상리 500,"87 Suseong-ro, Ganseong-eup, Goseong-gun, Gangwon-do",4792025000,,4282025025104400000001762,,24728,,38,128,문화정보원,수성제례+군민의 날 행사,20240604,20240604
KCKRSPO23N000000730,관광명소,관광명소_축제,백제 어울마당,,,,,,,,충청북도 영동군 영동읍 동정로 1,충청북도 영동군 영동읍 계산리 210-1 cctv통합관제센터,"1 Dongjeong-ro, Yeongdong-eup, Yeongdong-gun, Chungcheongbuk-do",4792025000,cctv통합관제센터,4374025022101250004004655,041-840-8112,23114,,32,123,문화정보원,공연 및 체험프로그램 운영,20240604,20240604
KCKRSPO23N000000731,관광명소,관광명소_축제,웅진성수문병 근무교대식,44,충청남도,44150,공주시,4415010800,금성동,441503251030,충청남도 공주시 웅진로 280 (금성동),"충청남도 공주시 금성동 65-3 공산성, 공산성매표소, 공산성관광안내소","280 Ungjin-ro, Gongju-si, Chungcheongnam-do",4719051000,"공산성, 공산성매표소, 공산성관광안내소",4415010800100650003752775,041-840-8111,31804,,36,127,문화정보원,수문병 근무교대식+무령왕 동상 회전의식,20240604,20240604
KCKRSPO23N000000732,관광명소,관광명소_축제,평창송어축제,51,강원특별자치도,51760,평창군,5176036021,진부면 하진부리,427603000145,강원특별자치도 평창군 진부면 경강로 3562,강원특별자치도 평창군 진부면 하진부리 325,"3562 Gyeonggang-ro, Jinbu-myeon, Pyeongchang-gun, Gangwon-do",4719056500,,4276036021103250000013789,033-336-4000,31755,http://www.festival700.or.kr,37,128,문화정보원,송어얼음낚시+송어맨손잡기,20240604,20240604
KCKRSPO23N000000733,관광명소,관광명소_축제,제21회 예래생태한가위축제,50,제주특별자치도,50130,서귀포시,5013012100,하예동,501303350211,제주특별자치도 서귀포시 예래로 253 (하예동),제주특별자치도 서귀포시 하예동 299-1,"253 Yerae-ro, Seogwipo-si, Jeju-do",4719056500,,5013012100102990001000001,064-760-4845,31737,,33,126,문화정보원,과거 한여름에 개최되었던 예래생태축제가 올해는 한가위를 테마로 추석연휴 양일간에 걸쳐 개최된다 가족들과 함께 다양한 체험행사를 즐겨보면 어떨까,20240604,20240604
KCKRSPO23N000000734,관광명소,관광명소_축제,제13회 양평 용문산 산나물축제,41,경기도,41830,양평군,4183040024,용문면 다문리,418304452088,경기도 양평군 용문면 용문역길 21,경기도 양평군 용문면 다문리 736-13,"21 Yongmunyeok-gil, Yongmun-myeon, Yangpyeong-gun, Gyeonggi-do",4719056500,,4183040024107480001032547,031-770-3332,31701,https://sannamulfestival.modoo.at/,37,127,문화정보원,산나물의 맛과 향기를 느낄수 있는 즐거운 체험+공연이 펼쳐지는 다채로운 축제,20240604,20240604
KCKRSPO23N000000735,관광명소,관광명소_축제,제4회 양평부추축제,41,경기도,41830,양평군,4183038021,양동면 쌍학리,418304451899,경기도 양평군 양동면 양동역길 19,경기도 양평군 양동면 쌍학리 223-2,"19 Yangdongyeok-gil, Yangdong-myeon, Yangpyeong-gun, Gyeonggi-do",4792025000,,4183038021102230002051509,031-770-3253,31757,https://buchoofestival.modoo.at/,37,127,문화정보원,을미의병 발상지인 양동에서 특산품 부추로 다양한 음식을 즐기며 의병출정식 등 다양한 경험을 할 수 있는 행사,20240604,20240604
KCKRSPO23N000000736,관광명소,관광명소_축제,동동동화축제,52,전북특별자치도,52190,남원시,5219010600,금동,451903271002,전북특별자치도 남원시 광한북로 17 (금동),전북특별자치도 남원시 금동 103-1,"17 Gwanghanbuk-ro, Namwon-si, Jeonbuk-do",4711154500,,4519010600101030001000001,063-620-6170,31812,,35,127,문화정보원,얼음썰매장+체험프로그램+공연 등,20240604,20240604
KCKRSPO23N000000737,관광명소,관광명소_축제,제5회 진안고원 가족공동체 김장문화축제,52,전북특별자치도,52720,진안군,5272025021,진안읍 군상리,457204622200,전북특별자치도 진안군 진안읍 시장길 8-17,전북특별자치도 진안군 진안읍 군상리 406-8,"8-17 Sijang-gil, Jinan-eup, Jinan-gun, Jeonbuk-do",4717051000,,4572025021104060008005769,063-430-2393,31774,https://www.jinan.go.kr/festival/,35,127,문화정보원,우리집 김치담그기+사랑의 김장나눔 등,20240604,20240604
KCKRSPO23N000000738,관광명소,관광명소_축제,2023 마이산 겨울동화축제,52,전북특별자치도,52720,진안군,5272025023,진안읍 단양리,457203274014,전북특별자치도 진안군 진안읍 마이산로 160,전북특별자치도 진안군 진안읍 단양리 778-3,"160 Maisan-ro, Jinan-eup, Jinan-gun, Jeonbuk-do",4717051000,,4572025023107840000000001,063-430-2393,31744,https://www.jinan.go.kr/festival/,35,127,문화정보원,겨울놀이터+겨울동화 포토존 등,20240604,20240604
KCKRSPO23N000000739,관광명소,관광명소_축제,2022 마임아카데미 몸짓워크숍,51,강원특별자치도,51110,춘천시,5111012400,석사동,421104454810,강원특별자치도 춘천시 후석로186번길 22 지하 1층,강원특별자치도 춘천시 석사동 726-9,,4777031000,,,033-244-7556,54901,,37,127,문화정보원,아티스트에게 다양한 몸짓을 배우고 무대에서 공연까지 해보는 참여형 프로그램,20240604,20240604
KCKRSPO23N000000740,관광명소,관광명소_축제,춘천마임축제 봄시즌,51,강원특별자치도,51110,춘천시,5111011200,효자동,421103218037,강원특별자치도 춘천시 춘천로 112 (효자동),강원특별자치도 춘천시 효자동 531 축제극장몸짓,"112 Chuncheon-ro, Chuncheon-si, Gangwon-do",4884032022,축제극장몸짓,4211011200105310018000001,033-242-0585,54984,,37,127,문화정보원,시민커뮤니티 활동을 선보이는 로컬 커뮤니티 축제 프로그램,20240604,20240604
KCKRSPO23N000000741,관광명소,관광명소_축제,춘천마임축제 걷다 보는 마임,51,강원특별자치도,51110,춘천시,5111011200,효자동,421103218037,강원특별자치도 춘천시 춘천로 112 (효자동),강원특별자치도 춘천시 효자동 531 축제극장몸짓,"112 Chuncheon-ro, Chuncheon-si, Gangwon-do",4812513500,축제극장몸짓,4211011200105310018000001,033-242-0582,54895,,37,127,문화정보원,"일시적, 일회적 축제방식이 아닌, 소소하더라도 시민들과 깊이 있는 교감을 이뤄낼 수 있는 다양하고 지속적인 콘텐츠로 웃음을 선사하는 축제이다.",20240604,20240604
KCKRSPO23N000000742,관광명소,관광명소_축제,제 29회 봄내예술제 봄내미술인전_시민과 예술인의 만남,51,강원특별자치도,51110,춘천시,5111010700,옥천동,421103218018,강원특별자치도 춘천시 서부대성로 71 (옥천동),강원특별자치도 춘천시 옥천동 73-2 춘천예술마당,"71 Seobudaeseong-ro, Chuncheon-si, Gangwon-do",4812312500,춘천예술마당,4211010700100730002002079,033-241-1856,55100,,37,127,문화정보원,"춘천미술협회 회원, 일반인, 미술애호가들의 전시(208점 작품 전시)",20240604,20240604
KCKRSPO23N000000743,관광명소,관광명소_축제,2023 마임아카데미 실행 워크숍,51,강원특별자치도,51110,춘천시,5111012300,퇴계동,421103218045,강원특별자치도 춘천시 행촌로 35 (퇴계동),강원특별자치도 춘천시 퇴계동 890-4,"35 Haengchon-ro, Chuncheon-si, Gangwon-do",4812313600,,4211012300108900004000646,033-244-7556,54894,,37,127,문화정보원,"자신의 상태,창작물의 완성도를 한 단계 확신에 가까운 상태로 이끌 수 있는 계기를 만들기 위한 시간",20240604,20240604
KCKRSPO23N000000744,관광명소,관광명소_축제,에코아트페어 제로섬씽Zero-Somthing 2024,51,강원특별자치도,51110,춘천시,5111011200,효자동,421104454799,강원특별자치도 춘천시 효자상길5번길 13 (효자동),강원특별자치도 춘천시 효자동 산40-12 춘천문화예술회관,"13 Hyojasang-gil 5beon-gil, Chuncheon-si, Gangwon-do",4831033022,춘천문화예술회관,4211011200200400002028991,,14023,,37,127,문화정보원,기후위기를 극복하는 제로 웨이스트 전시 형태,20240604,20240604
KCKRSPO23N000000745,관광명소,관광명소_축제,2024춘천예술문화축제 - 제11회 한여름밤의 아리아,51,강원특별자치도,51110,춘천시,5111012500,삼천동,421104454446,강원특별자치도 춘천시 스포츠타운길399번길 25 어린이회관,강원특별자치도 춘천시 삼천동 223-2,,4831035023,,,033-251-8907,28472,,37,127,문화정보원,춘천예술문화축제  한여름 밤의 아리아,20240604,20240604
KCKRSPO23N000000746,관광명소,관광명소_축제,2024 춘천연극제,51,강원특별자치도,51110,춘천시,5111010700,옥천동,421103218018,강원특별자치도 춘천시 서부대성로 71 (옥천동),강원특별자치도 춘천시 옥천동 73-2 춘천예술마당,"71 Seobudaeseong-ro, Chuncheon-si, Gangwon-do",4831031022,춘천예술마당,4211010700100730002002079,033-241-4345,28107,http://citf.or.kr/document/citf_intro,37,127,문화정보원,관객과 함께 웃고 호흡하는 연극제,20240604,20240604
KCKRSPO23N000000747,관광명소,관광명소_축제,마켓396 6월X 커넥티드스몰마켓 in chuncheon,51,강원특별자치도,51110,춘천시,5111011700,근화동,421103218033,강원특별자치도 춘천시 중앙로 186 (근화동),강원특별자치도 춘천시 근화동 396-2,"186 Jungang-ro, Chuncheon-si, Gangwon-do",4825010500,,4211011700103960002000001,033-256-3961,28148,https://www.cccf.or.kr/Home/H40000/H40400/boardView?board_key=10563&search_type=1&search_keyword=EBA788ECBC93396+6EC9B94,37,127,문화정보원,춘천의 핸드메이드 브랜드와 특별손님 커넥티드 북스토어,20240604,20240604
KCKRSPO23N000000748,관광명소,관광명소_축제,강원도립무용단 창작무용극 강호,51,강원특별자치도,51110,춘천시,5111011200,효자동,421104454799,강원특별자치도 춘천시 효자상길5번길 13 (효자동),강원특별자치도 춘천시 효자동 산40-12 춘천문화예술회관,"13 Hyojasang-gil 5beon-gil, Chuncheon-si, Gangwon-do",4825010500,춘천문화예술회관,4211011200200400002028991,033-251-4417,59571,https://www.cccf.or.kr/Home/H40000/H40400/boardView?board_key=10528&search_type=1&search_keyword=EAB095EC9B90EB8F84EBA6BDEBACB4EC9AA9EB8BA8+ECB0BDEC9E91EBACB4EC9AA9EAB7B9,37,127,문화정보원,백호-수호랑의 감춰진 이야기 창작무용극,20240604,20240604
KCKRSPO23N000000749,관광명소,관광명소_축제,가야문화축제(예정),48,경상남도,48250,김해시,4825010500,대성동,482504805052,경상남도 김해시 가야의길 126 (대성동),경상남도 김해시 대성동 434 고분박물관,"126 Gayaui-gil, Gimhae-si, Gyeongsangnam-do",4884025023,고분박물관,4825010500104340000058179,055-330-3944,50917,http://www.gcfkorea.com,35,128,문화정보원,공식+민속+축제+체험+설치+부대 연계행사,20240604,20240604
KCKRSPO23N000000750,관광명소,관광명소_축제,김해분청도자기축제,48,경상남도,48250,김해시,4825033023,진례면 송정리,482503335058,경상남도 김해시 진례면 진례로 275-35,경상남도 김해시 진례면 송정리 360,,4886036021,,,055-330-3244,63553,http://www.gimhae.go.kr/00224/00223/03324.web?amode=view&idx=395,35,128,문화정보원,의식+특별전시+판매+부대행사,20240604,20240604
KCKRSPO23N000000751,관광명소,관광명소_축제,김해평생학습과학축제,48,경상남도,48250,김해시,4825010500,대성동,482504805052,경상남도 김해시 가야의길 126 (대성동),경상남도 김해시 대성동 434 고분박물관,"126 Gayaui-gil, Gimhae-si, Gyeongsangnam-do",4833011400,고분박물관,4825010500104340000058179,055-330-4883,31580,http://www.gimhae.go.kr/edu.web,35,128,문화정보원,전시+축제+체험 설치+부대행사,20240604,20240604
KCKRSPO23N000000752,관광명소,관광명소_축제,가파도청보리축제,50,제주특별자치도,50130,서귀포시,5013025000,대정읍,501304850027,제주특별자치도 서귀포시 대정읍 가파로67번길 1,제주특별자치도 서귀포시 대정읍 가파리 561-1,"1 Gapa-ro 67beon-gil, Daejeong-eup, Seogwipo-si, Jeju-do",4833011900,,5013025026105610001000001,064-760-4085,63514,https://www.seogwipo.go.kr/festivals/cheongbori/index.htm,33,126,문화정보원,청보리 밭+올레길 걷기+소망돌탑쌓기+버스킹(주말) 등,20240604,20240604
KCKRSPO23N000000753,관광명소,관광명소_축제,한라산청정고사리축제,,,,,,,,경상북도 울릉군 울릉읍 울릉순환로 164-12,경상북도 울릉군 울릉읍 저동리 56-7,"164-12 Ulleungsunhwan-ro, Ulleung-eup, Ulleung-gun, Gyeongsangbuk-do",4833010600,,4794025025100560008003207,064-760-4181,31564,http://www.jejugosari.net/index.php,32,123,문화정보원,고사리 꺾기+고사리 음식 만들기+고사리 풍습체험+고사리 사진 콘테스트 등,20240604,20240604
KCKRSPO23N000000754,관광명소,관광명소_축제,보목자리돔축제,50,제주특별자치도,50130,서귀포시,5013011000,보목동,501303350099,제주특별자치도 서귀포시 보목포로 46 (보목동),제주특별자치도 서귀포시 보목동 566-3 보목 해녀의집,"46 Bomokpo-ro, Seogwipo-si, Jeju-do",4833010400,보목 해녀의집,5013011000105660003021680,064-733-3508,31564,https://www.seogwipo.go.kr/festivals/damselfish/index.htm,33,126,문화정보원,보목해안도로 걷기+자리돔 맨손잡기+카약 체험+자리돔 경연 등,20240604,20240604
KCKRSPO23N000000755,관광명소,관광명소_축제,제28회 표선해변 하얀모래축제,,,,,,,,인천광역시 옹진군 북도면 시도로 106,인천광역시 옹진군 북도면 시도리 305,"106 Sido-ro, Bukdo-myeon, Ongjin-gun, Incheon",4874025022,,2872031021103060001008976,064-760-4415,31564,https://seogwipo.go.kr/festivals/pyoseon/index.htm,32,123,문화정보원,개막식+맨손 광어잡기+조개잡기+씨름대회+기요제 등,20240604,20240604
KCKRSPO23N000000756,관광명소,관광명소_축제,제21회 예래생태체험축제,50,제주특별자치도,50130,서귀포시,5013012100,하예동,501303350212,제주특별자치도 서귀포시 예래해안로 256 (하예동),제주특별자치도 서귀포시 하예동 532-3 해녀탈의실,"256 Yeraehaean-ro, Seogwipo-si, Jeju-do",4874025030,해녀탈의실,5013012100105320003000001,064-760-4845,31568,https://seogwipo.go.kr/festivals/yerae/index.htm,33,126,문화정보원,가요제+달빛걷기+소원등 만들기 등,20240604,20240604
KCKRSPO23N000000757,관광명소,관광명소_축제,제19회 쇠소깍축제,50,제주특별자치도,50130,서귀포시,5013010800,하효동,501303350171,제주특별자치도 서귀포시 쇠소깍로 151-7 (하효동),제주특별자치도 서귀포시 하효동 999-3,"151-7 Soesokkak-ro, Seogwipo-si, Jeju-do",4822010600,,5013010800109990003027543,064-760-4623,31540,https://seogwipo.go.kr/festivals/blacksand/info/intro.htm,33,126,문화정보원,개회식+축하공연+불꽃놀이+보물찾기+테우 및 카약 무료체험+현장참여 이벤트 등,20240604,20240604
KCKRSPO23N000000758,관광명소,관광명소_축제,제29회 서귀포칠십리축제,50,제주특별자치도,50130,서귀포시,5013010200,법환동,501303350224,제주특별자치도 서귀포시 월드컵로 33 (법환동),제주특별자치도 서귀포시 법환동 914 제주월드컵경기장,"33 World cup-ro, Seogwipo-si, Jeju-do",4885040025,제주월드컵경기장,5013010200109140000039678,064-760-3942,31540,https://seogwipo.go.kr/festivals/70ni/info/intro.htm,33,126,문화정보원,칠십리 마을문화예술제+공연+체험 등,20240604,20240604
KCKRSPO23N000000759,관광명소,관광명소_축제,제18회 중문칠선녀축제,,,,,,,,충청남도 당진시 석문면 장고항로 298-5,충청남도 당진시 석문면 장고항리 577 평택해양경찰서 당진파출소,"298-5 Janggohang-ro, Seongmun-myeon, Dangjin-si, Chungcheongnam-do",4885025022,평택해양경찰서 당진파출소,4483032024105770000079322,064-760-4824,31540,https://seogwipo.go.kr/festivals/sevenbeauty/info/intro.htm,32,123,문화정보원,중문 칠선녀 축제,20240604,20240604
KCKRSPO23N000000760,관광명소,관광명소_축제,제29회 제주 성읍마을 전통민속재현축제,50,제주특별자치도,50130,서귀포시,5013032023,표선면 성읍리,501303350159,제주특별자치도 서귀포시 표선면 성읍정의현로 30,제주특별자치도 서귀포시 표선면 성읍리 855-1,"30 Seongeupjeonguihyeon-ro, Pyoseon-myeon, Seogwipo-si, Jeju-do",4885025022,,5013032023108550001000002,064-787-1306,31456,https://seogwipo.go.kr/festivals/seongeup/info/intro.htm,33,126,문화정보원,초가집줄놓기+전통혼례식 등 문화예술행사,20240604,20240604
KCKRSPO23N000000761,관광명소,관광명소_축제,제12회 혼인지축제,50,제주특별자치도,50130,서귀포시,5013025926,성산읍 온평리,501304850645,제주특별자치도 서귀포시 성산읍 온평애향로23번길 6,제주특별자치도 서귀포시 성산읍 온평리 840-1 온평리사무소,"6 Onpyeongaehyang-ro 23beon-gil, Seongsan-eup, Seogwipo-si, Jeju-do",4885031023,온평리사무소,5013025926108400001000001,064-782-0766,31564,https://seogwipo.go.kr/festivals/marriage/info/intro.htm,33,126,문화정보원,길트기+삼공주 추원제+민속경기+향토음식경연 등,20240604,20240604
KCKRSPO23N000000762,관광명소,관광명소_축제,제25회 서귀포 겨울바다 국제펭귄수영대회,,,,,,,,충청남도 당진시 무수동2길 25-21 (읍내동),충청남도 당진시 읍내동 1062 당진문예의전당,"25-21 Musudong 2-gil, Dangjin-si, Chungcheongnam-do",4885031026,당진문예의전당,4483025021110620000044443,064-739-7201,31450,https://seogwipo.go.kr/festivals/penguinswimming/info/intro.htm,32,123,문화정보원,펭귄수영대회,20240604,20240604
KCKRSPO23N000000763,관광명소,관광명소_축제,제41회 서귀포유채꽃축제,50,제주특별자치도,50130,서귀포시,5013032024,표선면 가시리,501303349231,제주특별자치도 서귀포시 표선면 녹산로 381-17,제주특별자치도 서귀포시 표선면 가시리 3149-16,"381-17 Noksan-ro, Pyoseon-myeon, Seogwipo-si, Jeju-do",4889033032,,5013032024131490016000001,064-760-3942,31564,https://seogwipo.go.kr/festivals/uchae/info/intro.htm,33,126,문화정보원,개막식+댄스 플래시몹+차세대 우리춤 페스티벌+유채꽃밭 관람 및 각종 공연(체험) 등,20240604,20240604
KCKRSPO23N000000764,관광명소,관광명소_축제,제26회 유채꽃국제걷기대회,50,제주특별자치도,50130,서귀포시,5013010200,법환동,501303350224,제주특별자치도 서귀포시 월드컵로 33 (법환동),제주특별자치도 서귀포시 법환동 914 제주월드컵경기장,"33 World cup-ro, Seogwipo-si, Jeju-do",4889045023,제주월드컵경기장,5013010200109140000039678,064-760-3945,31564,https://cafe.daum.net/seogwipo-walking,33,126,문화정보원,유채꽃 걷기 대회,20240604,20240604
KCKRSPO23N000000765,관광명소,관광명소_축제,충주 우륵문화제,43,충청북도,43130,충주시,4313010100,성내동,431303238091,충청북도 충주시 중앙로 128 (성내동),충청북도 충주시 성내동 215 충주문화회관,"128 Jungang-ro, Chungju-si, Chungcheongbuk-do",4888025021,충주문화회관,4313010100102150000000029,043-847-1565,31568,www.cjart.or.kr/,36,127,문화정보원,문화행사+전통체험행사,20240604,20240604
KCKRSPO23N000000766,관광명소,관광명소_축제,지리산피아골단풍축제,,,,,,,,전북특별자치도 전주시 덕진구 권삼득로 390 (덕진동1가),전북특별자치도 전주시 덕진구 덕진동1가 1316-2 전주덕진공원,"390 Gwonsamdeuk-ro, Deokjin-gu, Jeonju-si, Jeonbuk-do",4888025021,전주덕진공원,4511310500113160002019970,061-780-2255,41938,https://www.gurye.go.kr/tour/detail.do?tourId=TOUR_0000000103&menuNo=104001006000,32,123,문화정보원,단풍제례+노래자랑+버스킹,20240604,20240604
KCKRSPO23N000000767,관광명소,관광명소_축제,구문소용축제,51,강원특별자치도,51190,태백시,5119010200,장성동,421904466163,강원특별자치도 태백시 장성1길 171 (장성동),강원특별자치도 태백시 장성동 169-1 장성동행정복지센터,"171 Jangseong 1-gil, Taebaek-si, Gangwon-do",4827031029,장성동행정복지센터,4219010200101690001011341,033-581-6904,41938,http://tbcf.or.kr/,37,129,문화정보원,용신제+전통공연+체험프로그램,20240604,20240604
KCKRSPO23N000000768,관광명소,관광명소_축제,황연 기차화통 축제,51,강원특별자치도,51190,태백시,5119010200,장성동,421904466163,강원특별자치도 태백시 장성1길 171 (장성동),강원특별자치도 태백시 장성동 169-1 장성동행정복지센터,"171 Jangseong 1-gil, Taebaek-si, Gangwon-do",4827031029,장성동행정복지센터,4219010200101690001011341,033-552-1371,41938,http://tbcf.or.kr/,37,129,문화정보원,문화공연+체험행사+먹거리행사 등,20240604,20240604
KCKRSPO23N000000769,관광명소,관광명소_축제,필봉마을굿축제,52,전북특별자치도,52750,임실군,5275039028,강진면 필봉리,457503016051,전북특별자치도 임실군 강진면 강운로 272,전북특별자치도 임실군 강진면 필봉리 88-1 필봉문화촌,"272 Gangun-ro, Gangjin-myeon, Imsil-gun, Jeonbuk-do",4886037029,필봉문화촌,4575039028100880001103113,063-643-1902,41938,www.pilbong.co.kr,35,127,문화정보원,국가무형문화재 초청공연+전국농악경연대회+전통연희+학술세미나,20240604,20240604
KCKRSPO23N000000770,관광명소,관광명소_축제,임실N치즈축제,52,전북특별자치도,52750,임실군,5275034021,성수면 도인리,457504631071,전북특별자치도 임실군 성수면 도인2길 50,전북특별자치도 임실군 성수면 도인리 689 임실치즈테마파크,"50 Doin 2-gil, Seongsu-myeon, Imsil-gun, Jeonbuk-do",4886036022,임실치즈테마파크,4575034021200030003000001,063-643-3900,41938,www.imsilfestival.com,35,127,문화정보원,"국가대표 임실N치즈 대형 쌀피자 체험, 임실N치즈 경매 등",20240604,20240604
KCKRSPO23N000000771,관광명소,관광명소_축제,산타축제,52,전북특별자치도,52750,임실군,5275034021,성수면 도인리,457504631071,전북특별자치도 임실군 성수면 도인2길 50,전북특별자치도 임실군 성수면 도인리 689 임실치즈테마파크,"50 Doin 2-gil, Seongsu-myeon, Imsil-gun, Jeonbuk-do",4833032021,임실치즈테마파크,4575034021200030003000001,063-643-2300,41938,www.cheesepark.kr,35,127,문화정보원,산타 및 겨울 관련 공연 이벤트 체험행사 등,20240604,20240604
KCKRSPO23N000000772,관광명소,관광명소_축제,의견문화제,52,전북특별자치도,52750,임실군,5275035521,오수면 오수리,457503276058,전북특별자치도 임실군 오수면 충효로 2096-16,전북특별자치도 임실군 오수면 오수리 33 임실군문화체육센터,"2096-16 Chunghyo-ro, Osu-myeon, Imsil-gun, Jeonbuk-do",4885039023,임실군문화체육센터,4575035521100320002130061,063-642-5292,41935,,35,127,문화정보원,반려동물 패션쇼+반려동물 토크쇼+반려동물 참여 및 체험프로그램+반려동물 산업박람회,20240604,20240604
KCKRSPO23N000000773,관광명소,관광명소_축제,제24회 양평단월고로쇠축제,41,경기도,41830,양평군,4183036021,단월면 보룡리,418304451510,경기도 양평군 단월면 보룡길 123,경기도 양평군 단월면 보룡리 441-6,"123 Boryong-gil, Danwol-myeon, Yangpyeong-gun, Gyeonggi-do",4885039023,,4183036021104410006000002,031-770-3192,41935,www.양평고로쇠축제.com,37,127,문화정보원,물맑은 양평의 청정지역에서만 나오는 소리산 고로쇠 수액으로 매년 3월에 개최되는 축제,20240604,20240604
KCKRSPO23N000000774,관광명소,관광명소_축제,제20회 양평산수유한우축제,41,경기도,41830,양평군,4183041021,개군면 하자포리,418304452166,경기도 양평군 개군면 자진개1길 91,경기도 양평군 개군면 하자포리 375 개군면 레포츠공원,"91 Jajingae 1-gil, Gaegun-myeon, Yangpyeong-gun, Gyeonggi-do",4885031026,개군면 레포츠공원,4183041021103750000000001,031-770-3342,41935,https://sansuyuhanwoo.modoo.at/,37,127,문화정보원,노란 산수유 꽃이 피는 4월 주읍리 등 마을길을 걷고 개군한우를 먹으며 즐길 수 있는 축제,20240604,20240604
KCKRSPO23N000000775,관광명소,관광명소_축제,제13회 양평 용문산 산나물축제,41,경기도,41830,양평군,4183040033,용문면 신점리,418303217020,경기도 양평군 용문면 용문산로 656,경기도 양평군 용문면 신점리 520 용문산 매표소,"656 Yongmunsan-ro, Yongmun-myeon, Yangpyeong-gun, Gyeonggi-do",4889044024,용문산 매표소,4183040033105290000005983,031-770-1072,41935,,37,127,문화정보원,산나물의 맛과 향기를 느낄수 있는 즐거운 체험+공연이 펼쳐지는 다채로운 축제,20240604,20240604
KCKRSPO23N000000776,관광명소,관광명소_축제,2024 수원음식문화박람회,41,경기도,41115,수원시,4111512800,매향동,411152012001,경기도 수원시 팔달구 창룡대로 21 (매향동),경기도 수원시 팔달구 매향동 49 수원화성박물관,"21 Changnyong-daero, Paldal-gu, Suwon-si, Gyeonggi-do",4889044024,수원화성박물관,4111512800100490000050306,031-228-2233,41935,,37,127,문화정보원,"전국요리경연대회, 국제자매도시조리사초청전 동시개최로 수원의 맛과 멋을 알리는 수원만의 특색있는 음식문화박람회",20240604,20240604
KCKRSPO23N000000777,관광명소,관광명소_축제,2024 유성온천문화축제,30,대전광역시,30200,유성구,3020011100,봉명동,302003167042,대전광역시 유성구 어은로 22 (봉명동),대전광역시 유성구 봉명동 496-39 문학마을 작은도서관,"22 Eoeun-ro, Yuseong-gu, Daejeon",4812125036,문학마을 작은도서관,3020011100110130001000001,042-611-2137,25535,,36,127,문화정보원,온천수 물총 스플래쉬+거리퍼레이드+온천수DJ파티,20240604,20240604
KCKRSPO23N000000778,관광명소,관광명소_축제,2024 태화강마두희축제,31,울산광역시,31110,중구,3111010600,성남동,311104307305,울산광역시 중구 시계탑거리 4 (성남동),울산광역시 중구 성남동 19-4,"4 Sigyetap-geori, Jung-gu, Ulsan",4872025021,,3111010600100190004008233,052-290-3662,63527,,35,129,문화정보원,큰줄다리기+부대행사,20240604,20240604
KCKRSPO23N000000779,관광명소,관광명소_축제,2024년 외솔한글한마당,31,울산광역시,31110,중구,3111010600,성남동,311104307305,울산광역시 중구 시계탑거리 4 (성남동),울산광역시 중구 성남동 19-4,"4 Sigyetap-geori, Jung-gu, Ulsan",4889041021,,3111010600100190004008233,052-290-3642,63546,,35,129,문화정보원,한글을 주제로 한 전시+체험+경연+공연,20240604,20240604
KCKRSPO23N000000780,관광명소,관광명소_축제,2024 문화의거리 현대미술제,31,울산광역시,31110,중구,3111010600,성남동,311104307305,울산광역시 중구 시계탑거리 4 (성남동),울산광역시 중구 성남동 19-4,"4 Sigyetap-geori, Jung-gu, Ulsan",4874025037,,3111010600100190004008233,052-290-3666,63624,,35,129,문화정보원,갤러리+거리 미술작품 전시,20240604,20240604
KCKRSPO23N000000781,관광명소,관광명소_축제,2024년 울산병영3.1만세운동 제23회 재현행사,31,울산광역시,31110,중구,3111011400,서동,311104307227,울산광역시 중구 병영성13길 2 (서동),울산광역시 중구 서동 311 병영초등학교,"2 Byeongyeongseong 13-gil, Jung-gu, Ulsan",4874025037,병영초등학교,3111011400103110000013931,052-290-3664,63633,,35,129,문화정보원,위령제+추모제+삼일만세운동재현행사+부대행사,20240604,20240604
KCKRSPO23N000000782,관광명소,관광명소_축제,동대문구 봄꽃축제,11,서울특별시,11230,동대문구,1123010200,용두동,112302000008,서울특별시 동대문구 천호대로 145 (용두동),서울특별시 동대문구 용두동 39-9 동대문구청,"145 Cheonho-daero, Dongdaemun-gu, Seoul",4887025024,동대문구청,1123010200100390009039004,02-2127-4711,63538,,37,127,문화정보원,봄철 동대문구의 대표적인 축제+축하공연+체험프로그램,20240604,20240604
KCKRSPO23N000000783,관광명소,관광명소_축제,선농대제,11,서울특별시,11230,동대문구,1123010300,제기동,112304115161,서울특별시 동대문구 무학로44길 38 (제기동),서울특별시 동대문구 제기동 274-1,"38 Muhak-ro 44-gil, Dongdaemun-gu, Seoul",4831010100,,1123010300102740001000001,02-3295-5565,63622,,37,127,문화정보원,어가행렬+제례봉행+한시대회+선농제향체험프로그램,20240604,20240604
KCKRSPO23N000000784,관광명소,관광명소_축제,제32회 전라남도 장애인 체육대회,46,전라남도,46870,영광군,4687025028,영광읍 단주리,468703298032,전라남도 영광군 영광읍 월현로 170,전라남도 영광군 영광읍 단주리 673,"170 Wolhyeon-ro, Yeonggwang-eup, Yeonggwang-gun, Jeollanam-do",4812513400,,4687025028106700000000002,061-350-5114,63572,https://jnsports.kr,35,126,문화정보원,21개 종목 체육대회,20240604,20240604
KCKRSPO23N000000785,관광명소,관광명소_축제,제18회 전국장애학생체전,46,전라남도,46110,목포시,4611015900,용해동,461103350987,전라남도 목포시 대양산단로 23 목포종합경기장 235호,전라남도 목포시 용해동 산 8,,4812532025,,,,26246,https://jeonnamsports.or.kr/18_sports,34,126,문화정보원,17개 종목 초등학교부+중학교부+고등학교부 장애학생체육대회,20240604,20240604
KCKRSPO23N000000786,관광명소,관광명소_축제,제53회 전국소년체전,46,전라남도,46110,목포시,4611015900,용해동,461103350987,전라남도 목포시 대양산단로 23 목포종합경기장 235호,전라남도 목포시 용해동 산 8,,4812310400,,,,21030,https://jeonnamsports.or.kr/53,34,126,문화정보원,36개 종목 13세 이하부+16세 이하부 체육대회,20240604,20240604
KCKRSPO23N000000787,관광명소,관광명소_축제,둔내고랭지토마토축제,51,강원특별자치도,51730,횡성군,5173033022,둔내면 둔방내리,427303000145,강원특별자치도 횡성군 둔내면 경강로 4708,강원특별자치도 횡성군 둔내면 둔방내리 58-11,"4708 Gyeonggang-ro, Dunnae-myeon, Hoengseong-gun, Gangwon-do",4812110300,,4273033022100580001000001,033-340-2774,25265,,37,128,문화정보원,토마토풀장+향토음식체험 등,20240604,20240604
KCKRSPO23N000000788,관광명소,관광명소_축제,횡성더덕축제,51,강원특별자치도,51730,횡성군,5173035024,청일면 유동리,427303226058,강원특별자치도 횡성군 청일면 유동로 17,강원특별자치도 횡성군 청일면 유동리 850-2 청일면사무소,"17 Yudong-ro, Cheongil-myeon, Hoengseong-gun, Gangwon-do",4812913900,청일면사무소,4273035024108500002031321,033-340-2832,25254,,37,128,문화정보원,더덕캐기체험+더덕품평회 등,20240604,20240604
KCKRSPO23N000000789,관광명소,관광명소_축제,안흥찐빵축제,51,강원특별자치도,51730,횡성군,5173032021,안흥면 안흥리,427303013031,강원특별자치도 횡성군 안흥면 주천강로 1868,강원특별자치도 횡성군 안흥면 안흥리 1063 모락모락찐빵관,"1868 Jucheongang-ro, Anheung-myeon, Hoengseong-gun, Gangwon-do",4812910300,모락모락찐빵관,4273032021110640002000001,033-340-2742,21067,,37,128,문화정보원,안흥찐빵 시식 및 홍보+농경문화 체험+먹거리장터운영 등,20240604,20240604
KCKRSPO23N000000790,관광명소,관광명소_축제,횡성한우축제,51,강원특별자치도,51730,횡성군,5173025023,횡성읍 북천리,427303226022,강원특별자치도 횡성군 횡성읍 문화체육로 57,강원특별자치도 횡성군 횡성읍 북천리 184-3 횡성실내체육관,"57 Munhwacheyuk-ro, Hoengseong-eup, Hoengseong-gun, Gangwon-do",4831034026,횡성실내체육관,4273025023101840000022949,033-340-5712,21072,http://www.happyhanwoofestival.com/,37,127,문화정보원,한우구이터+횡성한우 발전포럼+횡성빛축제 등,20240604,20240604
KCKRSPO23N000000791,관광명소,관광명소_축제,대구화교중화문화축제,27,대구광역시,27110,중구,2711011400,종로2가,271104223133,대구광역시 중구 중앙대로79길 31 (종로2가),대구광역시 중구 종로2가 12,"31 Jungang-daero 79-gil, Jung-gu, Daegu",4831010600,,2711011400100130000006139,053-661-2177,29140,,35,128,문화정보원,무대행사 및 거리행사+ 전시행사 등,20240604,20240604
KCKRSPO23N000000792,관광명소,관광명소_축제,대구화교중화문화축제,27,대구광역시,27110,중구,2711011400,종로2가,271104223133,대구광역시 중구 중앙대로79길 31 (종로2가),대구광역시 중구 종로2가 12,"31 Jungang-daero 79-gil, Jung-gu, Daegu",4882040023,,2711011400100130000006139,053-661-2177,41935,,35,128,문화정보원,무대행사 및 거리행사+ 전시행사 등,20240604,20240604
KCKRSPO23N000000793,관광명소,관광명소_축제,대구화교중화문화축제,27,대구광역시,27110,중구,2711011400,종로2가,271104223133,대구광역시 중구 중앙대로79길 31 (종로2가),대구광역시 중구 종로2가 12,"31 Jungang-daero 79-gil, Jung-gu, Daegu",4825033023,,2711011400100130000006139,053-661-2177,13477,,35,128,문화정보원,무대행사 및 거리행사+ 전시행사 등,20240604,20240604
KCKRSPO23N000000794,관광명소,관광명소_축제,대구화교중화문화축제,27,대구광역시,27110,중구,2711011400,종로2가,271104223133,대구광역시 중구 중앙대로79길 31 (종로2가),대구광역시 중구 종로2가 12,"31 Jungang-daero 79-gil, Jung-gu, Daegu",4825033023,,2711011400100130000006139,053-661-2177,63600,,35,128,문화정보원,무대행사 및 거리행사+ 전시행사 등,20240604,20240604
KCKRSPO23N000000795,관광명소,관광명소_축제,중구미술협회전,27,대구광역시,27110,중구,2711010800,봉산동,271104223108,대구광역시 중구 봉산문화길 77 (봉산동),대구광역시 중구 봉산동 125 봉산문화회관,"77 Bongsanmunhwa-gil, Jung-gu, Daegu",4827010100,봉산문화회관,2711010800101250000017135,053-661-2177,63596,,35,128,문화정보원,중구미술협회작가 전시,20240604,20240604
KCKRSPO23N000000796,관광명소,관광명소_축제,중구미술협회전,27,대구광역시,27110,중구,2711010800,봉산동,271104223108,대구광역시 중구 봉산문화길 77 (봉산동),대구광역시 중구 봉산동 125 봉산문화회관,"77 Bongsanmunhwa-gil, Jung-gu, Daegu",4824033032,봉산문화회관,2711010800101250000017135,053-661-2177,41958,,35,128,문화정보원,중구미술협회작가 전시,20240604,20240604
KCKRSPO23N000000797,관광명소,관광명소_축제,중구미술협회전,27,대구광역시,27110,중구,2711010800,봉산동,271104223108,대구광역시 중구 봉산문화길 77 (봉산동),대구광역시 중구 봉산동 125 봉산문화회관,"77 Bongsanmunhwa-gil, Jung-gu, Daegu",4886034026,봉산문화회관,2711010800101250000017135,053-661-2177,63643,,35,128,문화정보원,중구미술협회작가 전시,20240604,20240604
KCKRSPO23N000000798,관광명소,관광명소_축제,법성포단오제,46,전라남도,46870,영광군,4687037021,법성면 진내리,468704694343,전라남도 영광군 법성면 진굴비길 154-13,전라남도 영광군 법성면 진내리 642-10,"154-13 Jingulbi-gil, Beopseong-myeon, Yeonggwang-gun, Jeollanam-do",4833032026,,4687037021106420010000002,061-356-4331,63513,http://bspdanoje.co.kr,35,126,문화정보원,문화축제,20240604,20240604
KCKRSPO23N000000799,관광명소,관광명소_축제,불갑산상사화축제,46,전라남도,46870,영광군,4687033026,불갑면 모악리,468703298024,전라남도 영광군 불갑면 불갑사로 450,전라남도 영광군 불갑면 모악리 8,"450 Bulgapsa-ro, Bulgap-myeon, Yeonggwang-gun, Jeollanam-do",4833032024,,4687033026100070001006731,061-350-5752,15539,http://상사화축제.com,35,126,문화정보원,문화축제,20240604,20240604
KCKRSPO23N000000800,관광명소,관광명소_축제,청남대 재즈토닉페스티벌,43,충청북도,43111,청주시,4311135032,문의면 신대리,431114520623,충청북도 청주시 상당구 문의면 청남대길 646,충청북도 청주시 상당구 문의면 신대리 산26-1 청남대관리사업소,"646 Cheongnamdae-gil, Munui-myeon, Sangdang-gu, Cheongju-si, Chungcheongbuk-do",4817010400,청남대관리사업소,4371036032003200001075705,043-257-5080,15539,,36,127,문화정보원,문화예술공연+MD부스,20240604,20240604
KCKRSPO23N000000801,관광명소,관광명소_축제,제54회 영동난계국악축제,43,충청북도,43740,영동군,4374025021,영동읍 계산리,437403243018,충청북도 영동군 영동읍 동정로 1,충청북도 영동군 영동읍 계산리 210-1 cctv통합관제센터,"1 Dongjeong-ro, Yeongdong-eup, Yeongdong-gun, Chungcheongbuk-do",4817010400,cctv통합관제센터,4374025022101250004004655,043-745-8916,15471,,36,127,문화정보원,퍼레이드+숭모제+국악기체험 등,20240604,20240604
KCKRSPO23N000000802,관광명소,관광명소_축제,은하면 딸기축제,44,충청남도,44800,홍성군,4480035024,은하면 대율리,448003262015,충청남도 홍성군 은하면 은하로 564,충청남도 홍성군 은하면 대율리 266-1,"564 Eunha-ro, Eunha-myeon, Hongseong-gun, Chungcheongnam-do",4817010300,,4480035024102660001051440,041-630-9412,15471,https://www.hongseong.go.kr/em/sub07_010501.do,36,126,문화정보원,"딸기잼 만들기 체험, 청 만들기, 딸기 탕후루, 딸기잼 시식코너, 딸기따기 체험 등",20240604,20240604
KCKRSPO23N000000803,관광명소,관광명소_축제,논산딸기축제,44,충청남도,44230,논산시,4423011100,관촉동,442303255035,충청남도 논산시 체육로 110 (관촉동),"충청남도 논산시 관촉동 19-1 육상보조경기장,종합운동장,화장실","110 Cheyuk-ro, Nonsan-si, Chungcheongnam-do",4817010300,"육상보조경기장,종합운동장,화장실",4423010500100190001046605,041-730-2928,15539,https://www.nonsan.go.kr/nsfestival/,36,127,문화정보원,논산딸기 우수성 홍보,20240604,20240604
KCKRSPO23N000000804,관광명소,관광명소_축제,강원도립극단 기획공연 뮤지컬 무궁화 꽃이 피었습니다,51,강원특별자치도,51110,춘천시,5111011900,사농동,421103013022,강원특별자치도 춘천시 영서로 3017 (사농동),강원특별자치도 춘천시 사농동 277-3 춘천인형극장,"3017 Yeongseo-ro, Chuncheon-si, Gangwon-do",4817010700,춘천인형극장,4211011900102770003012176,033-255-0496,15471,https://www.cccf.or.kr/Home/H40000/H40400/boardView?board_key=10729,37,127,문화정보원,"당연하게 생각해왔지만 사실은 잘 알지 못했던 무궁화 이야기, 그 이야기를 시작해본다",20240604,20240604
KCKRSPO23N000000805,관광명소,관광명소_축제,엘사의 생일파티,51,강원특별자치도,51110,춘천시,5111011200,효자동,421104454799,강원특별자치도 춘천시 효자상길5번길 13 (효자동),강원특별자치도 춘천시 효자동 산40-12 춘천문화예술회관,"13 Hyojasang-gil 5beon-gil, Chuncheon-si, Gangwon-do",4822010600,춘천문화예술회관,4211011200200400002028991,02-555-0822,26052,https://www.cccf.or.kr/Home/H40000/H40400/boardView?board_key=10709&search_type=1&search_keyword=EC9798EC82ACEC9D98+EC839DEC9DBCED8C8CED8BB0,37,127,문화정보원,겨울왕국 ost뮤지컬,20240604,20240604
KCKRSPO23N000000806,관광명소,관광명소_축제,강원예총 60주년 문화예술대축제 공감음악회,51,강원특별자치도,51110,춘천시,5111012500,삼천동,421104454432,강원특별자치도 춘천시 수변공원길 18 (삼천동),강원특별자치도 춘천시 삼천동 469-15,"18 Subyeongongwon-gil, Chuncheon-si, Gangwon-do",4794025024,,4211012500100010000012679,033-254-2252,26052,https://www.cccf.or.kr/Home/H40000/H40400/boardView?board_key=10708,37,127,문화정보원,문화예술대출제 공감 음악회,20240604,20240604
KCKRSPO23N000000807,관광명소,관광명소_축제,2022년 대한민국의 새로운 민요지형도 덩기두밥 프로젝트,51,강원특별자치도,51110,춘천시,5111012500,삼천동,421104454446,강원도 춘천시 스포츠타운길399번길 25 어린이회관,강원특별자치도 춘천시 삼천동 223-2,,4794025025,,,031-581-2813,26052,https://www.cccf.or.kr/Home/H40000/H40400/boardView?board_key=10705&search_type=1&search_keyword=2022EB8584+EB8C80ED959CEBAFBCEAB5ADEC9D98+EC8388EBA19CEC9AB4+EBAFBCEC9A94ECA780ED9895EB8F84+3A3A+EB8DA9EAB8B0EB9190EBB0A5+ED9484EBA19CECA09DED8AB8,37,127,문화정보원,"민요를 모티브로 한 국악과 재즈, 시각예술이 융합된 종합예술 프로젝트",20240604,20240604
KCKRSPO23N000000808,관광명소,관광명소_축제,제3회 호반음악제-어느 여름날,51,강원특별자치도,51110,춘천시,5111011200,효자동,421104454014,강원특별자치도 춘천시 강원대학길 1 (효자동),강원특별자치도 춘천시 효자동 192-1,"1 Kangwondaehak-gil, Chuncheon-si, Gangwon-do",4794025025,,4211012400103910001000012,033-260-9331,26052,https://www.cccf.or.kr/Home/H40000/H40400/boardView?board_key=10690,37,127,문화정보원,제3회 호반음악제-어느 여름날(One Summer Day),20240604,20240604
KCKRSPO23N000000809,관광명소,관광명소_축제,춘천 라틴 뮤직 페스타 춤 추어라 호반아,51,강원특별자치도,51110,춘천시,5111012500,삼천동,421104454432,강원특별자치도 춘천시 수변공원길 18 (삼천동),강원특별자치도 춘천시 삼천동 469-15,"18 Subyeongongwon-gil, Chuncheon-si, Gangwon-do",4713012600,,4211012500100010000012679,033-261-6282,26052,https://www.cccf.or.kr/Home/H40000/H40400/boardView?board_key=10687,37,127,문화정보원,호반과 공연의 도시 춘천에서 라틴을 만나다. 오는 8월 20일 토요일 오후 19시 춘천 공지천 야외공연장에서 춘천 라틴 페스타 춤 추어라 호반아’ 공연,20240604,20240604
KCKRSPO23N000000810,관광명소,관광명소_축제,춘천리조이스힐링 페스티벌,51,강원특별자치도,51110,춘천시,5111012500,삼천동,421104454432,강원특별자치도 춘천시 수변공원길 18 (삼천동),강원특별자치도 춘천시 삼천동 469-15,"18 Subyeongongwon-gil, Chuncheon-si, Gangwon-do",4719010900,,4211012500100010000012679,,25586,https://www.cccf.or.kr/Home/H40000/H40400/boardView?board_key=10685&search_type=1&search_keyword=ECB698ECB29CEBA6ACECA1B0EC9DB4EC8AA4ED9E90EBA781+ED8E98EC8AA4ED8BB0EBB28C,37,127,문화정보원,춘천리조이스힐링 페스티벌,20240604,20240604
KCKRSPO23N000000811,관광명소,관광명소_축제,2022 차근차근 상영전,51,강원특별자치도,51110,춘천시,5111011200,효자동,421103218037,강원특별자치도 춘천시 춘천로 112 (효자동),강원특별자치도 춘천시 효자동 531 축제극장몸짓,"112 Chuncheon-ro, Chuncheon-si, Gangwon-do",4772032044,축제극장몸짓,4211011200105310018000001,033-243-4900,24519,https://www.cccf.or.kr/Home/H40000/H40400/boardView?board_key=10816&search_type=1&search_keyword=2022+ECB0A8EAB7BCECB0A8EAB7BC+EC8381EC9881ECA084,37,127,문화정보원,영화무료상영&벼룩시장&체험전,20240604,20240604
KCKRSPO23N000000812,관광명소,관광명소_축제,2022 리얼노상댄스펍,51,강원특별자치도,51110,춘천시,5111012400,석사동,421104454472,강원특별자치도 춘천시 애막골길16번길 6 (석사동),강원특별자치도 춘천시 석사동 754 우석초등학교,"6 Aemakgol-gil 16beon-gil, Chuncheon-si, Gangwon-do",4725010700,우석초등학교,4211012400107540000015598,033-242-0585,24326,https://www.cccf.or.kr/Home/H40000/H40400/boardView?board_key=10793&search_type=1&search_keyword=2022+EBA6ACEC96BCEB85B8EC8381EB8C84EC8AA4ED8E8D,37,127,문화정보원,"로드 스테이지, 노상살롱, 유스클럽, 랜덤플레이 댄스, M에스Z숍",20240604,20240604
KCKRSPO23N000000813,관광명소,관광명소_축제,제20회 춘천국제고음악제,51,강원특별자치도,51110,춘천시,5111012400,석사동,421103218031,강원특별자치도 춘천시 우석로 70 (석사동),강원특별자치도 춘천시 석사동 95-3 국립춘천박물관,"70 Useok-ro, Chuncheon-si, Gangwon-do",4721025021,국립춘천박물관,4211012400200270001015797,,24325,https://www.cccf.or.kr/Home/H40000/H40400/boardView?board_key=10800&search_type=1&search_keyword=ECA09C20ED9A8C+ECB698ECB29CEAB5ADECA09CEAB3A0EC9D8CEC9585ECA09C,37,127,문화정보원,춘천국제고음악제,20240604,20240604
KCKRSPO23N000000814,관광명소,관광명소_축제,2022 춘천 색소폰 페스티벌 & 춘천 아마추어 색소폰 경연대회,51,강원특별자치도,51110,춘천시,5111012500,삼천동,421104454446,강원도 춘천시 스포츠타운길399번길 25 어린이회관,강원특별자치도 춘천시 삼천동 223-2,,4790041027,,,,63628,https://www.cccf.or.kr/Home/H40000/H40400/boardView?board_key=10797,37,127,문화정보원,춘천 전국 아마추어 색소폰 경연대회,20240604,20240604
KCKRSPO23N000000815,관광명소,관광명소_축제,2022 춘천 반려동물 동행 페스티벌,51,강원특별자치도,51110,춘천시,5111012700,송암동,421104454444,강원특별자치도 춘천시 스포츠타운길 136 (송암동),강원특별자치도 춘천시 송암동 301 춘천시종합경기장,"136 Sports town-gil, Chuncheon-si, Gangwon-do",4794025026,춘천시종합경기장,4211012700102710000000001,033-250-3114,63608,https://www.cccf.or.kr/Home/H40000/H40400/boardView?board_key=10756&search_type=1&search_keyword=2022+ECB698ECB29C+EBB098EBA0A4EB8F99EBACBC+EB8F99ED9689+ED8E98EC8AA4ED8BB0EBB28C,37,127,문화정보원,춘천 송암스포츠 타운 보조경기장에서 반려동물과 함께 즐기는 신나고 다양한 체험 프로그램과 토크콘서트,20240604,20240604
KCKRSPO23N000000816,관광명소,관광명소_축제,춘천인형극제,51,강원특별자치도,51110,춘천시,5111010700,옥천동,421104454451,강원특별자치도 춘천시 시청길 11 (옥천동),강원특별자치도 춘천시 옥천동 111-1 춘천시청,"11 Sicheong-gil, Chuncheon-si, Gangwon-do",4776025022,춘천시청,4211010700101110001000001,033-242-8452,24347,https://www.cccf.or.kr/Home/H40000/H40400/boardView?board_key=10744&search_type=1&search_keyword=ECB698ECB29CEC9DB8ED9895EAB7B9ECA09C,37,127,문화정보원,1989년 시작되어 국내와 세계 각국의 인형극단이 참가하여 수준 높은 공연을 선보이는 국내 최대의 인형극축제,20240604,20240604
KCKRSPO23N000000817,관광명소,관광명소_축제,새명동 상권 축제 시청광장에 어린이들 모여라 어린이 행사 반짝 놀이터,51,강원특별자치도,51110,춘천시,5111010700,옥천동,421104454451,강원특별자치도 춘천시 시청길 11 (옥천동),강원특별자치도 춘천시 옥천동 111-1 춘천시청,"11 Sicheong-gil, Chuncheon-si, Gangwon-do",4773025021,춘천시청,4211010700101110001000001,033-250-4938,63038,https://www.cccf.or.kr/Home/H40000/H40400/boardView?board_key=10740,37,127,문화정보원,다양한 컨텐츠 경험을 통해 새명동 상권을 방문 할 수 있는 발판을 마련하는 프로그램,20240604,20240604
KCKRSPO23N000000818,관광명소,관광명소_축제,마켓396 8월NIGHT MARKET,51,강원특별자치도,51110,춘천시,5111011700,근화동,421103218033,강원특별자치도 춘천시 중앙로 186 (근화동),강원특별자치도 춘천시 근화동 396-2,"186 Jungang-ro, Chuncheon-si, Gangwon-do",4782025025,,4211011700103960002000001,033-256-3961,63521,https://www.cccf.or.kr/Home/H40000/H40400/boardView?board_key=10727,37,127,문화정보원,지역 내 핸드메이드&일러스트 기반 청년창작자의 창업활동 기반을 조성하고 시민들의 창작 경험 확대를 지원하기 위해 설립된 마켓,20240604,20240604
KCKRSPO23N000000819,관광명소,관광명소_축제,제19회 춘천전국관악경연대회,51,강원특별자치도,51110,춘천시,5111011200,효자동,421104454799,강원특별자치도 춘천시 효자상길5번길 13 (효자동),강원특별자치도 춘천시 효자동 산40-12 춘천문화예술회관,"13 Hyojasang-gil 5beon-gil, Chuncheon-si, Gangwon-do",4782025025,춘천문화예술회관,4211011200200400002028991,,63527,https://www.cccf.or.kr/Home/H40000/H40400/boardView?board_key=10713&search_type=1&search_keyword=ECA09C19ED9A8C+ECB698ECB29CECA084EAB5ADEAB480EC9585EAB2BDEC97B0EB8C80ED9A8C,37,127,문화정보원,제19회 춘천전국관악경연대회,20240604,20240604
KCKRSPO23N000000820,관광명소,관광명소_축제,민속그네뛰기,47,경상북도,47940,울릉군,4794025026,울릉읍 사동리,479404778001,경상북도 울릉군 울릉읍 간령길 83-18,경상북도 울릉군 울릉읍 사동리 541-8,"83-18 Gallyeong-gil, Ulleung-eup, Ulleung-gun, Gyeongsangbuk-do",4782025027,,4794025026105410008005339,054-790-6426,63522,http://www.ulleung.go.kr/tour/page.htm?mnu_uid=1989&,37,130,문화정보원,그네뛰기,20240604,20240604
KCKRSPO23N000000821,관광명소,관광명소_축제,달맞이축제,47,경상북도,47940,울릉군,4794025026,울릉읍 사동리,479404778040,경상북도 울릉군 울릉읍 옥천길 8,경상북도 울릉군 울릉읍 사동리 238 울릉예술문화체험장,"8 Okcheon-gil, Ulleung-eup, Ulleung-gun, Gyeongsangbuk-do",4721025033,울릉예술문화체험장,4794025026102360001003160,054-790-6426,63131,http://www.ulleung.go.kr/tour/page.htm?mnu_uid=1994&,37,130,문화정보원,달집태우기,20240604,20240604
KCKRSPO23N000000822,관광명소,관광명소_축제,태하성하신당제,47,경상북도,47940,울릉군,4794031026,서면 태하리,479404778057,경상북도 울릉군 서면 태하길 154,경상북도 울릉군 서면 태하리 536-1 성하신당,"154 Taeha-gil, Seo-myeon, Ulleung-gun, Gyeongsangbuk-do",4721039022,성하신당,4794031026105360001005573,054-790-6426,63038,http://www.ulleung.go.kr/tour/page.htm?mnu_uid=1990&,37,130,문화정보원,기원행사,20240604,20240604
KCKRSPO23N000000823,관광명소,관광명소_축제,회당문화축제,47,경상북도,47940,울릉군,4794025024,울릉읍 도동리,479404778012,경상북도 울릉군 울릉읍 도동1길 5-42,경상북도 울릉군 울릉읍 도동리 110-13 울릉회센터,"5-42 Dodong 1-gil, Ulleung-eup, Ulleung-gun, Gyeongsangbuk-do",4721037026,울릉회센터,4794025024100890001002772,054-790-6426,63124,http://www.ulleung.go.kr/tour/page.htm?mnu_uid=1992&,37,130,문화정보원,회당문화축제,20240604,20240604
KCKRSPO23N000000824,관광명소,관광명소_축제,해변가요제,47,,47940,,4794025025,울릉읍 저동리,,경상북도 울릉군 울릉읍 울릉순환로 164-12,경상북도 울릉군 울릉읍 저동리 56-7,"164-12 Ulleungsunhwan-ro, Ulleung-eup, Ulleung-gun, Gyeongsangbuk-do",4721033029,,4794025025100560008003207,054-790-6426,24023,http://www.ulleung.go.kr/tour/page.htm?mnu_uid=1991&,37,130,문화정보원,해변가요제,20240604,20240604
KCKRSPO23N000000825,관광명소,관광명소_축제,울릉도오징어축제,47,,47940,,4794025025,울릉읍 저동리,,경상북도 울릉군 울릉읍 울릉순환로 164-12,경상북도 울릉군 울릉읍 저동리 56-7,"164-12 Ulleungsunhwan-ro, Ulleung-eup, Ulleung-gun, Gyeongsangbuk-do",4777025022,,4794025025100560008003207,054-790-6426,24023,http://www.ulleung.go.kr/tour/page.htm?mnu_uid=1986&,37,130,문화정보원,오징어축제,20240604,20240604
KCKRSPO23N000000826,관광명소,관광명소_축제,신시모도삼형제보물섬축제,28,인천광역시,28720,옹진군,2872031021,북도면 시도리,287203158024,인천광역시 옹진군 북도면 시도로 106,인천광역시 옹진군 북도면 시도리 305,"106 Sido-ro, Bukdo-myeon, Ongjin-gun, Incheon",4719011200,,2872031021103060001008976,0507-1377-177,26131,,37,126,문화정보원,"가수공연, 체험행사 등",20240604,20240604
KCKRSPO23N000000827,관광명소,관광명소_축제,면천진달래민속축제,44,충청남도,44270,당진시,4427035021,면천면 성상리,442704832256,충청남도 당진시 면천면 면천서문1길 69,충청남도 당진시 면천면 성상리 771-2,"69 Myeoncheonseomun 1-gil, Myeoncheon-myeon, Dangjin-si, Chungcheongnam-do",4729031028,,4483035021107710002000001,,41938,,36,126,문화정보원,진달래분재전시+ 진달래 사생대회 등,20240604,20240604
KCKRSPO23N000000828,관광명소,관광명소_축제,순성벚꽃축제,44,충청남도,44270,당진시,4427036031,순성면 갈산리,442704595015,충청남도 당진시 순성면 갈산길 101-9,충청남도 당진시 순성면 갈산리 406-4 갈산리마을회관,"101-9 Galsan-gil, Sunseong-myeon, Dangjin-si, Chungcheongnam-do",4729033022,갈산리마을회관,4483036031104060004084277,,41938,,36,126,문화정보원,플리마켓+ 벚꽃사진대회+ 시낭송 등,20240604,20240604
KCKRSPO23N000000829,관광명소,관광명소_축제,기지시줄다리기민속축제,44,충청남도,44270,당진시,4427025321,송악읍 기지시리,442704595459,충청남도 당진시 송악읍 안틀모시길 11,충청남도 당진시 송악읍 기지시리 49-1,"11 Anteulmosi-gil, Songak-eup, Dangjin-si, Chungcheongnam-do",4783025326,,4483025621100490004093199,,41938,,36,126,문화정보원,기지시줄다리기+ 스포츠줄다리기,20240604,20240604
KCKRSPO23N000000830,관광명소,관광명소_축제,장고항실치마을수산물홍보행사,44,충청남도,44270,당진시,4427032024,석문면 장고항리,442703265089,충청남도 당진시 석문면 장고항로 298-5,충청남도 당진시 석문면 장고항리 577 평택해양경찰서 당진파출소,"298-5 Janggohang-ro, Seongmun-myeon, Dangjin-si, Chungcheongnam-do",4783025326,평택해양경찰서 당진파출소,4483032024105770000079322,,41938,,37,126,문화정보원,실치회시식+ 뱅어포만들기,20240604,20240604
KCKRSPO23N000000831,관광명소,관광명소_축제,순성왕매실&당진맥주축제,44,충청남도,44270,당진시,4427036021,순성면 봉소리,442703265123,충청남도 당진시 순성면 매실로 398,충청남도 당진시 순성면 봉소리 1419-1 순성왕매실영농조합,"398 Maesil-ro, Sunseong-myeon, Dangjin-si, Chungcheongnam-do",4772025034,순성왕매실영농조합,4483036021114190001000001,,41938,,36,126,문화정보원,매실따기+ 수제맥주시음+ 남원천 걷기,20240604,20240604
KCKRSPO23N000000832,관광명소,관광명소_축제,당진합덕연꽃축제,44,충청남도,44270,당진시,4427025031,합덕읍 합덕리,442703265122,충청남도 당진시 합덕읍 덕평로 379-9,충청남도 당진시 합덕읍 합덕리 304-3 합덕수리민속박물관,"379-9 Deokpyeong-ro, Hapdeok-eup, Dangjin-si, Chungcheongnam-do",4715011000,합덕수리민속박물관,4483025331103040003004677,,41938,,36,126,문화정보원,연지카누+ 깡통열차+ 시 전시회,20240604,20240604
KCKRSPO23N000000833,관광명소,관광명소_축제,심훈상록문화제,44,충청남도,44270,당진시,4427010100,읍내동,442704595222,충청남도 당진시 무수동2길 25-21 (읍내동),충청남도 당진시 읍내동 1062 당진문예의전당,"25-21 Musudong 2-gil, Dangjin-si, Chungcheongnam-do",4728035026,당진문예의전당,4483025021110620000044443,,41938,,36,126,문화정보원,시낭송대회+ 전시전+ 플리마켓,20240604,20240604
KCKRSPO23N000000834,관광명소,관광명소_축제,삽교호조개구이 홍보행사,44,충청남도,44270,당진시,4427038028,신평면 운정리,442704595324,충청남도 당진시 신평면 삽교천3길 79,충청남도 당진시 신평면 운정리 197-3,"79 Sapgyocheon 3-gil, Sinpyeong-myeon, Dangjin-si, Chungcheongnam-do",4728025027,,4483038028101970003044819,,4390,,36,126,문화정보원,조개빨리까기+ 수산물 경매 등,20240604,20240604
KCKRSPO23N000000835,관광명소,관광명소_축제,2024 전주세계소리축제,52,전북특별자치도,52113,전주시,5211310500,덕진동1가,451133267032,전북특별자치도 전주시 덕진구 소리로 31 (덕진동1가),전북특별자치도 전주시 덕진구 덕진동1가 88-4 소리문화전당,"31 Sori-ro, Deokjin-gu, Jeonju-si, Jeonbuk-do",4728025027,소리문화전당,4511310500200010001015794,063-232-8398,57635,https://www.sorifestival.com/,35,127,문화정보원,판소리와 전통음악을 중심으로 월드뮤직과 다양한 장르의 음악을 아우르는 글로벌 음악축제,20240604,20240604
KCKRSPO23N000000836,관광명소,관광명소_축제,2024 전주독서대전,52,전북특별자치도,52111,전주시,5211112800,중화산동2가,451112266003,전북특별자치도 전주시 완산구 백제대로 306 (중화산동2가),전북특별자치도 전주시 완산구 중화산동2가 산66,"306 Baekje-daero, Wansan-gu, Jeonju-si, Jeonbuk-do",4728025030,,4511112800200660000000001,063-230-1858,57635,http://jjbook.kr/,35,127,문화정보원,책 읽는 도시 글 쓰는 전주의 대한민국 최대 규모 책 축제,20240604,20240604
KCKRSPO23N000000837,관광명소,관광명소_축제,2024 전주단오,52,전북특별자치도,52113,전주시,5211310500,덕진동1가,451133266013,전북특별자치도 전주시 덕진구 권삼득로 390-1 (덕진동1가),전북특별자치도 전주시 덕진구 덕진동1가 1316-2 연화정,"390-1 Gwonsamdeuk-ro, Deokjin-gu, Jeonju-si, Jeonbuk-do",4728025030,연화정,4511310500113160002023486,063-281-2682,54895,,35,127,문화정보원,"한국의 5대 명절 중 하나인 단오를 기념하여, 한 해의 풍년을 기원하는 마음을 담아 지역 주민들이 함께하는 축제",20240604,20240604
KCKRSPO23N000000838,관광명소,관광명소_축제,2024 전주조선팝페스티벌,52,전북특별자치도,52111,전주시,5211112600,서서학동,451113266077,전북특별자치도 전주시 완산구 팔달로 74 (서서학동),전북특별자치도 전주시 완산구 서서학동 3-4 전주교대부설초등학교,"74 Paldal-ro, Wansan-gu, Jeonju-si, Jeonbuk-do",4725025025,전주교대부설초등학교,4511112600100030004012160,063-281-2662,57635,,35,127,문화정보원,전통 가락에 대중음악을 접목한 조선팝을 소재로 펼쳐지는 페스티벌,20240604,20240604
KCKRSPO23N000000839,관광명소,관광명소_축제,전주페스타 2024,52,전북특별자치도,52113,전주시,5211310500,덕진동1가,451132266001,전북특별자치도 전주시 덕진구 기린대로 451 (덕진동1가),전북특별자치도 전주시 덕진구 덕진동1가 1220-1 전주종합경기장,"451 Girin-daero, Deokjin-gu, Jeonju-si, Jeonbuk-do",4784025021,전주종합경기장,4511310500112200016005619,063-281-5059,42699,http://www.jeonjufesta.com,35,127,문화정보원,"관광거점도시 전주의 맛, 멋, 열정을 담은 10월의 전주 대표 축제시즌",20240604,20240604
KCKRSPO23N000000840,관광명소,관광명소_축제,2016 광복기념음악회,41,경기도,41171,안양시,4117110100,안양동,411713182007,경기도 안양시 만안구 병목안로 215 (안양동),경기도 안양시 만안구 안양동 산82-2 병목안시민공원관리사무소,"215 Byeongmogan-ro, Manan-gu, Anyang-si, Gyeonggi-do",4723034029,병목안시민공원관리사무소,4117110100112190177000001,031-687-0500,42835,http://www.ayac.or.kr,37,126,문화정보원,안양필하모닉 오케스트라연주+ 트럼펫연주곡+ 안양시립합창단 공연등,20240604,20240604
KCKRSPO23N000000841,관광명소,관광명소_축제,직지문화제,43,충청북도,43113,청주시,4311310400,운천동,431133236058,충청북도 청주시 흥덕구 직지대로 713 (운천동),충청북도 청주시 흥덕구 운천동 866 청주고인쇄박물관,"713 Jikji-daero, Heungdeok-gu, Cheongju-si, Chungcheongbuk-do",4794031026,청주고인쇄박물관,4311310400108660000015766,043-201-3663,28472,,36,127,문화정보원,유네스코 공식행사 및 전시 학술 체험 등,20240604,20240604
KCKRSPO23N000000842,관광명소,관광명소_축제,청원생명축제,43,충청북도,43114,청주시,4311425347,오창읍 성산리,431143257075,충청북도 청주시 청원구 오창읍 미래지로 99,충청북도 청주시 청원구 오창읍 성산리 322-5,"99 Miraeji-ro, Ochang-eup, Cheongwon-gu, Cheongju-si, Chungcheongbuk-do",4794025026,,4371025347103220005000001,043-201-0253,42699,https://www.cheongju.go.kr/bio/index.do,36,127,문화정보원,청주시 친환경 농축산물 한마당,20240604,20240604
KCKRSPO23N000000843,관광명소,관광명소_축제,세종대왕과 초정약수 축제,43,충청북도,43114,청주시,4311425031,내수읍 초정리,431143014023,충청북도 청주시 청원구 내수읍 초정약수로 851,충청북도 청주시 청원구 내수읍 초정리 81-5 초정행궁,"851 Chojeongyaksu-ro, Naesu-eup, Cheongwon-gu, Cheongju-si, Chungcheongbuk-do",4782025033,초정행궁,4311425031100810003000001,043-201-1793,28148,,36,127,문화정보원,초정약수 관련,20240604,20240604
KCKRSPO23N000000844,관광명소,관광명소_축제,고흥 우주항공 축제,46,전라남도,46770,고흥군,4677036023,봉래면 예내리,467703289032,전라남도 고흥군 봉래면 하반로 490,전라남도 고흥군 봉래면 예내리 480 우주과학관,"490 Haban-ro, Bongnae-myeon, Goheung-gun, Jeollanam-do",4782025025,우주과학관,4677036023104690000071329,061-830-5305,24261,http://tour.goheung.go.kr/tour/culture/festival/01.do,34,127,문화정보원,"발사현장견학, 야외 우주과학체험",20240604,20240604
KCKRSPO23N000000845,관광명소,관광명소_축제,강진금곡사벚꽃삼십리길축제,,,,,,,,대구광역시 중구 동성로 28 (동성로2가),대구광역시 중구 동성로2가 165-1,"28 Dongseong-ro, Jung-gu, Daegu",4782025025,,2711012300101650001000002,061-430-3357,,http://www.gangjin.go.kr/culture/,32,123,문화정보원,금곡사 벚꽃 삼십리길의 수려한 경관을 배경으로 축제를 개최하여 지역 이미지 제고,20240604,20240604
KCKRSPO23N000000846,관광명소,관광명소_축제,2023 서귀포과학문화축전,50,제주특별자치도,50130,서귀포시,5013011800,하원동,501303020003,제주특별자치도 서귀포시 1100로 506-1 (하원동),제주특별자치도 서귀포시 하원동 산70 천문과학문화관,"506-1 1100-ro, Seogwipo-si, Jeju-do",4775025021,천문과학문화관,5013011800200700000012131,064-739-9701,24399,,33,126,문화정보원,과학체험부스 과학이벤트 과학공연 에어로켓 만들기 전체사진 전시회 전파천문학 강연 천체관측 등,20240604,20240604
KCKRSPO23N000000847,관광명소,관광명소_축제,아트밸리 아산 제62회 성웅 이순신 축제,44,충청남도,44200,아산시,4420011100,풍기동,442003253009,충청남도 아산시 남부로 370-24 (풍기동),충청남도 아산시 풍기동 366-1 이순신종합운동장,"370-24 Nambu-ro, Asan-si, Chungcheongnam-do",2917068500,이순신종합운동장,4420011100103370008034313,041-540-2550,58504,https://culture.asan.go.kr/_esunshin/n23/,36,127,문화정보원,삼도수군통제사 깃발 게양식 제1회 아트밸리 아산 군악의장 페스티벌 제1회 아트밸리 아산 백의종군길 전국 걷기대회 등,20240604,20240604
KCKRSPO23N000000848,관광명소,관광명소_축제,아트밸리 아산 제1회 아산온천 벚꽃축제,,,,,,,,대구광역시 중구 동성로 28 (동성로2가),대구광역시 중구 동성로2가 165-1,"28 Dongseong-ro, Jung-gu, Daegu",2917068500,,2711012300101650001000002,041-540-2068,42606,,32,123,문화정보원,지역예술단체 및 전문 예술가들의 공연 전시홍보·프로그램체험·먹거리 등 다양한 부스 운영,20240604,20240604
KCKRSPO23N000000849,관광명소,관광명소_축제,아트밸리 아산 제1회 외국인 K-트롯 가요제,44,충청남도,44200,아산시,4420010300,방축동,442003253048,충청남도 아산시 신정로 616 (방축동),충청남도 아산시 방축동 5 신정호공원,"616 Sinjeong-ro, Asan-si, Chungcheongnam-do",2914083000,신정호공원,4420010300100050000039890,041-530-6315,48095,,36,126,문화정보원,아산시의 많은 다문화가정과 외국인들의 화합의 장 마련,20240604,20240604
KCKRSPO23N000000850,관광명소,관광명소_축제,아트밸리 아산 재즈Festa,44,충청남도,44200,아산시,4420010300,방축동,442003253048,충청남도 아산시 신정로 616 (방축동),충청남도 아산시 방축동 5 신정호공원,"616 Sinjeong-ro, Asan-si, Chungcheongnam-do",2920010100,신정호공원,4420010300100050000039890,041-530-6315,48095,,36,126,문화정보원,아산에서 다양한 음악을 즐길 수 있는 브랜드 네이밍 및 아산시 홍보,20240604,20240604
KCKRSPO23N000000851,관광명소,관광명소_축제,뮤지컬 순회공연(영웅),44,충청남도,44200,아산시,4420010300,방축동,442003253048,충청남도 아산시 신정로 616 (방축동),충청남도 아산시 방축동 5 신정호공원,"616 Sinjeong-ro, Asan-si, Chungcheongnam-do",2920010800,신정호공원,4420010300100050000039890,041-530-6315,48095,,36,126,문화정보원,유명 뮤지컬을 아산에서 시연함으로써 외부 관람객 유치를 통해 아산시 홍보 및 지역경제 활성화 도모,20240604,20240604
KCKRSPO23N000000852,관광명소,관광명소_축제,제18회 충청남도 국악제,44,충청남도,44200,아산시,4420011200,용화동,442003253009,충청남도 아산시 남부로 92 (용화동),충청남도 아산시 용화동 423-6,"92 Nambu-ro, Asan-si, Chungcheongnam-do",2920011600,,4420011200104230006043518,041-835-7200,62076,,36,126,문화정보원,충청남도 내 국악협회 경연대회,20240604,20240604
KCKRSPO23N000000853,관광명소,관광명소_축제,제2회 아트밸리 아산 오페라 갈라콘서트,44,충청남도,44200,아산시,4420010500,초사동,442003253024,충청남도 아산시 무궁화로 111 (초사동),충청남도 아산시 초사동 407,"111 Mugunghwa-ro, Asan-si, Chungcheongnam-do",2915510700,,4420010500103170000045932,041-540-2428,62076,,36,126,문화정보원,오페라 갈라콘서트,20240604,20240604
KCKRSPO23N000000854,관광명소,관광명소_축제,아트밸리 아산 락 페스티벌,44,충청남도,44200,아산시,4420010500,초사동,442003253024,충청남도 아산시 무궁화로 111 (초사동),충청남도 아산시 초사동 407,"111 Mugunghwa-ro, Asan-si, Chungcheongnam-do",2915511300,,4420010500103170000045932,041-530-6672,25131,,36,126,문화정보원,인천 펜타포트 락페스티벌의 아티스트를 공유하여 아산에서 펼쳐지는 락페스티벌,20240604,20240604
KCKRSPO23N000000855,관광명소,관광명소_축제,아트밸리 아산 별빛음악제,44,충청남도,44200,아산시,4420010500,초사동,442003253024,충청남도 아산시 무궁화로 111 (초사동),충청남도 아산시 초사동 407,"111 Mugunghwa-ro, Asan-si, Chungcheongnam-do",2915511300,,4420010500103170000045932,041-530-6672,63584,,36,126,문화정보원,신정호에서 펼쳐지는 한여름밤의 ?L,20240604,20240604
KCKRSPO23N000000856,관광명소,관광명소_축제,지중해마을 크리스마스 축제,44,충청남도,44200,아산시,4420033022,탕정면 명암리,442004559851,충청남도 아산시 탕정면 탕정면로8번길 55-7,충청남도 아산시 탕정면 명암리 949-1,"55-7 Tangjeongmyeon-ro 8beon-gil, Tangjeong-myeon, Asan-si, Chungcheongnam-do",2915511500,,4420033022109490001000001,041-427-0102,63572,,36,127,문화정보원,공연 및 체험행사 등,20240604,20240604
KCKRSPO23N000000857,관광명소,관광명소_축제,아트밸리 아산 제2회 신정호 국제 아트페스티벌 100인 100색전,44,충청남도,44200,아산시,4420010300,방축동,442003253048,충청남도 아산시 신정로 616 (방축동),충청남도 아산시 방축동 5 신정호공원,"616 Sinjeong-ro, Asan-si, Chungcheongnam-do",2915511900,신정호공원,4420010300100050000039890,041-530-6672,63622,,36,126,문화정보원,미술작품 전시,20240604,20240604
KCKRSPO23N000000858,관광명소,관광명소_축제,설화예술제,44,충청남도,44200,아산시,4420025032,염치읍 송곡리,442004559688,충청남도 아산시 염치읍 은행나무길 293,충청남도 아산시 염치읍 송곡리 72-13,"293 Eunhaengnamu-gil, Yeomchi-eup, Asan-si, Chungcheongnam-do",2915512100,,4420025032100720013027356,041-545-8737,63621,,36,127,문화정보원,개폐막식 지역예술인창작발표 공연 및 전시,20240604,20240604
KCKRSPO23N000000859,관광명소,관광명소_축제,아트밸리 아산 제2회 공연예술제,44,충청남도,44200,아산시,4420010300,방축동,442003253048,충청남도 아산시 신정로 616 (방축동),충청남도 아산시 방축동 5 신정호공원,"616 Sinjeong-ro, Asan-si, Chungcheongnam-do",2915510200,신정호공원,4420010300100050000039890,041-530-6222,63595,,36,126,문화정보원,공연예술인 페스티벌,20240604,20240604
KCKRSPO23N000000860,관광명소,관광명소_축제,아트밸리 아산 제1회 국제민족무용축제,44,충청남도,44200,아산시,4420010300,방축동,442003253048,충청남도 아산시 신정로 616 (방축동),충청남도 아산시 방축동 5 신정호공원,"616 Sinjeong-ro, Asan-si, Chungcheongnam-do",2915512300,신정호공원,4420010300100050000039890,041-540-2068,31564,,36,126,문화정보원,국내외 유수의 무용단이 참여하는 국제민족무용축제 개최,20240604,20240604
KCKRSPO23N000000861,관광명소,관광명소_축제,아트밸리 아산 제5회 전국주부가요제,44,충청남도,44200,아산시,4420011200,용화동,442003253009,충청남도 아산시 남부로 92 (용화동),충청남도 아산시 용화동 423-6,"92 Nambu-ro, Asan-si, Chungcheongnam-do",2915510600,,4420011200104230006043518,041-540-2068,63596,,36,126,문화정보원,전국주부가요제 개최,20240604,20240604
KCKRSPO23N000000862,관광명소,관광명소_축제,동성로축제,27,대구광역시,27110,중구,2711012300,동성로2가,271103141006,대구광역시 중구 동성로 28 (동성로2가),대구광역시 중구 동성로2가 165-1,"28 Dongseong-ro, Jung-gu, Daegu",2911010900,,2711012300101650001000002,053-661-2177,41938,,35,128,문화정보원,개막식+ 동성로가요제+ 커버댄스+ DJ페스티벌,20240604,20240604
KCKRSPO23N000000863,관광명소,관광명소_축제,동성로축제,27,대구광역시,27110,중구,2711012300,동성로2가,271103141006,대구광역시 중구 동성로 28 (동성로2가),대구광역시 중구 동성로2가 165-1,"28 Dongseong-ro, Jung-gu, Daegu",2911011300,,2711012300101650001000002,053-661-2177,63582,,35,128,문화정보원,개막식+ 동성로가요제+ 커버댄스+ DJ페스티벌,20240604,20240604
KCKRSPO23N000000864,관광명소,관광명소_축제,제31회 동성로축제,27,대구광역시,27110,중구,2711012300,동성로2가,271103141006,대구광역시 중구 동성로 28 (동성로2가),대구광역시 중구 동성로2가 165-1,"28 Dongseong-ro, Jung-gu, Daegu",2911011300,,2711012300101650001000002,053-661-2177,41938,,35,128,문화정보원,비대면 온라인 축제 개최+  동성로가요제+댄스대회+먹방대회+패션쇼외 SNS이벤트(부르GO+ 춤추GO+ 먹GO+입GO 4가지 대회로 구성)+ 축제기간 동성로 일원 4곳  LED전광판 축제영상 송출,20240604,20240604
KCKRSPO23N000000865,관광명소,관광명소_축제,제32회 동성로축제,27,대구광역시,27110,중구,2711012300,동성로2가,271103141006,대구광역시 중구 동성로 28 (동성로2가),대구광역시 중구 동성로2가 165-1,"28 Dongseong-ro, Jung-gu, Daegu",2911011800,,2711012300101650001000002,053-661-2177,41938,,35,128,문화정보원,비대면 온라인 축제 개최+ 메타버스 비대면 가요제+ 메타버스 비대면 패션쇼+ 동성로 매장 연계 라이브 커머스,20240604,20240604
KCKRSPO23N000000866,관광명소,관광명소_축제,제33회 동성로축제,27,대구광역시,27110,중구,2711012300,동성로2가,271103141006,대구광역시 중구 동성로 28 (동성로2가),대구광역시 중구 동성로2가 165-1,"28 Dongseong-ro, Jung-gu, Daegu",2911011800,,2711012300101650001000002,053-661-2177,24055,,35,128,문화정보원,개막식+ 동성로가요제+댄스대회+칵테일쇼+패션쇼외,20240604,20240604
KCKRSPO23N000000867,관광명소,관광명소_축제,제34회 동성로축제,27,대구광역시,27110,중구,2711012300,동성로2가,271103141006,대구광역시 중구 동성로 28 (동성로2가),대구광역시 중구 동성로2가 165-1,"28 Dongseong-ro, Jung-gu, Daegu",2911011800,,2711012300101650001000002,053-661-2177,24032,,35,128,문화정보원,개막식+ 가요제+ 청소년댄스대회+ EDM파티+싸이버거흠뻑쇼+플리마켓,20240604,20240604
KCKRSPO23N000000868,관광명소,관광명소_축제,대구화교중화문화축제,27,대구광역시,27110,중구,2711011400,종로2가,271104223133,대구광역시 중구 중앙대로79길 31 (종로2가),대구광역시 중구 종로2가 12,"31 Jungang-daero 79-gil, Jung-gu, Daegu",2911011800,,2711011400100130000006139,053-661-2177,22234,,35,128,문화정보원,무대행사 및 거리행사+ 전시행사 등,20240604,20240604
KCKRSPO23N000000869,관광명소,관광명소_축제,대구화교중화문화축제,27,대구광역시,27110,중구,2711011400,종로2가,271104223133,대구광역시 중구 중앙대로79길 31 (종로2가),대구광역시 중구 종로2가 12,"31 Jungang-daero 79-gil, Jung-gu, Daegu",2911011800,,2711011400100130000006139,053-661-2177,22005,,35,128,문화정보원,무대행사 및 거리행사+ 전시행사 등,20240604,20240604
KCKRSPO23N000000870,관광명소,관광명소_축제,대구화교중화문화축제,27,대구광역시,27110,중구,2711011400,종로2가,271104223133,대구광역시 중구 중앙대로79길 31 (종로2가),대구광역시 중구 종로2가 12,"31 Jungang-daero 79-gil, Jung-gu, Daegu",2911010600,,2711011400100130000006139,053-661-2177,22301,,35,128,문화정보원,무대행사 및 거리행사+ 전시행사 등,20240604,20240604
KCKRSPO23N000000871,관광명소,관광명소_축제,대구화교중화문화축제,27,대구광역시,27110,중구,2711011400,종로2가,271104223133,대구광역시 중구 중앙대로79길 31 (종로2가),대구광역시 중구 종로2가 12,"31 Jungang-daero 79-gil, Jung-gu, Daegu",2917012000,,2711011400100130000006139,053-661-2177,22313,,35,128,문화정보원,무대행사 및 거리행사+ 전시행사 등,20240604,20240604
KCKRSPO23N000000872,관광명소,관광명소_축제,대구화교중화문화축제,27,대구광역시,27110,중구,2711011400,종로2가,271104223133,대구광역시 중구 중앙대로79길 31 (종로2가),대구광역시 중구 종로2가 12,"31 Jungang-daero 79-gil, Jung-gu, Daegu",2917010700,,2711011400100130000006139,053-661-2177,22004,,35,128,문화정보원,무대행사 및 거리행사+ 전시행사 등,20240604,20240604
KCKRSPO23N000000873,관광명소,관광명소_축제,강릉커피축제,51,강원특별자치도,51150,강릉시,5115010300,명주동,421504460103,강원특별자치도 강릉시 경강로2021번길 9-1 (명주동),강원특별자치도 강릉시 명주동 49-1 명주예술마당,"9-1 Gyeonggang-ro 2021beon-gil, Gangneung-si, Gangwon-do",2917010700,명주예술마당,4215010300100490001025425,033-647-6802,25535,http://www.coffeefestival.net,37,128,문화정보원,"커피경연대회(바리스타, 핸드드립, 커핑, 마카롱)+커피체험(로스팅, 추출, 커핑, 공예품 등)+전시+공연 등",20240604,20240604
KCKRSPO23N000000874,관광명소,관광명소_축제,제29회 덕수리 전통민속 재현행사,50,제주특별자치도,50130,서귀포시,5013031026,안덕면 덕수리,501303349236,제주특별자치도 서귀포시 안덕면 일주서로 1836,제주특별자치도 서귀포시 안덕면 덕수리 산27,"1836 Iljuseo-ro, Andeok-myeon, Seogwipo-si, Jeju-do",2917010700,,5013031026200270000000001,064-760-4313,36919,https://seogwipo.go.kr/festivals/deoksuri/info/intro.htm,33,126,문화정보원,전통민속 재현,20240604,20240604
KCKRSPO23N000000875,관광명소,관광명소_축제,2022 중문 칠선녀축제,50,제주특별자치도,50130,서귀포시,5013011200,중문동,501303350258,제주특별자치도 서귀포시 천제연로 132 중문관광단지,제주특별자치도 서귀포시 중문동 2232,,2917010700,,,064-760-4824,36903,https://seogwipo.go.kr/festivals/sevenbeauty/info/intro.htm,33,126,문화정보원,지역특화 콘텐츠 홍보+사진전,20240604,20240604
KCKRSPO23N000000876,관광명소,관광명소_축제,제28회 제주 성읍마을 전통민속재현축제,50,제주특별자치도,50130,서귀포시,5013032023,표선면 성읍리,501303350159,제주특별자치도 서귀포시 표선면 성읍정의현로 30,제주특별자치도 서귀포시 표선면 성읍리 855-1,"30 Seongeupjeonguihyeon-ro, Pyoseon-myeon, Seogwipo-si, Jeju-do",2917010500,,5013032023108550001000002,064-760-4417,36919,https://seogwipo.go.kr/festivals/seongeup/info/intro.htm,33,126,문화정보원,초가집줄놓기+전통혼례식 등,20240604,20240604
KCKRSPO23N000000877,관광명소,관광명소_축제,제11회 혼인지축제,50,제주특별자치도,50130,서귀포시,5013025926,성산읍 온평리,501304850645,제주특별자치도 서귀포시 성산읍 온평애향로23번길 6,제주특별자치도 서귀포시 성산읍 온평리 840-1 온평리사무소,"6 Onpyeongaehyang-ro 23beon-gil, Seongsan-eup, Seogwipo-si, Jeju-do",2917013600,온평리사무소,5013025926108400001000001,064-760-4282,55514,https://seogwipo.go.kr/festivals/marriage/info/intro.htm,33,126,문화정보원,길트기+삼공주 추원제+민속경기+향토음식경연 등,20240604,20240604
KCKRSPO23N000000878,관광명소,관광명소_축제,제20회 예래생태체험축제,50,제주특별자치도,50130,서귀포시,5013012100,하예동,501303350212,제주특별자치도 서귀포시 예래해안로 256 (하예동),제주특별자치도 서귀포시 하예동 532-3 해녀탈의실,"256 Yeraehaean-ro, Seogwipo-si, Jeju-do",2917012800,해녀탈의실,5013012100105320003000001,064-760-4845,39224,https://seogwipo.go.kr/festivals/yerae/info/intro.htm,33,126,문화정보원,생태마을탐방+맨손으로 넙치잡기+노래자랑 등,20240604,20240604
KCKRSPO23N000000879,관광명소,관광명소_축제,제40회 서귀포유채꽃축제 (축제명칭 변경),50,제주특별자치도,50130,서귀포시,5013032024,표선면 가시리,501303349231,제주특별자치도 서귀포시 표선면 녹산로 381-15,제주특별자치도 서귀포시 표선면 가시리 3149-33 가시리조랑말체험공원,"381-15 Noksan-ro, Pyoseon-myeon, Seogwipo-si, Jeju-do",2914011500,가시리조랑말체험공원,5013032024131490033000001,064-760-3942,39301,http://www.seogwipo.go.kr/festivals/uchae/index.htm,33,126,문화정보원,유채꽃밭 관람+공연+체험 등,20240604,20240604
KCKRSPO23N000000880,관광명소,관광명소_축제,제25회 서귀포유채꽃국제걷기대회,50,제주특별자치도,50130,서귀포시,5013010200,법환동,501303350224,제주특별자치도 서귀포시 월드컵로 33 (법환동),제주특별자치도 서귀포시 법환동 914 제주월드컵경기장,"33 World cup-ro, Seogwipo-si, Jeju-do",2914012000,제주월드컵경기장,5013010200109140000039678,064-760-3320,63572,https://cafe.daum.net/seogwipo-walking,33,126,문화정보원,유채꽃 걷기 대회,20240604,20240604
KCKRSPO23N000000881,관광명소,관광명소_축제,김삿갓문화제,51,강원특별자치도,51750,영월군,5175032527,김삿갓면 와석리,427503227004,강원특별자치도 영월군 김삿갓면 김삿갓로 216-22,강원특별자치도 영월군 김삿갓면 와석리 913-1 난고김삿삿문학원,"216-22 Gimsatgat-ro, Gimsatgat-myeon, Yeongwol-gun, Gangwon-do",2914012900,난고김삿삿문학원,4275032527109130001029635,033-375-6353,39293,http://www.ywcf.com/,37,128,문화정보원,조선시대영월과거대전+백일장+김삿갓해학의길걷기,20240604,20240604
KCKRSPO23N000000882,관광명소,관광명소_축제,계양산국악제,28,인천광역시,28245,계양구,2824510200,계산동,282453008034,인천광역시 계양구 주부토로 570 (계산동),인천광역시 계양구 계산동 907-1 계산체육공원,"570 Jubuto-ro, Gyeyang-gu, Incheon",2914012900,계산체육공원,2824510200109070001177140,032-450-5874,21030,,37,126,문화정보원,국악경연대회(예선 : 온라인심사+결선 : 대면심사)+축하·기획·특별공연(온오프병행),20240604,20240604
KCKRSPO23N000000883,관광명소,관광명소_축제,제1회 계양 아라뱃길 워터축제,,,,,,,,인천광역시 연수구 인천타워대로 250 (송도동),인천광역시 연수구 송도동 24-6,"250 Incheon tower-daero, Yeonsu-gu, Incheon",2914012500,,2818510600100240006000002,032-450-4105,,,32,123,문화정보원,물놀이존 및 수상레저 체험+총놀이 이벤트+무료체험활동 등,20240604,20240604
KCKRSPO23N000000884,관광명소,관광명소_축제,계양 아라뱃길 라이트쇼,,,,,,,,경상북도 문경시 문경읍 새재로 932,경상북도 문경시 문경읍 상초리 288-1,"932 Saejae-ro, Mungyeong-eup, Mungyeong-si, Gyeongsangbuk-do",2915512300,,4728025030102880001027421,032-450-4105,3384,,32,123,문화정보원,계양 아라뱃길 빛의거리 점등식+축하공연,20240604,20240604
KCKRSPO23N000000885,관광명소,관광명소_축제,제2회 계양 빛 축제,28,인천광역시,28245,계양구,2824510200,계산동,282453155002,인천광역시 계양구 계산새로 88 (계산동),인천광역시 계양구 계산동 1079-1 계양구청,"88 Gyesansae-ro, Gyeyang-gu, Incheon",2915511100,계양구청,2824510200110790001060592,032-450-4105,52405,,37,126,문화정보원,계양구청 남측광장+계양문화로+오조산공원 경관조명 및 포토존 조성,20240604,20240604
KCKRSPO23N000000886,관광명소,관광명소_축제,제29회 구민의 날 기념 가을음악회,28,인천광역시,28245,계양구,2824510400,서운동,282452000016,인천광역시 계양구 봉오대로 855 (서운동),인천광역시 계양구 서운동 207 계양경기장,"855 Bongo-daero, Gyeyang-gu, Incheon",2917013600,계양경기장,2824510400101100000000001,032-450-5874,52448,,37,126,문화정보원,인기가수 및 지역예술인 공연+드론쇼,20240604,20240604
KCKRSPO23N000000887,관광명소,관광명소_축제,제12회 대한민국와인축제,43,충청북도,43740,영동군,4374025021,영동읍 계산리,437403243018,충청북도 영동군 영동읍 동정로 1,충청북도 영동군 영동읍 계산리 210-1 cctv통합관제센터,"1 Dongjeong-ro, Yeongdong-eup, Yeongdong-gun, Chungcheongbuk-do",2914012900,cctv통합관제센터,4374025022101250004004655,043-745-8916,52426,,36,127,문화정보원,와인시음판매장+공연 등,20240604,20240604
KCKRSPO23N000000888,관광명소,관광명소_축제,양구곰취축제,,,,,,,,경상북도 구미시 금오산로 53-4 (원평동),경상북도 구미시 원평동 964-64 코끼리타워,"53-4 Geumosan-ro, Gumi-si, Gyeongsangbuk-do",2717067500,코끼리타워,4719010100109640064010442,033-482-9612,52436,https://www.ygtour.kr/Home/H30000/H30100/placeDetail?place_no=72&viewType=gallery&viewClass=tour&page=1&pageSize=12&order_column=1&place_class=P012,32,123,문화정보원,"곰취판매 및 홍보, 축제프로그램 운영",20240604,20240604
KCKRSPO23N000000889,관광명소,관광명소_축제,[개막행사] 성남시청소년어울림마당,41,경기도,41135,성남시,4113510800,판교동,411354860423,경기도 성남시 분당구 판교공원로4길 27 (판교동),"경기도 성남시 분당구 판교동 553 분당판교청소년수련관, 판교도서관","27 Pangyogongwon-ro 4-gil, Bundang-gu, Seongnam-si, Gyeonggi-do",2723062000,"분당판교청소년수련관, 판교도서관",4113510800105530000000001,031-729-9637,52440,,37,127,문화정보원,경기도 대표 청소년 동아리공연 및 동아리지원사업체험부스 운영 등,20240604,20240604
KCKRSPO23N000000890,관광명소,관광명소_축제,제18회 쇠소깍축제,50,제주특별자치도,50130,서귀포시,5013010800,하효동,501303350171,제주특별자치도 서귀포시 쇠소깍로 151-7 (하효동),제주특별자치도 서귀포시 하효동 999-3,"151-7 Soesokkak-ro, Seogwipo-si, Jeju-do",2723062000,,5013010800109990003027543,064-760-4623,48095,https://seogwipo.go.kr/festivals/blacksand/index.htm,33,126,문화정보원,쇠소깍 어린이 사생대회+보물찾기 등,20240604,20240604
KCKRSPO23N000000891,관광명소,관광명소_축제,제28회 서귀포칠십리축제,50,제주특별자치도,50130,서귀포시,5013010100,서귀동,501303350263,제주특별자치도 서귀포시 칠십리로 120-12 (서귀동),제주특별자치도 서귀포시 서귀동 6,"120-12 Chilsimni-ro, Seogwipo-si, Jeju-do",2714059000,,5013010100100060000002919,064-760-3942,48095,https://seogwipo.go.kr/festivals/70ni/index.htm,33,126,문화정보원,칠십리 퍼레이드+문화예술 한마당 등,20240604,20240604
KCKRSPO23N000000892,관광명소,관광명소_축제,제23회 서귀포 겨울바다 국제펭귄수영대회,,,,,,,,경상남도 남해군 고현면 남서대로 2985,경상남도 남해군 고현면 갈화리 1382-2 갈화어촌계회관,"2985 Namseo-daero, Gohyeon-myeon, Namhae-gun, Gyeongsangnam-do",2714074200,갈화어촌계회관,4884037029113820002021756,064-739-7201,48095,https://seogwipo.go.kr/festivals/penguinswimming/info/intro.htm,32,123,문화정보원,2023 새로운 출발 새로운 다짐,20240604,20240604
KCKRSPO23N000000893,관광명소,관광명소_축제,제30회 성산일출축제,50,제주특별자치도,50130,서귀포시,5013025921,성산읍 성산리,501303350244,제주특별자치도 서귀포시 성산읍 일출로 284-12,제주특별자치도 서귀포시 성산읍 성산리 114,"284-12 Ilchul-ro, Seongsan-eup, Seogwipo-si, Jeju-do",2714076000,,5013025921100850000000001,064-760-4281,48095,https://www.sunrisefestival.kr/welcome,33,126,문화정보원,코로나19 종식 기원 제주 큰굿+성산 10경+열린 음악회 등,20240604,20240604
KCKRSPO23N000000894,관광명소,관광명소_축제,제22회 최남단 방어축제,50,제주특별자치도,50130,서귀포시,5013025022,대정읍 하모리,501303350261,제주특별자치도 서귀포시 대정읍 최남단해안로 66,제주특별자치도 서귀포시 대정읍 하모리 770-28 서귀포해양경비안전서 모슬포출장소,"66 Choenamdanhaean-ro, Daejeong-eup, Seogwipo-si, Jeju-do",2726068000,서귀포해양경비안전서 모슬포출장소,5013025022107700028000013,064-794-8032,48095,http://bangeofestival.com/introduction,33,126,문화정보원,청정 바다의 흥과멋과 맛의 향연,20240604,20240604
KCKRSPO23N000000895,관광명소,관광명소_축제,제1회 상록수문화제,41,경기도,41271,안산시,4127110400,본오동,412714370208,경기도 안산시 상록구 샘골서길 64 (본오동),경기도 안산시 상록구 본오동 879-4 최용신기념관,"64 Saemgolseo-gil, Sangnok-gu, Ansan-si, Gyeonggi-do",2720010300,최용신기념관,4127110400108790004001701,031-481-3040,48095,https://www2.ansan.go.kr/choiyongshin/main/main.do,37,126,문화정보원,기념음악회+체험박람회+작품발표회+사생대회 등,20240604,20240604
KCKRSPO23N000000896,관광명소,관광명소_지역명소,제2회 상록수문화제,41,경기도,41271,안산시,4127110400,본오동,412714370208,경기도 안산시 상록구 샘골서길 64 (본오동),경기도 안산시 상록구 본오동 879-4 최용신기념관,"64 Saemgolseo-gil, Sangnok-gu, Ansan-si, Gyeonggi-do",4690031000,최용신기념관,4127110400108790004001701,031-481-3040,48095,https://www2.ansan.go.kr/choiyongshin/main/main.do,37,126,문화정보원,기념음악회+체험박람회+작품발표회+사생대회 등,20240604,20240604
KCKRSPO23N000000897,관광명소,관광명소_지역명소,안산국제거리극축제,41,경기도,41273,안산시,4127310100,고잔동,412732190001,경기도 안산시 단원구 광덕대로 157 (고잔동),경기도 안산시 단원구 고잔동 800,"157 Gwangdeok-daero, Danwon-gu, Ansan-si, Gyeonggi-do",4671038000,,4127310100108000000000001,031-481-4030,48095,https://www.ansanart.com/index.do,37,126,문화정보원,순수예술축제,20240604,20240604
KCKRSPO23N000000898,관광명소,관광명소_지역명소,여르미오페스티벌,41,경기도,41273,안산시,4127310100,고잔동,412732190001,경기도 안산시 단원구 광덕대로 157 (고잔동),경기도 안산시 단원구 고잔동 800,"157 Gwangdeok-daero, Danwon-gu, Ansan-si, Gyeonggi-do",4671025000,,4127310100108000000000001,031-481-4030,48095,https://www.ansanart.com//lay2/S1T54C56/contents.do,37,126,문화정보원,대중예술축제,20240604,20240604
KCKRSPO23N000000899,관광명소,관광명소_지역명소,제3회 상록수문화제,41,경기도,41271,안산시,4127110400,본오동,412714370208,경기도 안산시 상록구 샘골서길 64 (본오동),경기도 안산시 상록구 본오동 879-4 최용신기념관,"64 Saemgolseo-gil, Sangnok-gu, Ansan-si, Gyeonggi-do",4623053000,최용신기념관,4127110400108790004001701,031-481-3040,48095,https://www2.ansan.go.kr/choiyongshin/main/main.do,37,126,문화정보원,기념음악회+체험박람회+작품발표회+사생대회 등,20240604,20240604
KCKRSPO23N000000900,관광명소,관광명소_지역명소,안산국제거리극축제,41,경기도,41273,안산시,4127310100,고잔동,412732190001,경기도 안산시 단원구 광덕대로 157 (고잔동),경기도 안산시 단원구 고잔동 800,"157 Gwangdeok-daero, Danwon-gu, Ansan-si, Gyeonggi-do",4623057000,,4127310100108000000000001,031-481-4030,48095,https://www.ansanart.com/index.do,37,126,문화정보원,순수예술축제,20240604,20240604
KCKRSPO23N000000901,관광명소,관광명소_지역명소,삼수 매봉산 바람개비 축제,51,강원특별자치도,51190,태백시,5119010200,장성동,421904466163,강원특별자치도 태백시 장성1길 171 (장성동),강원특별자치도 태백시 장성동 169-1 장성동행정복지센터,"171 Jangseong 1-gil, Taebaek-si, Gangwon-do",4617054000,장성동행정복지센터,4219010200101690001011341,033-552-1376,48095,http://tbcf.or.kr/,37,129,문화정보원,공연+체험프로그램+부스 운영 등,20240604,20240604
KCKRSPO23N000000902,관광명소,관광명소_지역명소,장성탄탄축제활기찬동행,51,강원특별자치도,51190,태백시,5119010200,장성동,421904466163,강원특별자치도 태백시 장성1길 171 (장성동),강원특별자치도 태백시 장성동 169-1 장성동행정복지센터,"171 Jangseong 1-gil, Taebaek-si, Gangwon-do",4623055000,장성동행정복지센터,4219010200101690001011341,033-581-6903,48095,http://tbcf.or.kr/,37,129,문화정보원,공연+체험프로그램+부스 운영 등,20240604,20240604
KCKRSPO23N000000903,관광명소,관광명소_지역명소,태백 황지연못 황부자며느리 축제,51,강원특별자치도,51190,태백시,5119010200,장성동,421904466163,강원특별자치도 태백시 장성1길 171 (장성동),강원특별자치도 태백시 장성동 169-1 장성동행정복지센터,"171 Jangseong 1-gil, Taebaek-si, Gangwon-do",4623025000,장성동행정복지센터,4219010200101690001011341,033-552-1370,48095,http://tbcf.or.kr/,37,129,문화정보원,마당극+걷기행사+가요제+야시장,20240604,20240604
KCKRSPO23N000000904,관광명소,관광명소_축제,철암 단풍축제,51,강원특별자치도,51190,태백시,5119010200,장성동,421904466163,강원특별자치도 태백시 장성1길 171 (장성동),강원특별자치도 태백시 장성동 169-1 장성동행정복지센터,"171 Jangseong 1-gil, Taebaek-si, Gangwon-do",2720010300,장성동행정복지센터,4219010200101690001011341,033-582-7906,48095,http://tbcf.or.kr/,37,129,문화정보원,단풍길 걷기대회+전시회+먹거리 장터 등,20240604,20240604
KCKRSPO23N000000905,관광명소,관광명소_축제,태백산 눈축제,51,강원특별자치도,51190,태백시,5119010200,장성동,421904466163,강원특별자치도 태백시 장성1길 171 (장성동),강원특별자치도 태백시 장성동 169-1 장성동행정복지센터,"171 Jangseong 1-gil, Taebaek-si, Gangwon-do",2720010200,장성동행정복지센터,4219010200101690001011341,033-553-6900,48095,http://tbcf.or.kr/,37,129,문화정보원,눈조각대회+눈꽃등반대회+체험행사+공연 등,20240604,20240604
KCKRSPO23N000000906,관광명소,관광명소_축제,강릉단오제,51,강원특별자치도,51150,강릉시,5115012100,노암동,421504460317,강원특별자치도 강릉시 단오장길 1 (노암동),강원특별자치도 강릉시 노암동 722-2 강릉단오제전수교육관,"1 Danojang-gil, Gangneung-si, Gangwon-do",2720010200,강릉단오제전수교육관,4215012100107220002029007,033-641-1593,59065,http://www.danojefestival.or.kr,37,128,문화정보원,문화재행사+단오TV+전시+시민참여행사+단오유스페스티벌+온라인 챌린지 행사 등,20240604,20240604
KCKRSPO23N000000907,관광명소,관광명소_축제,도솔산지구전투 전승행사,51,강원특별자치도,51800,양구군,5180025021,양구읍 상리,428003232006,강원특별자치도 양구군 양구읍 박수근로 366-33,강원특별자치도 양구군 양구읍 상리 399 국민체육센터,"366-33 Parksookeun-ro, Yanggu-eup, Yanggu-gun, Gangwon-do",2729010200,국민체육센터,4280025021103990000000001,033-480-2230,57544,https://www.ygtour.kr/Home/H30000/H30100/placeDetail?place_no=286&viewType=gallery&viewClass=tour&page=1&pageSize=12&order_column=1&place_class=P012,38,127,문화정보원,추모식,20240604,20240604
KCKRSPO23N000000908,관광명소,관광명소_축제,양록제,,,,,,,,부산광역시 해운대구 중동2로 11 (중동),부산광역시 해운대구 중동 1378-95 해운대구청,"11 Jungdong 2-ro, Haeundae-gu, Busan",2729011000,해운대구청,2635010600113780095002835,033-480-2230,57535,https://www.ygtour.kr/Home/H30000/H30100/placeDetail?place_no=76&viewType=gallery&viewClass=tour&page=1&pageSize=12&order_column=1&place_class=P012,32,123,문화정보원,양록제례,20240604,20240604
KCKRSPO23N000000909,관광명소,관광명소_축제,양구배꼽축제,,,,,,,,부산광역시 해운대구 중동2로 11 (중동),부산광역시 해운대구 중동 1378-95 해운대구청,"11 Jungdong 2-ro, Haeundae-gu, Busan",2729011500,해운대구청,2635010600113780095002835,033-482-9612,57544,https://www.ygtour.kr/Home/H30000/H30100/placeDetail?place_no=78&viewType=gallery&viewClass=tour&page=1&pageSize=12&order_column=1&place_class=P012,32,123,문화정보원,세상에 없던 즐거움 웃음이 평화다 YOU MUST COME 배꼽,20240604,20240604
KCKRSPO23N000000910,관광명소,관광명소_지역명소,제주허브동산 설유화 축제,50,제주특별자치도,50130,서귀포시,5013032021,표선면 표선리,501303350061,제주특별자치도 서귀포시 표선면 돈오름로 170,제주특별자치도 서귀포시 표선면 표선리 2608,"170 Donoreum-ro, Pyoseon-myeon, Seogwipo-si, Jeju-do",4480037000,,5013032021125960001000001,064-787-7362,24264,www.herbdongsan.com,33,126,문화정보원,제주허브동산에서 봄나들이 시즌을 맞아 3월 25일부터 설유화 축제를 개최한다.,20240604,20240604
KCKRSPO23N000000911,관광명소,관광명소_지역명소,휴애리 봄 수국축제,50,제주특별자치도,50130,서귀포시,5013025329,남원읍 신례리,501303350180,제주특별자치도 서귀포시 남원읍 신례동로 256,제주특별자치도 서귀포시 남원읍 신례리 2081 휴애리,"256 Sillyedong-ro, Namwon-eup, Seogwipo-si, Jeju-do",4421032000,휴애리,5013025329120150004000001,064-732-2114,24239,www.hueree.com,33,126,문화정보원,2023 휴애리 봄 수국축제는 정성스럽게 키운 다양한 수국을 온실 수국정원 카페주변등 공원 곳곳에서 감상할 수 있어 제주도민과 상춘객에게 인기가 좋은 제주 대표 봄 축제가 될 것으로 전망된다.,20240604,20240604
KCKRSPO23N000000912,관광명소,관광명소_축제,빛의 벙커 ’세잔프로방스의빛/칸딘스키’ 전,,,,,,,,제주특별자치도 서귀포시 선산읍 서성이로 1168번길 89-17,제주특별자치도 서귀포시 89-17,,2729011100,,,1522-2653,24336,www.deslumieres.co.kr/bunker,33,126,문화정보원,현대미술의 아버지로 칭송받는 세잔과 추상미술의 창시자 칸딘스키의 작품들이 벙커 내부를 가득 채운다.,20240604,20240604
KCKRSPO23N000000913,관광명소,관광명소_축제,친환경 그래비티 레이싱 : 23시즌 정규 라운드(9.81파크),50,제주특별자치도,50110,제주시,5011025336,애월읍 어음리,501103349188,제주특별자치도 제주시 애월읍 천덕로 880-24,제주특별자치도 제주시 애월읍 어음리 3916 애월스마트테마파크,"880-24 Cheondeok-ro, Aewol-eup, Jeju-si, Jeju-do",2729011600,애월스마트테마파크,5011025336201310000000001,1833-9810,24336,www.981park.com/,33,126,문화정보원,제주의 자연을 느끼며 레이싱을 즐기고 탑승기록과 영상까지 무료로 받을 수 있는 9.81파크의 대표 액티비티인 ‘레이스 981’의 2023년 시즌 X리그 정규 라운드가 개막했다.,20240604,20240604
KCKRSPO23N000000914,관광명소,관광명소_축제,제주 다이노스 어라이브 <JEJU DINOS ALIVE>,50,제주특별자치도,50130,서귀포시,5013031027,안덕면 서광리,501303349232,제주특별자치도 서귀포시 안덕면 녹차분재로 218,제주특별자치도 서귀포시 안덕면 서광리 산39 제주항공우주박물관,"218 Nokchabunjae-ro, Andeok-myeon, Seogwipo-si, Jeju-do",2729012000,제주항공우주박물관,5013031027200390000000001,064-794-3334,59004,www.dinosalive.co.kr/,33,126,문화정보원,수중 공룡들과 함게 뛰어 노는 <언더워터 이머시브 체험존> 어린이 관람객을 위한 <공룡 라이더> <3D 라이브 스케치> 공룡과 달리기 경주하는 <다이노 레이스> 고고학자가 되어보는 <공룡화석 발굴체험>과 고해상도 미디어아트로 연출된 실감미디어 전시 체험 등을 경험할 수 있다.,20240604,20240604
KCKRSPO23N000000915,관광명소,관광명소_축제,마노르블랑 수국축제,50,제주특별자치도,50130,서귀포시,5013031026,안덕면 덕수리,501304850735,제주특별자치도 서귀포시 안덕면 일주서로2100번길 46,제주특별자치도 서귀포시 안덕면 덕수리 2952,"46 Iljuseo-ro 2100beon-gil, Andeok-myeon, Seogwipo-si, Jeju-do",2729012000,,5013031026129520000000001,064-794-0999,63527,manorblanc.modoo.at/,33,126,문화정보원,작년에 이어 올해도 유럽수국축제를 맞이하고 있다.,20240604,20240604
KCKRSPO23N000000916,관광명소,관광명소_축제,플리마켓 <신화愛퐁당>,50,제주특별자치도,50130,서귀포시,5013031027,안덕면 서광리,501304852219,제주특별자치도 서귀포시 안덕면 신화역사로304번길 38,제주특별자치도 서귀포시 안덕면 서광리 산24,"38 Sinhwayeoksa-ro 304beon-gil, Andeok-myeon, Seogwipo-si, Jeju-do",2771025322,,5013031027200240000000001,070-4548-3340,59047,www.shinhwaworld.com/article.aspx?lang=KR&aid=8189,33,126,문화정보원,제주애퐁당과 제주 로컬 기업·상점들이 손잡고 제주신화월드에서 지역 사회 상생 발전과 소상공인 및 청년 기업의 다양한 제품 홍보를 하고있다.,20240604,20240604
KCKRSPO23N000000917,관광명소,관광명소_지역명소,LASP X 신라 : 공간과 순간이 만나 예술이 되다,50,제주특별자치도,50110,제주시,5011013700,연동,501103349041,제주특별자치도 제주시 노연로 69 (연동),제주특별자치도 제주시 연동 252-18 (주)호텔신라 제주면세점,"69 Noyeon-ro, Jeju-si, Jeju-do",4315032000,(주)호텔신라 제주면세점,5011013700102520018062456,1688-1110,44530,,33,126,문화정보원,문화를 통한 공유라는 가치 아래 지역 신진 작가들의 활동을 지원하는 아트플랫폼 라스프 신라면세점 제주점과 협업으로 제주 작가 6인의 첫 전시를 개관합니다.,20240604,20240604
KCKRSPO23N000000918,관광명소,관광명소_지역명소,구팔일 올데이페스티벌,50,제주특별자치도,50110,제주시,5011025336,애월읍 어음리,501103349188,제주특별자치도 제주시 애월읍 천덕로 880-24,제주특별자치도 제주시 애월읍 어음리 3916 애월스마트테마파크,"880-24 Cheondeok-ro, Aewol-eup, Jeju-si, Jeju-do",4315033000,애월스마트테마파크,5011025336201310000000001,064-1833-9810,53060,www.981park.com/,33,126,문화정보원,한낮부터 해질 때까지 끝없이 이어지는 라이브 디제잉을 제주 자연과 함께,20240604,20240604
KCKRSPO23N000000919,관광명소,관광명소_축제,삼다공원 야간콘서트,50,제주특별자치도,50110,제주시,5011013700,연동,501104848594,제주특별자치도 제주시 은남길 8 (연동),제주특별자치도 제주시 연동 292-41 삼성화재빌딩,"8 Eunnam-gil, Jeju-si, Jeju-do",2714011800,삼성화재빌딩,5011013700102920041010489,064-727-0122,25332,www.instagram.com/samda_concert/,33,126,문화정보원,제주시 연동 도심 속 삼다공원에서 펼쳐지는 야간공연,20240604,20240604
KCKRSPO23N000000920,관광명소,관광명소_지역명소,철원 DMZ 평화 꽃송이 축제,51,강원특별자치도,51780,철원군,5178025923,동송읍 장흥리,427803230034,강원특별자치도 철원군 동송읍 태봉로 1799-15,강원특별자치도 철원군 동송읍 장흥리 23-84,"1799-15 Taebong-ro, Dongsong-eup, Cheorwon-gun, Gangwon-do",4161025936,,4278025923100230084025721,033-450-5766,24023,,38,127,문화정보원,"세종대왕 강무행차, k-pop공연, 꽃밭 주야간 개장 등",20240604,20240604
KCKRSPO23N000000921,관광명소,관광명소_지역명소,DMZ피스트레인 뮤직 페스티벌,51,강원특별자치도,51780,철원군,5178025923,동송읍 장흥리,427803230034,강원특별자치도 철원군 동송읍 태봉로 1825,강원특별자치도 철원군 동송읍 장흥리 20-1 철원군시설관리사업소,"1825 Taebong-ro, Dongsong-eup, Cheorwon-gun, Gangwon-do",4157034033,철원군시설관리사업소,4278025923100200001025232,033-450-5092,24023,,38,127,문화정보원,"음악공연, 무용공연, 국제컨퍼런스 등",20240604,20240604
KCKRSPO23N000000922,관광명소,관광명소_지역명소,정선아리랑제,51,강원특별자치도,51770,정선군,5177025021,정선읍 봉양리,427704487143,강원특별자치도 정선군 정선읍 봉양3길 17,강원특별자치도 정선군 정선읍 봉양리 253-1 문화예술회관,"17 Bongyang 3-gil, Jeongseon-eup, Jeongseon-gun, Gangwon-do",4157035022,문화예술회관,4277025021102530001009113,033-563-2646,52302,www.arirangfestival.kr,37,128,문화정보원,강원도 무형문화재 제1호인 정선아리랑의 전승보존 및 계승,20240604,20240604
KCKRSPO23N000000923,관광명소,관광명소_지역명소,동성로축제,27,대구광역시,27110,중구,2711012300,동성로2가,271103141006,대구광역시 중구 동성로 28 (동성로2가),대구광역시 중구 동성로2가 165-1,"28 Dongseong-ro, Jung-gu, Daegu",4136034024,,2711012300101650001000002,053-661-2177,33624,,35,128,문화정보원,개막식+ 동성로가요제+ 커버댄스+ DJ페스티벌,20240604,20240604
KCKRSPO23N000000924,관광명소,관광명소_축제,동성로축제,27,대구광역시,27110,중구,2711012300,동성로2가,271103141006,대구광역시 중구 동성로 28 (동성로2가),대구광역시 중구 동성로2가 165-1,"28 Dongseong-ro, Jung-gu, Daegu",2714011800,,2711012300101650001000002,053-661-2177,24023,,35,128,문화정보원,개막식+ 동성로가요제+ 커버댄스+ DJ페스티벌,20240604,20240604
KCKRSPO23N000000925,관광명소,관광명소_축제,동성로축제,27,대구광역시,27110,중구,2711012300,동성로2가,271103141006,대구광역시 중구 동성로 28 (동성로2가),대구광역시 중구 동성로2가 165-1,"28 Dongseong-ro, Jung-gu, Daegu",2714010100,,2711012300101650001000002,053-661-2177,57143,,35,128,문화정보원,개막식+ 동성로가요제+ 커버댄스+ DJ페스티벌,20240604,20240604
KCKRSPO23N000000926,관광명소,관광명소_축제,동성로축제,27,대구광역시,27110,중구,2711012300,동성로2가,271103141006,대구광역시 중구 동성로 28 (동성로2가),대구광역시 중구 동성로2가 165-1,"28 Dongseong-ro, Jung-gu, Daegu",2723010600,,2711012300101650001000002,053-661-2177,18554,,35,128,문화정보원,개막식+ 동성로가요제+ 커버댄스+ DJ페스티벌,20240604,20240604
KCKRSPO23N000000927,관광명소,관광명소_축제,동성로축제,27,대구광역시,27110,중구,2711012300,동성로2가,271103141006,대구광역시 중구 동성로 28 (동성로2가),대구광역시 중구 동성로2가 165-1,"28 Dongseong-ro, Jung-gu, Daegu",2723010600,,2711012300101650001000002,053-661-2177,24114,,35,128,문화정보원,개막식+ 동성로가요제+ 커버댄스+ DJ페스티벌,20240604,20240604
KCKRSPO23N000000928,관광명소,관광명소_지역명소,동성로축제,27,대구광역시,27110,중구,2711012300,동성로2가,271103141006,대구광역시 중구 동성로 28 (동성로2가),대구광역시 중구 동성로2가 165-1,"28 Dongseong-ro, Jung-gu, Daegu",4148026224,,2711012300101650001000002,053-661-2177,44093,,35,128,문화정보원,개막식+ 동성로가요제+ 커버댄스+ DJ페스티벌,20240604,20240604
KCKRSPO23N000000929,관광명소,관광명소_지역명소,동성로축제,27,대구광역시,27110,중구,2711012300,동성로2가,271103141006,대구광역시 중구 동성로 28 (동성로2가),대구광역시 중구 동성로2가 165-1,"28 Dongseong-ro, Jung-gu, Daegu",4831031025,,2711012300101650001000002,053-661-2177,44093,,35,128,문화정보원,개막식+ 동성로가요제+ 커버댄스+ DJ페스티벌,20240604,20240604
KCKRSPO23N000000930,관광명소,관광명소_지역명소,한마음축제,11,서울특별시,11170,용산구,1117013000,이태원동,111702005002,서울특별시 용산구 녹사평대로 150 (이태원동),서울특별시 용산구 이태원동 34-87 용산구종합행정타운,"150 Noksapyeong-daero, Yongsan-gu, Seoul",4888035028,용산구종합행정타운,1117013000100340087000001,,44093,,37,126,문화정보원,용산구민의 날을 기념하며 구민화합 도모를 위한 문화행사,20240604,20240604
KCKRSPO23N000000931,관광명소,관광명소_지역명소,구례300리벚꽃축제,46,전라남도,46730,구례군,4673025030,구례읍 봉북리,467303288011,전라남도 구례군 구례읍 서시천로 106,전라남도 구례군 구례읍 봉북리 1423-1,"106 Seosicheon-ro, Gurye-eup, Gurye-gun, Jeollanam-do",4825033023,,4673025030114230001000003,061-780-2255,48095,https://www.gurye.go.kr/tour/detail.do?tourId=TOUR_0000000039&menuNo=104001003000,35,127,문화정보원,축하공연+체험프로그램+야관경관조명+버스킹,20240604,20240604
KCKRSPO23N000000932,관광명소,관광명소_지역명소,지리산남악제,46,전라남도,46730,구례군,4673025030,구례읍 봉북리,467303288011,전라남도 구례군 구례읍 서시천로 106,전라남도 구례군 구례읍 봉북리 1423-1,"106 Seosicheon-ro, Gurye-eup, Gurye-gun, Jeollanam-do",4827010300,,4673025030114230001000003,061-780-2431,59449,https://www.gurye.go.kr/tour/detail.do?tourId=TOUR_0000000101&menuNo=104001004000,35,127,문화정보원,군민한마당+제례+공연+전시체험,20240604,20240604
KCKRSPO23N000000933,관광명소,관광명소_지역명소,구례뮤직페스티벌,,,,,,,,울산광역시 동구 문현3길 6 (방어동),울산광역시 동구 방어동 1120-1 꽃바위문화관,"6 Munhyeon 3-gil, Dong-gu, Ulsan",4872041522,꽃바위문화관,3117010100111200001000001,061-780-2390,59448,http://naturaldreampark.co.kr/information.html,32,123,문화정보원,락밴드 공연+체험+먹거리부스 운영,20240604,20240604
KCKRSPO23N000000934,관광명소,관광명소_지역명소,구례동편소리축제,46,전라남도,46730,구례군,4673025030,구례읍 봉북리,467303288011,전라남도 구례군 구례읍 서시천로 76-11,전라남도 구례군 구례읍 봉북리 25 구례실내체육관,"76-11 Seosicheon-ro, Gurye-eup, Gurye-gun, Jeollanam-do",4817037026,구례실내체육관,4673025030100250000000001,061-780-2431,59451,https://www.gurye.go.kr/tour/detail.do?tourId=TOUR_0000000102&menuNo=104001005000,35,127,문화정보원,거리예술공연+명인명창전,20240604,20240604
KCKRSPO23N000000935,관광명소,관광명소_지역명소,다문화축제,27,대구광역시,27290,달서구,2729011000,장기동,272904241165,대구광역시 달서구 문화회관길 160 (장기동),대구광역시 달서구 장기동 722-1 달서아트센터,"160 Munhwahoegwan-gil, Dalseo-gu, Daegu",4885039023,달서아트센터,2729011000107220001002450,053-593-1511,26052,https://dalseo.familynet.or.kr/center,35,128,문화정보원,다문화 어울림제,20240604,20240604
KCKRSPO23N000000936,관광명소,관광명소_지역명소,두근두근페스티벌,27,대구광역시,27290,달서구,2729011600,도원동,272903147029,대구광역시 달서구 월곡로 5 (도원동),대구광역시 달서구 도원동 952-1,"5 Wolgok-ro, Dalseo-gu, Daegu",4885031023,,2729011600108980001016480,053-667-3791,26052,https://www.dalseo.daegu.kr,35,128,문화정보원,"결혼 콘텐츠 프로그램, 공연, 체험 및 홍보부스 등",20240604,20240604
KCKRSPO23N000000937,관광명소,관광명소_지역명소,장미꽃 필(feel)무렵,,,,,,,,전라남도 보성군 보성읍 녹차로 775,전라남도 보성군 보성읍 봉산리 1191-1,"775 Nokcha-ro, Boseong-eup, Boseong-gun, Jeollanam-do",4889044024,,4678025024111910001107104,053-584-9771,24336,http://www.dscf.or.kr,32,123,문화정보원,움직이는 포토존 + 장미꽃 홍보단 + 장미 시화전 + 체험 프로그램 운영,20240604,20240604
KCKRSPO23N000000938,관광명소,관광명소_지역명소,희망달서 대축제,27,대구광역시,27290,달서구,2729011000,장기동,272904241165,대구광역시 달서구 문화회관길 160 (장기동),대구광역시 달서구 장기동 722-1 달서아트센터,"160 Munhwahoegwan-gil, Dalseo-gu, Daegu",4889031021,달서아트센터,2729011000107220001002450,053-584-9711,42699,http://www.dscf.or.kr,35,128,문화정보원,희망가득체험부스 + 다문화 어울림제 + 축하 콘서트 등,20240604,20240604
KCKRSPO23N000000939,관광명소,관광명소_지역명소,선사문화체험축제,,,,,,,,강원특별자치도 태백시 장성1길 171 (장성동),강원특별자치도 태백시 장성동 169-1 장성동행정복지센터,"171 Jangseong 1-gil, Taebaek-si, Gangwon-do",4772025022,장성동행정복지센터,4219010200101690001011341,053-667-2191,,http://artko16.netto.kr/,32,123,문화정보원,선사테마축제 및 체험프로그램 운영 등,20240604,20240604
KCKRSPO23N000000940,관광명소,관광명소_지역명소,물의 감정 In The Mood For Water,51,강원특별자치도,51110,춘천시,5111012200,교동,421104454762,강원특별자치도 춘천시 향교앞길 13-4 (교동),강원특별자치도 춘천시 교동 140,"13-4 Hyanggyoap-gil, Chuncheon-si, Gangwon-do",4728036024,,4211012200101400000008044,033-248-7900,25377,https://www.cccf.or.kr/Home/H40000/H40400/boardView?board_key=10181&search_type=1&search_keyword=EBACBCEC9D98+EAB090ECA0953A+In+The+Mood+For+Water,37,127,문화정보원,춘천 대표자원인 물을 주제로 한 로켈크리에이터 간의 협업 전시,20240604,20240604
KCKRSPO23N000000941,관광명소,관광명소_지역명소,조운플레잉,,강원도,,춘천시,,,421103218033,강원특별자치도 춘천시 중앙로 지하51-2 (중앙로2가),강원특별자치도 춘천시 중앙로2가 116 다25,"B51-2 Jungang-ro, Chuncheon-si, Gangwon-do",4728036025,다25,4211010500101160000023847,033-250-4938,25315,https://www.cccf.or.kr/Home/H40000/H40400/boardView?board_key=7653&search_type=1&search_keyword=ECA1B0EC9AB4ED948CEBA088EC9E89,37,127,문화정보원,"초등학생 대상으로 하는 체험과 가족, 친구, 연인 등 그룹 체험",20240604,20240604
KCKRSPO23N000000942,관광명소,관광명소_지역명소,개나리아트페어2022,51,강원특별자치도,51110,춘천시,5111039021,동내면 거두리,421104454027,강원특별자치도 춘천시 동내면 거두택지길44번길 7-19,강원특별자치도 춘천시 동내면 거두리 1123-6,"7-19 Geodutaekji-gil 44beon-gil, Dongnae-myeon, Chuncheon-si, Gangwon-do",4728025030,,4211039021111230006000001,070-8095-3899,63365,https://www.cccf.or.kr/Home/H40000/H40400/boardView?board_key=10344&search_type=1&search_keyword=EAB09CEB8298EBA6ACEC9584ED8AB8ED8E98EC96B42022,37,127,문화정보원,긴 겨울을 기다린 후에 개화하는 봄꽃’과 같은 아트페어,20240604,20240604
KCKRSPO23N000000943,관광명소,관광명소_지역명소,제10회 무안황토갯벌축제,46,전라남도,46840,무안군,4684036021,해제면 유월리,468404860125,전라남도 무안군 해제면 황토갯벌길 110,전라남도 무안군 해제면 유월리 1-1 생태갯벌과학관,"110 Hwangtogaetbeol-gil, Haeje-myeon, Muan-gun, Jeollanam-do",4728025022,생태갯벌과학관,4684036021100010001000002,061-450-5472,63112,http://tour.muan.go.kr/,35,126,문화정보원,갯벌 가족 참여 프로그램+지역 문화와 농산물 향유 프로그램 운영 등,20240604,20240604
KCKRSPO23N000000944,관광명소,관광명소_지역명소,다문화 한글 백일장,27,대구광역시,27290,달서구,2729011100,용산동,272903007027,대구광역시 달서구 새방로 21 (용산동),대구광역시 달서구 용산동 521,"21 Saebang-ro, Dalseo-gu, Daegu",4792031024,,2729011100105210000003633,053-593-1511,63525,https://dalseo.familynet.or.kr/center,35,128,문화정보원,시화 전시회 등,20240604,20240604
KCKRSPO23N000000945,관광명소,관광명소_지역명소,해운대 구립예술단(3개) 정기공연,26,부산광역시,26350,해운대구,2635010600,중동,263503133041,부산광역시 해운대구 중동2로 11 (중동),부산광역시 해운대구 중동 1378-95 해운대구청,"11 Jungdong 2-ro, Haeundae-gu, Busan",4725032535,해운대구청,2635010600113780095002835,051-749-6041,63525,,35,129,문화정보원,3개 예술단 정기 공연,20240604,20240604
KCKRSPO23N000000946,관광명소,관광명소_지역명소,달너머 달맞이 별다솜 음악회,26,부산광역시,26350,해운대구,2635010600,중동,263503133041,부산광역시 해운대구 중동2로 11 (중동),부산광역시 해운대구 중동 1378-95 해운대구청,"11 Jungdong 2-ro, Haeundae-gu, Busan",4793036021,해운대구청,2635010600113780095002835,051-749-6041,58911,,35,129,문화정보원,공연팀+대중가수 공연,20240604,20240604
KCKRSPO23N000000947,관광명소,관광명소_지역명소,크리스마스 구남로 거리공연,26,부산광역시,26350,해운대구,2635010600,중동,263503133041,부산광역시 해운대구 중동2로 11 (중동),부산광역시 해운대구 중동 1378-95 해운대구청,"11 Jungdong 2-ro, Haeundae-gu, Busan",4782025339,해운대구청,2635010600113780095002835,051-749-6041,55438,,35,129,문화정보원,크리스마스 버스킹 공연,20240604,20240604
KCKRSPO23N000000948,관광명소,관광명소_지역명소,만드리풍년제,29,광주광역시,29140,서구,2914012600,세하동,291403009013,광주광역시 서구 눌재로 408 (세하동),광주광역시 서구 세하동 532 송학초등학교,"408 Nuljae-ro, Seo-gu, Gwangju",4782025033,송학초등학교,2914012600105320000011308,062-350-4988,52692,seogu.gwangju.kr,35,126,문화정보원,공식행사+들노래재현+문화예술공연+전통문화체험부스,20240604,20240604
KCKRSPO23N000000949,관광명소,관광명소_지역명소,광주서창억새축제,29,광주광역시,29140,서구,2914012900,벽진동,291404280242,광주광역시 서구 서창둑길 377 (벽진동),광주광역시 서구 벽진동 505-1,"377 Seochangduk-gil, Seo-gu, Gwangju",4775031523,,2914012900105050001000001,062-350-4792,31157,seogu.gwangju.kr,35,126,문화정보원,공식행사+걷기행사+생태환경콘서트+억새생태포토존+체험행사 등,20240604,20240604
KCKRSPO23N000000950,관광명소,관광명소_지역명소,제7회 홍천강 별빛음악 맥주축제,51,강원특별자치도,51720,홍천군,5172025024,홍천읍 갈마곡리,427204475304,강원특별자치도 홍천군 홍천읍 산림공원1길 29,강원특별자치도 홍천군 홍천읍 갈마곡리 465-1,"29 Sallimgongwon 1-gil, Hongcheon-eup, Hongcheon-gun, Gangwon-do",4785025625,,4272025024104650001014521,,37431,,37,127,문화정보원,축제+공연+대회,20240604,20240604
KCKRSPO23N000000951,관광명소,관광명소_지역명소,2022 하영올레 걷기 축제,50,제주특별자치도,50130,서귀포시,5013010600,서홍동,501303350347,제주특별자치도 서귀포시 중앙로 105 (서홍동),제주특별자치도 서귀포시 서홍동 440-1 서귀포시청,"105 Jungang-ro, Seogwipo-si, Jeju-do",4711135022,서귀포시청,5013010600104400001001705,064-760-2655,61466,,33,126,문화정보원,일자별 코스 걷기+길 위의 이벤트 등,20240604,20240604
KCKRSPO23N000000952,관광명소,관광명소_지역명소,제24회 서귀포유채꽃국제걷기대회,50,제주특별자치도,50130,서귀포시,5013010200,법환동,501303350224,제주특별자치도 서귀포시 월드컵로 33 (법환동),제주특별자치도 서귀포시 법환동 914 제주월드컵경기장,"33 World cup-ro, Seogwipo-si, Jeju-do",2915510100,제주월드컵경기장,5013010200109140000039678,064-760-3320,24336,https://cafe.daum.net/seogwipo-walking,33,126,문화정보원,코로나19로 지친 몸과 마음을 달랠 수 있는 유채꽃 걷기 대회,20240604,20240604
KCKRSPO23N000000953,관광명소,관광명소_지역명소,제39회 제주유채꽃축제,50,제주특별자치도,50130,서귀포시,5013032024,표선면 가시리,501303349231,제주특별자치도 서귀포시 표선면 녹산로 381-15,제주특별자치도 서귀포시 표선면 가시리 3149-33 가시리조랑말체험공원,"381-15 Noksan-ro, Pyoseon-myeon, Seogwipo-si, Jeju-do",2915510100,가시리조랑말체험공원,5013032024131490033000001,064-760-3942,63165,http://www.seogwipo.go.kr/festivals/uchae/index.htm,33,126,문화정보원,가시리 명소탐방+유채꽃 버스킹,20240604,20240604
KCKRSPO23N000000954,관광명소,관광명소_지역명소,제26회 한라산 청정 고사리 축제,50,제주특별자치도,50130,서귀포시,5013025321,남원읍 남원리,501303350268,제주특별자치도 서귀포시 남원읍 태위로 695,제주특별자치도 서귀포시 남원읍 남원리 205-1 남원읍사무소,"695 Taewi-ro, Namwon-eup, Seogwipo-si, Jeju-do",3171038034,남원읍사무소,5013025321102050001000001,064-760-4181,24131,http://www.jejugosari.net/,33,126,문화정보원,세계 7대 자연경관 유네스코 지정 세계자연유산 3관왕에 빛나는 대한민국 관광 일번지 제주를 걷고 보고 만지고 느끼는 축제입니다. 서귀포시 공식 유튜브 채널을 통해 온라인으로 만날 수 있습니다.,20240604,20240604
KCKRSPO23N000000955,관광명소,관광명소_지역명소,제11회 서귀포 봄맞이축제,50,제주특별자치도,50130,서귀포시,5013010100,서귀동,501303350238,제주특별자치도 서귀포시 이중섭로 27-3 (서귀동),제주특별자치도 서귀포시 서귀동 532-1 이중섭전시관,"27-3 Ijungseop-ro, Seogwipo-si, Jeju-do",3171031025,이중섭전시관,5013010100105320001040166,064-733-2345,24114,http://nojiculture.kr,33,126,문화정보원,원도심 노지문화 마을산책+진달래꽃 화전놀이 체험 등,20240604,20240604
KCKRSPO23N000000956,관광명소,관광명소_지역명소,제1회 성산조개바당축제,,,,,,,,강원특별자치도 화천군 화천읍 강변로 2-54,강원특별자치도 화천군 화천읍 하리 243 붕어섬관리사무소,"2-54 Gangbyeon-ro, Hwacheon-eup, Hwacheon-gun, Gangwon-do",3171025629,붕어섬관리사무소,4279025022000000000005635,064-760-2682,26052,https://www.instagram.com/seongsan_ssf,32,123,문화정보원,조개잡기 체험+수상레저 체험,20240604,20240604
KCKRSPO23N000000957,관광명소,관광명소_축제,제3회 서귀포 은갈치축제,50,제주특별자치도,50130,서귀포시,5013010100,서귀동,501304850891,제주특별자치도 서귀포시 칠십리로72번길 18 (서귀동),제주특별자치도 서귀포시 서귀동 758-1,"18 Chilsimni-ro 72beon-gil, Seogwipo-si, Jeju-do",2723010600,,5013010100107580001002679,064-733-3501,63596,http://xn--w39ap6a120byyfq5af5t8kbl1x.kr/index.php,33,126,문화정보원,선상낚시체험+수산물 요리 교실+새벽 경매장 체험,20240604,20240604
KCKRSPO23N000000958,관광명소,관광명소_지역명소,제27회 표선해변 하얀모래축제,,,,,,,,강원특별자치도 태백시 장성1길 171 (장성동),강원특별자치도 태백시 장성동 169-1 장성동행정복지센터,"171 Jangseong 1-gil, Taebaek-si, Gangwon-do",4681025022,장성동행정복지센터,4219010200101690001011341,064-760-4438,24336,https://seogwipo.go.kr/festivals/pyoseon/index.htm,32,123,문화정보원,축하공연+노래자랑+광어맨손잡기 등,20240604,20240604
KCKRSPO23N000000959,관광명소,관광명소_지역명소,제7회 돈내코계곡 원앙축제,50,제주특별자치도,50130,서귀포시,5013010700,상효동,501303350060,제주특별자치도 서귀포시 돈내코로 114 (상효동),제주특별자치도 서귀포시 상효동 1459 돈내코관리사무소,"114 Donnaeko-ro, Seogwipo-si, Jeju-do",4681033022,돈내코관리사무소,5013010700114590000016221,064-760-4651,24336,https://seogwipo.go.kr/festivals/donnaeko/index.htm,33,126,문화정보원,탐방 프로그램+축하공연 등,20240604,20240604
KCKRSPO23N000000960,관광명소,관광명소_지역명소,포항거리예술축제,,경상북도,,포항시,,,471114709265,경상북도 포항시 남구 송도해안길 112번길 3,경상북도 포항시 남구,,4672031021,,,054-289-7873,24235,http://www.phcf.or.kr,36,129,문화정보원,"거리예술 공연, 공공미술전시, 숲속 도서관, 거리예술 교육프로그램 운영",20240604,20240604
KCKRSPO23N000000961,관광명소,관광명소_지역명소,제8회 철원 한탄강 얼음트레킹,,,,,,,,강원특별자치도 춘천시 춘천로 112 (효자동),강원특별자치도 춘천시 효자동 531 축제극장몸짓,"112 Chuncheon-ro, Chuncheon-si, Gangwon-do",4623033027,축제극장몸짓,4211011200105310018000001,033-450-5255,,https://www.cwgfestival.com,32,123,문화정보원,"개막행사, 얼음트레킹, 똥바람 알통구보대회 등",20240604,20240604
KCKRSPO23N000000962,관광명소,관광명소_지역명소,제13회 철원 화강 다슬기축제,51,강원특별자치도,51780,철원군,5178025328,김화읍 청양리,427803230033,강원특별자치도 철원군 김화읍 청양로 649,강원특별자치도 철원군 김화읍 청양리 1 김화풋살장,"649 Cheongyang-ro, Gimhwa-eup, Cheorwon-gun, Gangwon-do",4623035021,김화풋살장,4278025328100010000000002,033-450-5255,24055,https://www.cwgfestival.com,38,127,문화정보원,"개막행사, 황금다슬기잡기 등 체험프로그램, 축하공연 등",20240604,20240604
KCKRSPO23N000000963,관광명소,관광명소_지역명소,2019 송년콘서트 및 청소년페스티벌,51,강원특별자치도,51780,철원군,5178025624,갈말읍 군탄리,427803230001,강원특별자치도 철원군 갈말읍 갈말로 75,강원특별자치도 철원군 갈말읍 군탄리 1341 철원실내체육관,"75 Galmal-ro, Galmal-eup, Cheorwon-gun, Gangwon-do",4673037030,철원실내체육관,4278025624108160008035930,033-450-5255,24032,https://www.cwgfestival.com,38,127,문화정보원,"송년콘서트, 청소년페스티벌",20240604,20240604
KCKRSPO23N000000964,관광명소,관광명소_지역명소,INK 콘서트,28,인천광역시,28177,미추홀구,2817710700,문학동,281773149061,인천광역시 미추홀구 매소홀로 618 (문학동),인천광역시 미추홀구 문학동 482 문학경기장,"618 Maesohol-ro, Michuhol-gu, Incheon",4617034024,문학경기장,2817010900103880000000003,,13477,,37,126,문화정보원,국내 정상급 K-POP 아티스트 콘서트,20240604,20240604
KCKRSPO23N000000965,관광명소,관광명소_지역명소,인천펜타포트 음악축제,28,인천광역시,28185,연수구,2818510600,송도동,281853152013,인천광역시 연수구 센트럴로 350 (송도동),인천광역시 연수구 송도동 26-1 달빛축제공원,"350 Central-ro, Yeonsu-gu, Incheon",4617042023,달빛축제공원,2818510600100260001000001,,22005,https://pentaport.co.kr/,37,126,문화정보원,국내·외 아티스트 콘서트,20240604,20240604
KCKRSPO23N000000966,관광명소,관광명소_지역명소,인천생활문화축제,28,인천광역시,28110,중구,2811013800,북성동1가,281103149043,인천광역시 중구 월미로 131-22 (북성동1가),인천광역시 중구 북성동1가 97-2 월미문화관,"131-22 Wolmi-ro, Jung-gu, Incheon",4617033025,월미문화관,2811013800100970031240020,,13164,,37,126,문화정보원,생활문화동아리 공연·체험·전시,20240604,20240604
KCKRSPO23N000000967,관광명소,관광명소_지역명소,섬마을밴드 음악축제,28,인천광역시,28110,중구,2811011600,항동5가,281103149064,인천광역시 중구 제물량로 195 (항동5가),인천광역시 중구 항동5가 13,"195 Jemullyang-ro, Jung-gu, Incheon",4671025027,,2811011600100130000014968,,13437,,37,126,문화정보원,섬마을 음악동호회 공연,20240604,20240604
KCKRSPO23N000000968,관광명소,관광명소_지역명소,"all nights INCHEON 페스티벌 빛의 정원, 송도",28,인천광역시,28185,연수구,2818510600,송도동,281852152003,인천광역시 연수구 인천타워대로 250 (송도동),인천광역시 연수구 송도동 24-6,"250 Incheon tower-daero, Yeonsu-gu, Incheon",4671025022,,2818510600100240006000002,032-440-4002,22004,,37,126,문화정보원,미디어아트+국내 아티스트 음악공연+일루미네이션 외,20240604,20240604
KCKRSPO23N000000969,관광명소,관광명소_지역명소,동인천 낭만축제,,,,,,,,경기도 수원시 팔달구 정조로 825 (남창동),경기도 수원시 팔달구 남창동 6-2 화성행궁,"825 Jeongjo-ro, Paldal-gu, Suwon-si, Gyeonggi-do",4671034021,화성행궁,4111512300100060002052093,032-899-7422,58571,,32,123,문화정보원,공연+마켓+미디어아트 등,20240604,20240604
KCKRSPO23N000000970,관광명소,관광명소_축제,문경약돌한우축제,47,경상북도,47280,문경시,4728025030,문경읍 상초리,472803000165,경상북도 문경시 문경읍 새재로 932,경상북도 문경시 문경읍 상초리 288-1,"932 Saejae-ro, Mungyeong-eup, Mungyeong-si, Gyeongsangbuk-do",2726010400,,4728025030102880001027421,054-571-7677,16258,http://mghanwoo.or.kr/,36,128,문화정보원,문경약돌한우 구이터+문경약돌한우 할인판매+문경약돌한우 홍보전시관+체험행사+문경 농특산물 판매+시식행사+경품 추첨 등,20240604,20240604
KCKRSPO23N000000971,관광명소,관광명소_지역명소,문경오미자축제,47,경상북도,47280,문경시,4728035026,동로면 노은리,472804736124,경상북도 문경시 동로면 노은2길 4,경상북도 문경시 동로면 노은리 155-2,"4 Noeun 2-gil, Dongno-myeon, Mungyeong-si, Gyeongsangbuk-do",4678039027,,4728035026101550002835182,054-571-7677,16258,http://www.mg5mija.or.kr/,36,128,문화정보원,문경오미자 홍보,20240604,20240604
KCKRSPO23N000000972,관광명소,관광명소_지역명소,문경사과축제,47,경상북도,47280,문경시,4728025030,문경읍 상초리,472803000165,경상북도 문경시 문경읍 새재로 932,경상북도 문경시 문경읍 상초리 288-1,"932 Saejae-ro, Mungyeong-eup, Mungyeong-si, Gyeongsangbuk-do",4615038021,,4728025030102880001027421,054-571-7677,16258,http://www.mgapple.or.kr/,36,128,문화정보원,문경사과 홍보,20240604,20240604
KCKRSPO23N000000973,관광명소,관광명소_지역명소,제28회 무주반딧불축제,52,전북특별자치도,52730,무주군,5273025022,무주읍 당산리,457303275053,전북특별자치도 무주군 무주읍 한풍루로 326-14,전북특별자치도 무주군 무주읍 당산리 1118 등나무운동장,"326-14 Hanpungnu-ro, Muju-eup, Muju-gun, Jeonbuk-do",4691032023,등나무운동장,4573025022111180000000001,063-320-2537,59067,https://www.firefly.or.kr/,36,127,문화정보원,환경탐사+체험 판매 등 상설행사+문화예술행사,20240604,20240604
KCKRSPO23N000000974,관광명소,관광명소_지역명소,2024 청춘금오천벚꽃페스티벌,47,경상북도,47190,구미시,4719010100,원평동,471903308007,경상북도 구미시 금오산로 53-4 (원평동),경상북도 구미시 원평동 964-64 코끼리타워,"53-4 Geumosan-ro, Gumi-si, Gyeongsangbuk-do",4686025024,코끼리타워,4719010100109640064010442,054-480-6612,59060,,36,128,문화정보원,벚꽃+거리공연,20240604,20240604
KCKRSPO23N000000975,관광명소,관광명소_지역명소,2024 구미라면축제,47,경상북도,47190,구미시,4719010100,원평동,471903308006,경상북도 구미시 구미중앙로 76 (원평동),경상북도 구미시 원평동 1008-1 경부선 구미종합역사,"76 Gumijungang-ro, Gumi-si, Gyeongsangbuk-do",4686037029,경부선 구미종합역사,4719010100110080001010871,054-480-2652,59065,구미라면.com,36,128,문화정보원,라면테마축제,20240604,20240604
KCKRSPO23N000000976,관광명소,관광명소_지역명소,2024 구미푸드페스티벌,,,,,,,,강원특별자치도 춘천시 서부대성로 71 (옥천동),강원특별자치도 춘천시 옥천동 73-2 춘천예술마당,"71 Seobudaeseong-ro, Chuncheon-si, Gangwon-do",4682034030,춘천예술마당,4211010700100730002002079,054-480-5592,,,32,123,문화정보원,지역 음식테마 축제,20240604,20240604
KCKRSPO23N000000977,관광명소,관광명소_지역명소,2024 구미독서문화축제,47,경상북도,47190,구미시,4719010900,형곡동,471903308004,경상북도 구미시 경은로 85 (형곡동),경상북도 구미시 형곡동 142 구미시립도서관,"85 Gyeongeun-ro, Gumi-si, Gyeongsangbuk-do",4519025021,구미시립도서관,4719010900101420000025223,054-480-4672,24374,,36,128,문화정보원,독서문화콘텐츠 축제,20240604,20240604
KCKRSPO23N000000978,관광명소,관광명소_지역명소,제5회 新송도해변축제,,,,,,,,대구광역시 수성구 들안로16길 78 (두산동),대구광역시 수성구 두산동 30 두산문화센터,"78 Deuran-ro 16-gil, Suseong-gu, Daegu",4571036029,두산문화센터,2726011100100300000014981,032-749-7332,24264,,32,123,문화정보원,물놀이 및 인공해변 체험 축제,20240604,20240604
KCKRSPO23N000000979,관광명소,관광명소_지역명소,제12회 연수 능허대 문화축제,,,,,,,,전북특별자치도 완주군 고산면 고산휴양림로 246,전북특별자치도 완주군 고산면 오산리 산43-1 고산휴양림,"246 Gosanhyuyangnim-ro, Gosan-myeon, Wanju-gun, Jeonbuk-do",4571036031,고산휴양림,4571036029200430001027567,032-749-7332,24374,,32,123,문화정보원,능허대 소재 체험프로그램+문화공연 등,20240604,20240604
KCKRSPO23N000000980,관광명소,관광명소_지역명소,불광천 축제,11,서울특별시,11380,은평구,1138010200,녹번동,113803111007,서울특별시 은평구 은평로 195 (녹번동),서울특별시 은평구 녹번동 84 은평구청,"195 Eunpyeong-ro, Eunpyeong-gu, Seoul",4571036031,은평구청,1138010200100840000043532,02-351-6517,42169,http://www.ep.go.kr,37,126,문화정보원,"문화공연, 체험부스 등",20240604,20240604
KCKRSPO23N000000981,관광명소,관광명소_지역명소,보물섬 남해 갈화왕새우 특판행사,48,경상남도,48840,남해군,4884037029,고현면 갈화리,488402343001,경상남도 남해군 고현면 남서대로 2985,경상남도 남해군 고현면 갈화리 1382-2 갈화어촌계회관,"2985 Namseo-daero, Gohyeon-myeon, Namhae-gun, Gyeongsangnam-do",4571036031,갈화어촌계회관,4884037029113820002021756,055-860-8355,52405,http://tour.namhae.go.kr/main.web,34,127,문화정보원,"흰다리 새우 판매, 작은음악회",20240604,20240604
KCKRSPO23N000000982,관광명소,관광명소_지역명소,제11회 독일마을 맥주축제,48,경상남도,48840,남해군,4884033026,삼동면 물건리,488403343011,경상남도 남해군 삼동면 독일로 89-7,경상남도 남해군 삼동면 물건리 1154,"89-7 Dogil-ro, Samdong-myeon, Namhae-gun, Gyeongsangnam-do",4571025021,,4884033026111540000000001,055-860-8603,52448,http://tour.namhae.go.kr/main.web,34,128,문화정보원,"퍼레이드, 토크콘서트, 문화행사 등",20240604,20240604
KCKRSPO23N000000983,관광명소,관광명소_지역명소,보물섬 남해 커피축제,48,경상남도,48840,남해군,4884025022,남해읍 서변리,488404829407,경상남도 남해군 남해읍 화전로43번길 20-5,경상남도 남해군 남해읍 서변리 산1-1,"20-5 Hwajeon-ro 43beon-gil, Namhae-eup, Namhae-gun, Gyeongsangnam-do",4571034025,,4884025022200010001000798,,49269,http://tour.namhae.go.kr/main.web,34,127,문화정보원,"시음행사, 체험행사, 이벤트 등",20240604,20240604
KCKRSPO23N000000984,관광명소,관광명소_지역명소,다랭이마을 해맞이 행사,48,경상남도,48840,남해군,4884035022,남면 석교리,488403343046,경상남도 남해군 남면 남면로 70,경상남도 남해군 남면 석교리 944-3,"70 Nammyeon-ro, Nam-myeon, Namhae-gun, Gyeongsangnam-do",4571034025,,4884035022109440003024370,055-860-8254,49269,http://tour.namhae.go.kr/main.web,34,127,문화정보원,"해맞이 공연, 부대행사 등",20240604,20240604
KCKRSPO23N000000985,관광명소,관광명소_지역명소,상주해돋이&물메기 축제,48,경상남도,48840,남해군,4884032022,상주면 상주리,488403343021,경상남도 남해군 상주면 상주로 17-4,경상남도 남해군 상주면 상주리 2182-2,"17-4 Sangju-ro, Sangju-myeon, Namhae-gun, Gyeongsangnam-do",4514034022,,4884032022121820002014446,055-860-8104,36706,http://tour.namhae.go.kr/main.web,34,127,문화정보원,"무대공연행사, 개막식, 해돋이 행사 등",20240604,20240604
KCKRSPO23N000000986,관광명소,관광명소_지역명소,제11회 수영강변축제,26,부산광역시,26350,해운대구,2635010600,중동,263503133041,부산광역시 해운대구 중동2로 11 (중동),부산광역시 해운대구 중동 1378-95 해운대구청,"11 Jungdong 2-ro, Haeundae-gu, Busan",4575035521,해운대구청,2635010600113780095002835,051-749-4061,48095,,35,129,문화정보원,개막행사+무대공연 등,20240604,20240604
KCKRSPO23N000000987,관광명소,관광명소_지역명소,제19회 부산불꽃축제,26,부산광역시,26350,해운대구,2635010600,중동,263503133041,부산광역시 해운대구 중동2로 11 (중동),부산광역시 해운대구 중동 1378-95 해운대구청,"11 Jungdong 2-ro, Haeundae-gu, Busan",4572025023,해운대구청,2635010600113780095002835,051-749-4062,48095,,35,129,문화정보원,불꽃쇼+무대공연 등,20240604,20240604
KCKRSPO23N000000988,관광명소,관광명소_지역명소,제11회 해운대 빛축제,26,부산광역시,26350,해운대구,2635010600,중동,263503133041,부산광역시 해운대구 중동2로 11 (중동),부산광역시 해운대구 중동 1378-95 해운대구청,"11 Jungdong 2-ro, Haeundae-gu, Busan",5013031025,해운대구청,2635010600113780095002835,051-749-4062,57205,,35,129,문화정보원,빛시설물 전시+체험프로그램 등,20240604,20240604
KCKRSPO23N000000989,관광명소,관광명소_축제,제37회 해운대북극곰축제,26,부산광역시,26350,해운대구,2635010600,중동,263503133041,부산광역시 해운대구 중동2로 11 (중동),부산광역시 해운대구 중동 1378-95 해운대구청,"11 Jungdong 2-ro, Haeundae-gu, Busan",2726010400,해운대구청,2635010600113780095002835,051-749-4064,48095,,35,129,문화정보원,북극곰 수영대회+체험프로그램+무대공연 등,20240604,20240604
KCKRSPO23N000000990,관광명소,관광명소_지역명소,2025 카운트다운&해맞이 축제,26,부산광역시,26350,해운대구,2635010600,중동,263503133041,부산광역시 해운대구 중동2로 11 (중동),부산광역시 해운대구 중동 1378-95 해운대구청,"11 Jungdong 2-ro, Haeundae-gu, Busan",4477041028,해운대구청,2635010600113780095002835,051-749-4062,24336,,35,129,문화정보원,카운트다운 행사+해맞이 행사+부대 프로그램 등,20240604,20240604
KCKRSPO23N000000991,관광명소,관광명소_지역명소,찾아가는 마음나눔 음악회(반송2동),26,부산광역시,26350,해운대구,2635010600,중동,263503133041,부산광역시 해운대구 중동2로 11 (중동),부산광역시 해운대구 중동 1378-95 해운대구청,"11 Jungdong 2-ro, Haeundae-gu, Busan",4372025029,해운대구청,2635010600113780095002835,051-749-6041,24239,,35,129,문화정보원,식전공연: 국악 등 전통공연 /본공연: 대중가수 공연,20240604,20240604
KCKRSPO23N000000992,관광명소,관광명소_지역명소,4월 거리예술공연,26,부산광역시,26350,해운대구,2635010600,중동,263503133041,부산광역시 해운대구 중동2로 11 (중동),부산광역시 해운대구 중동 1378-95 해운대구청,"11 Jungdong 2-ro, Haeundae-gu, Busan",4372031527,해운대구청,2635010600113780095002835,051-749-6041,24336,,35,129,문화정보원,신청사 착공식과 연계한 거리공연,20240604,20240604
KCKRSPO23N000000993,관광명소,관광명소_지역명소,해운대 수목원 야외콘서트,26,부산광역시,26350,해운대구,2635010600,중동,263503133041,부산광역시 해운대구 중동2로 11 (중동),부산광역시 해운대구 중동 1378-95 해운대구청,"11 Jungdong 2-ro, Haeundae-gu, Busan",4373033028,해운대구청,2635010600113780095002835,051-749-6041,24519,,35,129,문화정보원,3개 구립예술단 및 대중가수 공연,20240604,20240604
KCKRSPO23N000000994,관광명소,관광명소_지역명소,청소년오케스트라 음악소풍,26,부산광역시,26350,해운대구,2635010600,중동,263503133041,부산광역시 해운대구 중동2로 11 (중동),부산광역시 해운대구 중동 1378-95 해운대구청,"11 Jungdong 2-ro, Haeundae-gu, Busan",4377025028,해운대구청,2635010600113780095002835,051-749-6041,48095,,35,129,문화정보원,청소년오케스트라 상반기 야외연주회,20240604,20240604
KCKRSPO23N000000995,관광명소,관광명소_지역명소,청사포 바다콘서트,26,부산광역시,26350,해운대구,2635010600,중동,263503133041,부산광역시 해운대구 중동2로 11 (중동),부산광역시 해운대구 중동 1378-95 해운대구청,"11 Jungdong 2-ro, Haeundae-gu, Busan",4315031023,해운대구청,2635010600113780095002835,051-749-6041,48095,,35,129,문화정보원,오케스트라 클래식 공연,20240604,20240604
KCKRSPO23N000000996,관광명소,관광명소_지역명소,찾아가는 마음나눔 음악회(반여3동),26,부산광역시,26350,해운대구,2635010600,중동,263503133041,부산광역시 해운대구 중동2로 11 (중동),부산광역시 해운대구 중동 1378-95 해운대구청,"11 Jungdong 2-ro, Haeundae-gu, Busan",4374525040,해운대구청,2635010600113780095002835,051-749-6041,48095,,35,129,문화정보원,어르신들을 위한 맞춤형 공연,20240604,20240604
KCKRSPO23N000000997,관광명소,관광명소_지역명소,찾아가는 영화관Ⅰ,26,부산광역시,26350,해운대구,2635010600,중동,263503133041,부산광역시 해운대구 중동2로 11 (중동),부산광역시 해운대구 중동 1378-95 해운대구청,"11 Jungdong 2-ro, Haeundae-gu, Busan",4374525038,해운대구청,2635010600113780095002835,051-749-6041,44248,,35,129,문화정보원,야외 영화관 상영,20240604,20240604
KCKRSPO23N000000998,관광명소,관광명소_지역명소,영화의 거리 영화음악 콘서트,26,부산광역시,26350,해운대구,2635010600,중동,263503133041,부산광역시 해운대구 중동2로 11 (중동),부산광역시 해운대구 중동 1378-95 해운대구청,"11 Jungdong 2-ro, Haeundae-gu, Busan",4374525038,해운대구청,2635010600113780095002835,051-749-6041,48095,,35,129,문화정보원,영화+음악 해설이 있는 영화음악 콘서트 공연,20240604,20240604
KCKRSPO23N000000999,관광명소,관광명소_지역명소,세대공감+신나는 풍류 콘서트,26,부산광역시,26350,해운대구,2635010600,중동,263503133041,부산광역시 해운대구 중동2로 11 (중동),부산광역시 해운대구 중동 1378-95 해운대구청,"11 Jungdong 2-ro, Haeundae-gu, Busan",4313038521,해운대구청,2635010600113780095002835,051-749-6041,48095,,35,129,문화정보원,고향사랑기부제 기금제안사업(선정시 진행),20240604,20240604
KCKRSPO23N000001000,관광명소,관광명소_축제,찾아가는 영화관Ⅱ (드라이브-인-시네마),26,부산광역시,26350,해운대구,2635010600,중동,263503133041,부산광역시 해운대구 중동2로 11 (중동),부산광역시 해운대구 중동 1378-95 해운대구청,"11 Jungdong 2-ro, Haeundae-gu, Busan",2711012000,해운대구청,2635010600113780095002835,051-749-6041,48095,,35,129,문화정보원,야외 영화관 상영,20240604,20240604
KCKRSPO23N000001001,관광명소,관광명소_축제,반여1동 수영강 콘서트,26,부산광역시,26350,해운대구,2635010600,중동,263503133041,부산광역시 해운대구 중동2로 11 (중동),부산광역시 해운대구 중동 1378-95 해운대구청,"11 Jungdong 2-ro, Haeundae-gu, Busan",2711010100,해운대구청,2635010600113780095002835,051-749-6041,48095,,35,129,문화정보원,라이브 대중가수 공연,20240604,20240604
KCKRSPO23N000001002,관광명소,관광명소_축제,땅끝 해넘이·해맞이 축제,46,전라남도,46820,해남군,4682034030,송지면 송호리,468204682149,전라남도 해남군 송지면 땅끝마을길 70-14,전라남도 해남군 송지면 송호리 1127-4 땅끝어촌계슈퍼,"70-14 Ttangkkeunmaeul-gil, Songji-myeon, Haenam-gun, Jeollanam-do",2711010100,땅끝어촌계슈퍼,4682034030111270004000001,061-531-3161,55446,www.haenam.go.kr,34,126,문화정보원,해넘이제례+달집태우기+해맞이 등,20240604,20240604
KCKRSPO23N000001003,관광명소,관광명소_축제,곡성세계장미축제,46,전라남도,46720,곡성군,4672031021,오곡면 오지리,467203287005,전라남도 곡성군 오곡면 기차마을로 232,전라남도 곡성군 오곡면 오지리 770-5,"232 Gichamaeul-ro, Ogok-myeon, Gokseong-gun, Jeollanam-do",2711010100,,4672031021107700005007240,061-360-8471,55438,www.gokseong.go.kr,35,127,문화정보원,세계 유명 장미로 이뤄진 공원에서 다양한 공연과 이벤트 개최,20240604,20240604
KCKRSPO23N000001004,관광명소,관광명소_축제,기차마을아이스페스티벌,46,전라남도,46720,곡성군,4672025021,곡성읍 읍내리,467203287003,전라남도 곡성군 곡성읍 곡성로 855,전라남도 곡성군 곡성읍 읍내리 254,"855 Gokseong-ro, Gokseong-eup, Gokseong-gun, Jeollanam-do",2711010100,,4672025021101920000000006,061-360-8471,55430,www.gokseong.go.kr,35,127,문화정보원,피서형 페스티벌,20240604,20240604
KCKRSPO23N000001005,관광명소,관광명소_축제,곡성심청어린이대축제,46,전라남도,46720,곡성군,4672031021,오곡면 오지리,467203287005,전라남도 곡성군 오곡면 기차마을로 233,전라남도 곡성군 오곡면 오지리 1215-1,"233 Gichamaeul-ro, Ogok-myeon, Gokseong-gun, Jeollanam-do",2711010100,,4672031021112150001008126,061-360-8471,56149,www.gokseong.go.kr,35,127,문화정보원,어린이 중심 콘텐츠로 캐릭터 공연과 가족형 이벤트 개최,20240604,20240604
KCKRSPO23N000001006,관광명소,관광명소_축제,2023 춘천연극제,51,강원특별자치도,51110,춘천시,5111010700,옥천동,421103218018,강원특별자치도 춘천시 서부대성로 71 (옥천동),강원특별자치도 춘천시 옥천동 73-2 춘천예술마당,"71 Seobudaeseong-ro, Chuncheon-si, Gangwon-do",2711010200,춘천예술마당,4211010700100730002002079,033-241-4345,56204,,37,127,문화정보원,관객과 함께 웃고 호흡하는 연극제,20240604,20240604
KCKRSPO23N000001007,관광명소,관광명소_축제,2023 춘천오페라페스티발,51,강원특별자치도,51110,춘천시,5111012500,삼천동,421104454446,강원특별자치도 춘천시 스포츠타운길399번길 25 (삼천동),강원특별자치도 춘천시 삼천동 223-2 KT&amp;G상상마당 춘천아트센터,"25 Sports town-gil 399beon-gil, Chuncheon-si, Gangwon-do",2711010200,KT&amp;G상상마당 춘천아트센터,4211012500102230002012551,,56127,,37,127,문화정보원,오페라 토스카 전막공연+사전행사,20240604,20240604
KCKRSPO23N000001008,관광명소,관광명소_축제,마임프린지,51,강원특별자치도,51110,춘천시,5111011200,효자동,421103218037,강원특별자치도 춘천시 춘천로 112 (효자동),강원특별자치도 춘천시 효자동 531 축제극장몸짓,"112 Chuncheon-ro, Chuncheon-si, Gangwon-do",2711010200,축제극장몸짓,4211011200105310018000001,033-244-7556,24336,,37,127,문화정보원,신진예술가들의 자유로운 창작 공연,20240604,20240604
KCKRSPO23N000001009,관광명소,관광명소_축제,마임프린지 시민 심사단 모집,51,강원특별자치도,51110,춘천시,5111011200,효자동,421103218037,강원특별자치도 춘천시 춘천로 112 (효자동),강원특별자치도 춘천시 효자동 531 축제극장몸짓,"112 Chuncheon-ro, Chuncheon-si, Gangwon-do",2711010200,축제극장몸짓,4211011200105310018000001,033-244-7556,58257,,37,127,문화정보원,신진예술가들의 자유로운 창작 공연,20240604,20240604
KCKRSPO23N000001010,관광명소,관광명소_축제,명량대첩축제,46,전라남도,46820,해남군,4682042025,문내면 학동리,468203017038,전라남도 해남군 문내면 관광레저로 12,전라남도 해남군 문내면 학동리 1021-3 전라우수영명량대첩공원,"12 Gwangwang leisure-ro, Munnae-myeon, Haenam-gun, Jeollanam-do",2711010200,전라우수영명량대첩공원,4682042025110200000000001,061-530-5158,59004,www.mldc.kr,34,126,문화정보원,출정식+해전재현+공군에어쇼+조선수군재건+이순신리더십캠프 등,20240604,20240604
KCKRSPO23N000001011,관광명소,관광명소_축제,북평용줄다리기 축제,,,,,,,,경상남도 의령군 의령읍 충익로 63,경상남도 의령군 의령읍 중동리 261-1 의령군청,"63 Chungik-ro, Uiryeong-eup, Uiryeong-gun, Gyeongsangnam-do",2711010200,의령군청,4872025022102610001019945,061-530-5159,36919,www.haenam.go.kr,32,123,문화정보원,줄고사+용줄다리기+달집태우기 등,20240604,20240604
KCKRSPO23N000001012,관광명소,관광명소_축제,해남미남축제,46,전라남도,46820,해남군,4682031027,삼산면 구림리,468204682122,전라남도 해남군 삼산면 대흥사길 400,전라남도 해남군 삼산면 구림리 799 대흥사,"400 Daeheungsa-gil, Samsan-myeon, Haenam-gun, Jeollanam-do",2711010200,대흥사,4682031027107980000000001,061-530-5158,26447,www.haenam.go.kr,34,126,문화정보원,공식행사(개·폐회식)+공연행사+전시·체험+음식·특산물 판매 등,20240604,20240604
KCKRSPO23N000001013,관광명소,관광명소_축제,태화강마두희축제,31,울산광역시,31110,중구,3111010500,옥교동,311104307182,울산광역시 중구 문화의거리 38 (옥교동),울산광역시 중구 옥교동 239-1,"38 Munhwaui-geori, Jung-gu, Ulsan",2711010200,,3111010500102390001008798,052-244-2008,26447,http://ulsanmaduhee.co.kr/pages/index.html,35,129,문화정보원,마두희(줄당기기)+공연+전시+체험+전통+부대행사 등,20240604,20240604
KCKRSPO23N000001014,관광명소,관광명소_축제,통영한산대첩축제,48,경상남도,48220,통영시,4822010600,문화동,482203333018,경상남도 통영시 세병로 27 (문화동),경상남도 통영시 문화동 62 삼도수군통제영(세병관),"27 Sebyeong-ro, Tongyeong-si, Gyeongsangnam-do",2711010200,삼도수군통제영(세병관),4822010600100620000029351,055-644-5222,26417,https://tyhansancf.or.kr/,34,128,문화정보원,삼도수군통제사 행차+임진왜란 3대 대첩지_삼도수군 군점 및 수조 재현+한산대첩 재현_통영 거북선 노젓기대회+행사+공연 등,20240604,20240604
KCKRSPO23N000001015,관광명소,관광명소_축제,평창송어축제,51,강원특별자치도,51760,평창군,5176036021,진부면 하진부리,427603000145,강원특별자치도 평창군 진부면 경강로 3562,강원특별자치도 평창군 진부면 하진부리 325,"3562 Gyeonggang-ro, Jinbu-myeon, Pyeongchang-gun, Gangwon-do",2711010200,,4276036021103250000013789,033-336-4000,26434,http://www.festival700.or.kr,37,128,문화정보원,얼음낚시+텐트낚시+어린이낚시터+황금송어맨손잡기+얼음광장체험놀이 등,20240604,20240604
KCKRSPO23N000001016,관광명소,관광명소_축제,평창효석문화제,,,,,,,,울산광역시 중구 샛강남길 5 (태화동),울산광역시 중구 태화동 667 태화강 국가정원 안내센터,"5 Saetgangnam-gil, Jung-gu, Ulsan",2711013700,태화강 국가정원 안내센터,3111011100106670000000001,033-335-2323,,http://www.hyoseok.com,32,123,문화정보원,메밀음식체험+전통민속놀이+감성마당+문화마당+자연마당,20240604,20240604
KCKRSPO23N000001017,관광명소,관광명소_축제,포항국제불빛축제,,,,,,,,울산광역시 중구 염포로 55 (남외동),울산광역시 중구 남외동 865 울산종합운동장,"55 Yeompo-ro, Jung-gu, Ulsan",2711013700,울산종합운동장,3111011500108650000025332,054-289-7852,26359,http://festival.phcf.or.kr/fireWorks/intro.do,32,123,문화정보원,불빛 퍼레이드+개막식 및 퍼포먼스+국제 불꽃쇼+멀티미디어쇼+DJ PARTY,20240604,20240604
KCKRSPO23N000001018,관광명소,관광명소_축제,하동야생차문화축제,48,경상남도,48850,하동군,4885031026,화개면 운수리,488503344009,경상남도 하동군 화개면 쌍계로 571-25,경상남도 하동군 화개면 운수리 664,"571-25 Ssanggye-ro, Hwagae-myeon, Hadong-gun, Gyeongsangnam-do",2711013700,,4885031026106640000011419,055-880-2052,24023,http://www.wildteafestival.kr/contents1,35,127,문화정보원,시배지헌다례 공연+대한민국명창대전+하동세계차엑스포,20240604,20240604
KCKRSPO23N000001019,관광명소,관광명소_축제,한산모시문화제,44,충청남도,44770,서천군,4477034021,한산면 지현리,447703259240,충청남도 서천군 한산면 충절로 1089,충청남도 서천군 한산면 지현리 60-1 한산모시관,"1089 Chungjeol-ro, Hansan-myeon, Seocheon-gun, Chungcheongnam-do",2711015700,한산모시관,4477034021100600001042803,041-950-4256,24023,www.hansanmosi.kr/,36,126,문화정보원,한산모시짜기 체험+부대프로그램+체험프로그램,20240604,20240604
KCKRSPO23N000001020,관광명소,관광명소_축제,한탄강얼음트레킹축제,51,강원특별자치도,51780,철원군,5178025923,동송읍 장흥리,427804490326,강원특별자치도 철원군 동송읍 한탄강길 208,강원특별자치도 철원군 동송읍 장흥리 725,"208 Hantangang-gil, Dongsong-eup, Cheorwon-gun, Gangwon-do",2711015700,,4278025923107250000010107,033-455-7072,33489,https://gcwcf.or.kr/w1_c_6_1/4,38,127,문화정보원,공연+행사+포토존+아이스 썰매존+아이스 겨울 놀이터+아이스 고드름 터널+픽토그램 눈썰매장 등,20240604,20240604
KCKRSPO23N000001021,관광명소,관광명소_축제,함평나비축제,46,전라남도,46860,함평군,4686025024,함평읍 수호리,468603297002,전라남도 함평군 함평읍 곤재로 27,전라남도 함평군 함평읍 수호리 1153-1 함평엑스포공원 주제영상관,"27 Gonjae-ro, Hampyeong-eup, Hampyeong-gun, Jeollanam-do",2711015700,함평엑스포공원 주제영상관,4686025024111530001000001,061-320-2238,33415,https://www.hpftf.or.kr/,35,126,문화정보원,나비날리기 체험+문화예술공연+전시행사 등,20240604,20240604
KCKRSPO23N000001022,관광명소,관광명소_축제,화성뱃놀이축제,41,경기도,41590,화성시,4159035021,서신면 전곡리,415903210093,경기도 화성시 서신면 전곡항로 5,경기도 화성시 서신면 전곡리 1076 전곡마리나클럽하우스,"5 Jeongokhang-ro, Seosin-myeon, Hwaseong-si, Gyeonggi-do",2711015700,전곡마리나클럽하우스,4159035021110760000000002,031-356-8542,33489,https://hs-boatingfestival.com/,37,126,문화정보원,풍류단의 항해+바람의 사신단 댄스 퍼레이드+천해 유람단+문화자원 연계 프로그램+공연 프로그램 등,20240604,20240604
KCKRSPO23N000001023,관광명소,관광명소_축제,화천산천어축제,51,강원특별자치도,51790,화천군,5179025023,화천읍 중리,427904493062,강원특별자치도 화천군 화천읍 산천어길 137,강원특별자치도 화천군 화천읍 중리 186-5,"137 Sancheoneo-gil, Hwacheon-eup, Hwacheon-gun, Gangwon-do",2711012300,,4279025023000000000007890,1688-3005,33489,www.narafestival.com,38,127,문화정보원,얼음낚시+맨손잡기+눈얼음체험+얼음조각광장 등,20240604,20240604
KCKRSPO23N000001024,관광명소,관광명소_축제,국악의 향연,31,울산광역시,31170,동구,3117010100,방어동,311704313099,울산광역시 동구 문현3길 6 (방어동),울산광역시 동구 방어동 1120-1 꽃바위문화관,"6 Munhyeon 3-gil, Dong-gu, Ulsan",2711012300,꽃바위문화관,3117010100111200001000001,052-209-4330,33485,http://www.donggu.ulsan.kr/edu/menu_06/03.jsp,35,129,문화정보원,국악,20240604,20240604
KCKRSPO23N000001025,관광명소,관광명소_축제,리차드 로의 재즈톡,31,울산광역시,31170,동구,3117010100,방어동,311704313099,울산광역시 동구 문현3길 6 (방어동),울산광역시 동구 방어동 1120-1 꽃바위문화관,"6 Munhyeon 3-gil, Dong-gu, Ulsan",2711010800,꽃바위문화관,3117010100111200001000001,052-209-4330,52144,http://www.donggu.ulsan.kr/edu/menu_06/03.jsp,35,129,문화정보원,재즈,20240604,20240604
KCKRSPO23N000001026,관광명소,관광명소_축제,나 때는 말이야,31,울산광역시,31170,동구,3117010100,방어동,311704313099,울산광역시 동구 문현3길 6 (방어동),울산광역시 동구 방어동 1120-1 꽃바위문화관,"6 Munhyeon 3-gil, Dong-gu, Ulsan",2711010800,꽃바위문화관,3117010100111200001000001,052-209-4330,52151,http://www.donggu.ulsan.kr/edu/menu_06/03.jsp,35,129,문화정보원,힙합,20240604,20240604
KCKRSPO23N000001027,관광명소,관광명소_축제,동백섬문화관광축제,26,부산광역시,26350,해운대구,2635010600,중동,263503133041,부산광역시 해운대구 중동2로 11 (중동),부산광역시 해운대구 중동 1378-95 해운대구청,"11 Jungdong 2-ro, Haeundae-gu, Busan",2711010800,해운대구청,2635010600113780095002835,051-749-4064,52140,,35,129,문화정보원,최치원추념헌공다례+기로연진다례 등,20240604,20240604
KCKRSPO23N000001028,관광명소,관광명소_축제,일림산 철쭉문화행사,46,전라남도,46780,보성군,4678040024,웅치면 용반리,467804670300,전라남도 보성군 웅치면 용추덕림길 89-113,전라남도 보성군 웅치면 용반리 산123-10,"89-113 Yongchudeongnim-gil, Ungchi-myeon, Boseong-gun, Jeollanam-do",2711010800,,4678040024201230010000001,061-850-5482,52151,,34,127,문화정보원,문화공연행사+참여체험행사 등,20240604,20240604
KCKRSPO23N000001029,관광명소,관광명소_축제,보성어린이날,46,전라남도,46780,보성군,4678025024,보성읍 봉산리,467803290003,전라남도 보성군 보성읍 녹차로 775,전라남도 보성군 보성읍 봉산리 1191-1,"775 Nokcha-ro, Boseong-eup, Boseong-gun, Jeollanam-do",2711014700,,4678025024111910001107104,061-853-1060,59448,,34,127,문화정보원,먹거리+체험마당+놀이마당+도전골든벨 등,20240604,20240604
KCKRSPO23N000001030,관광명소,관광명소_축제,보성녹차마라톤대회,46,전라남도,46780,보성군,4678025021,보성읍 보성리,467804670293,전라남도 보성군 보성읍 용문길 18,전라남도 보성군 보성읍 보성리 338,"18 Yongmun-gil, Boseong-eup, Boseong-gun, Jeollanam-do",2711014700,,4678025021103380000102697,061-852-3258,59451,,34,127,문화정보원,Full+Half+10km+5km 종목별 마라톤,20240604,20240604
KCKRSPO23N000001031,관광명소,관광명소_축제,태백 커플축제,51,강원특별자치도,51190,태백시,5119010200,장성동,421904466163,강원특별자치도 태백시 장성1길 171 (장성동),강원특별자치도 태백시 장성동 169-1 장성동행정복지센터,"171 Jangseong 1-gil, Taebaek-si, Gangwon-do",2711011400,장성동행정복지센터,4219010200101690001011341,033-552-1371,26052,http://tbcf.or.kr/,37,129,문화정보원,문화공연+체험행사+커플이벤트 등,20240604,20240604
KCKRSPO23N000001032,관광명소,관광명소_축제,한강 낙동강 발원지 축제,51,강원특별자치도,51190,태백시,5119010200,장성동,421904466163,강원특별자치도 태백시 장성1길 171 (장성동),강원특별자치도 태백시 장성동 169-1 장성동행정복지센터,"171 Jangseong 1-gil, Taebaek-si, Gangwon-do",2711011400,장성동행정복지센터,4219010200101690001011341,033-553-6900,26052,http://tbcf.or.kr/,37,129,문화정보원,물놀이난장+공연+체험행사+부스 운영 등,20240604,20240604
KCKRSPO23N000001033,관광명소,관광명소_축제,마임프린지 시민 심사단 모집,51,강원특별자치도,51110,춘천시,5111011200,효자동,421103218037,강원특별자치도 춘천시 춘천로 112 (효자동),강원특별자치도 춘천시 효자동 531 축제극장몸짓,"112 Chuncheon-ro, Chuncheon-si, Gangwon-do",2711011400,축제극장몸짓,4211011200105310018000001,033-244-7556,24336,https://www.cccf.or.kr/Home/H40000/H40400/boardView?board_key=10198&search_type=1&search_keyword=EBA788EC9E84ED9484EBA6B0ECA780,37,127,문화정보원,신진예술가들의 자유로운 창작 공연,20240604,20240604
KCKRSPO23N000001034,관광명소,관광명소_축제,계촌클래식축제,,,,,,,,제주특별자치도 서귀포시 산록남로 2847-37 (상효동),제주특별자치도 서귀포시 상효동 산25,"2847-37 Sallongnam-ro, Seogwipo-si, Jeju-do",2711011400,,5013010700200250000009247,070-7781-4847,44529,계촌클래식마을.kr/gyechon,32,123,문화정보원,토크콘서트+재즈콘서트 등 클래식 공연,20240604,20240604
KCKRSPO23N000001035,관광명소,관광명소_축제,평창효석문화제,,,,,,,,제주특별자치도 제주시 신산로 82 (일도이동),제주특별자치도 제주시 일도이동 837-20 제주민속관광타운,"82 Sinsan-ro, Jeju-si, Jeju-do",2711011400,제주민속관광타운,5011010200108370020031437,033-335-2323,44457,http://www.hyoseok.com/sub02_01,32,123,문화정보원,효석 백일장+문학100리길 걷기 등,20240604,20240604
KCKRSPO23N000001036,관광명소,관광명소_축제,평창백일홍축제,51,강원특별자치도,51760,평창군,5176025025,평창읍 종부리,427604484325,강원특별자치도 평창군 평창읍 제방길 81,강원특별자치도 평창군 평창읍 종부리 986,,2711011400,,,033-335-6033,44951,http://www.101hongfestival.co.kr/intro,37,128,문화정보원,백일홍 산책길 걷기 + 떡메치기 체험,20240604,20240604
KCKRSPO23N000001037,관광명소,관광명소_축제,평창농악축제,51,강원특별자치도,51760,평창군,5176035027,용평면 장평리,427604484008,강원특별자치도 평창군 용평면 갈정지길 7,강원특별자치도 평창군 용평면 장평리 380-2,"7 Galjeongji-gil, Yongpyeong-myeon, Pyeongchang-gun, Gangwon-do",2711011400,,4276035027103800002000001,033-332-4333,44457,농악축제.kr,37,128,문화정보원,전국 농악 공연 + 민속놀이 체험,20240604,20240604
KCKRSPO23N000001038,관광명소,관광명소_축제,2023년 우도 하고수동해수욕장 썸머 페스티벌,50,제주특별자치도,50110,제주시,5011033021,우도면 연평리,501103349158,제주특별자치도 제주시 우도면 우도로 153,"제주특별자치도 제주시 우도면 연평리 1451-3 우도면사무소, 우도보건지소","153 Udo-ro, Udo-myeon, Jeju-si, Jeju-do",2711011400,"우도면사무소, 우도보건지소",5011033021014510003047192,064-783-0568,44497,,33,126,문화정보원,댄스팀(브랜뉴걸)·초대가수 공연(황기동)·MC와 객석의 소통의 시간·초대가수 공연(박상민)·폐막식·불꽃놀이,20240604,20240604
KCKRSPO23N000001039,관광명소,관광명소_축제,도두오래물축제,50,제주특별자치도,50110,제주시,5011012700,도두일동,501104847521,제주특별자치도 제주시 도두항길 26 (도두일동),제주특별자치도 제주시 도두일동 2605-1,"26 Doduhang-gil, Jeju-si, Jeju-do",2711011400,,5011012700126050004000001,064-728-4961,12001,,33,126,문화정보원,개막식·체험프로그램 등,20240604,20240604
KCKRSPO23N000001040,관광명소,관광명소_축제,입맛도심,50,제주특별자치도,50130,서귀포시,5013031030,안덕면 상천리,501304850319,제주특별자치도 서귀포시 안덕면 산록남로762번길 69,제주특별자치도 서귀포시 안덕면 상천리 380 본태박물관,"69 Sallongnam-ro 762beon-gil, Andeok-myeon, Seogwipo-si, Jeju-do",2771025923,본태박물관,5013031030103800000000001,,12283,www.instagram.com/tastytown_jeju,33,126,문화정보원,제주 원도심의 밤을 채우는 야간 미식 브랜드를 소개 드립니다,20240604,20240604
KCKRSPO23N000001041,관광명소,관광명소_축제,본태박물관 쿠사마야요이 특별전시 <Seeking the Soul>,50,제주특별자치도,50130,서귀포시,5013031030,안덕면 상천리,501304850319,제주특별자치도 서귀포시 안덕면 산록남로762번길 69,제주특별자치도 서귀포시 안덕면 상천리 380 본태박물관,"69 Sallongnam-ro 762beon-gil, Andeok-myeon, Seogwipo-si, Jeju-do",2711011900,본태박물관,5013031030103800000000001,0507-1342-810,63000,www.instagram.com/bontemuseum/,33,126,문화정보원,다시 찾아온 전설 현대미술의 살아있는 신화 쿠사마야요 특별전시가 본태박물관에서 열린다,20240604,20240604
KCKRSPO23N000001042,관광명소,관광명소_축제,진도신비의바닷길축제,46,전라남도,46900,진도군,4690032031,고군면 금계리,469004703184,전라남도 진도군 고군면 신비의바닷길 74,전라남도 진도군 고군면 금계리 153-1 진도청소년수련관,"74 Sinbiuibadat-gil, Gogun-myeon, Jindo-gun, Jeollanam-do",2711011900,진도청소년수련관,4690032030101530001019895,061-540-3408,63616,https://www.jindo.go.kr/tour/sub.cs?m=99,34,126,문화정보원,바닷길 미디어아트+바닷길체험+스탬프랠리+해상풍물뱃놀이+민속민요 공연 등,20240604,20240604
KCKRSPO23N000001043,관광명소,관광명소_축제,진안홍삼축제,52,전북특별자치도,52720,진안군,5272025023,진안읍 단양리,457203274014,전북특별자치도 진안군 진안읍 마이산로 160,전북특별자치도 진안군 진안읍 단양리 778-3,"160 Maisan-ro, Jinan-eup, Jinan-gun, Jeonbuk-do",2711011900,,4572025023107840000000001,063-430-2392,63572,https://www.jinan.go.kr/festival/,35,127,문화정보원,홍삼제품만들기 체험+홍삼랜드 스탬프투어+홍삼판매+문화공연 등,20240604,20240604
KCKRSPO23N000001044,관광명소,관광명소_축제,진주유등축제,48,경상남도,48170,진주시,4817010500,본성동,481703332011,경상남도 진주시 남강로 626 (본성동),경상남도 진주시 본성동 415 진주성,"626 Namgang-ro, Jinju-si, Gyeongsangnam-do",2711011900,진주성,4817010500103970000088570,055-761-9111,63528,http://www.yudeung.com,35,128,문화정보원,개제식(초혼점등)+소망등 달기+추억의 유등띄우기+창작등 전시+진주성 둘레길등 전시+한국의 등·세계풍물등 전시 등,20240604,20240604
KCKRSPO23N000001045,관광명소,관광명소_축제,천안흥타령축제,44,충청남도,44133,천안시,4413310300,백석동,441333250021,충청남도 천안시 서북구 번영로 208 (백석동),충청남도 천안시 서북구 백석동 251 종합운동장,"208 Beonyeong-ro, Seobuk-gu, Cheonan-si, Chungcheongnam-do",2711011900,종합운동장,4413310300102510000049938,041-900-7397,63596,https://cheonanfestival.com/ko/,36,127,문화정보원,춤경연대회(전국춤경연대회+국제춤 대회+거리퍼레이드 등)+전시홍보 부스운영(중소기업제품판매+천안 농산물 홍보 및 체험한마당 등)+부대체험행사,20240604,20240604
KCKRSPO23N000001046,관광명소,관광명소_축제,청송사과축제,47,경상북도,47750,청송군,4775025021,청송읍 월막리,477503316005,경상북도 청송군 청송읍 금월로 269,경상북도 청송군 청송읍 월막리 373 소헌공원,"269 Geumwol-ro, Cheongsong-eup, Cheongsong-gun, Gyeongsangbuk-do",2711011900,소헌공원,4775025021103700001000001,054-873-3686,63341,https://www.cs.go.kr/tour/00004559/00004588.web?amode=view&idx=111&,36,129,문화정보원,공연+청송사과 퍼레이드+청송꽃줄엮기 전국대회+사과왕 선발대회+전시판매 프로그램 등,20240604,20240604
KCKRSPO23N000001047,관광명소,관광명소_축제,추억의 충장축제,29,광주광역시,29110,동구,2911011800,서석동,291103159007,광주광역시 동구 서남로 1 (서석동),광주광역시 동구 서석동 31,"1 Seonam-ro, Dong-gu, Gwangju",2711011900,,2911011800100310000010093,062-608-4681,63535,https://www.donggu.kr/index.es?sid=c8,35,126,문화정보원,충장 월드 퍼레이드+추억의 테마거리+추억 재현 프로젝트+맛의 추억 탐험대 등,20240604,20240604
KCKRSPO23N000001048,관광명소,관광명소_축제,춘천마임축제,51,강원특별자치도,51110,춘천시,5111011200,효자동,421103218037,강원특별자치도 춘천시 춘천로 112 (효자동),강원특별자치도 춘천시 효자동 531 축제극장몸짓,"112 Chuncheon-ro, Chuncheon-si, Gangwon-do",2711011900,축제극장몸짓,4211011200105310018000001,033-242-0585,63547,mimefestival.com,37,127,문화정보원,극장공연+거리마임공연+봄의도시/물의도시/불의도시 공연,20240604,20240604
KCKRSPO23N000001049,관광명소,관광명소_축제,탐라문화제,50,제주특별자치도,50110,제주시,5011010600,삼도이동,501103349184,제주특별자치도 제주시 중앙로 2 (삼도이동),제주특별자치도 제주시 삼도이동 1262,"2 Jungang-ro, Jeju-si, Jeju-do",2711011900,,5011010600112620000020457,064-753-3287,63276,http://www.tamnafestival.kr/,33,126,문화정보원,탐라개벽신위제+탐라퍼레이드+민속체험+탐라예술무대+참여행사 등,20240604,20240604
KCKRSPO23N000001050,관광명소,관광명소_축제,2017 물의나라화천 쪽배축제,51,강원특별자치도,51790,화천군,5179025022,화천읍 하리,427903231020,강원특별자치도 화천군 화천읍 강변로 2-54,강원특별자치도 화천군 화천읍 하리 243 붕어섬관리사무소,"2-54 Gangbyeon-ro, Hwacheon-eup, Hwacheon-gun, Gangwon-do",2723010600,붕어섬관리사무소,4279025022000000000005635,1688-3005,63038,www.narafestival.com,38,127,문화정보원,"물놀이장, 산천호경주대회, 창작쪽배콘테스트 등",20240604,20240604
KCKRSPO23N000001051,관광명소,관광명소_축제,2017 얼음나라화천 산천어축제,51,강원특별자치도,51790,화천군,5179025023,화천읍 중리,427904493062,강원특별자치도 화천군 화천읍 산천어길 137,강원특별자치도 화천군 화천읍 중리 186-5,"137 Sancheoneo-gil, Hwacheon-eup, Hwacheon-gun, Gangwon-do",2723010500,,4279025023000000000007890,1688-3005,63038,www.narafestival.com,38,127,문화정보원,"얼음낚시, 맨손잡기, 눈얼음체험, 얼음조각광장 등",20240604,20240604
KCKRSPO23N000001052,관광명소,관광명소_축제,구문소용축제,51,강원특별자치도,51190,태백시,5119010200,장성동,421904466163,강원특별자치도 태백시 장성1길 171 (장성동),강원특별자치도 태백시 장성동 169-1 장성동행정복지센터,"171 Jangseong 1-gil, Taebaek-si, Gangwon-do",2720010200,장성동행정복지센터,4219010200101690001011341,033-581-6904,63608,http://tbcf.or.kr/,37,129,문화정보원,용신제+전통공연+체험프로그램,20240604,20240604
KCKRSPO23N000001053,관광명소,관광명소_축제,2021조운플레잉 모두가어린이라면,,강원도,,춘천시,,,421103218033,강원도 춘천시 중앙로 51-2+강원도 춘천시 시청길11,강원도 춘천시,,2729011000,,,033-250-4938,63154,https://www.cccf.or.kr/Home/H40000/H40400/boardView?board_key=7653&search_type=1&search_keyword=ECA1B0EC9AB4ED948CEBA088EC9E89,37,127,문화정보원,"공연, 체험, 퍼레이드와 어린이플리마켓을 진행한다.",20240604,20240604
KCKRSPO23N000001054,관광명소,관광명소_축제,책 보러 가지 않을래,51,강원특별자치도,51110,춘천시,5111011200,효자동,421104454799,강원특별자치도 춘천시 효자상길5번길 13 (효자동),강원특별자치도 춘천시 효자동 산40-12 춘천문화예술회관,"13 Hyojasang-gil 5beon-gil, Chuncheon-si, Gangwon-do",2729010800,춘천문화예술회관,4211011200200400002028991,,63116,https://www.cccf.or.kr/Home/H40000/H40400/boardView?board_key=7646&search_type=1&search_keyword=ECB185+EBB3B4EB9FAC+EAB080ECA780+EC958AEC9D84EB9E983F,37,127,문화정보원,"소양하다, 파피루스 ,서툰책방, 첫서재 공간의 주인장들의 감성이 스며있는 책들과 굿즈를 선보인다.",20240604,20240604
KCKRSPO23N000001055,관광명소,관광명소_축제,춘천마임축제 봄시즌,51,강원특별자치도,51110,춘천시,5111011200,효자동,421103218037,강원특별자치도 춘천시 춘천로 112 (효자동),강원특별자치도 춘천시 효자동 531 축제극장몸짓,"112 Chuncheon-ro, Chuncheon-si, Gangwon-do",2729011900,축제극장몸짓,4211011200105310018000001,033-242-0585,63577,https://www.cccf.or.kr/Home/H40000/H40400/boardView?board_key=7642&search_type=1&search_keyword=ECB698ECB29CEBA788EC9E84ECB695ECA09C+EBB484EC8B9CECA68C,37,127,문화정보원,2021년 우리의 잃어버린 봄을 찾기위한 무언의 몸짓으로 시민과 예술가의 봄을 찾는 공연,20240604,20240604
KCKRSPO23N000001056,관광명소,관광명소_축제,춘천인형극제 코코바우 놀이터 자연아 놀러와,51,강원특별자치도,51110,춘천시,5111011900,사농동,421103013022,강원특별자치도 춘천시 영서로 3017 (사농동),강원특별자치도 춘천시 사농동 277-3 춘천인형극장,"3017 Yeongseo-ro, Chuncheon-si, Gangwon-do",2771026525,춘천인형극장,4211011900102770003012176,033-242-8452,63270,https://www.cccf.or.kr/Home/H40000/H40400/boardView?board_key=7629&search_type=1&search_keyword=ECB698ECB29CEC9DB8ED9895EAB7B9ECA09C5D+ECBD94ECBD94EBB094EC9AB0+EB8680EC9DB4ED84B0+3A+EC9E90EC97B0EC9584+EB8680EB9FACEC998021,37,127,문화정보원,"자연의 흐름을 주제로 모두 함께 인형극, 만들기를 즐기며 자연을 느낄 수 있다.",20240604,20240604
KCKRSPO23N000001057,관광명소,관광명소_축제,제8회 철원 한탄강 얼음트레킹,,,,,,,,충청남도 홍성군 서부면 남당항로213번길 25-62,충청남도 홍성군 서부면 남당리 863 보령해양경찰서 홍성파출소,"25-62 Namdanghang-ro 213beon-gil, Seobu-myeon, Hongseong-gun, Chungcheongnam-do",2714010100,보령해양경찰서 홍성파출소,4480037027108630000000001,033-450-5255,58751,https://www.cwgfestival.com,32,123,문화정보원,"개막행사, 얼음트레킹, 똥바람 알통구보대회 등",20240604,20240604
KCKRSPO23N000001058,관광명소,관광명소_축제,제13회 철원 화강 다슬기축제,51,강원특별자치도,51780,철원군,5178025328,김화읍 청양리,427803230033,강원특별자치도 철원군 김화읍 청양로 649,강원특별자치도 철원군 김화읍 청양리 1 김화풋살장,"649 Cheongyang-ro, Gimhwa-eup, Cheorwon-gun, Gangwon-do",2714010700,김화풋살장,4278025328100010000000002,033-450-5255,57351,https://www.cwgfestival.com,38,127,문화정보원,"개막행사, 황금다슬기잡기 등 체험프로그램, 축하공연 등",20240604,20240604
KCKRSPO23N000001059,관광명소,관광명소_지역명소,2019 송년콘서트 및 청소년페스티벌,51,강원특별자치도,51780,철원군,5178025624,갈말읍 군탄리,427803230001,강원특별자치도 철원군 갈말읍 갈말로 75,강원특별자치도 철원군 갈말읍 군탄리 1341 철원실내체육관,"75 Galmal-ro, Galmal-eup, Cheorwon-gun, Gangwon-do",4272037023,철원실내체육관,4278025624108160008035930,033-450-5255,57351,https://www.cwgfestival.com,38,127,문화정보원,"송년콘서트, 청소년페스티벌",20240604,20240604
KCKRSPO23N000001060,관광명소,관광명소_지역명소,판교25통 힐링로드축제,41,경기도,41135,성남시,4113510800,판교동,411354860423,경기도 성남시 분당구 판교공원로4길 27 (판교동),"경기도 성남시 분당구 판교동 553 분당판교청소년수련관, 판교도서관","27 Pangyogongwon-ro 4-gil, Bundang-gu, Seongnam-si, Gyeonggi-do",4273037025,"분당판교청소년수련관, 판교도서관",4113510800105530000000001,031-729-9637,57302,,37,127,문화정보원,공방체험+문화공연+시민참여 플리마켓 등,20240604,20240604
KCKRSPO23N000001061,관광명소,관광명소_지역명소,제18회 청계산 철쭉축제,,,,,,,,경기도 하남시 아리수로 600 (망월동),경기도 하남시 망월동 200,"600 Arisu-ro, Hanam-si, Gyeonggi-do",4183033021,,4145010900102000000000003,031-729-5882,57389,,32,123,문화정보원,문화공연+먹거리행사+경품행사 등,20240604,20240604
KCKRSPO23N000001062,관광명소,관광명소_지역명소,효사랑 경로잔치,41,경기도,41133,성남시,4113310400,은행동,411333179018,경기도 성남시 중원구 은행로 85 (은행동),경기도 성남시 중원구 은행동 2192 은행1동 행정복지센터,"85 Eunhaeng-ro, Jungwon-gu, Seongnam-si, Gyeonggi-do",4183033022,은행1동 행정복지센터,4113310400121920000007882,031-729-6682,57344,,37,127,문화정보원,경로잔치(중식 접대)+문화공연 등,20240604,20240604
KCKRSPO23N000001063,관광명소,관광명소_지역명소,지구촌 어울림 축제,41,경기도,41133,성남시,4113310600,여수동,411332000005,경기도 성남시 중원구 성남대로 997 (여수동),경기도 성남시 중원구 여수동 200 성남시청,"997 Seongnam-daero, Jungwon-gu, Seongnam-si, Gyeonggi-do",4183025026,성남시청,4113310600101510000000001,031-729-3072,57385,,37,127,문화정보원,세계 문화 전시 및 체험부스+식전·식후공연 등,20240604,20240604
KCKRSPO23N000001064,관광명소,관광명소_지역명소,2024. 청.마.닮&청소년 어울림마당,,,,,,,,인천광역시 동구 석수로 90 (만석동),인천광역시 동구 만석동 18-3 인천광역시동구보건소,"90 Seoksu-ro, Dong-gu, Incheon",4122037030,인천광역시동구보건소,2814010100100180003188801,031-729-9435,,,32,123,문화정보원,청소년 체험부스 및 청소년 공연+다양한 이벤트 등,20240604,20240604
KCKRSPO23N000001065,관광명소,관광명소_지역명소,제27회 무안연꽃축제,46,전라남도,46840,무안군,4684025331,일로읍 복룡리,468403296012,전라남도 무안군 일로읍 백련로 333,전라남도 무안군 일로읍 복룡리 139-1 회산백련지시설사업소,"333 Baengnyeon-ro, Illo-eup, Muan-gun, Jeollanam-do",4831038025,회산백련지시설사업소,4684025331101500000000001,061-450-5472,5065,http://tour.muan.go.kr/,34,126,문화정보원,연꽃 힐링 및 체험프로그램+먹거리 운영 등,20240604,20240604
KCKRSPO23N000001066,관광명소,관광명소_지역명소,2024 정조대왕 능행차 공동재현,41,경기도,41115,수원시,4111512300,남창동,411153012006,경기도 수원시 팔달구 정조로 825 (남창동),경기도 수원시 팔달구 남창동 6-2 화성행궁,"825 Jeongjo-ro, Paldal-gu, Suwon-si, Gyeonggi-do",4882040023,화성행궁,4111512300100060002052093,031-228-2367,4965,https://www.swcf.or.kr/hlfl/,37,127,문화정보원,1795년 정조대왕의 을묘년 원행을 완벽하게 재현하는 국내 최대 퍼레이드,20240604,20240604
KCKRSPO23N000001067,관광명소,관광명소_지역명소,제61회 수원화성문화제,41,경기도,41115,수원시,4111512300,남창동,411153012006,경기도 수원시 팔달구 정조로 825 (남창동),경기도 수원시 팔달구 남창동 6-2 화성행궁,"825 Jeongjo-ro, Paldal-gu, Suwon-si, Gyeonggi-do",4886034026,화성행궁,4111512300100060002052093,031-228-3068,2003,https://www.swcf.or.kr/hlfl/,37,127,문화정보원,정조대왕의 효심과 부국강병의 원대한 꿈으로 축성된 세계문화유산 수원화성에서 펼쳐지는 3일간의 행사,20240604,20240604
KCKRSPO23N000001068,관광명소,관광명소_지역명소,2024 수원화성 미디어아트,41,경기도,41115,수원시,4111512300,남창동,411153012006,경기도 수원시 팔달구 정조로 825 (남창동),경기도 수원시 팔달구 남창동 6-2 화성행궁,"825 Jeongjo-ro, Paldal-gu, Suwon-si, Gyeonggi-do",4833033022,화성행궁,4111512300100060002052093,031-228-2454,2257,https://www.swcf.or.kr/hlfl/,37,127,문화정보원,수원화성 대표 건축물에 프로젝션 맵핑/인터렉티브 미디어아트/레이저 등 디지털 미디어 기술을 활용한 미디어아트쇼,20240604,20240604
KCKRSPO23N000001069,관광명소,관광명소_지역명소,달마고도 힐링축제,46,전라남도,46820,해남군,4682034034,송지면 서정리,468204682187,전라남도 해남군 송지면 미황사길 164,전라남도 해남군 송지면 서정리 1 미황사,"164 Mihwangsa-gil, Songji-myeon, Haenam-gun, Jeollanam-do",4833032028,미황사,4682034034100010000000001,061-530-5159,59067,www.haenam.go.kr,34,126,문화정보원,달마고도순례길걷기+무대행사+체험등,20240604,20240604
KCKRSPO23N000001070,관광명소,관광명소_지역명소,땅끝수국축제,46,전라남도,46820,해남군,4682033029,현산면 황산리,468204682213,전라남도 해남군 현산면 봉동길 232-118,전라남도 해남군 현산면 황산리 산1-4,"232-118 Bongdong-gil, Hyeonsan-myeon, Haenam-gun, Jeollanam-do",4833034028,,4682033029200010039000001,061-533-7220,59060,www.4est수목원.com,34,126,문화정보원,100여희귀품종+수국사진공모전 등,20240604,20240604
KCKRSPO23N000001071,관광명소,관광명소_지역명소,송호해변여름축제,46,전라남도,46820,해남군,4682034030,송지면 송호리,468203294005,전라남도 해남군 송지면 땅끝해안로 1813,전라남도 해남군 송지면 송호리 914-5,"1813 Ttangkkeuthaean-ro, Songji-myeon, Haenam-gun, Jeollanam-do",4817010500,,4682034030109140005000001,061-530-5158,41031,www.haenam.go.kr,34,126,문화정보원,축하공연+버스킹+수상레저체험+체험프로그램 등,20240604,20240604
KCKRSPO23N000001072,관광명소,관광명소_축제,오시아노 썸머뮤직 페스티벌,,,,,,,,경기도 가평군 가평읍 자라섬로 60,경기도 가평군 가평읍 대곡리 27-14 자라섬안내소,"60 Jaraseom-ro, Gapyeong-eup, Gapyeong-gun, Gyeonggi-do",2717010300,자라섬안내소,4182025022100270014001775,061-530-5158,41008,www.haenam.go.kr,32,123,문화정보원,음악콘서트+SNS이벤트 등,20240604,20240604
KCKRSPO23N000001073,관광명소,관광명소_지역명소,제3기 청년기자단 모집,51,강원특별자치도,51110,춘천시,5111011200,효자동,421103218003,강원특별자치도 춘천시 공지로 255 (효자동),강원특별자치도 춘천시 효자동 303-14,"255 Gongji-ro, Chuncheon-si, Gangwon-do",4889041021,,4211011200103030014026324,033-910-3108,54021,https://www.cccf.or.kr/Home/H40000/H40400/boardView?board_key=10225&search_type=1&search_keyword=ECA09C3EAB8B0+ECB2ADEB8584EAB8B0EC9E90EB8BA8+EBAAA8ECA791,37,127,문화정보원,청년의 눈으로 바라본 춘천의 모습을 전하는 춘천시 청년청의 스토리텔러,20240604,20240604
KCKRSPO23N000001074,관광명소,관광명소_지역명소,상설전 畵,51,강원특별자치도,51110,춘천시,5111010700,옥천동,421103218018,강원특별자치도 춘천시 서부대성로 71 (옥천동),강원특별자치도 춘천시 옥천동 73-2 춘천예술마당,"71 Seobudaeseong-ro, Chuncheon-si, Gangwon-do",4889046037,춘천예술마당,4211010700100730002002079,033-241-1856,10440,https://www.cccf.or.kr/Home/H40000/H40400/boardView?board_key=10218&search_type=1&search_keyword=EC8381EC84A4ECA084_E795B5,37,127,문화정보원,"한국화, 문인화, 서예, 조소 작품 전시",20240604,20240604
KCKRSPO23N000001075,관광명소,관광명소_지역명소,뉴웨이브 로컬 임팩트 아카데미,51,강원특별자치도,51110,춘천시,5111011200,효자동,421103218003,강원특별자치도 춘천시 공지로 255 (효자동),강원특별자치도 춘천시 효자동 303-14,"255 Gongji-ro, Chuncheon-si, Gangwon-do",4728025321,,4211011200103030014026324,033-910-0203,10400,https://www.cccf.or.kr/Home/H40000/H40400/boardView?board_key=10217&search_type=1&search_keyword=EB89B4EC9BA8EC9DB4EBB88C+EBA19CECBBAC+EC9E84ED8CA9ED8AB8+EC9584ECB9B4EB8DB0EBAFB8,37,127,문화정보원,사회적경제에 대한 기초 이해와 함께 지역의 문제를 해결,20240604,20240604
KCKRSPO23N000001076,관광명소,관광명소_지역명소,상화문학제,27,대구광역시,27260,수성구,2726011100,두산동,272604238153,대구광역시 수성구 들안로16길 78 (두산동),대구광역시 수성구 두산동 30 두산문화센터,"78 Deuran-ro 16-gil, Suseong-gu, Daegu",4728036025,두산문화센터,2726011100100300000014981,053-768-0002,32228,http://www.suseong.or.kr,35,128,문화정보원,백일장+시낭송대회+문학강연+문학공연,20240604,20240604
KCKRSPO23N000001077,관광명소,관광명소_지역명소,천을산 해맞이,,,,,,,,경기도 가평군 가평읍 자라섬로 60,경기도 가평군 가평읍 대곡리 27-14 자라섬안내소,"60 Jaraseom-ro, Gapyeong-eup, Gapyeong-gun, Gyeonggi-do",4782025000,자라섬안내소,4182025022100270014001775,053-666-2163,32228,https://www.suseong.kr,32,123,문화정보원,"신년메세지, 해오름 퍼포먼스 등",20240604,20240604
KCKRSPO23N000001078,관광명소,관광명소_지역명소,완주와일드앤로컬푸드축제,52,,52710,,5271036000,고산면,,전북특별자치도 완주군 고산면 고산자연휴양림로 246,전북특별자치도 완주군 고산면 246,,3014011800,,,063-290-3977,32206,http://www.wanjufestival.kr/,35,127,문화정보원,○ 자연친화+야생체험,20240604,20240604
KCKRSPO23N000001079,관광명소,관광명소_지역명소,현인가요제,26,부산광역시,26140,서구,2614012400,암남동,261403126009,부산광역시 서구 송도해변로 100 (암남동),부산광역시 서구 암남동 135-5 송도해수욕장,"100 Songdohaebyeon-ro, Seo-gu, Busan",2638010300,송도해수욕장,2614012400101350005000003,02-2655-3157,32206,http://culture.bsseogu.go.kr,35,129,문화정보원,개막행사+현인가요제 전야제+현인가요제 본선,20240604,20240604
KCKRSPO23N000001080,관광명소,관광명소_지역명소,부산고등어축제,26,부산광역시,26140,서구,2614012400,암남동,261403126009,부산광역시 서구 송도해변로 100 (암남동),부산광역시 서구 암남동 135-5 송도해수욕장,"100 Songdohaebyeon-ro, Seo-gu, Busan",4671033522,송도해수욕장,2614012400101350005000003,051-240-4062,32295,http://www.busangde.co.kr,35,129,문화정보원,개막행사+맨손으로 고등어잡기+고등어 주제공연+종이배 경주대회+고등어캐릭터 전시+고등어 스탬프투어+먹거리장터 등,20240604,20240604
KCKRSPO23N000001081,관광명소,관광명소_지역명소,안동국제탈춤페스티벌,47,경상북도,47170,안동시,4717011300,운흥동,471703018013,경상북도 안동시 경동로 684(운흥동) 일대,경상북도 안동시 운흥동 224,,4678025024,,,054-840-3400,32206,www.maskdance.com,36,128,문화정보원,탈춤공연+경연대회+대동난장 등,20240604,20240604
KCKRSPO23N000001082,관광명소,관광명소_지역명소,황룡강 가을꽃축제,,,,,,,,충청남도 서천군 서면 서인로 56,충청남도 서천군 서면 마량리 339-6,"56 Seoin-ro, Seo-myeon, Seocheon-gun, Chungcheongnam-do",4615013100,,4477041022103390006022976,061-390-7240,14998,https://www.jangseong.go.kr/home/tour_new/festival/festival_04/festival_04_04,32,123,문화정보원,공연+체험+판매행사 등,20240604,20240604
KCKRSPO23N000001083,관광명소,관광명소_지역명소,황룡강 (洪)길동무 꽃길 축제,,,,,,,,충청남도 서천군 서면 홍원길 127,충청남도 서천군 서면 도둔리 1222-7 홍원슈퍼,"127 Hongwon-gil, Seo-myeon, Seocheon-gun, Chungcheongnam-do",4615034029,홍원슈퍼,4477041028112220004022692,061-390-7240,,https://www.jangseong.go.kr/home/tour_new/festival/festival_04/festival_04_02,32,123,문화정보원,공연+체험+판매행사 등,20240604,20240604
KCKRSPO23N000001084,관광명소,관광명소_지역명소,백양단풍축제,46,전라남도,46880,장성군,4688040025,북하면 약수리,468803299016,전라남도 장성군 북하면 백양로 1239,전라남도 장성군 북하면 약수리 26 백양사,"1239 Baegyang-ro, Bukha-myeon, Jangseong-gun, Jeollanam-do",4687033026,백양사,4688040025100260000000001,061-390-7240,52517,https://www.jangseong.go.kr/home/tour_new/festival/festival_04/festival_04_05,35,126,문화정보원,공연,20240604,20240604
KCKRSPO23N000001085,관광명소,관광명소_지역명소,축령산 편백산소축제,,,,,,,,충청남도 서천군 마서면 장산로 916,충청남도 서천군 마서면 도삼리 59 서천군조류생태전시관,"916 Jangsan-ro, Maseo-myeon, Seocheon-gun, Chungcheongnam-do",4683036028,서천군조류생태전시관,4477031033100590000036923,061-390-7240,52553,https://www.jangseong.go.kr/home/tour_new/festival/festival_04/festival_04_03,32,123,문화정보원,공연+체험+판매행사 등,20240604,20240604
KCKRSPO23N000001086,관광명소,관광명소_지역명소,에코아트페어 제로섬씽Zero-Somthing 2023,51,강원특별자치도,51110,춘천시,5111011200,효자동,421104454799,강원특별자치도 춘천시 효자상길5번길 13 (효자동),강원특별자치도 춘천시 효자동 산40-12 춘천문화예술회관,"13 Hyojasang-gil 5beon-gil, Chuncheon-si, Gangwon-do",4513037021,춘천문화예술회관,4211011200200400002028991,,12912,,37,127,문화정보원,기후위기를 극복하는 제로 웨이스트 전시 형태,20240604,20240604
KCKRSPO23N000001087,관광명소,관광명소_지역명소,2023춘천예술문화축제 - 제10회 한여름밤의 아리아,51,강원특별자치도,51110,춘천시,5111012500,삼천동,421104454446,강원특별자치도 춘천시 스포츠타운길399번길 25 어린이회관,강원특별자치도 춘천시 삼천동 223-2,,4573032029,,,033-251-8907,24239,,37,127,문화정보원,춘천예술문화축제  한여름 밤의 아리아,20240604,20240604
KCKRSPO23N000001088,관광명소,관광명소_지역명소,2023 춘천공연예술제,51,강원특별자치도,51110,춘천시,5111011200,효자동,421103218037,강원특별자치도 춘천시 춘천로 112 (효자동),강원특별자치도 춘천시 효자동 531 축제극장몸짓,"112 Chuncheon-ro, Chuncheon-si, Gangwon-do",4580042021,축제극장몸짓,4211011200105310018000001,033-251-0545,24336,,37,127,문화정보원,무대 위 펼쳐지는 공연예술 축체,20240604,20240604
KCKRSPO23N000001089,관광명소,관광명소_지역명소,달맞이축제,51,강원특별자치도,51800,양구군,5180025021,양구읍 상리,428003232006,강원특별자치도 양구군 양구읍 박수근로 366-33,강원특별자치도 양구군 양구읍 상리 399 국민체육센터,"366-33 Parksookeun-ro, Yanggu-eup, Yanggu-gun, Gangwon-do",4571040024,국민체육센터,4280025021103990000000001,033-480-2510,24519,https://www.ygtour.kr/Home/H30000/H30100/placeDetail?place_no=318&viewType=gallery&viewClass=tour&page=1&pageSize=12&order_column=1&place_class=P012,38,127,문화정보원,"국토정중앙행사, 전통달맞이행사, 민속놀이경연,상설행사 등",20240604,20240604
KCKRSPO23N000001090,관광명소,관광명소_지역명소,제1회 대청호 벚꽃축제,,,,,,,,제주특별자치도 제주시 애월읍 화전길 201,제주특별자치도 제주시 애월읍 봉성리 52-3 타미우스CC,"201 Hwajeon-gil, Aewol-eup, Jeju-si, Jeju-do",4514040021,타미우스CC,5011025339000520000025207,042-251-6686,22502,https://www.donggu.go.kr/dg/tour/contents/988,32,123,문화정보원,벚꽃축제+벚꽃가요제+벚꽃길 걷기대회 등,20240604,20240604
KCKRSPO23N000001091,관광명소,관광명소_지역명소,제2회 대청호 벚꽃축제,,,,,,,,강원특별자치도 삼척시 강원남부로 4330 (도경동),강원특별자치도 삼척시 도경동 23 영진산업개발,"4330 Gangwonnambu-ro, Samcheok-si, Gangwon-do",4514041032,영진산업개발,4223011400100230000000001,042-251-6686,32206,https://www.donggu.go.kr/dg/tour/contents/988,32,123,문화정보원,벚꽃길 경관조명 설치+드라이브스루 벚꽃 구경,20240604,20240604
KCKRSPO23N000001092,관광명소,관광명소_지역명소,제3회 대청호 벚꽃축제,,,,,,,,강원특별자치도 삼척시 근덕면 삼척로 3916-112,강원특별자치도 삼척시 근덕면 상맹방리 174-1 상맹방1리마을회관,"3916-112 Samcheok-ro, Geundeok-myeon, Samcheok-si, Gangwon-do",4574032024,상맹방1리마을회관,4223031021101740001000001,042-251-6686,32200,https://www.donggu.go.kr/dg/tour/contents/988,32,123,문화정보원,벚꽃길 드라이브스루(벚꽃관람+랜선 트롯가요제+벚꽃길 체험영상),20240604,20240604
KCKRSPO23N000001093,관광명소,관광명소_지역명소,울산쇠부리축제,31,울산광역시,31200,북구,3120012200,연암동,312003000104,"울산광역시 북구 산업로 1010, 울산광역시 북구 달천철장길 58",울산광역시 북구 연암동 1004-1,,5013011200,,,052-293-3500,32228,www.soeburi.org,35,129,문화정보원,체험+전시+학술,20240604,20240604
KCKRSPO23N000001094,관광명소,관광명소_지역명소,제14회 영덕물가자미축제,,,,,,,,강원특별자치도 삼척시 강원남부로 4330 (도경동),강원특별자치도 삼척시 도경동 23 영진산업개발,"4330 Gangwonnambu-ro, Samcheok-si, Gangwon-do",4418025028,영진산업개발,4223011400100230000000001,054-730-6233,32213,https://tour.yd.go.kr,32,123,문화정보원,체험+문화공연+먹거리,20240604,20240604
KCKRSPO23N000001095,관광명소,관광명소_지역명소,청송사과축제,,,,,,,,강원특별자치도 삼척시 강원남부로 4330 (도경동),강원특별자치도 삼척시 도경동 23 영진산업개발,"4330 Gangwonnambu-ro, Samcheok-si, Gangwon-do",4421038022,영진산업개발,4223011400100230000000001,054-870-6237,46504,,32,123,문화정보원,공연+경연+체험+전시+판매,20240604,20240604
KCKRSPO23N000001096,관광명소,관광명소_지역명소,2024 속리산 축제,,,,,,,,강원특별자치도 삼척시 엑스포로 45 (성남동),강원특별자치도 삼척시 성남동 2 삼척문화예술회관,"45 Expo-ro, Samcheok-si, Gangwon-do",4421039021,삼척문화예술회관,4223011900100010005000001,043-540-3372,12449,,32,123,문화정보원,속리산 산채비빔밥 체험+댄싱갈라쇼+가족뮤지컬+천왕봉 산신제+영신행차 등,20240604,20240604
KCKRSPO23N000001097,관광명소,관광명소_지역명소,제20회 진안고원 운장산 고로쇠축제,,,,,,,,강원특별자치도 삼척시 강원남부로 4330 (도경동),강원특별자치도 삼척시 도경동 23 영진산업개발,"4330 Gangwonnambu-ro, Samcheok-si, Gangwon-do",4315032046,영진산업개발,4223011400100230000000001,063-430-2393,12421,https://www.jinan.go.kr/festival/,32,123,문화정보원,고로쇠 관련 체험+고로쇠 판매 등,20240604,20240604
KCKRSPO23N000001098,관광명소,관광명소_축제,제14회 진안고원 수박축제,52,전북특별자치도,52720,진안군,5272033023,동향면 능금리,457203274058,전북특별자치도 진안군 동향면 진성로 1687,전북특별자치도 진안군 동향면 능금리 2198-2,"1687 Jinseong-ro, Donghyang-myeon, Jinan-gun, Jeonbuk-do",2717010300,,4572033023121980002000001,063-430-2393,12421,https://www.jinan.go.kr/festival/,35,127,문화정보원,수박왕 선발대회+수박판매 등,20240604,20240604
KCKRSPO23N000001099,관광명소,관광명소_축제,2024 진안홍삼축제,52,전북특별자치도,52720,진안군,5272025023,진안읍 단양리,457203274014,전북특별자치도 진안군 진안읍 마이산로 160,전북특별자치도 진안군 진안읍 단양리 778-3,"160 Maisan-ro, Jinan-eup, Jinan-gun, Jeonbuk-do",2717010200,,4572025023107840000000001,063-430-2392,12421,https://www.jinan.go.kr/festival/,35,127,문화정보원,"홍삼, 수삼판매+홍삼관련체험+문화공연 등",20240604,20240604
KCKRSPO23N000001100,관광명소,관광명소_축제,제6회 진안고원 김치보쌈축제,52,전북특별자치도,52720,진안군,5272025021,진안읍 군상리,457204622200,전북특별자치도 진안군 진안읍 시장길 8-17,전북특별자치도 진안군 진안읍 군상리 406-8,"8-17 Sijang-gil, Jinan-eup, Jinan-gun, Jeonbuk-do",2717010600,,4572025021104060008005769,063-430-2393,12421,https://www.jinan.go.kr/festival/,35,127,문화정보원,우리집 김치담그기+사랑의 김장나눔 등,20240604,20240604
KCKRSPO23N000001101,관광명소,관광명소_축제,제57회 동학농민혁명기념제,52,전북특별자치도,52180,정읍시,5218036021,덕천면 하학리,451803270010,전북특별자치도 정읍시 덕천면 동학로 742,전북특별자치도 정읍시 덕천면 하학리 56-1 동학농민혁명기념관,"742 Donghak-ro, Deokcheon-myeon, Jeongeup-si, Jeonbuk-do",2717010600,동학농민혁명기념관,4518036021100020000069871,063-539-6923,12421,http://www.donghak.or.kr,35,126,문화정보원,기념식+공식제례+청소년축전+연계행사+체험행사,20240604,20240604
KCKRSPO23N000001102,관광명소,관광명소_축제,제34회 정읍사문화제,52,전북특별자치도,52180,정읍시,5218010400,시기동,451803270039,전북특별자치도 정읍시 정읍사로 541 (시기동),전북특별자치도 정읍시 시기동 81-7 정읍사 공원,"541 Jeongeupsa-ro, Jeongeup-si, Jeonbuk-do",2726010100,정읍사 공원,4518010400100810007008905,063-539-5175,12421,http://www.jchf.or.kr,35,126,문화정보원,기념행사+공연행사+부대행사+체험행사,20240604,20240604
KCKRSPO23N000001103,관광명소,관광명소_축제,제16회 정읍 구절초꽃축제,52,전북특별자치도,52180,정읍시,5218043023,산내면 매죽리,451803270062,전북특별자치도 정읍시 산내면 청정로 926-65,전북특별자치도 정읍시 산내면 매죽리 617,"926-65 Cheongjeong-ro, Sannae-myeon, Jeongeup-si, Jeonbuk-do",2726010100,,4518043023106170000071381,063-539-5697,12421,http://www.jeongeup.go.kr/culture,35,127,문화정보원,구절초꽃길산책+꽃밭음악회,20240604,20240604
KCKRSPO23N000001104,관광명소,관광명소_축제,2024 나주 영산강 축제,,,,,,,,전라남도 강진군 강진읍 고성길 174,전라남도 강진군 강진읍 남성리 산5-5 보은산V랜드물놀이장,"174 Goseong-gil, Gangjin-eup, Gangjin-gun, Jeollanam-do",2726011100,보은산V랜드물놀이장,4681025022200050001000001,061-339-8594,12421,http://www.naju.go.kr/tour/,32,123,문화정보원,영산강을 주제로 한 대표축제,20240604,20240604
KCKRSPO23N000001105,관광명소,관광명소_축제,천년나주목읍성문화축제,46,전라남도,46170,나주시,4617011300,과원동,461704652060,전라남도 나주시 금성관길 8 (과원동),전라남도 나주시 과원동 109-5 나주금성관,"8 Geumseonggwan-gil, Naju-si, Jeollanam-do",2711010100,나주금성관,4617011300101090005007916,061-339-8722,33603,http://www.naju.go.kr/tour/,35,126,문화정보원,나주의 읍성문화를 이용한 역사 문화 축제,20240604,20240604
KCKRSPO23N000001106,관광명소,관광명소_축제,영산포 홍어축제,,,,,,,,대구광역시 남구 이천로 51 (봉덕동),"대구광역시 남구 봉덕동 565-5 남구청, 남구의회","51 Icheon-ro, Nam-gu, Daegu",2711010100,"남구청, 남구의회",2720010200105650005023749,061-339-8722,33604,http://www.naju.go.kr/tour/,32,123,문화정보원,나주 특산품인 홍어를 활용한 지역경제 축제,20240604,20240604
KCKRSPO23N000001107,관광명소,관광명소_축제,문경찻사발축제,47,경상북도,47280,문경시,4728025030,문경읍 상초리,472803000165,경상북도 문경시 문경읍 새재로 1037,경상북도 문경시 문경읍 상초리 66,"1037 Saejae-ro, Mungyeong-eup, Mungyeong-si, Gyeongsangbuk-do",2711010100,,4728025030100660000027490,054-571-7677,33604,http://www.sabal21.com,36,128,문화정보원,전시행사 : 도예명장 특별전+국제 교류전+문경도자기 한상 차림전 등 체험행사 : 찻사발 빚기·그리기+찻사발원픽패스+황금찻사발 찾기 등 특별행사 : 생활자기·명품도자기 경매+아름다운 찻자리+사기장의 하루 등,20240604,20240604
KCKRSPO23N000001108,관광명소,관광명소_축제,치악산한우축제,51,강원특별자치도,51130,원주시,5113010600,명륜동,421303219013,강원특별자치도 원주시 단구로 170 (명륜동),강원특별자치도 원주시 명륜동 345 원주댄싱공연장,"170 Dangu-ro, Wonju-si, Gangwon-do",2711010100,원주댄싱공연장,4213010600103450000000001,033-737-4195,33603,,37,127,문화정보원,지역 한우 판매 등,20240604,20240604
KCKRSPO23N000001109,관광명소,관광명소_축제,원주 독서대전,51,강원특별자치도,51130,원주시,5113010600,명륜동,421303219013,강원특별자치도 원주시 단구로 170 (명륜동),강원특별자치도 원주시 명륜동 345 원주댄싱공연장,"170 Dangu-ro, Wonju-si, Gangwon-do",2711010100,원주댄싱공연장,4213010600103450000000001,033-737-3817,33624,,37,127,문화정보원,학술토론+전시체험 등,20240604,20240604
KCKRSPO23N000001110,관광명소,관광명소_축제,원주 평생학습 축제,51,강원특별자치도,51130,원주시,5113010800,일산동,421303219043,강원특별자치도 원주시 원일로 139 (일산동),강원특별자치도 원주시 일산동 211 시민문화센터,"139 Wonil-ro, Wonju-si, Gangwon-do",2711010100,시민문화센터,4213010800102110000837544,033-737-3808,33657,www.wonju.go.kr,37,127,문화정보원,개막식+공연+전시+체험 등,20240604,20240604
KCKRSPO23N000001111,관광명소,관광명소_축제,치악산배축제,51,강원특별자치도,51130,원주시,5113011000,단계동,421303219022,강원특별자치도 원주시 무실로 182 (단계동),강원특별자치도 원주시 단계동 803-2 원주원예농협하나로클럽,"182 Musil-ro, Wonju-si, Gangwon-do",2711010100,원주원예농협하나로클럽,4213011000108030001023119,033-737-4131,33604,,37,127,문화정보원,지역 배 판매+품평회 등,20240604,20240604
KCKRSPO23N000001112,관광명소,관광명소_축제,반계리 은행나무축제,,,,,,,,대구광역시 달서구 학산로 45 (월성동),대구광역시 달서구 월성동 281 달서구청,"45 Haksan-ro, Dalseo-gu, Daegu",2711010100,달서구청,2729012000102810000010024,033-000-0000,54572,,32,123,문화정보원,기획전시+체험프로그램 운영 등,20240604,20240604
KCKRSPO23N000001113,관광명소,관광명소_축제,제23회 섬강축제,51,강원특별자치도,51130,원주시,5113033021,지정면 간현리,421304457367,강원특별자치도 원주시 지정면 소금산길 12,강원특별자치도 원주시 지정면 간현리 1056-24,"12 Sogeumsan-gil, Jijeong-myeon, Wonju-si, Gangwon-do",2711010200,,4213033021110560024000001,033-737-5504,36013,,37,127,문화정보원,버스킹 공연+농특산물 직거래 장터 운영 등,20240604,20240604
KCKRSPO23N000001114,관광명소,관광명소_축제,철원 DMZ 평화 꽃송이 축제,51,강원특별자치도,51780,철원군,5178025923,동송읍 장흥리,427803230034,강원특별자치도 철원군 동송읍 태봉로 1799-15,강원특별자치도 철원군 동송읍 장흥리 23-84,"1799-15 Taebong-ro, Dongsong-eup, Cheorwon-gun, Gangwon-do",2711010200,,4278025923100230084025721,033-450-5766,24023,,38,127,문화정보원,"세종대왕 강무행차, k-pop공연, 꽃밭 주야간 개장 등",20240604,20240604
KCKRSPO23N000001115,관광명소,관광명소_축제,DMZ피스트레인 뮤직 페스티벌,51,강원특별자치도,51780,철원군,5178025923,동송읍 장흥리,427803230034,강원특별자치도 철원군 동송읍 태봉로 1825,강원특별자치도 철원군 동송읍 장흥리 20-1 철원군시설관리사업소,"1825 Taebong-ro, Dongsong-eup, Cheorwon-gun, Gangwon-do",2711010200,철원군시설관리사업소,4278025923100200001025232,033-450-5092,24023,,38,127,문화정보원,"음악공연, 무용공연, 국제컨퍼런스 등",20240604,20240604
KCKRSPO23N000001116,관광명소,관광명소_축제,대천해수욕장 조개구이 한마당,44,충청남도,44180,보령시,4418011000,신흑동,441803252015,충청남도 보령시 머드로 123 (신흑동),충청남도 보령시 신흑동 2267-3 해수욕장경영과,"123 Meodeu-ro, Boryeong-si, Chungcheongnam-do",2711010200,해수욕장경영과,4418011000108550001000001,041-933-7051,36173,,36,126,문화정보원,조개구이 시식체험+각종 무대행사 등,20240604,20240604
KCKRSPO23N000001117,관광명소,관광명소_축제,제2회 보령AMC모터페스티벌,44,충청남도,44180,보령시,4418031024,주포면 관산리,441804556143,충청남도 보령시 주포면 대학길 106,충청남도 보령시 주포면 관산리 290-1 아주자동차대학교,"106 Daehak-gil, Jupo-myeon, Boryeong-si, Chungcheongnam-do",2711010200,아주자동차대학교,4418031024102900001038741,041-939-3006,33415,,36,126,문화정보원,튜닝카 전시+짐카나 대회+드리프트 쇼런 등,20240604,20240604
KCKRSPO23N000001118,관광명소,관광명소_축제,제26회 보령머드축제,44,충청남도,44180,보령시,4418011000,신흑동,441804556043,충청남도 보령시 고잠2길 55 (신흑동),충청남도 보령시 신흑동 2283-1,"55 Gojam 2-gil, Boryeong-si, Chungcheongnam-do",2711010200,,4418011000122830001000001,041-930-1525,33489,http://www.mudfestival.or.kr,36,126,문화정보원,머드체험존 등 체험행사+전시판매 홍보행사+공연행사 등,20240604,20240604
KCKRSPO23N000001119,관광명소,관광명소_축제,2023 보령 김축제,44,충청남도,44180,보령시,4418011000,신흑동,441804556651,충청남도 보령시 해수욕장10길 5 (신흑동),충청남도 보령시 신흑동 2269-1,"5 Haesuyokjang 10-gil, Boryeong-si, Chungcheongnam-do",2711010200,,4418011000122690001000001,041-930-6564,63040,,36,126,문화정보원,전국 아줌마 댄스 경연  대회+주부가요열창+축하공연+해양 불꽃놀이,20240604,20240604
KCKRSPO23N000001120,관광명소,관광명소_축제,제20회 성주산단풍축제,44,충청남도,44180,보령시,4418040021,성주면 성주리,441804556687,충청남도 보령시 성주면 화장골길 110-15,충청남도 보령시 성주면 성주리 219 성주문화복지센터,"110-15 Hwajanggol-gil, Seongju-myeon, Boryeong-si, Chungcheongnam-do",2711010200,성주문화복지센터,4418040021102190000000001,041-932-5743,33485,,36,126,문화정보원,어린이 그림그리기 대회+체험부스,20240604,20240604
KCKRSPO23N000001121,관광명소,관광명소_축제,의령 홍의장군축제,48,경상남도,48720,의령군,4872025023,의령읍 동동리,487204817254,경상남도 의령군 의령읍 의병로24길 31-1,경상남도 의령군 의령읍 동동리 877-14,"31-1 Uibyeong-ro 24-gil, Uiryeong-eup, Uiryeong-gun, Gyeongsangnam-do",2711014000,,4872025023114890001019939,055-573-1100,25932,www.의병제전.kr,35,128,문화정보원,의병정신을 공감 공유하고 나라사랑 정신을 계승하고 기리는 축제 / 추모제향+혼불안치+개막식+전국의병주제관+의병출정퍼레이드+의병체험 등,20240604,20240604
KCKRSPO23N000001122,관광명소,관광명소_축제,의령 리치리치 페스티벌,48,경상남도,48720,의령군,4872025021,의령읍 서동리,487204817261,경상남도 의령군 의령읍 의병로8길 44,"경상남도 의령군 의령읍 서동리 543 서동생활공원(종합사회복지관,국민체육센터","44 Uibyeong-ro 8-gil, Uiryeong-eup, Uiryeong-gun, Gyeongsangnam-do",2711013700,"서동생활공원(종합사회복지관,국민체육센터",4872025021105640002017902,055-570-2512,52151,www.uiryeong.go.kr/richrichfestival,35,128,문화정보원,개막식+메인프로그램+상설프로그램등,20240604,20240604
KCKRSPO23N000001123,관광명소,관광명소_축제,의령 신번문화축제,48,경상남도,48720,의령군,4872025022,의령읍 중동리,487203339041,경상남도 의령군 의령읍 충익로 63,경상남도 의령군 의령읍 중동리 261-1 의령군청,"63 Chungik-ro, Uiryeong-eup, Uiryeong-gun, Gyeongsangnam-do",2711013700,의령군청,4872025022102610001019945,055-570-2504,52140,https://www.uiryeong.go.kr/tour/board/view.uiryeong?boardId=FESTIVAL&menuCd=DOM_000000304001000000&dataSid=1087305,35,128,문화정보원,"천년을 이어온 한지의 본고장이자 악성 우륵과 가야금의 탄생지인 부림면(옛 성열현)에서 의령의 대표적인 전통문화인 한지와 가야금을 주제로 체험, 전시, 공연 등 다양한 문화행사와 함께 전국가야금경연대회가 개최되는 세대공감형 축제",20240604,20240604
KCKRSPO23N000001124,관광명소,관광명소_축제,한 여름밤의 음악회(2023 의령사랑 Summer Festival),48,경상남도,48720,의령군,4872025021,의령읍 서동리,487204817261,경상남도 의령군 의령읍 의병로8길 44,"경상남도 의령군 의령읍 서동리 543 서동생활공원(종합사회복지관,국민체육센터","44 Uibyeong-ro 8-gil, Uiryeong-eup, Uiryeong-gun, Gyeongsangnam-do",2711015700,"서동생활공원(종합사회복지관,국민체육센터",4872025021105640002017902,055-570-2503,52151,,35,128,문화정보원,"첼로, 합창, 색소포, 오보에, 성악앙상블 등 악기연주 및 노래",20240604,20240604
KCKRSPO23N000001125,관광명소,관광명소_축제,해맞이 행사,,,,,,,,전북특별자치도 장수군 장수읍 한누리로 393,전북특별자치도 장수군 장수읍 두산리 474 장수한누리전당,"393 Hannuri-ro, Jangsu-eup, Jangsu-gun, Jeonbuk-do",2711015700,장수한누리전당,4574025027104640001010492,053-665-2172,25919,,32,123,문화정보원,"새해 소원빌기 행사+새해안녕기원행사,해맞이공연+먹거리제공 등",20240604,20240604
KCKRSPO23N000001126,관광명소,관광명소_축제,금호강 정월대보름축제,,,,,,,,경상남도 거제시 하청면 거제북로 700,경상남도 거제시 하청면 실전리 880-3,"700 Geojebuk-ro, Hacheong-myeon, Geoje-si, Gyeongsangnam-do",2711012300,,4831038025108800001000001,053-665-2795,,,32,123,문화정보원,"달집태우기, 달맞이 행사 등",20240604,20240604
KCKRSPO23N000001127,관광명소,관광명소_축제,금호강 바람소리길축제,,,,,,,,경상남도 거제시 팔랑포2길 87 (옥포동),경상남도 거제시 옥포동 산1-1 옥포대첩기념공원,"87 Pallangpo 2-gil, Geoje-si, Gyeongsangnam-do",2711012300,옥포대첩기념공원,4831010600200010000058303,053-665-2172,,,32,123,문화정보원,"드론아트쇼, 불꽃놀이, 공연, 전시, 체험 등",20240604,20240604
KCKRSPO23N000001128,관광명소,관광명소_축제,대구 북구 떡볶이 페스티벌,,,,,,,,경상남도 거제시 남부면 남부해안로 30,경상남도 거제시 남부면 저구리 70 남부면사무소,"30 Nambuhaean-ro, Nambu-myeon, Geoje-si, Gyeongsangnam-do",2711012300,남부면사무소,4831033022100700000040515,053-665-2793,,,32,123,문화정보원,떡볶이 페스티벌,20240604,20240604
KCKRSPO23N000001129,관광명소,관광명소_축제,울산조선해양축제,,,,,,,,경상남도 거제시 일운면 거제대로 2056,경상남도 거제시 일운면 구조라리 502,"2056 Geoje-daero, Irun-myeon, Geoje-si, Gyeongsangnam-do",2711012300,,4831031022104470001000001,052-209-3502,26434,http://www.ussf.co.kr,32,123,문화정보원,울산동구의 대표 여름축제,20240604,20240604
KCKRSPO23N000001130,관광명소,관광명소_축제,울산마두희축제,31,울산광역시,31110,중구,3111010600,성남동,311104307257,울산광역시 중구 새즈믄해거리 37 (성남동),울산광역시 중구 성남동 71-5,"37 Saejeumeunhae-geori, Jung-gu, Ulsan",2711012300,,3111010600100710005008472,052-244-2008,44529,http://www.ulsanmaduhee.co.kr,35,129,문화정보원,"320년 역사의 울산 큰줄당기기, 마두희",20240604,20240604
KCKRSPO23N000001131,관광명소,관광명소_축제,태화강국제재즈음악제,31,울산광역시,31110,중구,3111011100,태화동,311104857839,울산광역시 중구 태화강국가정원길 154,울산광역시 중구 태화동 667,,2711012300,,,052-290-3663,26359,https://tour.ulsan.go.kr/kor/unit/fstvl/view.ulsan?mId=001001010000000000&page=1&searchDvsn1=1&picPrsId=&searchType=TITLE&searchTypeEtc1=&searchTxt=EC9EACECA688&unqId=8,35,129,문화정보원,태화강국가정원에서 즐기는 재즈 향연,20240604,20240604
KCKRSPO23N000001132,관광명소,관광명소_축제,119안전문화축제,31,울산광역시,31710,울주군,3171026521,삼남읍 교동리,317103173093,울산광역시 울주군 삼남읍 울산역로 255,울산광역시 울주군 삼남읍 교동리 1683-1,"255 Ulsanyeok-ro, Samnam-eup, Ulju-gun, Ulsan",2711012300,,3171039021116830001000001,052-229-5331,59263,http://fire.ulsan.go.kr/,35,129,문화정보원,"보고, 듣고, 느끼는 오감만족형 안전체험의 장을 마련하여 안전문화의식을 확산하고자 개최하는 2021 울산119안전문화축제",20240604,20240604
KCKRSPO23N000001133,관광명소,관광명소_축제,태화강 대숲 납량축제,31,울산광역시,31110,중구,3111011100,태화동,311104857839,울산광역시 중구 태화강국가정원길 154,울산광역시 중구 태화동 667,,2711012300,,,052-226-7081,59240,http://www.ulsantheatre.or.kr/,35,129,문화정보원,태화강 대숲을 배경의 한 여름밤 납량축제,20240604,20240604
KCKRSPO23N000001134,관광명소,관광명소_지역명소,서머페스티벌,31,울산광역시,31110,중구,3111011500,남외동,311103169028,울산광역시 중구 염포로 55 (남외동),울산광역시 중구 남외동 865 울산종합운동장,"55 Yeompo-ro, Jung-gu, Ulsan",4180025321,울산종합운동장,3111011500108650000025332,052-290-1236,44497,https://www.usmbc.co.kr,35,129,문화정보원,6개 테마별 국내 가수 초청 공연,20240604,20240604
KCKRSPO23N000001135,관광명소,관광명소_지역명소,제19회 광릉숲축제,41,경기도,41360,남양주시,4136025325,진접읍 부평리,413604391815,경기도 남양주시 진접읍 봉선사길 32,경기도 남양주시 진접읍 부평리 255 봉선사,"32 Bongseonsa-gil, Jinjeop-eup, Namyangju-si, Gyeonggi-do",4180025321,봉선사,4136025325102490000025397,031-590-2454,59227,,37,127,문화정보원,광릉숲길 걷기+숲속공연+환경경 체험프로그램 운영 등,20240604,20240604
KCKRSPO23N000001136,관광명소,관광명소_축제,제38회 정약용문화제,41,경기도,41360,남양주시,4136036021,조안면 능내리,413604391249,경기도 남양주시 조안면 다산로747번길 11,경기도 남양주시 조안면 능내리 94 다산정약용선생유적지,"11 Dasan-ro 747beon-gil, Joan-myeon, Namyangju-si, Gyeonggi-do",2711012300,다산정약용선생유적지,4136036021100850002026402,031-590-2799,12283,https://www.nyj.go.kr/thinkj/index.do,37,127,문화정보원,정약용 선생의 정신을 기리는 역사문화축제,20240604,20240604
KCKRSPO23N000001137,관광명소,관광명소_축제,추자도 참굴비 대축제,50,제주특별자치도,50110,제주시,5011032021,추자면 대서리,501103349195,제주특별자치도 제주시 추자면 추자로 3,제주특별자치도 제주시 추자면 대서리 4-39 추자항여객선대합실,"3 Chuja-ro, Chuja-myeon, Jeju-si, Jeju-do",2711015600,추자항여객선대합실,5011032021000040039046189,064-728-4265,59214,,33,126,문화정보원,개막식 및 축하공연·참굴비 축제 체험행사·가족낚시대회·참굴비 어선퍼레이드·추자도 문화예술 행사 등,20240604,20240604
KCKRSPO23N000001138,관광명소,관광명소_축제,동백마을 레스토랑,50,제주특별자치도,50130,서귀포시,5013025326,남원읍 신흥리,501304851111,제주특별자치도 서귀포시 남원읍 한신로531번길 22-2,제주특별자치도 서귀포시 남원읍 신흥리 1769-11,"22-2 Hansin-ro 531beon-gil, Namwon-eup, Seogwipo-si, Jeju-do",2711015600,,5013025326117690011000001,,42429,booking.naver.com/booking/6/bizes/65186/items/5387933?area=pll,33,126,문화정보원,토종동백나무를 300년간 가꾸고 키워낸 동백마을에 주민들이 직접 수확하고 짜낸 동백기름으로 건강한 제주한끼 다이닝을 경험하세요.,20240604,20240604
KCKRSPO23N000001139,관광명소,관광명소_축제,제29회 서귀포칠십리 축제,50,제주특별자치도,50130,서귀포시,5013010200,법환동,501303350224,제주특별자치도 서귀포시 월드컵로 33 (법환동),제주특별자치도 서귀포시 법환동 914 제주월드컵경기장,"33 World cup-ro, Seogwipo-si, Jeju-do",2711015600,제주월드컵경기장,5013010200109140000039678,064-760-3942,42429,,33,126,문화정보원,칠십리마을 문화예술제·댄스 플래시몹·문화예술 난장·청소년 페스타·가요제 및 각종 공연(체험) 등,20240604,20240604
KCKRSPO23N000001140,관광명소,관광명소_축제,제 2회 사계로 페스티벌,50,제주특별자치도,50130,서귀포시,5013031025,안덕면 사계리,501303350316,제주특별자치도 서귀포시 안덕면 형제해안로 13,제주특별자치도 서귀포시 안덕면 사계리 2147-32 마라도잠수함,"13 Hyeongjehaean-ro, Andeok-myeon, Seogwipo-si, Jeju-do",2711010800,마라도잠수함,5013031025121470032000001,0507-1455-204,42429,litt.ly/themong,33,126,문화정보원,산방산 고종달 설화를 배경으로 펼쳐지는 제 2회 사계리 마을 축제,20240604,20240604
KCKRSPO23N000001141,관광명소,관광명소_축제,제4회서귀포은갈치축제,50,제주특별자치도,50130,서귀포시,5013010100,서귀동,501304850891,제주특별자치도 서귀포시 칠십리로72번길 14 (서귀동),제주특별자치도 서귀포시 서귀동 758-4,"14 Chilsimni-ro 72beon-gil, Seogwipo-si, Jeju-do",2711010800,,5013010100107580004033652,064-733-3501,41590,,33,126,문화정보원,수산물 요리교실·새벽 경매장 체험·선상낚시 체험·축하공연 및 수영대회·해녀 퍼레이드·해군 군악대·은갈치 무료 시식회,20240604,20240604
KCKRSPO23N000001142,관광명소,관광명소_축제,2023 세계유산축전-제주화산섬과 용암동굴,50,제주특별자치도,50110,제주시,5011025930,조천읍 선흘리,501103349094,제주특별자치도 제주시 조천읍 선교로 569-36,제주특별자치도 제주시 조천읍 선흘리 478 제주세계자연유산센터,"569-36 Seongyo-ro, Jocheon-eup, Jeju-si, Jeju-do",2711010800,제주세계자연유산센터,5011025930104780000000001,064-755-2210,41590,www.worldheritage.kr/,33,126,문화정보원,세계유산축전 개막식·세계자연유산 마을을 찾아서·세계자연유산 워킹투어·세계자연유산 특별탐험대,20240604,20240604
KCKRSPO23N000001143,관광명소,관광명소_축제,제18회중문칠선녀축제,50,제주특별자치도,50130,서귀포시,5013011900,색달동,501304850761,제주특별자치도 서귀포시 중문관광로110번길 31 (색달동),제주특별자치도 서귀포시 색달동 2889 태디베어뮤지엄,"31 Jungmungwangwang-ro 110beon-gil, Seogwipo-si, Jeju-do",2711010800,태디베어뮤지엄,5013011900128890000039434,064-760-4825,42086,,33,126,문화정보원,칠선녀 공연·칠선녀제봉행·칠선녀 노래자랑 등,20240604,20240604
KCKRSPO23N000001144,관광명소,관광명소_축제,2023 제주펫페어,50,제주특별자치도,50130,서귀포시,5013011200,중문동,501303350251,제주특별자치도 서귀포시 중문관광로 224 (중문동),제주특별자치도 서귀포시 중문동 2700 제주국제컨벤션센터,"224 Jungmungwangwang-ro, Seogwipo-si, Jeju-do",2711010800,제주국제컨벤션센터,5013011200127000000000001,064-711-1002,42731,,33,126,문화정보원,B2B(10.6)와 B2C(10.7-8)가 결합된 형태로 운영되며 바이어들과 매칭서비스를 제공하여 비즈니스 교류의 장이 되고·설채현·김명철 등의 강연자들과 함께하는 교육세미나 등 다양한 프로그램이 진행된다.,20240604,20240604
KCKRSPO23N000001145,관광명소,관광명소_축제,제62회 탐라문화제,50,제주특별자치도,50110,제주시,5011010700,건입동,501103349184,제주특별자치도 제주시 중앙로 1 (건입동),제주특별자치도 제주시 건입동 1444,"1 Jungang-ro, Jeju-si, Jeju-do",2711010800,,5011010700114440000020529,064-753-3287,42731,www.tamnafestival.kr/,33,126,문화정보원,기원문화축제·민속문화축제·예술문화축제·참여문화축제,20240604,20240604
KCKRSPO23N000001146,관광명소,관광명소_축제,구팔일 억새 바당,50,제주특별자치도,50110,제주시,5011025336,애월읍 어음리,501103349188,제주특별자치도 제주시 애월읍 천덕로 880-24,제주특별자치도 제주시 애월읍 어음리 3916 애월스마트테마파크,"880-24 Cheondeok-ro, Aewol-eup, Jeju-si, Jeju-do",2711010800,애월스마트테마파크,5011025336201310000000001,1833-9810,42731,www.981park.com/,33,126,문화정보원,9.81파크 제주가 제주도 억새가 무르익는 계절을 맞이해 반짝이는 은빛 억새와 아름다운 제주 바다를 배경으로 가을 정취를 만끽할 수 있는 억새 축제를 개최한다,20240604,20240604
KCKRSPO23N000001147,관광명소,관광명소_축제,하늘 나는 피카츄 프로젝트 in JEJU,50,제주특별자치도,50110,제주시,5011025336,애월읍 어음리,501103349188,제주특별자치도 제주시 애월읍 천덕로 880-24,제주특별자치도 제주시 애월읍 어음리 3916 애월스마트테마파크,"880-24 Cheondeok-ro, Aewol-eup, Jeju-si, Jeju-do",2711010800,애월스마트테마파크,5011025336201310000000001,,42974,pikachu.jstamp.net/,33,126,문화정보원,여행&피크닉 필수템 가볍고 캐리어에 착붙는 “하늘 나는 피카츄 미니 캐리어(레디백)“ 10월 31일까지 풀·불꽃·물타입 각각의 코스를 클리어하면 추첨을 통해 GET할 수 있어요~,20240604,20240604
KCKRSPO23N000001148,관광명소,관광명소_지역명소,휴애리 동백축제,50,제주특별자치도,50130,서귀포시,5013025329,남원읍 신례리,501303350180,제주특별자치도 서귀포시 남원읍 신례동로 256,제주특별자치도 서귀포시 남원읍 신례리 2081 휴애리,"256 Sillyedong-ro, Namwon-eup, Seogwipo-si, Jeju-do",1126010500,휴애리,5013025329120150004000001,064-732-2114,42974,www.hueree.com,33,126,문화정보원,"2023 휴애리 동백축제는 서귀포시 남원읍 신례리에 위치한 휴애리의 대표 겨울 축제이다.이번 동백축제는 동백올레길,동백온실,동백정원 등 정성스럽게 키운 동백꽃을 공원 곳곳에서 감상할 수 있어 더욱 풍성한 축제가 될 것으로 예상한다.",20240604,20240604
KCKRSPO23N000001149,관광명소,관광명소_지역명소,서문반짝마켓,50,제주특별자치도,50110,제주시,5011010800,용담일동,501104847904,제주특별자치도 제주시 서문로4길 13-2 (용담일동),제주특별자치도 제주시 용담일동 135-9 서문공설시장,"13-2 Seomun-ro 4-gil, Jeju-si, Jeju-do",1165010600,서문공설시장,5011010800101350009019203,064-757-0640,46911,"www.instagram,com/madgnoy",33,126,문화정보원,서문 반짝마켓은 제주 서문공설시장의 상권 활성화를 위해 시장 진입 희망 상인을 발굴하고자 시작된 프로그램으로 전문가의 멘토링 강연과 문화 체험 등 상인과 방문객을 위한 다양한 연계 프로그램이 준비되어 있다.,20240604,20240604
KCKRSPO23N000001150,관광명소,관광명소_지역명소,2023 제주시 소상공인 한마음 박람회,50,제주특별자치도,50110,제주시,5011012700,도두일동,501104848347,제주특별자치도 제주시 오일장서길 26 (도두일동),제주특별자치도 제주시 도두일동 1212,"26 Oiljangseo-gil, Jeju-si, Jeju-do",1126010600,,5011012700112070001000001,,46911,jeju-jejusi.kfme.or.kr,33,126,문화정보원,유명 가수 박군의 개막 축하공연을 시작으로 가수 주미성·김지후의 축하공연과 함께 소상공인 가요제·청소년 페스티벌·어린이 미술대회가 진행되며 소상공인들이 직접 판매하는 홍보 판매부스·지역의 어르신들을 위한 이미용봉사 네일아트와 피부미용봉사·프로필 사진 촬영 등의 다양한 프로그램이 운영된다.,20240604,20240604
KCKRSPO23N000001151,관광명소,관광명소_축제,상효수목원 가을 꽃 축제,50,제주특별자치도,50130,서귀포시,5013010700,상효동,501303020010,제주특별자치도 서귀포시 산록남로 2847-37 (상효동),제주특별자치도 서귀포시 상효동 산25,"2847-37 Sallongnam-ro, Seogwipo-si, Jeju-do",2711010800,,5013010700200250000009247,064-733-2200,63577,www.sanghyowon.com,33,126,문화정보원,가을을 상징하는 단풍나무는 물론 신비로운 핑크색 물결이 장관인 핑크뮬리 만여본과 황홀한 향기를 품은 금목서·은목서와 함께 이번 가을에 새롭게 선보이는 국화 가든멈·소국·대국·국화 현애작등을 새롭게 전시해 상효원을 찾는 관람객들에게 가을의 정취를 느낄 수 있도록 원내를 전시할 예정이다. 이 외에도 산파첸스(봉선화)·멕시칸 세이지등 다양한 가을 초화들도 전시된다.,20240604,20240604
KCKRSPO23N000001152,관광명소,관광명소_축제,2023 제주성주풀이 : 새집지어오람구나,50,제주특별자치도,50110,제주시,5011010200,일도이동,501103349113,제주특별자치도 제주시 신산로 82 (일도이동),제주특별자치도 제주시 일도이동 837-20 제주민속관광타운,"82 Sinsan-ro, Jeju-si, Jeju-do",2711010800,제주민속관광타운,5011010200108370020031437,064-756-0105,54999,,33,126,문화정보원,제주지역의 특색을 소재로 만든 전통예술공연으로 새집을 지어 성주신을 모시고 무사안녕과 번창을 기원하는 제주성주풀이굿을 해제하고 현실을 살아가는 우리들의 이야기로 재구성하여 만든 창작음악굿이다.,20240604,20240604
KCKRSPO23N000001153,관광명소,관광명소_축제,2023 목포항구축제,46,전라남도,46110,목포시,4611010200,산정동,461104643366,전라남도 목포시 삼학로92번길 6 (산정동),전라남도 목포시 산정동 1428-1,"6 Samhak-ro 92beon-gil, Mokpo-si, Jeollanam-do",2711010800,,4611010200114280001015229,061-270-8432,55000,https://www.mokpo.go.kr/tour/festival,34,126,문화정보원,퍼레이드+파시장터+공연+체험 등,20240604,20240604
KCKRSPO23N000001154,관광명소,관광명소_축제,담양대나무축제,46,전라남도,46710,담양군,4671025033,담양읍 학동리,467104853861,전라남도 담양군 담양읍 메타프로방스1길 17,전라남도 담양군 담양읍 학동리 586-1,"17 Metapeurobangseu 1-gil, Damyang-eup, Damyang-gun, Jeollanam-do",2711010800,,4671025033105860001000001,061-380-3152,54895,www.bamboofestival.co.kr,35,127,문화정보원,대나무 관련 전시+체험+공연+판매 등,20240604,20240604
KCKRSPO23N000001155,관광명소,관광명소_축제,담양산타축제,46,전라남도,46710,담양군,4671025033,담양읍 학동리,467104853861,전라남도 담양군 담양읍 메타프로방스1길 17,전라남도 담양군 담양읍 학동리 586-1,"17 Metapeurobangseu 1-gil, Damyang-eup, Damyang-gun, Jeollanam-do",2711010800,,4671025033105860001000001,061-380-3152,55040,,35,127,문화정보원,크리스마스거리조성+크리스마스마켓 운영 등,20240604,20240604
KCKRSPO23N000001156,관광명소,관광명소_축제,추월산벚꽃축제,46,전라남도,46710,담양군,4671038023,용면 추성리,467103286020,전라남도 담양군 용면 추월산로 369,전라남도 담양군 용면 추성리 478-1,"369 Chuwolsan-ro, Yong-myeon, Damyang-gun, Jeollanam-do",2711010800,,4671038023104780001000700,061-380-3152,54901,,35,126,문화정보원,벚꽃노래자랑+특산품판매 등,20240604,20240604
KCKRSPO23N000001157,관광명소,관광명소_축제,창평전통음식문화축제,46,전라남도,46710,담양군,4671034021,창평면 창평리,467104658113,전라남도 담양군 창평면 돌담길 56-24,전라남도 담양군 창평면 창평리 113-1,"56-24 Doldam-gil, Changpyeong-myeon, Damyang-gun, Jeollanam-do",2711010800,,4671034021101130001000001,061-380-3152,55045,,35,127,문화정보원,슬로푸드전시+체험+판매 등,20240604,20240604
KCKRSPO23N000001158,관광명소,관광명소_축제,가로수사랑음악회,46,전라남도,46710,담양군,4671025023,담양읍 지침리,467104658355,전라남도 담양군 담양읍 지침3길 7-5,전라남도 담양군 담양읍 지침리 132-28,"7-5 Jichim 3-gil, Damyang-eup, Damyang-gun, Jeollanam-do",2711010800,,4671025023101330000002623,061-380-3152,55638,,35,126,문화정보원,지역출신가수공연+특집라디오공개방송 등,20240604,20240604
KCKRSPO23N000001159,관광명소,관광명소_지역명소,고서포도축제,46,전라남도,46710,담양군,4671032029,고서면 동운리,467103286001,전라남도 담양군 고서면 가사문학로 325,전라남도 담양군 고서면 동운리 583-4 고서면사무소,"325 Gasamunhak-ro, Goseo-myeon, Damyang-gun, Jeollanam-do",4283031000,고서면사무소,4671032029105830004005114,061-380-3152,53204,,35,126,문화정보원,특산품 홍보+판매,20240604,20240604
KCKRSPO23N000001160,관광명소,관광명소_지역명소,광진구민과 함께하는 숲나루 콘서트,,,,,,,,전북특별자치도 전주시 완산구 기린대로 99 (남노송동),전북특별자치도 전주시 완산구 남노송동 100-1 한옥마을 관광안내소,"99 Girin-daero, Wansan-gu, Jeonju-si, Jeonbuk-do",4283034000,한옥마을 관광안내소,4511112100101000001000001,02-450-7597,53214,,32,123,문화정보원,광진윈드오케스트라공연,20240604,20240604
KCKRSPO23N000001161,관광명소,관광명소_지역명소,광진구민과 함께하는 심포니 콘서트,11,서울특별시,11215,광진구,1121510500,자양동,112153104007,서울특별시 광진구 능동로 76 (자양동),서울특별시 광진구 자양동 227-344 광진문화예술회관 및 구의회청사,"76 Neungdong-ro, Gwangjin-gu, Seoul",4283032021,광진문화예술회관 및 구의회청사,1121510500102270344011527,02-450-7597,53333,,37,127,문화정보원,광진심포니오케스트라공연,20240604,20240604
KCKRSPO23N000001162,관광명소,관광명소_지역명소,2024 아차산 해맞이 축제,11,서울특별시,11215,광진구,1121510400,광장동,112153104009,서울특별시 광진구 워커힐로 127 (광장동),서울특별시 광진구 광장동 5-117 생태자료실,"127 Walkerhill-ro, Gwangjin-gu, Seoul",4276038026,생태자료실,1121510400100050117000001,02-450-7596,53329,,37,127,문화정보원,새해덕담+ 타북공연+ 팝페라공연+ 일출감상,20240604,20240604
KCKRSPO23N000001163,관광명소,관광명소_지역명소,서울장미축제,11,서울특별시,11260,중랑구,1126010400,묵동,112603106011,"서울특별시 중랑구 중랑천로 332 (묵동, 묵동한국아파트)",서울특별시 중랑구 묵동 378 묵동한국아파트,"332 Jungnangcheon-ro, Jungnang-gu, Seoul",4276031028,묵동한국아파트,1126010400103780000032152,02-3407-6531,53320,https://www.jungnang.go.kr/seoulRose/main.do?menuNo=201121+,37,127,문화정보원,장미 개화시기에 맞춰 중랑천 둔치와 수림대 공원에서의 특설 무대 공연과 포토존 및 조각전 등 5.15km 장미터널을 활용한 서울 대표 문화축제,20240604,20240604
KCKRSPO23N000001164,관광명소,관광명소_축제,용마폭포 문화예술축제,11,서울특별시,11260,중랑구,1126010100,면목동,112603005028,서울특별시 중랑구 용마산로 250-12 (면목동),"서울특별시 중랑구 면목동 산1-4 용마배수지, 용마산돌산공원","250-12 Yongmasan-ro, Jungnang-gu, Seoul",2711010800,"용마배수지, 용마산돌산공원",1126010100200010004000001,02-3407-6532,53280,https://www.jnfac.or.kr/festival/yongma_info.html,37,127,문화정보원,클래식·성악 등 가을 분위기에 어울리는 공연+각종 체험행사 등,20240604,20240604
KCKRSPO23N000001165,관광명소,관광명소_축제,안심창조밸리 연꽃마을 축제,,,,,,,,경기도 의정부시 시민로19번길 13 (의정부동),경기도 의정부시 의정부동 488,"13 Simin-ro 19beon-gil, Uijeongbu-si, Gyeonggi-do",2711010800,,4115010100104880000000001,053-964-2901,53285,,32,123,문화정보원,연꽃길 힐링걷기대회+관련 문화행사,20240604,20240604
KCKRSPO23N000001166,관광명소,관광명소_축제,팔공산 왕건축제,,,,,,,,경기도 의정부시 의정로 27 (의정부동),경기도 의정부시 의정부동 352 의정부 도심숲속 청소년 힐링센터,"27 Uijeong-ro, Uijeongbu-si, Gyeonggi-do",2711010800,의정부 도심숲속 청소년 힐링센터,4115010100103520000027630,053-662-3981,,,32,123,문화정보원,왕건관련 체험프로그램+동화천 걷기대회행사+무대행사,20240604,20240604
KCKRSPO23N000001167,관광명소,관광명소_축제,용암산성 옥샘문화재,27,대구광역시,27140,동구,2714010700,도동,271404226316,대구광역시 동구 팔공로24길 171 (도동),대구광역시 동구 도동 978-385 도평동 주민센터,"171 Palgong-ro 24-gil, Dong-gu, Daegu",2711010800,도평동 주민센터,2714010700109780385000001,053-662-3801,41031,,35,128,문화정보원,제례행사+사생대회+끼페스티벌+문화행사,20240604,20240604
KCKRSPO23N000001168,관광명소,관광명소_축제,팔공산 단풍축제,27,대구광역시,27140,동구,2714013300,진인동,271403142001,대구광역시 동구 갓바위로 259 (진인동),대구광역시 동구 진인동 123-19,"259 Gatbawi-ro, Dong-gu, Daegu",2711010800,,2714013300101230019017806,053-984-8667,53320,,35,128,문화정보원,무대공연+단풍길 걷기대회+단풍가요제,20240604,20240604
KCKRSPO23N000001169,관광명소,관광명소_축제,2023 제11회 군산시간여행축제,52,전라북도,52130,군산시,5213011800,중앙로1가,451303268096,전북특별자치도 군산시 중앙로 178,전북특별자치도 군산시 중앙로1가 11-1,,2711010800,,,063-454-3302,54021,http://festival.gunsan.go.kr/,35,126,문화정보원,근대를 축으로 한 시간여행축제,20240604,20240604
KCKRSPO23N000001170,관광명소,관광명소_축제,제36회 고양행주문화제,41,경기도,41281,고양시,4128112600,행주외동,412814376308,경기도 고양시 덕양구 행주로15번길 89 (행주외동),경기도 고양시 덕양구 행주외동 116,"89 Haengju-ro 15beon-gil, Deogyang-gu, Goyang-si, Gyeonggi-do",2711010800,,4128112500100650003020261,031-960-9684,10440,http://www.hjfestival.or.kr,37,126,문화정보원,행주투석전+뮤지컬행주대첩+불꽃드론쇼+수상불꽃놀이+행주민속촌+왜적을잡아라미션게임 등,20240604,20240604
KCKRSPO23N000001171,관광명소,관광명소_축제,2024 고양호수예술축제,41,경기도,41285,고양시,4128510400,장항동,412853192096,경기도 고양시 일산동구 호수로 595 (장항동),경기도 고양시 일산동구 장항동 906 고양꽃전시관,"595 Hosu-ro, Ilsandong-gu, Goyang-si, Gyeonggi-do",2711010800,고양꽃전시관,4128510400109060000000181,031-960-9685,10400,http://www.gylaf.kr,37,126,문화정보원,국내외 거리예술공연 및 시민참여프로그램,20240604,20240604
KCKRSPO23N000001172,관광명소,관광명소_축제,홍성역사인물축제,44,충청남도,44800,홍성군,4480025021,홍성읍 오관리,448004586312,충청남도 홍성군 홍성읍 아문길 27,충청남도 홍성군 홍성읍 오관리 98,"27 Amun-gil, Hongseong-eup, Hongseong-gun, Chungcheongnam-do",2711010800,,4480025021100900006021309,041-634-8706,41006,https://hongju.or.kr/home/main.do,36,126,문화정보원,역사인물관련 체험 및 공연 등,20240604,20240604
KCKRSPO23N000001173,관광명소,관광명소_축제,글로벌바베큐페스티벌,44,충청남도,44800,홍성군,4480025021,홍성읍 오관리,448004586312,충청남도 홍성군 홍성읍 아문길 27,충청남도 홍성군 홍성읍 오관리 98,"27 Amun-gil, Hongseong-eup, Hongseong-gun, Chungcheongnam-do",2711015000,,4480025021100900006021309,041-634-8706,27948,https://hongju.or.kr/home/main.do,36,126,문화정보원,한우바비큐 관련 체험 및 판매,20240604,20240604
KCKRSPO23N000001174,관광명소,관광명소_축제,홍성남당항 새조개축제,44,충청남도,44800,홍성군,4480037027,서부면 남당리,448004586134,충청남도 홍성군 서부면 남당항로213번길 25-62,충청남도 홍성군 서부면 남당리 863 보령해양경찰서 홍성파출소,"25-62 Namdanghang-ro 213beon-gil, Seobu-myeon, Hongseong-gun, Chungcheongnam-do",2711015000,보령해양경찰서 홍성파출소,4480037027108630000000001,041-634-0104,32206,https://www.hongseong.go.kr/tour/index.do,36,126,문화정보원,새조개 판매 및 공연 행사 등,20240604,20240604
KCKRSPO23N000001175,관광명소,관광명소_축제,홍성남당항 대하축제,44,충청남도,44800,홍성군,4480037027,서부면 남당리,448004586134,충청남도 홍성군 서부면 남당항로213번길 25-62,충청남도 홍성군 서부면 남당리 863 보령해양경찰서 홍성파출소,"25-62 Namdanghang-ro 213beon-gil, Seobu-myeon, Hongseong-gun, Chungcheongnam-do",2711015000,보령해양경찰서 홍성파출소,4480037027108630000000001,041-634-0104,32206,https://www.hongseong.go.kr/tour/index.do,36,126,문화정보원,맨손대하잡이 체험 등 공연 및 행사,20240604,20240604
KCKRSPO23N000001176,관광명소,관광명소_축제,광천김토굴새우젓 대축제,44,충청남도,44800,홍성군,4480025322,광천읍 광천리,448004586070,충청남도 홍성군 광천읍 광천로315번길 19,충청남도 홍성군 광천읍 광천리 195-18,"19 Gwangcheon-ro 315beon-gil, Gwangcheon-eup, Hongseong-gun, Chungcheongnam-do",2711014700,,4480025322101950018054558,041-630-9253,32295,https://www.hongseong.go.kr/tour/index.do,36,126,문화정보원,새우젓 시식 등 공연 및 행사,20240604,20240604
KCKRSPO23N000001177,관광명소,관광명소_축제,홍성사랑국화축제,44,충청남도,44800,홍성군,4480037027,서부면 남당리,448004586134,충청남도 홍성군 서부면+P7 남당항로213번길 25-62,충청남도 홍성군 서부면 남당리 863,,2711014700,,,041-630-9109,32206,https://www.hongseong.go.kr/farm/,36,126,문화정보원,국화조형물 전시 및 직거래 판매장 설치,20240604,20240604
KCKRSPO23N000001178,관광명소,관광명소_축제,시흥 거북섬 봄 달콤축제,41,경기도,41390,시흥시,4139012900,장현동,413903199068,경기도 시흥시 시청로 20 (장현동),경기도 시흥시 장현동 300 시흥시청,"20 Sicheong-ro, Siheung-si, Gyeonggi-do",2711014700,시흥시청,4139012900102890012029391,031-310-2917,14998,,37,126,문화정보원,사계절을 테마로 한 특색 있는 축제 개최,20240604,20240604
KCKRSPO23N000001179,관광명소,관광명소_축제,곤양 비봉내 축제,,,,,,,,경기도 의정부시 의정로 27 (의정부동),경기도 의정부시 의정부동 352 의정부 도심숲속 청소년 힐링센터,"27 Uijeong-ro, Uijeongbu-si, Gyeonggi-do",2711014700,의정부 도심숲속 청소년 힐링센터,4115010100103520000027630,,5608,,32,123,문화정보원,"군수 부임행차, 전통민속놀이, 마을음악회, 씨름대회, 어린이 과거제 등",20240604,20240604
KCKRSPO23N000001180,관광명소,관광명소_축제,사천읍성 문화축제,48,경상남도,48240,사천시,4824025000,사천읍,482404832498,경상남도 사천시 사천읍 수양공원길 51,경상남도 사천시 사천읍 선인리 580-2,"51 Suyanggongwon-gil, Sacheon-eup, Sacheon-si, Gyeongsangnam-do",2711014700,,4824025021105800002061400,,5540,,35,128,문화정보원,"성곽 밟기, 풍류 콘서트, 백일장, 사생대회, 노래자랑 등",20240604,20240604
KCKRSPO23N000001181,관광명소,관광명소_지역명소,사천예술제,48,경상남도,48240,사천시,4824010600,동림동,482403019029,경상남도 사천시 삼천포대교로 471 (동림동),경상남도 사천시 동림동 190 사천시문화예술회관,"471 Samcheonpodaegyo-ro, Sacheon-si, Gyeongsangnam-do",4180038000,사천시문화예술회관,4824010600101900000021238,,52553,,34,128,문화정보원,문화공연,20240604,20240604
KCKRSPO23N000001182,관광명소,관광명소_지역명소,하남뮤직페스티벌,41,경기도,41450,하남시,4145010900,망월동,414503000035,경기도 하남시 아리수로 600 (망월동),경기도 하남시 망월동 200,"600 Arisu-ro, Hanam-si, Gyeonggi-do",4180034000,,4145010900102000000000003,031-790-7979,12912,,37,127,문화정보원,음악공연,20240604,20240604
KCKRSPO23N000001183,관광명소,관광명소_지역명소,동구문화예술한마당&막걸리페스티벌,,인천광역시,,동구,,,281403149065,인천광역시 동구 참외전로 125 (동인천역 광장),인천광역시 동구,,4145059000,,,032-770-6923,45015,https://www.icdonggu.go.kr/tour/culture/festival.jsp,37,126,문화정보원,지역예술인ㆍ지역문화예술동아리의 공연을 즐길 수 있는 문화예술의 장이자 막걸리를 빚던 옛 배다리의 인천양조장과 그 영화를 함께한 동구의 역사를 느껴보는 동구의 새로운 축제,20240604,20240604
KCKRSPO23N000001184,관광명소,관광명소_지역명소,제33회 화도진축제,,인천광역시,,동구,,,281403149065,인천광역시 동구 참외전로 125 (동인천역 광장),인천광역시 동구,,4157034000,,,032-770-6923,44205,https://www.icdonggu.go.kr/tour/culture/festival.jsp,37,126,문화정보원,구한말 인천 앞바다 해안 경계를 위해 설치한 화도진을 배경으로한 대표 군영축제,20240604,20240604
KCKRSPO23N000001185,관광명소,관광명소_지역명소,제34회 화도진축제,,인천광역시,,동구,,,281403149065,인천광역시 동구 참외전로 125 (동인천역 광장),인천광역시 동구,,4157035000,,,032-770-6923,44780,https://www.icdonggu.go.kr/tour/culture/festival.jsp,37,126,문화정보원,구한말 인천 앞바다 해안 경계를 위해 설치한 화도진을 배경으로한 대표 군영축제,20240604,20240604
KCKRSPO23N000001186,관광명소,관광명소_지역명소,2023년 화수부두 축제,28,인천광역시,28140,동구,2814010200,화수동,281403150030,인천광역시 동구 화수부두로 16 (화수동),인천광역시 동구 화수동 311-1,"16 Hwasubudu-ro, Dong-gu, Incheon",4157036000,,2814010200103110001000001,032-770-6923,44635,https://www.icdonggu.go.kr/tour/culture/festival.jsp,37,126,문화정보원,동구의 대표항구인 화수부두를 배경으로 한 어항축제,20240604,20240604
KCKRSPO23N000001187,관광명소,관광명소_지역명소,홍성남당항 바다송어축제,44,충청남도,44800,홍성군,4480037027,서부면 남당리,448004586134,충청남도 홍성군 서부면 남당항로213번길 25-62,충청남도 홍성군 서부면 남당리 863 보령해양경찰서 홍성파출소,"25-62 Namdanghang-ro 213beon-gil, Seobu-myeon, Hongseong-gun, Chungcheongnam-do",4157035000,보령해양경찰서 홍성파출소,4480037027108630000000001,041-634-0104,44457,https://www.hongseong.go.kr/kor/index.do,36,126,문화정보원,"바다송어 판매 및 공연, 행사",20240604,20240604
KCKRSPO23N000001188,관광명소,관광명소_축제,갈산 옹기 축제,44,충청남도,44800,홍성군,4480038032,갈산면 동성리,448004586023,충청남도 홍성군 갈산면 갈산서길475번길 128,충청남도 홍성군 갈산면 동성리 110-19,"128 Galsanseo-gil 475beon-gil, Galsan-myeon, Hongseong-gun, Chungcheongnam-do",3023012500,,4480038032101100019009695,041-630-9464,32200,https://hongseong.go.kr/em/sub10_01.do,36,126,문화정보원,"갈산 옹기 테마 공연, 체험, 기타 프로그램 운영",20240604,20240604
KCKRSPO23N000001189,관광명소,관광명소_축제,홍성군 가족축제,44,충청남도,44800,홍성군,4480025021,홍성읍 오관리,448004586312,충청남도 홍성군 홍성읍 아문길 27,충청남도 홍성군 홍성읍 오관리 98,"27 Amun-gil, Hongseong-eup, Hongseong-gun, Chungcheongnam-do",3023012500,,4480025021100900006021309,041-630-1635,44951,https://hongseong.go.kr/kor/sub04_040601.do,36,126,문화정보원,다양한 가족프로그램 체험 및 부스운영,20240604,20240604
KCKRSPO23N000001190,관광명소,관광명소_축제,구항한우축제,44,충청남도,44800,홍성군,4480039022,구항면 오봉리,448004586097,충청남도 홍성군 구항면 구항길 109,충청남도 홍성군 구항면 오봉리 735-1,"109 Guhang-gil, Guhang-myeon, Hongseong-gun, Chungcheongnam-do",3023012500,,4480039022107350001004670,041-630-9483,44952,https://hongseong.go.kr/em/sub11_01.do,36,126,문화정보원,"벚꽃 테마 행사 운영, 구항한우 판매 및 무료시식회 등",20240604,20240604
KCKRSPO23N000001191,관광명소,관광명소_축제,제11회 낙동강 구포나루 축제,26,부산광역시,26320,북구,2632010500,구포동,263204196079,부산광역시 북구 낙동대로1570번길 33 (구포동),부산광역시 북구 구포동 1124-1 북구청,"33 Nakdong-daero 1570beon-gil, Buk-gu, Busan",3023010700,북구청,2632010500111240001007558,051-309-4522,41759,https://www.bsbukgu.go.kr/tour/index.bsbukgu?menuCd=DOM_000000402001001000,35,128,문화정보원,개막식+체험+공연+전시등,20240604,20240604
KCKRSPO23N000001192,관광명소,관광명소_축제,2024 에덴벚꽃길 벚꽃축제,41,경기도,41820,가평군,4182032522,청평면 상천리,418204854176,경기도 가평군 청평면 에덴벚꽃길 139,경기도 가평군 청평면 상천리 1624-2,"139 Edenbeotkkot-gil, Cheongpyeong-myeon, Gapyeong-gun, Gyeonggi-do",3017011200,,4182032522116240002002138,031-585-0025,41759,olivestar.kr/festival/beotkkot2024/index.html,37,127,문화정보원,벚꽃축제,20240604,20240604
KCKRSPO23N000001193,관광명소,관광명소_축제,글로벌 아웃도어 캠핑페어,41,경기도,41820,가평군,4182025022,가평읍 대곡리,418203216034,경기도 가평군 가평읍 자라섬로 60,경기도 가평군 가평읍 대곡리 27-14 자라섬안내소,"60 Jaraseom-ro, Gapyeong-eup, Gapyeong-gun, Gyeonggi-do",3020011100,자라섬안내소,4182025022100270014001775,02-6959-5622,12421,thankqcamping.com,37,127,문화정보원,캠핑페어,20240604,20240604
KCKRSPO23N000001194,관광명소,관광명소_축제,2024 캠핑 요리축제,41,경기도,41820,가평군,4182025022,가평읍 대곡리,418203216034,경기도 가평군 가평읍 자라섬로 60,경기도 가평군 가평읍 대곡리 27-14 자라섬안내소,"60 Jaraseom-ro, Gapyeong-eup, Gapyeong-gun, Gyeonggi-do",3023055000,자라섬안내소,4182025022100270014001775,02-6906-2600,41777,isplus.com,37,127,문화정보원,요리축제,20240604,20240604
KCKRSPO23N000001195,관광명소,관광명소_축제,2024 KOVEA CAMPING FESTIVAL (KOCAF),41,경기도,41820,가평군,4182025022,가평읍 대곡리,418203216034,경기도 가평군 가평읍 자라섬로 60,경기도 가평군 가평읍 대곡리 27-14 자라섬안내소,"60 Jaraseom-ro, Gapyeong-eup, Gapyeong-gun, Gyeonggi-do",3011072500,자라섬안내소,4182025022100270014001775,02-568-2564,12421,kovea.co.kr,37,127,문화정보원,캠핑페스티벌,20240604,20240604
KCKRSPO23N000001196,관광명소,관광명소_축제,자라섬 꽃 페스타,41,경기도,41820,가평군,4182025022,가평읍 대곡리,418203216034,경기도 가평군 가평읍 자라섬로 60,경기도 가평군 가평읍 대곡리 27-14 자라섬안내소,"60 Jaraseom-ro, Gapyeong-eup, Gapyeong-gun, Gyeonggi-do",3011072500,자라섬안내소,4182025022100270014001775,031-580-2098,11622,https://www.gptour.go.kr/,37,127,문화정보원,꽃 정원+공연+체험프로그램+농특산물 판매부스 운영,20240604,20240604
KCKRSPO23N000001197,관광명소,관광명소_지역명소,자라섬 꽃 페스타,41,경기도,41820,가평군,4182025022,가평읍 대곡리,418203216034,경기도 가평군 가평읍 자라섬로 60,경기도 가평군 가평읍 대곡리 27-14 자라섬안내소,"60 Jaraseom-ro, Gapyeong-eup, Gapyeong-gun, Gyeonggi-do",4822051000,자라섬안내소,4182025022100270014001775,031-580-2098,36315,https://www.gptour.go.kr/,37,127,문화정보원,꽃 정원+공연+체험프로그램+농특산물 판매부스 운영,20240604,20240604
KCKRSPO23N000001198,관광명소,관광명소_지역명소,KT VOYAGE TO JARASUM,41,경기도,41820,가평군,4182025022,가평읍 대곡리,418203216034,경기도 가평군 가평읍 자라섬로 60,경기도 가평군 가평읍 대곡리 27-14 자라섬안내소,"60 Jaraseom-ro, Gapyeong-eup, Gapyeong-gun, Gyeonggi-do",4831033000,자라섬안내소,4182025022100270014001775,02-3471-0365,12421,membership.kt.com,37,127,문화정보원,뮤직 페스티벌,20240604,20240604
KCKRSPO23N000001199,관광명소,관광명소_지역명소,2024 이슬라이브 페스티벌,41,경기도,41820,가평군,4182025022,가평읍 대곡리,418203216034,경기도 가평군 가평읍 자라섬로 60,경기도 가평군 가평읍 대곡리 27-14 자라섬안내소,"60 Jaraseom-ro, Gapyeong-eup, Gapyeong-gun, Gyeonggi-do",4831031000,자라섬안내소,4182025022100270014001775,080-210-0150,12421,hitejinro.com,37,127,문화정보원,뮤직 페스티벌,20240604,20240604
KCKRSPO23N000001200,관광명소,관광명소_지역명소,제21회 자라섬 재즈페스티벌,41,경기도,41820,가평군,4182025022,가평읍 대곡리,418203216034,경기도 가평군 가평읍 자라섬로 60,경기도 가평군 가평읍 대곡리 27-14 자라섬안내소,"60 Jaraseom-ro, Gapyeong-eup, Gapyeong-gun, Gyeonggi-do",4831059000,자라섬안내소,4182025022100270014001775,031-581-2813,6578,jarasumjazz.com,37,127,문화정보원,재즈페스티벌,20240604,20240604
KCKRSPO23N000001201,관광명소,관광명소_지역명소,춘장대해수욕장 여름문화예술축제,44,충청남도,44770,서천군,4477041028,서면 도둔리,447704580808,충청남도 서천군 서면 춘장대길 20,충청남도 서천군 서면 도둔리 1319 춘장대종합관리사무소,"20 Chunjangdae-gil, Seo-myeon, Seocheon-gun, Chungcheongnam-do",4831033000,춘장대종합관리사무소,4477041028113190000100019,041-950-4016,6749,http://tour.seocheon.go.kr,36,126,문화정보원,한여름밤의 트롯이야기+춘장대 시네마+춘장대 푸파 페스티벌 등,20240604,20240604
KCKRSPO23N000001202,관광명소,관광명소_지역명소,자연산 광어.도미 축제,44,충청남도,44770,서천군,4477041022,서면 마량리,447703260009,충청남도 서천군 서면 서인로 56,충청남도 서천군 서면 마량리 339-6,"56 Seoin-ro, Seo-myeon, Seocheon-gun, Chungcheongnam-do",4831033000,,4477041022103390006022976,041-950-4016,33604,http://tour.seocheon.go.kr,36,126,문화정보원,맨손으로 광어잡기 체험+기념공원에서 보물찾기,20240604,20240604
KCKRSPO23N000001203,관광명소,관광명소_지역명소,마량포 해넘이.해돋이 축제,44,충청남도,44770,서천군,4477041022,서면 마량리,447703260009,충청남도 서천군 서면 서인로 56,충청남도 서천군 서면 마량리 339-6,"56 Seoin-ro, Seo-myeon, Seocheon-gun, Chungcheongnam-do",4831036000,,4477041022103390006022976,041-950-4016,6738,http://tour.seocheon.go.kr,36,126,문화정보원,새해 떡국나눔행사+불꽃놀이+버스킹 공연+소원등 달기,20240604,20240604
KCKRSPO23N000001204,관광명소,관광명소_축제,홍원항 자연산 전어.꽃게 축제,44,충청남도,44770,서천군,4477041028,서면 도둔리,447704580916,충청남도 서천군 서면 홍원길 130-3,충청남도 서천군 서면 도둔리 1222-7 화장실,"130-3 Hongwon-gil, Seo-myeon, Seocheon-gun, Chungcheongnam-do",3011072500,화장실,4477041028112220007020705,041-950-4016,6767,http://tour.seocheon.go.kr,36,126,문화정보원,맨손으로 전어 잡기 체험+추억의 놀이 체험+숨겨진 보물을 찾아라+비눗방울 놀이 등,20240604,20240604
KCKRSPO23N000001205,관광명소,관광명소_축제,한산모시문화제,44,충청남도,44770,서천군,4477034021,한산면 지현리,447703259240,충청남도 서천군 한산면 충절로 1089,충청남도 서천군 한산면 지현리 60-1 한산모시관,"1089 Chungjeol-ro, Hansan-myeon, Seocheon-gun, Chungcheongnam-do",3011072500,한산모시관,4477034021100600001042803,041-950-4256,33624,www.hansanmosi.kr/,36,126,문화정보원,한산모시를 주제로 하는 다양한 프로그램 운영,20240604,20240604
KCKRSPO23N000001206,관광명소,관광명소_축제,서천철새여행,44,충청남도,44770,서천군,4477031033,마서면 도삼리,447703260029,충청남도 서천군 마서면 장산로 916,충청남도 서천군 마서면 도삼리 59 서천군조류생태전시관,"916 Jangsan-ro, Maseo-myeon, Seocheon-gun, Chungcheongnam-do",3023010700,서천군조류생태전시관,4477031033100590000036923,041-950-4256,33657,http://tour.seocheon.go.kr,36,126,문화정보원,철새 탐조 및 철새 관련 문화행사,20240604,20240604
KCKRSPO23N000001207,관광명소,관광명소_축제,서천군 동백꽃 주꾸미 축제,44,충청남도,44770,서천군,4477041022,서면 마량리,447703260009,충청남도 서천군 서면 서인로 56,충청남도 서천군 서면 마량리 339-6,"56 Seoin-ro, Seo-myeon, Seocheon-gun, Chungcheongnam-do",3020012700,,4477041022103390006022976,041-950-4016,6757,http://tour.seocheon.go.kr,36,126,문화정보원,주꾸미 잡기 체험+각종 체험 프로그램 등,20240604,20240604
KCKRSPO23N000001208,관광명소,관광명소_축제,익산서동축제,52,전북특별자치도,52140,익산시,5214040021,금마면 동고도리,451404607046,전북특별자치도 익산시 금마면 고도9길 41-14,전북특별자치도 익산시 금마면 동고도리 534-3,"41-14 Godo 9-gil, Geumma-myeon, Iksan-si, Jeonbuk-do",3014011900,,4514040021105330027017478,063-859-5826,24713,https://seodong.iksan.go.kr/,36,127,문화정보원,무왕제례+유등전시+개막행사+공연+전시+체험,20240604,20240604
KCKRSPO23N000001209,관광명소,관광명소_축제,영주 한국선비문화축제,47,경상북도,47210,영주시,4721037026,순흥면 청구리,472103309083,경상북도 영주시 순흥면 소백로 2796,경상북도 영주시 순흥면 청구리 357,"2796 Sobaek-ro, Sunheung-myeon, Yeongju-si, Gyeongsangbuk-do",3014011900,,4721037026103570000014551,,54999,,36,128,문화정보원,공연+전시+거리퍼레이드,20240604,20240604
KCKRSPO23N000001210,관광명소,관광명소_축제,영주 소백산철쭉제,,,,,,,,경기도 파주시 문산읍 임진각로 177,경기도 파주시 문산읍 사목리 494-1 임진각,"177 Imjingak-ro, Munsan-eup, Paju-si, Gyeonggi-do",2629053000,임진각,4148025026104910009045435,,55000,,32,123,문화정보원,공연+이벤트프로그램+철쭉행사,20240604,20240604
KCKRSPO23N000001211,관광명소,관광명소_축제,영주 시원(ONE)축제,,,,,,,,경기도 파주시 문산읍 임진각로 177,경기도 파주시 문산읍 사목리 494-1 임진각,"177 Imjingak-ro, Munsan-eup, Paju-si, Gyeonggi-do",2644010100,임진각,4148025026104910009045435,,55040,,32,123,문화정보원,공연+전시+플리마켓 장터운영+물놀이장,20240604,20240604
KCKRSPO23N000001212,관광명소,관광명소_축제,영주 무섬외나무다리축제,47,경상북도,47210,영주시,4721033029,문수면 수도리,472104727216,경상북도 영주시 문수면 무섬로234번길 31-12,경상북도 영주시 문수면 수도리 222,"31-12 Museom-ro 234beon-gil, Munsu-myeon, Yeongju-si, Gyeongsangbuk-do",2623010200,,4721033029102220000012764,,11622,,36,128,문화정보원,외나무다리 퍼포먼스+전통혼례 재연행사+전통상여행렬 재연행사+샌드아트,20240604,20240604
KCKRSPO23N000001213,관광명소,관광명소_축제,경북영주 풍기인삼축제,,,,,,,,인천광역시 동구 석수로 90 (만석동),인천광역시 동구 만석동 18-3 인천광역시동구보건소,"90 Seoksu-ro, Dong-gu, Incheon",2623010800,인천광역시동구보건소,2814010100100180003188801,,11622,,32,123,문화정보원,풍기인삼판매부스운영+풍기인삼홍보관운영+공연+이벤트프로그램,20240604,20240604
KCKRSPO23N000001214,관광명소,관광명소_축제,영주장날 농특산물대축제,,,,,,,,인천광역시 동구 석수로 90 (만석동),인천광역시 동구 만석동 18-3 인천광역시동구보건소,"90 Seoksu-ro, Dong-gu, Incheon",2632010500,인천광역시동구보건소,2814010100100180003188801,,11814,,32,123,문화정보원,농특산물 판매행사+농특산물 홍보관운영+전시+공연,20240604,20240604
KCKRSPO23N000001215,관광명소,관광명소_지역명소,2023 제25회 제주들불축제,50,제주특별자치도,50110,제주시,5011025339,애월읍 봉성리,501104849121,제주특별자치도 제주시 애월읍 화전길 201,제주특별자치도 제주시 애월읍 봉성리 52-3 타미우스CC,"201 Hwajeon-gil, Aewol-eup, Jeju-si, Jeju-do",4772033000,타미우스CC,5011025339000520000025207,064-728-2752,11622,https://www.jejusi.go.kr/buriburi/main.do,33,126,문화정보원,희망을 품은 제주들불 세계를 밝히다,20240604,20240604
KCKRSPO23N000001216,관광명소,관광명소_지역명소,삼척정월대보름제,,,,,,,,강원도 강원도 삼척시청 엑스포로 45,강원도 삼척시,,4785032000,,,033-573-2882,11623,http://www.fullmoonfestival.or.kr/,37,129,문화정보원,개막식+제례행사+문화재행사+민속놀이행사 등 9개분야 46종,20240604,20240604
KCKRSPO23N000001217,관광명소,관광명소_축제,삼척맹방유채꽃행사,51,강원특별자치도,51230,삼척시,5123031021,근덕면 상맹방리,422303224019,강원특별자치도 삼척시 근덕면 삼척로 3916-112,강원특별자치도 삼척시 근덕면 상맹방리 174-1 상맹방1리마을회관,"3916-112 Samcheok-ro, Geundeok-myeon, Samcheok-si, Gangwon-do",2653010100,상맹방1리마을회관,4223031021101740001000001,033-570-3375,11622,http://tour.samcheok.go.kr/03joy/02_03.jsp,37,129,문화정보원,농축특산물 판매장 및 향토 먹거리장터 운영+유채꽃 사진전+유채꽃따라 걷기대회 등(코로나-19 확산방지로 행사취소),20240604,20240604
KCKRSPO23N000001218,관광명소,관광명소_축제,황영조 국제 마라톤 대회,,,,,,,,강원도 강원도 삼척시청 엑스포로 45,강원도 삼척시,,2638010300,,,033-570-3813,11622,,37,129,문화정보원,황영조 국제 마라톤 대회,20240604,20240604
KCKRSPO23N000001219,관광명소,관광명소_축제,삼척장미축제,,,,,,,,강원도 강원도 삼척시청 오십천로 536,강원도 삼척시,,2650010500,,,033-570-3082,11622,,37,129,문화정보원,공연+먹거리+체험+기타,20240604,20240604
KCKRSPO23N000001220,관광명소,관광명소_축제,삼척비치썸페스티벌,,,,,,,,강원도 강원도 삼척시청 테마타운길 19,강원도 삼척시,,2650010500,,,033-570-3081,11777,,37,129,문화정보원,공연+먹거리+체험+기타,20240604,20240604
KCKRSPO23N000001221,관광명소,관광명소_축제,삼척동해왕이사부축제,51,강원특별자치도,51230,삼척시,5123011900,성남동,422303224037,강원특별자치도 삼척시 엑스포로 45 (성남동),강원특별자치도 삼척시 성남동 2 삼척문화예술회관,"45 Expo-ro, Samcheok-si, Gangwon-do",2620012000,삼척문화예술회관,4223011900100010005000001,033-570-3073,11622,http://www.yisabu.com,37,129,문화정보원,공연+퍼레이드+체험+연계행사 등,20240604,20240604
KCKRSPO23N000001222,관광명소,관광명소_축제,삼척평생학습박람회 및 책축제,,,,,,,,강원도 강원도 삼척시청 청석로3길 16-41,강원도 삼척시,,2620012100,,,033-570-4432,11623,http://lifelong.samcheok.go.kr/main/,37,129,문화정보원,개막식+평생학습유공자 포상+체험 홍보부스 운영+작품전시+공연 발표+책관련 행사 등,20240604,20240604
KCKRSPO23N000001223,관광명소,관광명소_축제,삼척종합예술제,,,,,,,,강원도 강원도 삼척시청 엑스포로 45,강원도 삼척시,,2635010600,,,033-570-3224,11696,,37,129,문화정보원,(사)한국예총 삼척지회 산하 7개 협회 공연+전시 등 행사 추진,20240604,20240604
KCKRSPO23N000001224,관광명소,관광명소_축제,삼척민족예술제,,,,,,,,강원도 강원도 삼척시청 엑스포로 45,강원도 삼척시,,2635010600,,,033-570-3224,11752,,37,129,문화정보원,역사이야기 삼척 그.때.그.날(융복합극) 및 전시(사진+한지공예+섬유공예+인형+미술 등) 및 체험교실,20240604,20240604
KCKRSPO23N000001225,관광명소,관광명소_축제,치악산배축제,51,강원특별자치도,51130,원주시,5113011000,단계동,421303219022,강원특별자치도 원주시 무실로 182 (단계동),강원특별자치도 원주시 단계동 803-2 원주원예농협하나로클럽,"182 Musil-ro, Wonju-si, Gangwon-do",2635010600,원주원예농협하나로클럽,4213011000108030001023119,033-737-4131,11622,,37,127,문화정보원,지역 배 판매+품평회 등,20240604,20240604
KCKRSPO23N000001226,관광명소,관광명소_축제,반계리 은행나무축제,,,,,,,,부산광역시 해운대구 중동2로 11 (중동),부산광역시 해운대구 중동 1378-95 해운대구청,"11 Jungdong 2-ro, Haeundae-gu, Busan",2635010600,해운대구청,2635010600113780095002835,033-000-0000,11622,,32,123,문화정보원,기획전시+체험프로그램 운영 등,20240604,20240604
KCKRSPO23N000001227,관광명소,관광명소_축제,제23회 섬강축제,51,강원특별자치도,51130,원주시,5113033021,지정면 간현리,421304457367,강원특별자치도 원주시 지정면 소금산길 12,강원특별자치도 원주시 지정면 간현리 1056-24,"12 Sogeumsan-gil, Jijeong-myeon, Wonju-si, Gangwon-do",2635010600,,4213033021110560024000001,033-737-5504,11752,,37,127,문화정보원,버스킹 공연+농특산물 직거래 장터 운영 등,20240604,20240604
KCKRSPO23N000001228,관광명소,관광명소_축제,강진청자축제,46,전라남도,46810,강진군,4681033022,대구면 사당리,468104679379,전라남도 강진군 대구면 청자촌길 33,전라남도 강진군 대구면 사당리 127 청자사업소,"33 Cheongjachon-gil, Daegu-myeon, Gangjin-gun, Jeollanam-do",2635010600,청자사업소,4681033022101270000020002,061-430-3352,11752,http://www.gangjin.go.kr/culture/,34,126,문화정보원,1000년전 청자문화를 꽃피웠던 청자의 고장 강진에서 불과 빛을 주제로 하는 도예 체험으로 강진청자의 아름다움과 섬세함을 느껴볼 수 있는 겨울축제,20240604,20240604
KCKRSPO23N000001229,관광명소,관광명소_축제,강진만 춤추는 갈대축제,46,전라남도,46810,강진군,4681025025,강진읍 목리,468103293010,전라남도 강진군 강진읍 남당로 97-23,전라남도 강진군 강진읍 목리 128-1,"97-23 Namdang-ro, Gangjin-eup, Gangjin-gun, Jeollanam-do",2635010600,,4681025025101280001601920,061-430-3354,11622,http://www.gangjin.go.kr/culture/,34,126,문화정보원,가을의 정취와 추억을 체험하는 남도답사 1번지 이미지 창출과 갈대·음악·자연을 대표하는 명품 축제,20240604,20240604
KCKRSPO23N000001230,관광명소,관광명소_축제,강진하맥축제,,,,,,,,부산광역시 해운대구 중동2로 11 (중동),부산광역시 해운대구 중동 1378-95 해운대구청,"11 Jungdong 2-ro, Haeundae-gu, Busan",2641011300,해운대구청,2635010600113780095002835,061-430-3352,11622,http://www.gangjin.go.kr/culture/,32,123,문화정보원,강진 고유의 하멜촌 맥주를 판매·홍보하여 경쟁력 제고 및 치맥과 공연을 즐길 수 있는 여름 축제로의 도약,20240604,20240604
KCKRSPO23N000001231,관광명소,관광명소_축제,강진수국길축제,46,전라남도,46810,강진군,4681025022,강진읍 남성리,468104679016,전라남도 강진군 강진읍 고성길 174,전라남도 강진군 강진읍 남성리 산5-5 보은산V랜드물놀이장,"174 Goseong-gil, Gangjin-eup, Gangjin-gun, Jeollanam-do",2641010900,보은산V랜드물놀이장,4681025022200050001000001,061-430-3357,11622,http://www.gangjin.go.kr/culture/,34,126,문화정보원,"강진읍 고성사, 금곡사, 보은사 등산로를 중심으로 총 8km달하는 수국 꽃길 관광 상품화",20240604,20240604
KCKRSPO23N000001232,관광명소,관광명소_축제,강진 월출산봄소풍가는날 축제,,,,,,,,부산광역시 해운대구 중동2로 11 (중동),부산광역시 해운대구 중동 1378-95 해운대구청,"11 Jungdong 2-ro, Haeundae-gu, Busan",2644051000,해운대구청,2635010600113780095002835,061-430-3357,11622,http://www.gangjin.go.kr/culture/,32,123,문화정보원,월출산 자락의 수려한 자연경관을 배경으로 축제를 개최하여 깨끗하고 아름다운 강진 이미지 제고,20240604,20240604
KCKRSPO23N000001233,관광명소,관광명소_축제,전라병영성축제,46,전라남도,46810,강진군,4681038024,병영면 성동리,468103293020,전라남도 강진군 병영면 병영성로 175,전라남도 강진군 병영면 성동리 320-8 전라병영성 동문,"175 Byeongyeongseong-ro, Byeongyeong-myeon, Gangjin-gun, Jeollanam-do",2647010100,전라병영성 동문,4681038024103190010400026,061-430-3354,11752,http://www.gangjin.go.kr/culture/,34,126,문화정보원,강진을 대한민국 호국정신 성지로 이어가는 역사교육 도시로 재탄생,20240604,20240604
KCKRSPO23N000001234,관광명소,관광명소_축제,제29회 대덕제 「대구앞산축제」,27,대구광역시,27200,남구,2720010200,봉덕동,272003141015,대구광역시 남구 이천로 51 (봉덕동),"대구광역시 남구 봉덕동 565-5 남구청, 남구의회","51 Icheon-ro, Nam-gu, Daegu",2620012100,"남구청, 남구의회",2720010200105650005023749,053-664-3262,11622,http://www.nam.daegu.kr/,35,128,문화정보원,"개막식, 축하공연, 체험부스, 먹거리 운영 등",20240604,20240604
KCKRSPO23N000001235,관광명소,관광명소_축제,제12회 로드페스티벌,27,대구광역시,27200,남구,2720010200,봉덕동,272003141015,대구광역시 남구 이천로 51 (봉덕동),"대구광역시 남구 봉덕동 565-5 남구청, 남구의회","51 Icheon-ro, Nam-gu, Daegu",2626010700,"남구청, 남구의회",2720010200105650005023749,053-664-3263,11814,http://www.nam.daegu.kr/,35,128,문화정보원,"개막식, 축하공연, 체험부스 등",20240604,20240604
KCKRSPO23N000001236,관광명소,관광명소_축제,2024 대구할로윈축제,27,대구광역시,27200,남구,2720010200,봉덕동,272003141015,대구광역시 남구 이천로 51 (봉덕동),"대구광역시 남구 봉덕동 565-5 남구청, 남구의회","51 Icheon-ro, Nam-gu, Daegu",2626010700,"남구청, 남구의회",2720010200105650005023749,053-664-3262,11644,http://www.nam.daegu.kr/,35,128,문화정보원,"할로윈 퍼레이드, 할로윈 코스튬콘테스트 등",20240604,20240604
KCKRSPO23N000001237,관광명소,관광명소_축제,제4회 떡볶이 페스티벌,27,대구광역시,27230,북구,2723010600,침산동,272303007021,대구광역시 북구 옥산로 65 (침산동),대구광역시 북구 침산동 447-16,"65 Oksan-ro, Buk-gu, Daegu",2653010100,,2723010600104470016038801,053-665-2793,41590,http://www.buk.daegu.kr/,35,128,문화정보원,"떡볶이 콘테스트, 시민 체험행사 등",20240604,20240604
KCKRSPO23N000001238,관광명소,관광명소_축제,2024 금호강 바람소리길 축제,27,대구광역시,27230,북구,2723010600,침산동,272303007021,대구광역시 북구 옥산로 65 (침산동),대구광역시 북구 침산동 447-16,"65 Oksan-ro, Buk-gu, Daegu",2614012400,,2723010600104470016038801,053-665-2172,11622,http://www.buk.daegu.kr/,35,128,문화정보원,"금호강 스토리텔링 공연,수상프로그램 등",20240604,20240604
KCKRSPO23N000001239,관광명소,관광명소_축제,수성못페스티벌,27,대구광역시,27260,수성구,2726010100,범어동,272602007002,대구광역시 수성구 달구벌대로 2450 (범어동),대구광역시 수성구 범어동 238-3 수성구청,"2450 Dalgubeol-daero, Suseong-gu, Daegu",2614012400,수성구청,2726010100102380003021093,053-668-1504,52307,http://www.suseong.kr/,35,128,문화정보원,"주제공연, 수상음악회, 청소년오케스트라, 퓨전국악콘서트, 들안길 푸드페스티벌",20240604,20240604
KCKRSPO23N000001240,관광명소,관광명소_지역명소,장미꽃 필 무렵,27,대구광역시,27290,달서구,2729012000,월성동,272903147045,대구광역시 달서구 학산로 45 (월성동),대구광역시 달서구 월성동 281 달서구청,"45 Haksan-ro, Dalseo-gu, Daegu",2915569000,달서구청,2729012000102810000010024,053-667-2174,52318,http://www.dalseo.daegu.kr/,35,128,문화정보원,"개막 축하공연, 로즈패밀리 퍼포먼스, 로즈 플레이존",20240604,20240604
KCKRSPO23N000001241,관광명소,관광명소_지역명소,선사문화체험축제,27,대구광역시,27290,달서구,2729012000,월성동,272903147045,대구광역시 달서구 학산로 45 (월성동),대구광역시 달서구 월성동 281 달서구청,"45 Haksan-ro, Dalseo-gu, Daegu",2920055000,달서구청,2729012000102810000010024,053-667-2194,52332,http://www.dalseo.daegu.kr/,35,128,문화정보원,"선사음악회, 선사그림그리기대회., 선사체험부스 등",20240604,20240604
KCKRSPO23N000001242,관광명소,관광명소_지역명소,희망달서 대축제,27,대구광역시,27290,달서구,2729012000,월성동,272903147045,대구광역시 달서구 학산로 45 (월성동),대구광역시 달서구 월성동 281 달서구청,"45 Haksan-ro, Dalseo-gu, Daegu",2915511300,달서구청,2729012000102810000010024,053-667-2174,52349,http://www.dalseo.daegu.kr/,35,128,문화정보원,"구민화합퍼포먼스, 플리마켓, 버스킹, 먹거리 등",20240604,20240604
KCKRSPO23N000001243,관광명소,관광명소_지역명소,제28회 비슬산 참꽃 문화제,27,대구광역시,27710,달성군,2771025322,논공읍 금포리,277103148026,대구광역시 달성군 논공읍 달성군청로 33,대구광역시 달성군 논공읍 금포리 1313 달성군청,"33 Dalseongguncheong-ro, Nongong-eup, Dalseong-gun, Daegu",2920056500,달성군청,2771025322113130000000001,053-668-2172,52318,http://www.dalseong.daegu.kr/,35,128,문화정보원,"참꽃로드, 문화예술행사, 참꽃비빔밥 만들기 등",20240604,20240604
KCKRSPO23N000001244,관광명소,관광명소_지역명소,2024 yes 키즈존,27,대구광역시,27710,달성군,2771025322,논공읍 금포리,277103148026,대구광역시 달성군 논공읍 달성군청로 33,대구광역시 달성군 논공읍 금포리 1313 달성군청,"33 Dalseongguncheong-ro, Nongong-eup, Dalseong-gun, Daegu",2911054500,달성군청,2771025322113130000000001,053-668-2172,52318,http://www.dalseong.daegu.kr/,35,128,문화정보원,"어린이, 가족단위 대상 참여형 종합문화예술 프로그램",20240604,20240604
KCKRSPO23N000001245,관광명소,관광명소_지역명소,제21회 사상전통달집놀이,26,부산광역시,26530,사상구,2653010100,삼락동,265304217066,부산광역시 사상구 낙동대로1310번길 19 (삼락동),부산광역시 사상구 삼락동 396-23 삼락동 주민센터,"19 Nakdong-daero 1310beon-gil, Sasang-gu, Busan",2911065500,삼락동 주민센터,2653010100103960023008476,051-310-4062,52321,http://www.sasangculture.or.kr/,35,128,문화정보원,정월대보름행사,20240604,20240604
KCKRSPO23N000001246,관광명소,관광명소_지역명소,제21회 사상강변축제,26,부산광역시,26530,사상구,2653010100,삼락동,265304217066,부산광역시 사상구 낙동대로1310번길 19 (삼락동),부산광역시 사상구 삼락동 396-23 삼락동 주민센터,"19 Nakdong-daero 1310beon-gil, Sasang-gu, Busan",2917061500,삼락동 주민센터,2653010100103960023008476,051-310-4062,50401,http://www.sasangculture.or.kr/,35,128,문화정보원,사상강변축제,20240604,20240604
KCKRSPO23N000001247,관광명소,관광명소_지역명소,한여름밤의 축제,,,,,,,,울산광역시 울주군 온양읍 외고산3길 36,울산광역시 울주군 온양읍 고산리 501-18 울산옹기박물관,"36 Oegosan 3-gil, Onyang-eup, Ulju-gun, Ulsan",2915569000,울산옹기박물관,3171025630105010018000111,054-531-2644,50401,,32,123,문화정보원,청소년페스티벌+라이브공연+시민노래자랑 등,20240604,20240604
KCKRSPO23N000001248,관광명소,관광명소_지역명소,전주국제영화제,52,전북특별자치도,52111,전주시,5211111700,고사동,451114598335,전북특별자치도 전주시 완산구 전주객사4길 74-12 (고사동),전북특별자치도 전주시 완산구 고사동 181 씨네Q 전주영화의거리,"74-12 Jeonjugaeksa 4-gil, Wansan-gu, Jeonju-si, Jeonbuk-do",2917068500,씨네Q 전주영화의거리,4511111700101810000030859,063-288-5433,58822,https://www.jeonjufest.kr,35,127,문화정보원,우수한 국내외 영화를 소개하는 영화축제의 장,20240604,20240604
KCKRSPO23N000001249,관광명소,관광명소_지역명소,전주한지문화축제,52,전북특별자치도,52111,전주시,5211110700,경원동3가,451114598413,전북특별자치도 전주시 완산구 현무1길 20 (경원동3가),"전북특별자치도 전주시 완산구 경원동3가 14-2 한국전통문화전당, 한지산업지원센터","20 Hyeonmu 1-gil, Wansan-gu, Jeonju-si, Jeonbuk-do",2917069700,"한국전통문화전당, 한지산업지원센터",4511110700100140002019394,063-271-2503,58862,https://jjhanji.or.kr,35,127,문화정보원,한지 축제,20240604,20240604
KCKRSPO23N000001250,관광명소,관광명소_지역명소,전주대사습놀이,52,전라북도,52113,전주시,5211310600,덕진동2가,451133266013,전라북도 전주시 덕진구 권삼득로 400,전북특별자치도 전주시 덕진구 덕진동2가 184-1,,2917057000,,,063-252-6792,54895,http://www.jjdss.or.kr,35,127,문화정보원,국악경연+전야제,20240604,20240604
KCKRSPO23N000001251,관광명소,관광명소_지역명소,전주문화재야행,52,전북특별자치도,52111,전주시,5211110900,풍남동2가,451113266057,전북특별자치도 전주시 완산구 은행로 3 (풍남동2가),전북특별자치도 전주시 완산구 풍남동2가 15-7 동부상회,"3 Eunhaeng-ro, Wansan-gu, Jeonju-si, Jeonbuk-do",2917059000,동부상회,4511110900100150007346300,063-232-9938,58862,http://www.jeonjunight.com/,35,127,문화정보원,체험 및 공연,20240604,20240604
KCKRSPO23N000001252,관광명소,관광명소_지역명소,전주세계소리축제,52,전북특별자치도,52113,전주시,5211310500,덕진동1가,451133267032,전북특별자치도 전주시 덕진구 소리로 31 (덕진동1가),전북특별자치도 전주시 덕진구 덕진동1가 88-4 소리문화전당,"31 Sori-ro, Deokjin-gu, Jeonju-si, Jeonbuk-do",2917011200,소리문화전당,4511310500200010001015794,063-232-8398,58813,https://www.sorifestival.com/,35,127,문화정보원,소리 공연,20240604,20240604
KCKRSPO23N000001253,관광명소,관광명소_지역명소,전주독서대전,52,전북특별자치도,52111,전주시,5211111800,교동,451113266066,전북특별자치도 전주시 완산구 전주천동로 20 (교동),전북특별자치도 전주시 완산구 교동 7-1 전주한벽문화관,"20 Jeonjucheondong-ro, Wansan-gu, Jeonju-si, Jeonbuk-do",2917059000,전주한벽문화관,4511111800100070001016560,063-230-1859,55045,http://jjbook.kr/,35,127,문화정보원,강연+공연+경연대회 등,20240604,20240604
KCKRSPO23N000001254,관광명소,관광명소_지역명소,장수 한우랑 사과랑 축제,52,전북특별자치도,52740,장수군,5274025027,장수읍 두산리,457403276041,전북특별자치도 장수군 장수읍 한누리로 393,전북특별자치도 장수군 장수읍 두산리 474 장수한누리전당,"393 Hannuri-ro, Jangsu-eup, Jangsu-gun, Jeonbuk-do",2917060200,장수한누리전당,4574025027104640001010492,063-350-2357,55638,http://www.jangsufestival.com,35,127,문화정보원,불꽃축제+가요제,20240604,20240604
KCKRSPO23N000001255,관광명소,관광명소_지역명소,거제맹종대나무축제,48,경상남도,48310,거제시,4831038025,하청면 실전리,483103337004,경상남도 거제시 하청면 거제북로 700,경상남도 거제시 하청면 실전리 880-3,"700 Geojebuk-ro, Hacheong-myeon, Geoje-si, Gyeongsangnam-do",2914012000,,4831038025108800001000001,055-639-6356,58822,,34,128,문화정보원,죽순 껍질벗기기 체험+죽순 수확 체험+죽순요리 시식+대나무통 소원쓰기 행사 등,20240604,20240604
KCKRSPO23N000001256,관광명소,관광명소_지역명소,거제 옥포대첩 축제,48,경상남도,48310,거제시,4831010600,옥포동,483104811698,경상남도 거제시 팔랑포2길 87+경상남도 거제시 옥포로2길 14,경상남도 거제시 옥포동 산 1-1,,2914080000,,,055-639-3393,38102,,34,128,문화정보원,제례봉행+승전행차+가장행렬+옥포해전 재현 등,20240604,20240604
KCKRSPO23N000001257,관광명소,관광명소_지역명소,남부면 수국축제,48,경상남도,48310,거제시,4831033022,남부면 저구리,483103337013,경상남도 거제시 남부면 남부해안로 30,경상남도 거제시 남부면 저구리 70 남부면사무소,"30 Nambuhaean-ro, Nambu-myeon, Geoje-si, Gyeongsangnam-do",2914083000,남부면사무소,4831033022100700000040515,055-639-6532,10881,,34,128,문화정보원,식전행사+화합행사+수국포토존+목재만들기 체험 등,20240604,20240604
KCKRSPO23N000001258,관광명소,관광명소_지역명소,거제 바다로 세계로,48,경상남도,48310,거제시,4831031022,일운면 구조라리,483102006004,경상남도 거제시 일운면 거제대로 2056,경상남도 거제시 일운면 구조라리 502,"2056 Geoje-daero, Irun-myeon, Geoje-si, Gyeongsangnam-do",2914011800,,4831031022104470001000001,055-639-4163,10881,,34,128,문화정보원,해양스포츠대회+체험프로그램+블루썸머콘서트 등,20240604,20240604
KCKRSPO23N000001259,관광명소,관광명소_지역명소,거제맥주축제,48,경상남도,48310,거제시,4831010200,장승포동,483103337039,경상남도 거제시 장승로 146-12 (장승포동),경상남도 거제시 장승포동 685-3,"146-12 Jangseung-ro, Geoje-si, Gyeongsangnam-do",2920017200,,4831010200106850003000001,055-639-3365,10808,,34,128,문화정보원,맥주 무제한 제공+무대공연+먹거리 체험 부스 등,20240604,20240604
KCKRSPO23N000001260,관광명소,관광명소_지역명소,거제둔덕포도축제,48,경상남도,48310,거제시,4831035023,둔덕면 거림리,483103337057,경상남도 거제시 둔덕면 청마로 159,경상남도 거제시 둔덕면 거림리 363-2 둔덕시골농촌체험센터,"159 Cheongma-ro, Dundeok-myeon, Geoje-si, Gyeongsangnam-do",2920056500,둔덕시골농촌체험센터,4831035023103630002002806,055-639-6443,10808,,34,128,문화정보원,"포도판매+포도 경매, 체험+공연 등",20240604,20240604
KCKRSPO23N000001261,관광명소,관광명소_지역명소,거제 섬꽃축제,48,경상남도,48310,거제시,4831034026,거제면 서정리,483103337003,경상남도 거제시 거제면 거제남서로 3577,경상남도 거제시 거제면 서정리 978-14 거제시농업개발원,"3577 Geojenamseo-ro, Geoje-myeon, Geoje-si, Gyeongsangnam-do",2914012000,거제시농업개발원,4831034026108550009007922,055-639-6443,10897,,34,128,문화정보원,가을꽃 전시+농업기술 홍보+문화예술 전시 등,20240604,20240604
KCKRSPO23N000001262,관광명소,관광명소_축제,거제대구수산물축제,,,,,,,,제주특별자치도 제주시 사라봉길 75 (건입동),제주특별자치도 제주시 건입동 387-4,"75 Sarabong-gil, Jeju-si, Jeju-do",2650010400,,5011010700103870004027611,055-639-4273,10859,,32,123,문화정보원,무대공연+대구직거래 장터+대구 떡국 나누기+맨손활어잡기+수산물 홍보 판촉전 등,20240604,20240604
KCKRSPO23N000001263,관광명소,관광명소_축제,거제도국제펭귄수영축제,,,,,,,,제주특별자치도 제주시 애월읍 천덕로 880-24,제주특별자치도 제주시 애월읍 어음리 3916 애월스마트테마파크,"880-24 Cheondeok-ro, Aewol-eup, Jeju-si, Jeju-do",2647010200,애월스마트테마파크,5011025336201310000000001,055-639-6864,10825,,32,123,문화정보원,펭귄수영+맨손 광어잡이 등,20240604,20240604
KCKRSPO23N000001264,관광명소,관광명소_축제,거제송년불꽃축제,48,경상남도,48310,거제시,4831010200,장승포동,483103337039,경상남도 거제시 장승로 146-12 (장승포동),경상남도 거제시 장승포동 685-3,"146-12 Jangseung-ro, Geoje-si, Gyeongsangnam-do",2611013400,,4831010200106850003000001,055-639-3396,10808,,34,128,문화정보원,식전공연+개회식+불꽃연출+식후공연+부대행사 등,20240604,20240604
KCKRSPO23N000001265,관광명소,관광명소_지역명소,해맞이행사,,,,,,,,제주특별자치도 제주시 명림로 575-107 (회천동),제주특별자치도 제주시 회천동 3-16 한화리조트,"575-107 Myeongnim-ro, Jeju-si, Jeju-do",2723063100,한화리조트,5011013300100030016065259,053-662-2172,10808,,32,123,문화정보원,신년메시지+무대공연,20240604,20240604
KCKRSPO23N000001266,관광명소,관광명소_지역명소,정월대보름 달집태우기 행사,,,,,,,,제주특별자치도 제주시 연삼로 286 (도남동),제주특별자치도 제주시 도남동 582,"286 Yeonsam-ro, Jeju-si, Jeju-do",2723074500,,5011012900105820000000001,053-662-2172,,,32,123,문화정보원,공연+달집태우기,20240604,20240604
KCKRSPO23N000001267,관광명소,관광명소_지역명소,팔공산 벚꽃축제,,,,,,,,제주특별자치도 제주시 조천읍 남조로 2023,제주특별자치도 제주시 조천읍 교래리 산95 교래자연휴양림,"2023 Namjo-ro, Jocheon-eup, Jeju-si, Jeju-do",2723071500,교래자연휴양림,5011025929103190000061403,053-981-6624,,,32,123,문화정보원,무대공연+봄나물 비빔밥 축제+벚꽃가요제,20240604,20240604
KCKRSPO23N000001268,관광명소,관광명소_지역명소,선덕여왕 숭모재,27,대구광역시,27140,동구,2714013800,신무동,271403000049,대구광역시 동구 팔공산로 967-28 (신무동),대구광역시 동구 신무동 356-1 부인사,"967-28 Palgongsan-ro, Dong-gu, Daegu",2723071500,부인사,2714013800000000000004537,053-982-5006,41006,,35,128,문화정보원,숭모재 의식 및 국악공연+전시 등 문화행사,20240604,20240604
KCKRSPO23N000001269,관광명소,관광명소_축제,증평들노래축제,43,충청북도,43745,증평군,4374525040,증평읍 남하리,437454532038,충청북도 증평군 증평읍 둔덕길 89,충청북도 증평군 증평읍 남하리 91 증평지역박물관,"89 Dundeok-gil, Jeungpyeong-eup, Jeungpyeong-gun, Chungcheongbuk-do",2611014000,증평지역박물관,4374525040100910000000001,043-835-4153,27948,https://www.jp.go.kr/tour/prog/tursmCn/sub03_02/view.do?progNo=p00000006370bi3vF1tv,36,127,문화정보원,"핵심프로그램(장뜰두레농요 시연)+전통 농경문화를 테마로 한 공연, 전시·체험프로그램 운영+체험행사(감자캐기·논놀이·농경체험·오감체험·물고기잡기·전통음식체험·플리마켓 등)+전시행사(사진전시 등)",20240604,20240604
KCKRSPO23N000001270,관광명소,관광명소_축제,증평인삼골축제,,,,,,,,제주특별자치도 제주시 조천읍 북촌7길 27,제주특별자치도 제주시 조천읍 북촌리 1371,"27 Bukchon 7-gil, Jocheon-eup, Jeju-si, Jeju-do",2611013400,,5011025927013710000066090,043-835-4112,,https://www.jp.go.kr/tour/prog/tursmCn/sub03_01/view.do?progNo=p00000006356hw4uR8as,32,123,문화정보원,핵심프로그램(인삼캐기체험·홍삼포크삼겹살대잔치)+인삼+홍삼포크를 테마로 한 공연·전시·체험프로그램 운영+개막 공연 및 문화공연(열린콘서트·인삼골합창제·인삼골군악콘서트)+경연행사(국제청소년페스티벌·인삼장사씨름대회·인삼골가요제·증평인삼어린이사생대회·백곡김득신백일장)+기타 전시·체험행사·참여행사 등,20240604,20240604
KCKRSPO23N000001271,관광명소,관광명소_축제,양양문화제,,,,,,,,제주특별자치도 서귀포시 성산읍 일출로 284,제주특별자치도 서귀포시 성산읍 성산리 126-3 진성사이언스제주대리점,"284 Ilchul-ro, Seongsan-eup, Seogwipo-si, Jeju-do",2611013900,진성사이언스제주대리점,5013025921101260003000001,033-670-2795,,https://tour.yangyang.go.kr,32,123,문화정보원,2023년 양양문화제,20240604,20240604
KCKRSPO23N000001272,관광명소,관광명소_축제,양양 송이&연어축제,,,,,,,,경상북도 울진군 후포면 울진대게로 169-52,경상북도 울진군 후포면 후포리 316-26,"169-52 Uljindaege-ro, Hupo-myeon, Uljin-gun, Gyeongsangbuk-do",2611011600,,4793038021103160026015086,033-671-3803,,https://tour.yangyang.go.kr,32,123,문화정보원,"송이 및 연어 홍보부스, 부대행사",20240604,20240604
KCKRSPO23N000001273,관광명소,관광명소_축제,와룡산 와~봄 축제,,,,,,,,제주특별자치도 제주시 제주대학로 167 (영평동),제주특별자치도 제주시 영평동 2120-2,"167 Jejudaehak-ro, Jeju-si, Jeju-do",2611012000,,5011013600121200002000001,053-663-2181,44780,http://www.dgs.go.kr/tour/,32,123,문화정보원,산길걷기 행사 + 문화공연 등,20240604,20240604
KCKRSPO23N000001274,관광명소,관광명소_축제,달성토성마을축제,,,,,,,,제주특별자치도 제주시 제주대학로 167 (영평동),제주특별자치도 제주시 영평동 2120-2,"167 Jejudaehak-ro, Jeju-si, Jeju-do",,,5011013600121200002000001,053-663-2181,44635,http://www.dgs.go.kr/tour/,32,123,문화정보원,골목정원투어 + 체험 전시마당+ 문화공연 등,20240604,20240604
KCKRSPO23N000001275,관광명소,관광명소_축제,석촌호수벚꽃축제,11,서울특별시,11710,송파구,1171010100,잠실동,117103123009,서울특별시 송파구 석촌호수로 197 (잠실동),서울특별시 송파구 잠실동 47 기계실,"197 Seokchonhosu-ro, Songpa-gu, Seoul",1168058000,기계실,1171010100100470000000507,02-2147-2800,5608,https://www.songpa.go.kr/culture/detailInfo.do?key=3794&resrceCd=CT0155-1000031&,37,127,문화정보원,개막식 벚꽃음악회 벚꽃버스킹 벚꽃조명길 포토존 벚꽃 온라인 체험 등,20240604,20240604
KCKRSPO23N000001276,관광명소,관광명소_축제,한성백제문화제,11,서울특별시,11710,송파구,1171011100,방이동,117103123023,서울특별시 송파구 올림픽로 424 (방이동),서울특별시 송파구 방이동 88 올림픽공원,"424 Olympic-ro, Songpa-gu, Seoul",1135069500,올림픽공원,1171011100100880000015430,02-2147-2800,5540,https://www.songpa.go.kr/hanseong/index.do?,37,127,문화정보원,역사문화거리행렬 한성백제체험마을 한성백제갈라퍼레이드 개폐막식 등 축하공연 한성백제 성곽돌기 각종 체험행사 등,20240604,20240604
KCKRSPO23N000001277,관광명소,관광명소_축제,2023년 울산공업축제,,,,,,,,제주특별자치도 서귀포시 칠십리로 145 (서귀동),제주특별자치도 서귀포시 서귀동 70 장원주상복합건물,"145 Chilsimni-ro, Seogwipo-si, Jeju-do",,장원주상복합건물,5013010100100870004033766,052-259-2728,,http://www.울산공업축제.kr,32,123,문화정보원,"울산의 과거와 현재, 미래를 보여주고 산업도시 울산의 정체성을 나타내는 울산의 대표축제",20240604,20240604
KCKRSPO23N000001278,관광명소,관광명소_축제,울산옹기축제,,,,,,,,제주특별자치도 서귀포시 칠십리로 145 (서귀동),제주특별자치도 서귀포시 서귀동 70 장원주상복합건물,"145 Chilsimni-ro, Seogwipo-si, Jeju-do",1120062000,장원주상복합건물,5013010100100870004033766,052-204-0355,48760,https://www.onggi.or.kr/,32,123,문화정보원,국내 유일의 옹기특화 축제,20240604,20240604
KCKRSPO23N000001279,관광명소,관광명소_축제,간절곶 해맞이 축제,31,울산광역시,31710,울주군,3171031025,서생면 대송리,317104319012,울산광역시 울주군 서생면 간절곶1길 39-2,울산광역시 울주군 서생면 대송리 28-1,"39-2 Ganjeolgot 1-gil, Seosaeng-myeon, Ulju-gun, Ulsan",1132052100,,3171031025100280001028200,052-204-0315,48950,https://www.ucf.or.kr:478/culturearts/festival_01.html,35,129,문화정보원,간절곶은 새해 한반도 육지부에서 해가 가장 먼저 뜨는 곳으로 매년 축제 때 마다 전국에서 관광객들이 방문한다.,20240604,20240604
KCKRSPO23N000001280,관광명소,관광명소_축제,울산쇠부리축제,31,울산광역시,31200,북구,3120010900,달천동,312004856456,울산광역시 북구 달천철장길 58 (달천동),울산광역시 북구 달천동 1-7 달천철장 관리시설,"58 Dalcheoncheoljang-gil, Buk-gu, Ulsan",1130510300,달천철장 관리시설,3120010900100010007000001,052-293-3500,46900,http://www.soeburi.org/,35,129,문화정보원,한반도 최초의 철산지 달천철장에서 펼처지는 철문화축제,20240604,20240604
KCKRSPO23N000001281,관광명소,관광명소_축제,울산고래축제,31,울산광역시,31140,남구,3114011900,매암동,311403170048,울산광역시 남구 장생포고래로 244 (매암동),울산광역시 남구 매암동 139-29 장생포고래박물관,"244 Jangsaengpogorae-ro, Nam-gu, Ulsan",1150010400,장생포고래박물관,3114011900101390029025653,052-226-1999,48303,http://www.ulsanwhale.com,35,129,문화정보원,"고래문화를 계승하고 보전하기 위해, 고래의 본고장 울산에서 열리는 힐링 페스티벌",20240604,20240604
KCKRSPO23N000001282,관광명소,관광명소_축제,궁거랑 벚꽃 한마당,31,울산광역시,31140,남구,3114010100,무거동,311403170029,울산광역시 남구 삼호로 15 (무거동),울산광역시 남구 무거동 1443-1 삼호동주민센터,"15 Samho-ro, Nam-gu, Ulsan",1162010100,삼호동주민센터,3114010100114430001032672,052-226-5412,48099,https://www.ulsannamgu.go.kr/tour/board/tourFestival2/152798/view.do,35,129,문화정보원,울산광역시 남구 삼호동 무거생태하천에서 매년 3~4월에 개최하는 문화 행사,20240604,20240604
KCKRSPO23N000001283,관광명소,관광명소_축제,태화강 국가정원 봄꽃축제,31,울산광역시,31110,중구,3111011100,태화동,311104857839,울산광역시 중구 태화강국가정원길 154,울산광역시 중구 태화동 667,,1162010200,,,052-229-7561,48095,https://www.ulsan.go.kr/s/garden/main.ulsan,35,129,문화정보원,6천만 송이 봄꽃 물결과 함께하는 태화강 국가정원 봄꽃 전시,20240604,20240604
KCKRSPO23N000001284,관광명소,관광명소_축제,울산대공원 장미축제,,,,,,,,제주특별자치도 제주시 한림읍 한림로 300,제주특별자치도 제주시 한림읍 협재리 2487,"300 Hallim-ro, Hallim-eup, Jeju-si, Jeju-do",1162010200,,5011025031028720014002534,052-229-3341,48095,http://ulsanrosefestival.com,32,123,문화정보원,대한민국 최고의 장미원에서 펼쳐지는 울산대공원 장미축제,20240604,20240604
KCKRSPO23N000001285,관광명소,관광명소_축제,울산아시아퍼시픽뮤직미팅(울산에이팜),31,울산광역시,31710,울주군,3171026521,삼남읍 교동리,317103173093,울산광역시 울주군 삼남읍 울산역로 255,울산광역시 울주군 삼남읍 교동리 1683-1,"255 Ulsanyeok-ro, Samnam-eup, Ulju-gun, Ulsan",1154510300,,3171039021116830001000001,052-259-7931,48095,http://www.apamm.org/,35,129,문화정보원,오직 음악을 위한 국제 뮤직 네트워크,20240604,20240604
KCKRSPO23N000001286,관광명소,관광명소_축제,울주세계산악영화제,31,울산광역시,31710,울주군,3171038034,상북면 등억알프스리,317104853469,울산광역시 울주군 상북면 알프스온천5길 103-8,울산광역시 울주군 상북면 등억알프스리 517 산악문화센터,"103-8 Alpeuseuoncheon 5-gil, Sangbuk-myeon, Ulju-gun, Ulsan",1159010200,산악문화센터,3171038034105150002000001,052-248-6450,48095,https://www.umff.kr/,35,129,문화정보원,"봄의 영화제, 늘 푸른산에서 펼쳐집니다",20240604,20240604
KCKRSPO23N000001287,관광명소,관광명소_축제,"오감만족, 어린이날 큰 잔치",27,대구광역시,27170,서구,2717010600,이현동,271703143012,대구광역시 서구 당산로 403 (이현동),대구광역시 서구 이현동 48-144 서구문화회관,"403 Dangsan-ro, Seo-gu, Daegu",1144012500,서구문화회관,2717010600100480144030961,053-663-2544,48095,http://www.dgs.go.kr/tour/,35,128,문화정보원,기념식+놀이마당+체험부스+부대행사,20240604,20240604
KCKRSPO23N000001288,관광명소,관광명소_축제,가족사랑 아이스축제,27,대구광역시,27170,서구,2717010600,이현동,271703143004,대구광역시 서구 문화로 122 (이현동),대구광역시 서구 이현동 48-8,"122 Munhwa-ro, Seo-gu, Daegu",1144012700,,2717010600100480011030682,053-663-2181,48095,http://www.dgs.go.kr/tour/,35,128,문화정보원,온가족 참여 체험 프로그램+ 플리마켓 및 체험부스 등,20240604,20240604
KCKRSPO23N000001289,관광명소,관광명소_축제,미소&행복 구민축제,,,,,,,,제주특별자치도 서귀포시 중문관광로 224 (중문동),제주특별자치도 서귀포시 중문동 2700 제주국제컨벤션센터,"224 Jungmungwangwang-ro, Seogwipo-si, Jeju-do",1141010900,제주국제컨벤션센터,5013011200127000000000001,053-663-2181,48095,http://www.dgs.go.kr/tour/,32,123,문화정보원,구민화합경기+ 구민가요제 등,20240604,20240604
KCKRSPO23N000001290,관광명소,관광명소_지역명소,달구벌목민관축제,27,대구광역시,27170,서구,2717010300,평리동,271703007001,대구광역시 서구 국채보상로 257 (평리동),대구광역시 서구 평리동 1230-9 서구청,"257 Gukchaebosang-ro, Seo-gu, Daegu",3171038000,서구청,2717010300112300009004422,053-663-2181,48095,http://www.dgs.go.kr/tour/,35,128,문화정보원,달구벌목민관 부임 행차 퍼레이드 등,20240604,20240604
KCKRSPO23N000001291,관광명소,관광명소_축제,해맞이축제,,,,,,,,서울특별시 광진구 능동로 238 (능동),서울특별시 광진구 능동 18 서울시민안전체험관,"238 Neungdong-ro, Gwangjin-gu, Seoul",1147010200,서울시민안전체험관,1121510200100180000005751,053-663-2181,48095,http://www.dgs.go.kr/tour/,32,123,문화정보원,전통문화공연+ 성악공연+ 해맞이 퍼포먼스+ 떡국나눔,20240604,20240604
KCKRSPO23N000001292,관광명소,관광명소_지역명소,제21회 의정부음악극축제,41,경기도,41150,의정부시,4115010100,의정부동,411503181037,경기도 의정부시 의정로 1 (의정부동),경기도 의정부시 의정부동 323 의정부예술의전당,"1 Uijeong-ro, Uijeongbu-si, Gyeonggi-do",2820069000,의정부예술의전당,4115010100103230000013901,031-850-5143,48095,,37,127,문화정보원,음악극 공연+체험 및 전시행사,20240604,20240604
KCKRSPO23N000001293,관광명소,관광명소_축제,2023 죽변항 수산물 축제,47,경상북도,47930,울진군,4793037021,죽변면 죽변리,479304775317,경상북도 울진군 죽변면 죽변항길 124,경상북도 울진군 죽변면 죽변리 36-88,"124 Jukbyeonhang-gil, Jukbyeon-myeon, Uljin-gun, Gyeongsangbuk-do",1147010100,,4793037021100360088003242,054-789-6851,52229,,37,129,문화정보원,"개막식, 축하공연, 수산물 해체쇼, 활어 맨손잡기, 각종 체험 및 부대행사 등",20240604,20240604
KCKRSPO23N000001294,관광명소,관광명소_축제,정월대보름 축제,,,,,,,,대구광역시 중구 봉산문화길 77 (봉산동),대구광역시 중구 봉산동 125 봉산문화회관,"77 Bongsanmunhwa-gil, Jung-gu, Daegu",1156011300,봉산문화회관,2711010800101250000017135,,31960,,32,123,문화정보원,축하공연+먹거리장터+전통문화 재현 및 세시민속놀이 체험 프로그램 운영,20240604,20240604
KCKRSPO23N000001295,관광명소,관광명소_축제,도구로 벚꽃축제,,,,,,,,대구광역시 중구 봉산문화길 77 (봉산동),대구광역시 중구 봉산동 125 봉산문화회관,"77 Bongsanmunhwa-gil, Jung-gu, Daegu",1138010200,봉산문화회관,2711010800101250000017135,,30119,,32,123,문화정보원,벚꽃즐기기(벚꽃길 스케치북 및 포토존)+문화공연+체험부스 및 프리마켓 운영,20240604,20240604
KCKRSPO23N000001296,관광명소,관광명소_지역명소,반포서래 한불음악축제,11,서울특별시,11650,서초구,1165010700,반포동,116502121003,서울특별시 서초구 반포대로 217 (반포동),서울특별시 서초구 반포동 520-3 조달청빌딩,"217 Banpo-daero, Seocho-gu, Seoul",4623010700,조달청빌딩,1165010700105200003016709,,21676,,37,127,문화정보원,체험부스+먹거리+지역주민 및 초청가수 공연,20240604,20240604
KCKRSPO23N000001297,관광명소,관광명소_지역명소,노래하는 대한민국(서초다움편),11,서울특별시,11650,서초구,1165010200,양재동,116502102001,서울특별시 서초구 강남대로 201 (양재동),서울특별시 서초구 양재동 25 서초구민회관,"201 Gangnam-daero, Seocho-gu, Seoul",5013031000,서초구민회관,1165010200100250000005247,,16258,,37,127,문화정보원,본선진출 20명 내외 노려경연 및 초대가수 공연,20240604,20240604
KCKRSPO23N000001298,관광명소,관광명소_지역명소,서리풀페스티벌,,서울특별시,,서초구,,,116502121003,서울특별시 서초구 반포대로 21 (서초동),서울특별시 서초구 서초동 1462-2 (주)서울제약,"21 Banpo-daero, Seocho-gu, Seoul",5011025000,(주)서울제약,1165010800114620002021504,,,,37,127,문화정보원,고품격 음악회+청년예술가 및 거리예술가들의 거리공연+마켓존운영,20240604,20240604
KCKRSPO23N000001299,관광명소,관광명소_지역명소,말죽거리축제,11,서울특별시,11650,서초구,1165010200,양재동,116504163088,서울특별시 서초구 남부순환로356길 15 (양재동),서울특별시 서초구 양재동 1-7 양재종합시장,"15 Nambusunhwan-ro 356-gil, Seocho-gu, Seoul",5011025300,양재종합시장,1165010200100010007005017,,14971,,37,127,문화정보원,마방체험+말죽거리 문화공연+주민노래자랑 및 퍼레이드,20240604,20240604
KCKRSPO23N000001300,관광명소,관광명소_지역명소,우솔마을 축제,11,서울특별시,11650,서초구,1165010300,우면동,116504163748,서울특별시 서초구 양재대로2길 74 (우면동),서울특별시 서초구 우면동 774 서울우솔초등학교,"74 Yangjae-daero 2-gil, Seocho-gu, Seoul",5011025600,서울우솔초등학교,1165010300105550001000001,,36706,,37,127,문화정보원,주민 단체게임+어린이 놀이마당 및 장기자랑 등 개최,20240604,20240604
KCKRSPO23N000001301,관광명소,관광명소_축제,악기거리축제,,서울특별시,,서초구,,,116504163069,서울특별시 서초구 남부순환로317길 15 (서초동),서울특별시 서초구 서초동 1466-5 서울신중초등학교,"15 Nambusunhwan-ro 317-gil, Seocho-gu, Seoul",1111012000,서울신중초등학교,1165010800114660005000001,,17508,,37,127,문화정보원,작은음악회+거리콘서트+악기거리 마켓+체험행사 등,20240604,20240604
KCKRSPO23N000001302,관광명소,관광명소_축제,잠원나루축제,,,,,,,,대구광역시 중구 봉산문화길 77 (봉산동),대구광역시 중구 봉산동 125 봉산문화회관,"77 Bongsanmunhwa-gil, Jung-gu, Daegu",1111011500,봉산문화회관,2711010800101250000017135,,12636,,32,123,문화정보원,왕비친잠행사+주민참여공연+누에생태체험관+먹거리장터 운영,20240604,20240604
KCKRSPO23N000001303,관광명소,관광명소_축제,서초골 축제,11,서울특별시,11650,서초구,1165010800,서초동,116502000003,서울특별시 서초구 남부순환로 2406 (서초동),서울특별시 서초구 서초동 700 예술의전당,"2406 Nambusunhwan-ro, Seocho-gu, Seoul",1111011500,예술의전당,1165010800107150000021704,,11027,,37,127,문화정보원,클래식음악회+오페라&뮤지컬 갈라콘서트 개최,20240604,20240604
KCKRSPO23N000001304,관광명소,관광명소_축제,고성통일명태축제,51,강원특별자치도,51820,고성군,5182025321,거진읍 거진리,428204502343,강원특별자치도 고성군 거진읍 해오름해변길 125,강원특별자치도 고성군 거진읍 거진리 340-42 고성명태 홍보관,"125 Haeoreumhaebyeon-gil, Geojin-eup, Goseong-gun, Gangwon-do",1114010300,고성명태 홍보관,4282025321103400028000001,,29140,https://www.myeongtae.com/,38,128,문화정보원,공식행사+공연행사+전시행사+체험행사+경연행사,20240604,20240604
KCKRSPO23N000001305,관광명소,관광명소_축제,제25회 전주국제영화제,52,전북특별자치도,52111,전주시,5211111700,고사동,451114598335,전북특별자치도 전주시 완산구 전주객사4길 74-12 (고사동),전북특별자치도 전주시 완산구 고사동 181 씨네Q 전주영화의거리,"74-12 Jeonjugaeksa 4-gil, Wansan-gu, Jeonju-si, Jeonbuk-do",1132010800,씨네Q 전주영화의거리,4511111700101810000030859,063-288-5433,58434,https://www.jeonjufest.kr,35,127,문화정보원,"동시대 영화 예술의 대안적 흐름, 독립, 예술영화의 최전선에 놓인 작품들을 소개하는 부분 경쟁을 도입한 비경쟁 영화제",20240604,20240604
KCKRSPO23N000001306,관광명소,관광명소_축제,2024 국제한지산업대전,52,전북특별자치도,52111,전주시,5211110700,경원동3가,451114598413,전북특별자치도 전주시 완산구 현무1길 20 (경원동3가),"전북특별자치도 전주시 완산구 경원동3가 14-2 한국전통문화전당, 한지산업지원센터","20 Hyeonmu 1-gil, Wansan-gu, Jeonju-si, Jeonbuk-do",1132010800,"한국전통문화전당, 한지산업지원센터",4511110700100140002019394,063-281-1571,36030,https://jjhanji.or.kr,35,127,문화정보원,"우리 종이 한지의 우수성을 알리고, 한지를 체험하고 소통하며 공감하는 문화의 장",20240604,20240604
KCKRSPO23N000001307,관광명소,관광명소_축제,2024 전주대사습놀이,52,전북특별자치도,52111,전주시,5211112100,남노송동,451112266001,전북특별자치도 전주시 완산구 기린대로 99 (남노송동),전북특별자치도 전주시 완산구 남노송동 100-1 한옥마을 관광안내소,"99 Girin-daero, Wansan-gu, Jeonju-si, Jeonbuk-do",1121510300,한옥마을 관광안내소,4511112100101000001000001,063-252-6792,44970,http://www.jjdss.or.kr,35,127,문화정보원,대한민국 전통문화가 살아 숨쉬는 예향의 고장 전주에서 펼쳐지는 국악축제,20240604,20240604
KCKRSPO23N000001308,관광명소,관광명소_축제,제4회 블랙뮤직페스티벌,41,경기도,41150,의정부시,4115010100,의정부동,411503181037,경기도 의정부시 의정로 1 (의정부동),경기도 의정부시 의정부동 323 의정부예술의전당,"1 Uijeong-ro, Uijeongbu-si, Gyeonggi-do",1174010700,의정부예술의전당,4115010100103230000013901,031-850-5145,27703,,37,127,문화정보원,힙합장르를 중심으로 하는 의정부 대표 뮤직 페스티벌,20240604,20240604
KCKRSPO23N000001309,관광명소,관광명소_축제,제10회 의정부국제가야금축제,41,경기도,41150,의정부시,4115010100,의정부동,411503181037,경기도 의정부시 의정로 1 (의정부동),경기도 의정부시 의정부동 323 의정부예술의전당,"1 Uijeong-ro, Uijeongbu-si, Gyeonggi-do",1130510400,의정부예술의전당,4115010100103230000013901,031-850-5142,22005,,37,127,문화정보원,가야금문화 전승 및 경연대회,20240604,20240604
KCKRSPO23N000001310,관광명소,관광명소_축제,<도서관 속 작업실 II>展,41,경기도,41150,의정부시,4115010600,민락동,411503181013,경기도 의정부시 민락로 248 (민락동),경기도 의정부시 민락동 855,"248 Millak-ro, Uijeongbu-si, Gyeonggi-do",1130510300,,4115010600108550000000001,031-828-8870,55918,,37,127,문화정보원,오픈스튜디오 3기+4기 작가 결과보고 전시,20240604,20240604
KCKRSPO23N000001311,관광명소,관광명소_지역명소,청소년 어울림마당 행복누리축제,41,경기도,41150,의정부시,4115010100,의정부동,411503181037,경기도 의정부시 의정로 27 (의정부동),경기도 의정부시 의정부동 352 의정부 도심숲속 청소년 힐링센터,"27 Uijeong-ro, Uijeongbu-si, Gyeonggi-do",4215034028,의정부 도심숲속 청소년 힐링센터,4115010100103520000027630,031-828-9544,55636,,37,127,문화정보원,공연마당+이벤트마당+체험마당,20240604,20240604
KCKRSPO23N000001312,관광명소,관광명소_지역명소,청소년 문화 예술의 밤 흥선비긴어게인,41,경기도,41150,의정부시,4115010100,의정부동,411504343215,경기도 의정부시 시민로19번길 13 (의정부동),경기도 의정부시 의정부동 488,"13 Simin-ro 19beon-gil, Uijeongbu-si, Gyeonggi-do",4215031027,,4115010100104880000000001,031-828-9593,59337,,37,127,문화정보원,청소년 버스킹+체험부스 및 플리마켓+토크쇼,20240604,20240604
KCKRSPO23N000001313,관광명소,관광명소_지역명소,의정부시 청소년 진로페스티벌,41,경기도,41150,의정부시,4115010100,의정부동,411503181037,경기도 의정부시 의정로 27 (의정부동),경기도 의정부시 의정부동 352 의정부 도심숲속 청소년 힐링센터,"27 Uijeong-ro, Uijeongbu-si, Gyeonggi-do",4215037000,의정부 도심숲속 청소년 힐링센터,4115010100103520000027630,031-828-9557,26447,,37,127,문화정보원,직업인+학과 소개 및 E-sports 대회 셀프 뷰티등,20240604,20240604
KCKRSPO23N000001314,관광명소,관광명소_지역명소,의정부시 청소년 행복주간  [명사특강 ],41,경기도,41150,의정부시,4115010100,의정부동,411503181037,경기도 의정부시 의정로 27 (의정부동),경기도 의정부시 의정부동 352 의정부 도심숲속 청소년 힐링센터,"27 Uijeong-ro, Uijeongbu-si, Gyeonggi-do",4215035000,의정부 도심숲속 청소년 힐링센터,4115010100103520000027630,031-828-9562,63355,,37,127,문화정보원,권용실교수 자녀와 함께 행복해 지는 방법,20240604,20240604
KCKRSPO23N000001315,관광명소,관광명소_지역명소,청소년 행복 주간 및 청소년의 날,41,경기도,41150,의정부시,4115010100,의정부동,411503181037,경기도 의정부시 의정로 27 (의정부동),경기도 의정부시 의정부동 352 의정부 도심숲속 청소년 힐링센터,"27 Uijeong-ro, Uijeongbu-si, Gyeonggi-do",4215025000,의정부 도심숲속 청소년 힐링센터,4115010100103520000027630,031-820-9515,63629,,37,127,문화정보원,상시 체험프로그램+마을축제+다양한 청소년 할인혜택 제공 등,20240604,20240604
KCKRSPO23N000001316,관광명소,관광명소_지역명소,청소년 행복주간 지역마을축제(동부권역),41,경기도,41150,의정부시,4115010400,신곡동,411503181039,경기도 의정부시 장곡로 551 (신곡동),경기도 의정부시 신곡동 815-1 새말 정거장,"551 Janggok-ro, Uijeongbu-si, Gyeonggi-do",4282025300,새말 정거장,4115010400108150001000001,031-828-9583,63594,,37,127,문화정보원,청소년 유관기관 부스 및 체험 프로그램 운영,20240604,20240604
KCKRSPO23N000001317,관광명소,관광명소_지역명소,의정부시 청소년 행복주간  [가족뮤지컬 ],41,경기도,41150,의정부시,4115010100,의정부동,411503181037,경기도 의정부시 의정로 27 (의정부동),경기도 의정부시 의정부동 352 의정부 도심숲속 청소년 힐링센터,"27 Uijeong-ro, Uijeongbu-si, Gyeonggi-do",4282025322,의정부 도심숲속 청소년 힐링센터,4115010100103520000027630,031-828-9562,63166,,37,127,문화정보원,가족뮤지컬- 사람은 무엇으로 사는가?,20240604,20240604
KCKRSPO23N000001318,관광명소,관광명소_지역명소,청소년 행복주간 지역마을축제,41,경기도,41150,의정부시,4115010100,의정부동,411504343316,경기도 의정부시 의정로80번길 18 (의정부동),경기도 의정부시 의정부동 477-1 의정부시특설야외무대,"18 Uijeong-ro 80beon-gil, Uijeongbu-si, Gyeonggi-do",4282032025,의정부시특설야외무대,4115010100104770001012778,031-828-9593,63092,,37,127,문화정보원,청소년 체험부스+청소년 공연,20240604,20240604
KCKRSPO23N000001319,관광명소,관광명소_지역명소,청소년안전망 페스티발,41,경기도,41150,의정부시,4115010100,의정부동,411503181060,경기도 의정부시 시민로 지하100 (의정부동),경기도 의정부시 의정부동 99-6 의정부지하상가,"B100 Simin-ro, Uijeongbu-si, Gyeonggi-do",4282031028,의정부지하상가,4115010100100990006000001,031-828-9563,63006,,37,127,문화정보원,기념식+문화공연+부스운영+체험 전시,20240604,20240604
KCKRSPO23N000001320,관광명소,관광명소_지역명소,청소년이 빛나는 밤,41,경기도,41150,의정부시,4115010900,금오동,411503181023,경기도 의정부시 새말로 38 (금오동),경기도 의정부시 금오동 469-1 천보근린공원 공중화장실,"38 Saemal-ro, Uijeongbu-si, Gyeonggi-do",4282031023,천보근린공원 공중화장실,4115010900104690001000001,031-828-9585,63270,,37,127,문화정보원,청소년 버스킹+소통이벤트+친환경음료부스,20240604,20240604
KCKRSPO23N000001321,관광명소,관광명소_지역명소,청소년 Party,41,경기도,41150,의정부시,4115010100,의정부동,411503181037,경기도 의정부시 의정로 27 (의정부동),경기도 의정부시 의정부동 352 의정부 도심숲속 청소년 힐링센터,"27 Uijeong-ro, Uijeongbu-si, Gyeonggi-do",4217012900,의정부 도심숲속 청소년 힐링센터,4115010100103520000027630,031-828-9545,63276,,37,127,문화정보원,전문공연팀 축하공연+청소년 동아리 공연 등,20240604,20240604
KCKRSPO23N000001322,관광명소,관광명소_지역명소,청소년 종합예술제 끼자랑꿈자랑 경연대회,41,경기도,41150,의정부시,4115010100,의정부동,411503181037,경기도 의정부시 의정로 27 (의정부동),경기도 의정부시 의정부동 352 의정부 도심숲속 청소년 힐링센터,"27 Uijeong-ro, Uijeongbu-si, Gyeonggi-do",4217012400,의정부 도심숲속 청소년 힐링센터,4115010100103520000027630,031-828-9542,63284,,37,127,문화정보원,4개부문 18개종목 경연대회 운영,20240604,20240604
KCKRSPO23N000001323,관광명소,관광명소_지역명소,청소년이 빛나는 밤,41,경기도,41150,의정부시,4115010900,금오동,411503181023,경기도 의정부시 새말로 40 (금오동),경기도 의정부시 금오동 469-1 의정부시 청소년 문화의집,"40 Saemal-ro, Uijeongbu-si, Gyeonggi-do",4217011400,의정부시 청소년 문화의집,4115010900104690001000002,031-828-9585,63038,,37,127,문화정보원,청소년 버스킹+소통이벤트+친환경음료부스,20240604,20240604
KCKRSPO23N000001324,관광명소,관광명소_지역명소,청소년 스트레스 해소방안 탐색축제 (스트레스 팡팡),41,경기도,41150,의정부시,4115010900,금오동,411503181023,경기도 의정부시 새말로 38 (금오동),경기도 의정부시 금오동 469-1 천보근린공원 공중화장실,"38 Saemal-ro, Uijeongbu-si, Gyeonggi-do",4223031025,천보근린공원 공중화장실,4115010900104690001000001,031-828-9585,63576,,37,127,문화정보원,자기성격유형알기+다양한 스트레스 해소방안 탐색부스 운영 등,20240604,20240604
KCKRSPO23N000001325,관광명소,관광명소_지역명소,전국청소년댄스페스티벌 꿈을 향한 무승부,41,경기도,41150,의정부시,4115010100,의정부동,411503181037,경기도 의정부시 의정로 27 (의정부동),경기도 의정부시 의정부동 352 의정부 도심숲속 청소년 힐링센터,"27 Uijeong-ro, Uijeongbu-si, Gyeonggi-do",4223031034,의정부 도심숲속 청소년 힐링센터,4115010100103520000027630,031-828-9544,63330,,37,127,문화정보원,퍼포먼스 댄스경연대회 및 축하공연 등,20240604,20240604
KCKRSPO23N000001326,관광명소,관광명소_지역명소,청소년 종합예술제 끼자랑꿈자랑 한마당 축제,41,경기도,41150,의정부시,4115010100,의정부동,411503181037,경기도 의정부시 의정로 27 (의정부동),경기도 의정부시 의정부동 352 의정부 도심숲속 청소년 힐링센터,"27 Uijeong-ro, Uijeongbu-si, Gyeonggi-do",4223031022,의정부 도심숲속 청소년 힐링센터,4115010100103520000027630,031-828-9542,63219,,37,127,문화정보원,청소년 종합예술제 우수 청소년 공연마당,20240604,20240604
KCKRSPO23N000001327,관광명소,관광명소_지역명소,청소년 종합예술제 끼자랑꿈자랑 한마당 축제,41,경기도,41150,의정부시,4115010100,의정부동,411503181037,경기도 의정부시 의정로 27 (의정부동),경기도 의정부시 의정부동 352 의정부 도심숲속 청소년 힐링센터,"27 Uijeong-ro, Uijeongbu-si, Gyeonggi-do",4223010700,의정부 도심숲속 청소년 힐링센터,4115010100103520000027630,031-820-0267,63345,,37,127,문화정보원,마을 내 학생주도동아리 교류 축제,20240604,20240604
KCKRSPO23N000001328,관광명소,관광명소_지역명소,의정부 청소년 영화제,41,경기도,41150,의정부시,4115010100,의정부동,411503181037,경기도 의정부시 의정로 27 (의정부동),경기도 의정부시 의정부동 352 의정부 도심숲속 청소년 힐링센터,"27 Uijeong-ro, Uijeongbu-si, Gyeonggi-do",4221010700,의정부 도심숲속 청소년 힐링센터,4115010100103520000027630,031-828-9557,63594,https://uyff.modoo.at/?link=9150i9wb,37,127,문화정보원,청소년 영화 상영 및 시상식,20240604,20240604
KCKRSPO23N000001329,관광명소,관광명소_지역명소,청소년이 빛나는 밤,41,경기도,41150,의정부시,4115010900,금오동,411503181023,경기도 의정부시 새말로 40 (금오동),경기도 의정부시 금오동 469-1 의정부시 청소년 문화의집,"40 Saemal-ro, Uijeongbu-si, Gyeonggi-do",4221011300,의정부시 청소년 문화의집,4115010900104690001000002,031-828-9585,63270,,37,127,문화정보원,청소년 버스킹+소통이벤트+친환경음료부스,20240604,20240604
KCKRSPO23N000001330,관광명소,관광명소_지역명소,청소년 푸른별 콘서트,41,경기도,41150,의정부시,4115010100,의정부동,411503181037,경기도 의정부시 의정로 27 (의정부동),경기도 의정부시 의정부동 352 의정부 도심숲속 청소년 힐링센터,"27 Uijeong-ro, Uijeongbu-si, Gyeonggi-do",4221010800,의정부 도심숲속 청소년 힐링센터,4115010100103520000027630,031-828-9542,63339,,37,127,문화정보원,청소년 동아리 공연 및 인기가수 축하공연,20240604,20240604
KCKRSPO23N000001331,관광명소,관광명소_지역명소,<사각사각> 展,41,경기도,41150,의정부시,4115010600,민락동,411503181013,경기도 의정부시 민락로 248 (민락동),경기도 의정부시 민락동 855,"248 Millak-ro, Uijeongbu-si, Gyeonggi-do",4280031500,,4115010600108550000000001,031-828-8870,63643,,37,127,문화정보원,우리가 살아가는 의정부의 모습과 시민들의 생각을 함께 공유하는 프로젝트,20240604,20240604
KCKRSPO23N000001332,관광명소,관광명소_지역명소,의정부 중앙아시아 영화제,41,경기도,41150,의정부시,4115010200,호원동,411503181054,경기도 의정부시 호암로 95 (호원동),경기도 의정부시 호원동 117-1 신한대학교,"95 Hoam-ro, Uijeongbu-si, Gyeonggi-do",4280032023,신한대학교,4115010200101170001021753,031-828-4342,36369,,37,127,문화정보원,중앙아시아 및 초청국가 영화상영,20240604,20240604
KCKRSPO23N000001333,관광명소,관광명소_지역명소,2023 회룡거리예술제,,,,,,,,전라남도 완도군 청산면 청산로 40,전라남도 완도군 청산면 도청리 1173-10 청산보건지소,"40 Cheongsan-ro, Cheongsan-myeon, Wando-gun, Jeollanam-do",4280033027,청산보건지소,4689035021111730010000001,031-850-5142,,,32,123,문화정보원,거리예술공연 및 체험+상권활성화 이벤트,20240604,20240604
KCKRSPO23N000001334,관광명소,관광명소_지역명소,제10회 의정부시 가족문화대축제,41,경기도,41150,의정부시,4115010100,의정부동,411503181060,경기도 의정부시 시민로 1 (의정부동),경기도 의정부시 의정부동 326-2 의정부시청,"1 Simin-ro, Uijeongbu-si, Gyeonggi-do",4280025000,의정부시청,4115010100103260002012773,031-828-4242,11622,,37,127,문화정보원,모범어린이 표창+공연+체험+놀이,20240604,20240604
KCKRSPO23N000001335,관광명소,관광명소_지역명소,토지문학제,48,경상남도,48850,하동군,4885032034,악양면 평사리,488504832495,경상남도 하동군 악양면 평사리길 66-7,경상남도 하동군 악양면 평사리 483,"66-7 Pyeongsari-gil, Agyang-myeon, Hadong-gun, Gyeongsangnam-do",4280034025,,4885032034104830000017688,055-882-2675,63345,https://www.hadong.go.kr/02641/02652/02816.web,35,127,문화정보원,문학제+교육+체험+경연+대회+토론,20240604,20240604
KCKRSPO23N000001336,관광명소,관광명소_지역명소,하동북천꽃양귀비축제,48,경상남도,48850,하동군,4885039023,북천면 직전리,488502332001,경상남도 하동군 북천면 경서대로 2446-6,경상남도 하동군 북천면 직전리 1477-2 하동레일바이크,"2446-6 Gyeongseo-daero, Bukcheon-myeon, Hadong-gun, Gyeongsangnam-do",4280034026,하동레일바이크,4885039023114770002034202,055-884-2416,63345,https://www.hadong.go.kr/02641/02652/02810.web,35,127,문화정보원,꽃축제+전시+대회+공연,20240604,20240604
KCKRSPO23N000001337,관광명소,관광명소_지역명소,하동섬진강문화재첩축제,48,경상남도,48850,하동군,4885025022,하동읍 광평리,488502000027,경상남도 하동군 하동읍 섬진강대로 2107-8,경상남도 하동군 하동읍 광평리 443-10 송림공원,"2107-8 Seomjingang-daero, Hadong-eup, Hadong-gun, Gyeongsangnam-do",4280034026,송림공원,4885025022104430010049975,055-880-2450,63596,https://www.hadong.go.kr/02641/02652/02812.web,35,127,문화정보원,먹거리축제+체험+공연+대회+판매,20240604,20240604
KCKRSPO23N000001338,관광명소,관광명소_지역명소,술상전어축제,48,경상남도,48850,하동군,4885037030,진교면 술상리,488504832287,경상남도 하동군 진교면 술상길 195,경상남도 하동군 진교면 술상리 1,"195 Sulsang-gil, Jingyo-myeon, Hadong-gun, Gyeongsangnam-do",4280034026,,4885037030100010000040676,055-884-3656,63596,https://www.hadong.go.kr/02641/02652/02813.web,34,127,문화정보원,먹거리축제+판매+공연+체험,20240604,20240604
KCKRSPO23N000001339,관광명소,관광명소_지역명소,하동북천코스모스메밀꽃축제,48,경상남도,48850,하동군,4885039023,북천면 직전리,488502332001,경상남도 하동군 북천면 경서대로 2446-6,경상남도 하동군 북천면 직전리 1477-2 하동레일바이크,"2446-6 Gyeongseo-daero, Bukcheon-myeon, Hadong-gun, Gyeongsangnam-do",4213033021,하동레일바이크,4885039023114770002034202,055-884-7416,52318,https://www.hadong.go.kr/02641/02652/02814.web,35,127,문화정보원,꽃축제+전시+공연+판매,20240604,20240604
KCKRSPO23N000001340,관광명소,관광명소_지역명소,이병주하동국제문학제,48,경상남도,48850,하동군,4885039023,북천면 직전리,488504832381,경상남도 하동군 북천면 이명골길 14-28,경상남도 하동군 북천면 직전리 231,"14-28 Imyeonggol-gil, Bukcheon-myeon, Hadong-gun, Gyeongsangnam-do",4281033024,,4885039023102310000034084,055-882-2354,63594,https://www.hadong.go.kr/02641/02652/02815.web,35,127,문화정보원,문학제+경연,20240604,20240604
KCKRSPO23N000001341,관광명소,관광명소_지역명소,2023 별천지하동 적량김치축제,48,경상남도,48850,하동군,4885033021,적량면 관리,488504832112,경상남도 하동군 적량면 대티길 44-22,경상남도 하동군 적량면 관리 12-1,"44-22 Daeti-gil, Jeongnyang-myeon, Hadong-gun, Gyeongsangnam-do",4281033022,,4885033021100120001000001,055-880-6121,63547,https://www.hadong.go.kr/02641/02652/03325.web,35,127,문화정보원,먹거리축제+판매+공연+체험,20240604,20240604
KCKRSPO23N000001342,관광명소,관광명소_지역명소,제23회 밀양공연예술축제,48,경상남도,48270,밀양시,4827031029,부북면 가산리,482703336075,경상남도 밀양시 부북면 창밀로 3097-16,경상남도 밀양시 부북면 가산리 82 밀양아리나,"3097-16 Changmil-ro, Bubuk-myeon, Miryang-si, Gyeongsangnam-do",4281032024,밀양아리나,4827031029100780002008254,,50401,www.theatervillage.co.kr,35,128,문화정보원,연극축제,20240604,20240604
KCKRSPO23N000001343,관광명소,관광명소_지역명소,제27회 대한민국 청소년연극제,48,경상남도,48270,밀양시,4827031029,부북면 가산리,482703336075,경상남도 밀양시 부북면 창밀로 3097-16,경상남도 밀양시 부북면 가산리 82 밀양아리나,"3097-16 Changmil-ro, Bubuk-myeon, Miryang-si, Gyeongsangnam-do",4277037021,밀양아리나,4827031029100780002008254,,63614,,35,128,문화정보원,연극축제,20240604,20240604
KCKRSPO23N000001344,관광명소,관광명소_지역명소,섬 크로코스미아 꽃축제,46,전라남도,46910,신안군,4691025329,압해읍 송공리,469104858316,전라남도 신안군 압해읍 무지개길 330,전라남도 신안군 압해읍 송공리 58-4 천사섬분재공원,"330 Mujigae-gil, Aphae-eup, Sinan-gun, Jeollanam-do",4277036021,천사섬분재공원,4691043029100580004000001,061-240-5445,63011,https://tour.shinan.go.kr/,34,126,문화정보원,예술공원+크로코스미아 꽃 관람 및 체험,20240604,20240604
KCKRSPO23N000001345,관광명소,관광명소_지역명소,원추리축제,46,전라남도,46910,신안군,4691036029,흑산면 홍도리,469104706354,전라남도 신안군 흑산면 홍도1길 21-5,전라남도 신안군 흑산면 홍도리 129,"21-5 Hongdo 1-gil, Heuksan-myeon, Sinan-gun, Jeollanam-do",4278025629,,4691036029101690000000001,061-246-3700,63050,https://tour.shinan.go.kr/,34,125,문화정보원,문예공원+원추리꽃 사진촬영대회+자산어보 영화상영,20240604,20240604
KCKRSPO23N000001346,관광명소,관광명소_지역명소,섬 민어축제(미정),,,,,,,,전남남도 신안군 임자면 대광해수욕장길 179,전라남도,,4278025923,,,061-240-8410,63521,https://tour.shinan.go.kr/,35,126,문화정보원,개막식+민어요리 시식,20240604,20240604
KCKRSPO23N000001347,관광명소,관광명소_지역명소,섬 불볼락 축제(미정),46,전라남도,46910,신안군,4691036029,흑산면 홍도리,469104706354,전라남도 신안군 흑산면 홍도1길 21-5,전라남도 신안군 흑산면 홍도리 129,"21-5 Hongdo 1-gil, Heuksan-myeon, Sinan-gun, Jeollanam-do",4211040027,,4691036029101690000000001,061-240-8410,63547,https://tour.shinan.go.kr/,34,125,문화정보원,선상 낚시체험+불볼락 시식 및 나눔,20240604,20240604
KCKRSPO23N000001348,관광명소,관광명소_지역명소,섬 새우젓 축제(미정),46,전라남도,46910,신안군,4691025025,지도읍 읍내리,469103302014,전라남도 신안군 지도읍 해제지도로 1283-24,전라남도 신안군 지도읍 읍내리 350-8,"1283-24 Haejejido-ro, Jido-eup, Sinan-gun, Jeollanam-do",4211038022,,4691025025103500008000001,061-240-8410,63011,https://tour.shinan.go.kr/,35,126,문화정보원,개막식+새우젓 요리 시식 및 전시,20240604,20240604
KCKRSPO23N000001349,관광명소,관광명소_지역명소,섬 아스타 축제,,,,,,,,대구광역시 군위군 군위읍 군위금성로 270,대구광역시 군위군 군위읍 용대리 424 김수환추기경 추모전시관,"270 Gunwigeumseong-ro, Gunwi-eup, Gunwi-gun, Daegu",4211035028,김수환추기경 추모전시관,4772025034104240000017018,061-240-8151,63547,https://tour.shinan.go.kr/,32,123,문화정보원,개막식+아스타정원 관람,20240604,20240604
KCKRSPO23N000001350,관광명소,관광명소_지역명소,섬 맨드라미축제(미정),,,,,,,,경상남도 하동군 청암면 삼성궁길 86-15,경상남도 하동군 청암면 묵계리 1561-1,"86-15 Samseonggung-gil, Cheongam-myeon, Hadong-gun, Gyeongsangnam-do",4219010400,,4885040025115610001008882,061-240-5407,63576,https://tour.shinan.go.kr/,32,123,문화정보원,맨드라미 꽃 관람 및 체험+부대시설 운영,20240604,20240604
KCKRSPO23N000001351,관광명소,관광명소_지역명소,애기동백축제,46,전라남도,46910,신안군,4691025329,압해읍 송공리,469104858316,전라남도 신안군 압해읍 무지개길 330,전라남도 신안군 압해읍 송공리 58-4 천사섬분재공원,"330 Mujigae-gil, Aphae-eup, Sinan-gun, Jeollanam-do",4219010600,천사섬분재공원,4691043029100580004000001,061-240-5445,4991,https://tour.shinan.go.kr/,34,126,문화정보원,체험챙사+특산품판매+애기동백꽃관람,20240604,20240604
KCKRSPO23N000001352,관광명소,관광명소_지역명소,제51회신라문화제,47,경상북도,47130,경주시,4713012600,동천동,471303305041,경상북도 경주시 양정로 260 (동천동),경상북도 경주시 동천동 800 경주시청,"260 Yangjeong-ro, Gyeongju-si, Gyeongsangbuk-do",4219010700,경주시청,4713012600108000000013776,054-779-6073,5091,https://www.gyeongju.go.kr/sillafestival/index.do,35,129,문화정보원,"1962년 제1회를 시작으로 올해 제50회를 맞이한 신라문화제의 예술제(주제공연 및 전시, 풍물 경연대회, 화평서제 등)",20240604,20240604
KCKRSPO23N000001353,관광명소,관광명소_지역명소,제22회 파주출판도시 어린이책잔치,41,경기도,41480,파주시,4148011500,문발동,414804418895,경기도 파주시 회동길 145 (문발동),경기도 파주시 문발동 524-3 아시아출판문화정보센터,"145 Hoedong-gil, Paju-si, Gyeonggi-do",4219010600,아시아출판문화정보센터,4148025929105240003016074,031-940-4723,15869,https://www.pajubfc.org/,37,126,문화정보원,테마전시+공연+강연+체험 프로그램 등,20240604,20240604
KCKRSPO23N000001354,관광명소,관광명소_지역명소,2024 파주북소리 축제,41,경기도,41480,파주시,4148011500,문발동,414804418895,경기도 파주시 회동길 145 (문발동),경기도 파주시 문발동 524-3 아시아출판문화정보센터,"145 Hoedong-gil, Paju-si, Gyeonggi-do",4219010900,아시아출판문화정보센터,4148025929105240003016074,031-940-4721,41958,http://pajubooksori.kr/,37,126,문화정보원,강연/공연+전시·부스·체험 프로그램+동네책방 마을잔치+오픈하우스 등,20240604,20240604
KCKRSPO23N000001355,관광명소,관광명소_지역명소,제16회 DMZ국제다큐멘터리영화제,41,경기도,41480,파주시,4148025026,문산읍 사목리,414803206068,경기도 파주시 문산읍 임진각로 177,경기도 파주시 문산읍 사목리 494-1 임진각,"177 Imjingak-ro, Munsan-eup, Paju-si, Gyeonggi-do",4276038000,임진각,4148025026104910009045435,031-940-4723,41958,https://dmzdocs.com/,37,126,문화정보원,다큐멘터리 상영 및 시상+포럼+다큐강연 등,20240604,20240604
KCKRSPO23N000001356,관광명소,관광명소_지역명소,파주포크페스티벌,41,경기도,41480,파주시,4148025025,문산읍 운천리,414803000008,경기도 파주시 문산읍 통일로 1997-1,경기도 파주시 문산읍 운천리 69-26 미래건설중기,"1997-1 Tongil-ro, Munsan-eup, Paju-si, Gyeonggi-do",4276031028,미래건설중기,4148025025100690026018003,031-940-8522,41958,https://pajufolkfestival.com,37,126,문화정보원,공연+부스체험프로그램+홍보부스 등,20240604,20240604
KCKRSPO23N000001357,관광명소,관광명소_지역명소,2024년 제6회 운정호수공원불꽃축제,41,경기도,41480,파주시,4148012200,와동동,414803012061,경기도 파주시 경의로 1151 (와동동),경기도 파주시 와동동 1412,"1151 Gyeongui-ro, Paju-si, Gyeonggi-do",4276034026,,4148012200112200158000001,,41958,,37,126,문화정보원,불꽃쇼+빛 조형물 전시+문화공연 등,20240604,20240604
KCKRSPO23N000001358,관광명소,관광명소_지역명소,2024 헤이리 판 페스티벌,41,경기도,41480,파주시,4148032022,탄현면 법흥리,414804418865,경기도 파주시 탄현면 헤이리마을길 70-21,경기도 파주시 탄현면 법흥리 1652-239 헤이리 갈대광장,"70-21 Heyrimaeul-gil, Tanhyeon-myeon, Paju-si, Gyeonggi-do",4276034000,헤이리 갈대광장,4148032022116520239000001,031-940-4722,41958,http://tour.paju.go.kr,37,126,문화정보원,공연+전시+체험프로그램+직거래장터 등,20240604,20240604
KCKRSPO23N000001359,관광명소,관광명소_지역명소,제34회 율곡문화제,41,경기도,41480,파주시,4148025624,법원읍 동문리,414803206069,경기도 파주시 법원읍 자운서원로 204,경기도 파주시 법원읍 동문리 17-4 자운서원,"204 Jaunseowon-ro, Beobwon-eup, Paju-si, Gyeonggi-do",4276034021,자운서원,4148025624100170004044937,,41958,,37,126,문화정보원,추향제+방방례+유가행렬 등,20240604,20240604
KCKRSPO23N000001360,관광명소,관광명소_지역명소,제19회 파주개성인삼축제,41,경기도,41480,파주시,4148025026,문산읍 사목리,414803206068,경기도 파주시 문산읍 임진각로 177,경기도 파주시 문산읍 사목리 494-1 임진각,"177 Imjingak-ro, Munsan-eup, Paju-si, Gyeonggi-do",4276025022,임진각,4148025026104910009045435,031-940-5282,41958,http://tour.paju.go.kr,37,126,문화정보원,파주개성인삼 전시 및 판매+농특산물 홍보 및 판매+각종 공연 및 체험행사 등,20240604,20240604
KCKRSPO23N000001361,관광명소,관광명소_지역명소,제28회 파주장단콩축제,41,경기도,41480,파주시,4148025026,문산읍 사목리,414803206068,경기도 파주시 문산읍 임진각로 177,경기도 파주시 문산읍 사목리 494-1 임진각,"177 Imjingak-ro, Munsan-eup, Paju-si, Gyeonggi-do",4273034034,임진각,4148025026104910009045435,031-940-5282,41958,http://tour.paju.go.kr,37,126,문화정보원,파주장단콩 전시 및 판매+농특산물 홍보 및 판매+각종 공연 및 체험행사 등,20240604,20240604
KCKRSPO23N000001362,관광명소,관광명소_지역명소,제27회 화도진축제,,인천광역시,,동구,,,281403149065,인천광역시 동구 참외전로 125 (동인천역 광장),인천광역시 동구,,4121010700,,,032-770-6923,41958,https://www.icdonggu.go.kr/tour/culture/festival.jsp,37,126,문화정보원,구한말 인천 앞바다 해안 경계를 위해 설치한 화도진을 배경으로한 대표 군영축제,20240604,20240604
KCKRSPO23N000001363,관광명소,관광명소_지역명소,제28회 화도진축제,,인천광역시,,동구,,,281403149065,인천광역시 동구 참외전로 125 (동인천역 광장),인천광역시 동구,,4161034023,,,032-770-6923,41958,https://www.icdonggu.go.kr/tour/culture/festival.jsp,37,126,문화정보원,구한말 인천 앞바다 해안 경계를 위해 설치한 화도진을 배경으로한 대표 군영축제,20240604,20240604
KCKRSPO23N000001364,관광명소,관광명소_지역명소,제29회 화도진축제,,인천광역시,,동구,,,281403149065,인천광역시 동구 참외전로 125 (동인천역 광장),인천광역시 동구,,4141010800,,,032-770-6923,41958,https://www.icdonggu.go.kr/tour/culture/festival.jsp,37,126,문화정보원,구한말 인천 앞바다 해안 경계를 위해 설치한 화도진을 배경으로한 대표 군영축제,20240604,20240604
KCKRSPO23N000001365,관광명소,관광명소_지역명소,제30회 화도진축제,,인천광역시,,동구,,,281403149065,인천광역시 동구 참외전로 125 (동인천역 광장),인천광역시 동구,,4141010700,,,032-770-6923,41958,https://www.icdonggu.go.kr/tour/culture/festival.jsp,37,126,문화정보원,구한말 인천 앞바다 해안 경계를 위해 설치한 화도진을 배경으로한 대표 군영축제,20240604,20240604
KCKRSPO23N000001366,관광명소,관광명소_축제,백화산 해맞이 행사,,,,,,,,인천광역시 중구 신포로27번길 80 (관동1가),인천광역시 중구 관동1가 9-1 중구청,"80 Sinpo-ro 27beon-gil, Jung-gu, Incheon",1162010200,중구청,2811010900100090001023419,041-670-2768,41958,,32,123,문화정보원,신년 해맞이 행사,20240604,20240604
KCKRSPO23N000001367,관광명소,관광명소_축제,연포 해맞이 행사,,,,,,,,경기도 양주시 광사로 131-66 (광사동),경기도 양주시 광사동 731,"131-66 Gwangsa-ro, Yangju-si, Gyeonggi-do",1153010200,,4163010600107310000000001,041-670-2768,41958,,32,123,문화정보원,신년 해맞이 행사,20240604,20240604
KCKRSPO23N000001368,관광명소,관광명소_축제,꽃지 해넘이 행사,,,,,,,,부산광역시 부산진구 시민공원로 30 (부암동),부산광역시 부산진구 부암동 666-16 부산진구청,"30 Simingongwon-ro, Busanjin-gu, Busan",1132010600,부산진구청,2623010800106660016013322,041-670-2768,41958,,32,123,문화정보원,해넘이 행사,20240604,20240604
KCKRSPO23N000001369,관광명소,관광명소_축제,울산고래축제,31,울산광역시,31140,남구,3114011900,매암동,311403170048,울산광역시 남구 장생포고래로 244 (매암동),울산광역시 남구 매암동 139-29 장생포고래박물관,"244 Jangsaengpogorae-ro, Nam-gu, Ulsan",1132010600,장생포고래박물관,3114011900101390029025653,052-226-1992,41958,http://www.ulsanwhale.com/index.jsp,35,129,문화정보원,고래테마 체험+공연+행사 등,20240604,20240604
KCKRSPO23N000001370,관광명소,관광명소_축제,궁거랑 벚꽃 한마당 개최,31,울산광역시,31140,남구,3114010100,무거동,311404310472,"울산광역시 남구 삼호로23번길 12-1 13, 무거생태하천 일원",울산광역시 남구 무거동 1432-16,,1132010600,,,,42124,,35,129,문화정보원,축하공연+구립교향악단+청소년공연+예술단공연+포토존+벚꽃조명+벚꽃터널+먹거리장터+푸드트럭,20240604,20240604
KCKRSPO23N000001371,관광명소,관광명소_축제,양록제,,,,,,,,경상남도 합천군 대병면 합천호수로 197,경상남도 합천군 대병면 회양리 1603-1 합천댐물문화관,"197 Hapcheonhosu-ro, Daebyeong-myeon, Hapcheon-gun, Gyeongsangnam-do",1123010600,합천댐물문화관,4889045023116030001055082,033-482-9612,42124,https://www.ygtour.kr/Home/H30000/H30100/placeDetail?place_no=76&viewType=gallery&viewClass=tour&page=1&pageSize=12&order_column=1&place_class=P012,32,123,문화정보원,"문화예술단체 공연 및 전시행사, 민속, 체육경기 운영",20240604,20240604
KCKRSPO23N000001372,관광명소,관광명소_축제,양구배꼽축제,,,,,,,,경상남도 합천군 가회면 황매산공원길 4,경상남도 합천군 가회면 둔내리 산209-14 황매산국립공원관광안내소,"4 Hwangmaesangongwon-gil, Gahoe-myeon, Hapcheon-gun, Gyeongsangnam-do",1123010200,황매산국립공원관광안내소,4889044024202090014072381,033-482-9612,41952,https://www.ygtour.kr/Home/H30000/H30100/placeDetail?place_no=78&viewType=gallery&viewClass=tour&page=1&pageSize=12&order_column=1&place_class=P012,32,123,문화정보원,"퍼포먼스, 퍼레이드 등 문화예술 프로그램 운영",20240604,20240604
KCKRSPO23N000001373,관광명소,관광명소_축제,양구사과시래기축제,,,,,,,,경상남도 합천군 가회면 황매산공원길 4,경상남도 합천군 가회면 둔내리 산209-14 황매산국립공원관광안내소,"4 Hwangmaesangongwon-gil, Gahoe-myeon, Hapcheon-gun, Gyeongsangnam-do",1159010100,황매산국립공원관광안내소,4889044024202090014072381,033-482-9612,41952,https://www.ygtour.kr/Home/H30000/H30100/placeDetail?place_no=317&viewType=gallery&viewClass=tour&page=1&pageSize=12&order_column=1&place_class=P012,32,123,문화정보원,"사과, 시래기 판매 및 홍보, 축제프로그램 운영",20240604,20240604
KCKRSPO23N000001374,관광명소,관광명소_축제,부산원도심골목길축제,26,부산광역시,26170,동구,2617010100,초량동,261702000010,부산광역시 동구 중앙대로 210 (초량동),부산광역시 동구 초량동 1202,"210 Jungang-daero, Dong-gu, Busan",1159010800,,2617010100112020000000001,051-888-5221,41952,http://www.bfo.or.kr/main/index.asp,35,129,문화정보원,테마별 체험 프로그램 등,20240604,20240604
KCKRSPO23N000001375,관광명소,관광명소_축제,부산시민의종 타종식,26,부산광역시,26110,중구,2611013400,광복동2가,261104175193,부산광역시 중구 용두산길 37-55 (광복동2가),부산광역시 중구 광복동2가 1-2 용두산공원,"37-55 Yongdusan-gil, Jung-gu, Busan",1159010900,용두산공원,2611013400100010002008819,051-888-5224,41952,http://www.bfo.or.kr/main/index.asp,35,129,문화정보원,시민의종 타종+문화공연,20240604,20240604
KCKRSPO23N000001376,관광명소,관광명소_축제,부산국제록페스티벌,26,부산광역시,26530,사상구,2653010100,삼락동,265302006002,부산광역시 사상구 낙동대로 1231 (삼락동),부산광역시 사상구 삼락동 617-3 강변공원관리사무소,"1231 Nakdong-daero, Sasang-gu, Busan",1171010100,강변공원관리사무소,2653010100106170003000001,051-888-5221,41952,http://www.bfo.or.kr/main/index.asp,35,128,문화정보원,국내외 유명밴드 스테이지 공연 등,20240604,20240604
KCKRSPO23N000001377,관광명소,관광명소_축제,부산불꽃축제,26,부산광역시,26500,수영구,2650010400,광안동,265003138005,부산광역시 수영구 광안해변로 219 (광안동),부산광역시 수영구 광안동 192-20 수영구문화센터,"219 Gwanganhaebyeon-ro, Suyeong-gu, Busan",1171011100,수영구문화센터,2650010400101920020020175,051-888-5222,41952,http://www.bfo.or.kr/main/index.asp,35,129,문화정보원,불꽃 토크쇼+부산멀티불꽃쇼 등,20240604,20240604
KCKRSPO23N000001378,관광명소,관광명소_축제,부산바다축제,26,부산광역시,26350,해운대구,2635010600,중동,263503133043,부산광역시 해운대구 해운대해변로 280 (중동),부산광역시 해운대구 중동 1411-23 해운대해수욕장이벤트광장 화장실,"280 Haeundaehaebyeon-ro, Haeundae-gu, Busan",1171011100,해운대해수욕장이벤트광장 화장실,2635010600114110023000001,051-888-5224,59674,http://www.bfo.or.kr/main/index.asp,35,129,문화정보원,공연행사+불꽃쇼+체험행사 등,20240604,20240604
KCKRSPO23N000001379,관광명소,관광명소_축제,2024 해운대카운트다운&해맞이축제,26,부산광역시,26350,해운대구,2635010600,중동,263503133041,부산광역시 해운대구 중동2로 11 (중동),부산광역시 해운대구 중동 1378-95 해운대구청,"11 Jungdong 2-ro, Haeundae-gu, Busan",1117013000,해운대구청,2635010600113780095002835,051-749-4062,59675,,35,129,문화정보원,카운트다운 행사+해맞이 행사+부대 프로그램 등,20240604,20240604
KCKRSPO23N000001380,관광명소,관광명소_축제,제39회 해운대 달맞이온천축제,26,부산광역시,26350,해운대구,2635010600,중동,263503133041,부산광역시 해운대구 중동2로 11 (중동),부산광역시 해운대구 중동 1378-95 해운대구청,"11 Jungdong 2-ro, Haeundae-gu, Busan",1126010100,해운대구청,2635010600113780095002835,051-749-4062,47293,,35,129,문화정보원,길놀이 행사+달집태우기+개막행사+무대공연 등,20240604,20240604
KCKRSPO23N000001381,관광명소,관광명소_축제,제19회 해운대 모래축제,26,부산광역시,26350,해운대구,2635010600,중동,263503133041,부산광역시 해운대구 중동2로 11 (중동),부산광역시 해운대구 중동 1378-95 해운대구청,"11 Jungdong 2-ro, Haeundae-gu, Busan",1126010400,해운대구청,2635010600113780095002835,051-749-4062,47193,,35,129,문화정보원,모래작품 전시+체험프로그램+플라워카펫 등,20240604,20240604
KCKRSPO23N000001382,관광명소,관광명소_축제,제19회 국제매직페스티벌,26,부산광역시,26350,해운대구,2635010600,중동,263503133041,부산광역시 해운대구 중동2로 11 (중동),부산광역시 해운대구 중동 1378-95 해운대구청,"11 Jungdong 2-ro, Haeundae-gu, Busan",3611031000,해운대구청,2635010600113780095002835,051-749-4061,25131,,35,129,문화정보원,매직버스킹공연+무대공연+경연대회 등,20240604,20240604
KCKRSPO23N000001383,관광명소,관광명소_축제,제7회 반송한마음축제,26,부산광역시,26350,해운대구,2635010600,중동,263503133041,부산광역시 해운대구 중동2로 11 (중동),부산광역시 해운대구 중동 1378-95 해운대구청,"11 Jungdong 2-ro, Haeundae-gu, Busan",3611011000,해운대구청,2635010600113780095002835,051-749-4061,40024,,35,129,문화정보원,개막행사+무대공연 등,20240604,20240604
KCKRSPO23N000001384,관광명소,관광명소_축제,제28회 부산바다축제,26,부산광역시,26350,해운대구,2635010600,중동,263503133041,부산광역시 해운대구 중동2로 11 (중동),부산광역시 해운대구 중동 1378-95 해운대구청,"11 Jungdong 2-ro, Haeundae-gu, Busan",3611031000,해운대구청,2635010600113780095002835,051-749-4061,25460,,35,129,문화정보원,개막행사+무대공연 등,20240604,20240604
KCKRSPO23N000001385,관광명소,관광명소_축제,송정해변축제,26,부산광역시,26350,해운대구,2635010600,중동,263503133041,부산광역시 해운대구 중동2로 11 (중동),부산광역시 해운대구 중동 1378-95 해운대구청,"11 Jungdong 2-ro, Haeundae-gu, Busan",3611025028,해운대구청,2635010600113780095002835,051-749-4061,25460,,35,129,문화정보원,개막행사+무대공연 등,20240604,20240604
KCKRSPO23N000001386,관광명소,관광명소_축제,달맞이언덕 인문학 축제,26,부산광역시,26350,해운대구,2635010600,중동,263503133041,부산광역시 해운대구 중동2로 11 (중동),부산광역시 해운대구 중동 1378-95 해운대구청,"11 Jungdong 2-ro, Haeundae-gu, Busan",3111062000,해운대구청,2635010600113780095002835,051-749-4064,25461,,35,129,문화정보원,인문학 강연+무대공연 등,20240604,20240604
KCKRSPO23N000001387,관광명소,관광명소_축제,제21회 담안골 문화축제,26,부산광역시,26350,해운대구,2635010600,중동,263503133041,부산광역시 해운대구 중동2로 11 (중동),부산광역시 해운대구 중동 1378-95 해운대구청,"11 Jungdong 2-ro, Haeundae-gu, Busan",3111058500,해운대구청,2635010600113780095002835,051-749-4061,25460,,35,129,문화정보원,개막행사+무대공연 등,20240604,20240604
KCKRSPO23N000001388,관광명소,관광명소_축제,장산제,26,부산광역시,26350,해운대구,2635010600,중동,263503133041,부산광역시 해운대구 중동2로 11 (중동),부산광역시 해운대구 중동 1378-95 해운대구청,"11 Jungdong 2-ro, Haeundae-gu, Busan",3111060000,해운대구청,2635010600113780095002835,051-749-4061,25472,,35,129,문화정보원,개막행사+무대공연 등,20240604,20240604
KCKRSPO23N000001389,관광명소,관광명소_축제,산청한방약초축제,48,경상남도,48860,산청군,4886034026,금서면 특리,488604835429,경상남도 산청군 금서면 동의보감로555번길 61,경상남도 산청군 금서면 특리 1300-25,"61 Donguibogam-ro 555beon-gil, Geumseo-myeon, Sancheong-gun, Gyeongsangnam-do",3111060000,,4886034026113000025004593,055-970-6601,25532,http://scherb.or.kr/,35,127,문화정보원,혜민서(한방무료진료)+전통방식 약초달이기+산청한약방 체험+문화예술공연/경연+전시/판매행사 등,20240604,20240604
KCKRSPO23N000001390,관광명소,관광명소_축제,서산해미읍성축제,44,충청남도,44210,서산시,4421039021,해미면 읍내리,442103254016,충청남도 서산시 해미면 남문2로 143,충청남도 서산시 해미면 읍내리 491 해미읍성,"143 Nammun 2-ro, Haemi-myeon, Seosan-si, Chungcheongnam-do",3111060000,해미읍성,4421039021100310001064026,041-660-2697,25534,https://www.seosan.go.kr/tour/index.do,36,126,문화정보원,축성체험+병영체험+민초음식체험+미디어파사드 퍼포먼스+거리문화공연 등,20240604,20240604
KCKRSPO23N000001391,관광명소,관광명소_축제,세종축제,36,세종특별자치시,36110,갈매로,3611011000,어진동,,세종특별자치시 갈매로 387 (어진동),세종특별자치시 어진동 593,"387 Galmae-ro, Sejong-si",3111060000,,3611011000105930000000001,044-850-0556,25586,http://sjfestival.kr/,36,127,문화정보원,대형 수상극+버스킹+한글놀이터+시민 참여 프로그램 등,20240604,20240604
KCKRSPO23N000001392,관광명소,관광명소_축제,소래포구축제,28,인천광역시,28200,남동구,2820011000,논현동,282002008005,인천광역시 남동구 아암대로 1550 (논현동),인천광역시 남동구 논현동 775 새우타워,"1550 Aam-daero, Namdong-gu, Incheon",3114053000,새우타워,2820011000107750000000002,032-453-2142,59117,www.namdong.go.kr/soraefestival,37,126,문화정보원,"대하,꽃게 낚시 체험+서해안풍어제(공연)+어죽시식회+체험 프로그램+지역특산품 판매 등",20240604,20240604
KCKRSPO23N000001393,관광명소,관광명소_축제,수원화성문화제,41,경기도,41115,수원시,4111512300,남창동,411153012006,경기도 수원시 팔달구 정조로 825 (남창동),경기도 수원시 팔달구 남창동 6-2 화성행궁,"825 Jeongjo-ro, Paldal-gu, Suwon-si, Gyeonggi-do",3111060000,화성행궁,4111512300100060002052093,031-228-3068,59151,https://www.swcf.or.kr/shcf/,37,127,문화정보원,주제공연+투어/전시/체험+정조대왕 능행차 공동재현,20240604,20240604
KCKRSPO23N000001394,관광명소,관광명소_축제,순창장류축제,52,전북특별자치도,52770,순창군,5277025000,순창읍,457704634352,전북특별자치도 순창군 순창읍 민속마을길 6-3,전북특별자치도 순창군 순창읍 백산리 265-4,"6-3 Minsongmaeul-gil, Sunchang-eup, Sunchang-gun, Jeonbuk-do",3114010200,,4577025025002650004000326,063-650-1624,61104,http://www.jangfestival.co.kr,35,127,문화정보원,문화공연+장류체험+전시+판매+주민참여 프로그램 등,20240604,20240604
KCKRSPO23N000001395,관광명소,관광명소_축제,시흥갯골축제,41,경기도,41390,시흥시,4139013000,장곡동,413903199013,경기도 시흥시 동서로 287 (장곡동),경기도 시흥시 장곡동 724-32 갯골생태공원,"287 Dongseo-ro, Siheung-si, Gyeonggi-do",3114010200,갯골생태공원,4139013000107240032000001,031-380-5681,61475,https://sgfestival.com/main,37,126,문화정보원,갯골패밀리런+갯골퍼레이드+생태체험놀이+생태예술공연+갤골달빛야행 등,20240604,20240604
KCKRSPO23N000001396,관광명소,관광명소_축제,안동탈춤축제,47,경상북도,47170,안동시,4717011300,운흥동,471703018013,경상북도 안동시 경동로 684 (운흥동),경상북도 안동시 운흥동 224,"684 Gyeongdong-ro, Andong-si, Gyeongsangbuk-do",3114010500,,4717011300101780003017479,054-841-6379,61953,http://www.maskdance.com/2022/main.asp,36,128,문화정보원,한국탈춤 공연+외국탈춤 공연+기타 공연+시민참여 프로그램+체험 프로그램 등,20240604,20240604
KCKRSPO23N000001397,관광명소,관광명소_축제,안성맞춤남사당바우덕이축제,41,경기도,41550,안성시,4155031033,보개면 복평리,415503208013,경기도 안성시 보개면 남사당로 198,경기도 안성시 보개면 복평리 303-3,"198 Namsadang-ro, Bogae-myeon, Anseong-si, Gyeonggi-do",3114010100,,4155031033100340024000002,031-678-2511,61493,https://www.anseong.go.kr/tourPortal/baudeogi/main.do,37,127,문화정보원,남사당놀이+장터무대+전야제+기획 체험전+체험부스 등,20240604,20240604
KCKRSPO23N000001398,관광명소,관광명소_축제,여주오곡나루축제,41,경기도,41670,여주시,4167012000,천송동,416704442277,경기도 여주시 신륵사길 7 (천송동),경기도 여주시 천송동 297-1 여주세계생활도자관,"7 Silleuksa-gil, Yeoju-si, Gyeonggi-do",3114010400,여주세계생활도자관,4173025040102920001058692,031-881-9693,61485,https://www.yjcf.or.kr,37,127,문화정보원,가마솥 여주쌀 먹기+군고구미 기네스 퍼포먼스+나루장터+민속체험마당 등,20240604,20240604
KCKRSPO23N000001399,관광명소,관광명소_축제,연천구석기축제,41,경기도,41800,연천군,4180025321,전곡읍 전곡리,418003215061,경기도 연천군 전곡읍 양연로 1510,"경기도 연천군 전곡읍 전곡리 529 선사관리사업소, 전곡구석기유적관","1510 Yangyeon-ro, Jeongok-eup, Yeoncheon-gun, Gyeonggi-do",3117010100,"선사관리사업소, 전곡구석기유적관",4180025321105150000000001,070-8806-5511,36537,https://www.yeoncheon.go.kr/festival/,38,127,문화정보원,선사문화체험+전시+이벤트,20240604,20240604
KCKRSPO23N000001400,관광명소,관광명소_축제,영동난계국악축제,43,충청북도,43740,영동군,4374025021,영동읍 계산리,437403243018,충청북도 영동군 영동읍 동정로 1,충청북도 영동군 영동읍 계산리 210-1 cctv통합관제센터,"1 Dongjeong-ro, Yeongdong-eup, Yeongdong-gun, Chungcheongbuk-do",3117010100,cctv통합관제센터,4374025022101250004004655,043-745-8917,4524,http://www.ydnan-gye.co.kr/,36,127,문화정보원,퍼레이드+숭모제+국악기체험 등,20240604,20240604
KCKRSPO23N000001401,관광명소,관광명소_축제,영암왕인문화축제,46,전라남도,46830,영암군,4683036028,군서면 동구림리,468303295086,전라남도 영암군 군서면 왕인로 440,전라남도 영암군 군서면 동구림리 산17 왕인박사유적지,"440 Wangin-ro, Gunseo-myeon, Yeongam-gun, Jeollanam-do",3117010100,왕인박사유적지,4683036028104370000000001,061-470-2346,61466,영암왕인문화축제.kr,34,126,문화정보원,왕인박사 업적 조명+테마퍼레이드,20240604,20240604
KCKRSPO23N000001402,관광명소,관광명소_축제,영주풍기인삼축제,47,경상북도,47210,영주시,4721025021,풍기읍 성내리,472103309075,경상북도 영주시 풍기읍 남원로 80,경상북도 영주시 풍기읍 성내리 99 풍기읍사무소,"80 Namwon-ro, Punggi-eup, Yeongju-si, Gyeongsangbuk-do",3117010100,풍기읍사무소,4721025021100990000000001,054-635-0020,61466,http://www.ginsengfestival.co.kr/,36,128,문화정보원,풍기기네스+풍퀴즈 온더블록+인삼향 풍기네+슬기로운 풍기인삼+릴레이콘서트 등,20240604,20240604
KCKRSPO23N000001403,관광명소,관광명소_축제,울산옹기축제,31,울산광역시,31710,울주군,3171025630,온양읍 고산리,317104319772,울산광역시 울주군 온양읍 외고산3길 36,울산광역시 울주군 온양읍 고산리 501-18 울산옹기박물관,"36 Oegosan 3-gil, Onyang-eup, Ulju-gun, Ulsan",3117010100,울산옹기박물관,3171025630105010018000111,052-980-2234,61466,https://www.onggi.or.kr/,35,129,문화정보원,옹기 전시행사+옹기만들기 체험+옹기가요제+부대 프로그램 등,20240604,20240604
KCKRSPO23N000001404,관광명소,관광명소_축제,음성품바축제,43,충청북도,43770,음성군,4377025021,음성읍 읍내리,437704541668,충청북도 음성군 음성읍 설성공원길 28,충청북도 음성군 음성읍 읍내리 446-1 야외음악당,"28 Seolseonggongwon-gil, Eumseong-eup, Eumseong-gun, Chungcheongbuk-do",3117010100,야외음악당,4377025021108170000000221,043-873-2241,48305,https://pumba.kr/,36,127,문화정보원,전국 품바 길놀이 퍼레이드+글로벌 품바 래퍼 경연대회+품바뮤지컬+품바왕 선발대회 등,20240604,20240604
KCKRSPO23N000001405,관광명소,관광명소_축제,인천펜타포트음악축제,28,인천광역시,28185,연수구,2818510600,송도동,281853152013,인천광역시 연수구 센트럴로 350 (송도동),인천광역시 연수구 송도동 26-1 달빛축제공원,"350 Central-ro, Yeonsu-gu, Incheon",3111010600,달빛축제공원,2818510600100260001000001,1899-6709,22005,https://pentaport.co.kr/,37,126,문화정보원,국내·외 아티스트 콘서트+드론쇼+관객참여형 ESG캠페인 및 이벤트 등,20240604,20240604
KCKRSPO23N000001406,관광명소,관광명소_지역명소,임실N치즈축제,52,전북특별자치도,52750,임실군,5275034021,성수면 도인리,457504631071,전북특별자치도 임실군 성수면 도인2길 50,전북특별자치도 임실군 성수면 도인리 689 임실치즈테마파크,"50 Doin 2-gil, Seongsu-myeon, Imsil-gun, Jeonbuk-do",4148025026,임실치즈테마파크,4575034021200030003000001,063-643-3900,48576,www.imsilfestival.com,35,127,문화정보원,국가대표 왕치즈피자 만들기+우유드림 행복드림 퍼레이드+임실N치즈페어+치즈경매,20240604,20240604
KCKRSPO23N000001407,관광명소,관광명소_지역명소,장수한우랑사과랑축제,52,전북특별자치도,52740,장수군,5274025027,장수읍 두산리,457404628053,전북특별자치도 장수군 장수읍 논개사당길 65,전북특별자치도 장수군 장수읍 두산리 981 누리파크,"65 Nongaesadang-gil, Jangsu-eup, Jangsu-gun, Jeonbuk-do",4145011700,누리파크,4574025027109810000000001,063-350-2357,13992,https://www.jangsufestival.com/,35,127,문화정보원,장수한우마당+환영리셉션+토마토속 황금반지를 찾아라+레드콘서트+체험프로그램+공연경영프로그램 등,20240604,20240604
KCKRSPO23N000001408,관광명소,관광명소_지역명소,정남진장흥물축제,46,전라남도,46800,장흥군,4680025048,장흥읍 우산리,468004676353,전라남도 장흥군 장흥읍 우드랜드길 180,전라남도 장흥군 장흥읍 우산리 산20-1 정남진편백숲우드랜드,"180 Udeuraendeu-gil, Jangheung-eup, Jangheung-gun, Jeollanam-do",4831032023,정남진편백숲우드랜드,4680025048200200001000001,061-860-5771,43133,https://www.jangheung.go.kr/festival,34,126,문화정보원,살수대첩+지상최대의물싸움+황금물고기를잡아라+수중줄다리기+워터락풀파티+별밤수다쟁이+지상최대의워터붐,20240604,20240604
KCKRSPO23N000001409,관광명소,관광명소_지역명소,원주삼토페스티벌,51,강원특별자치도,51130,원주시,5113010600,명륜동,421302219001,강원특별자치도 원주시 서원대로 311 (명륜동),강원특별자치도 원주시 명륜동 342 원주종합운동장,"311 Seowon-daero, Wonju-si, Gangwon-do",4825011800,원주종합운동장,4213010600103110000004187,033-737-4155,43121,,37,127,문화정보원,농촌문화체험+지역먹거리 판매 등,20240604,20240604
KCKRSPO23N000001410,관광명소,관광명소_지역명소,SUMMER CAMP,50,제주특별자치도,50110,제주시,5011025625,구좌읍 송당리,501103349228,제주특별자치도 제주시 구좌읍 금백조로 930,제주특별자치도 제주시 구좌읍 송당리 2303-3,"930 Geumbaekjo-ro, Gujwa-eup, Jeju-si, Jeju-do",4825035025,,5011025625201660004000001,064-903-1111,63355,www.snoopygarden.com/,33,126,문화정보원,여름방학 SUMMER CAMP 컨셉으로 특별 전시가 진행되며 스누피가든 건물 곳곳에 꾸며진 VMD를 통해 여름방학 분위기를 즐길 수 있다.,20240604,20240604
KCKRSPO23N000001411,관광명소,관광명소_지역명소,제주민속촌 야간개장 귀몽,50,제주특별자치도,50130,서귀포시,5013032021,표선면 표선리,501303350090,제주특별자치도 서귀포시 표선면 민속해안로 631-34,제주특별자치도 서귀포시 표선면 표선리 40-1,"631-34 Minsokhaean-ro, Pyoseon-myeon, Seogwipo-si, Jeju-do",4825012300,,5013032021100400001000001,064-787-4501,52309,jejufolk.com/,33,126,문화정보원,2023년 여름 제주의 지박령들이 하나둘씩 개어나 숨막히는 어둠과 공포로 제주 민속촌을 뒤덮는다.,20240604,20240604
KCKRSPO23N000001412,관광명소,관광명소_지역명소,새연교 콘서트,50,제주특별자치도,50130,서귀포시,5013010600,서홍동,501303350030,제주특별자치도 서귀포시 남성중로 40 (서홍동),제주특별자치도 서귀포시 서홍동 707-5,"40 Namseongjung-ro, Seogwipo-si, Jeju-do",4825011900,,5013010600107070005014244,064-760-2654,63594,,33,126,문화정보원,사전 오픈마이크·음악공연 및 마술버블쇼·새연교 음악분수쇼,20240604,20240604
KCKRSPO23N000001413,관광명소,관광명소_지역명소,제주목관아 야간개장,50,제주특별자치도,50110,제주시,5011010600,삼도이동,501103349016,제주특별자치도 제주시 관덕로 25 (삼도이동),제주특별자치도 제주시 삼도이동 1045-1 제주목관아,"25 Gwandeok-ro, Jeju-si, Jeju-do",4884034021,제주목관아,5011010600100430003057515,064-749-7752,63166,www.instagram.com/jeju_mokkwana/,33,126,문화정보원,제주목관아와 관덕정 야경을 배경으로 버스킹·정기공연·수문장 교대의식·자치경찰 기마대 거리행진 등 도민과 관광객에게 즐거운 볼거리가 가득한 이번 야간개장은 5월부터 10월동안 운영된다.,20240604,20240604
KCKRSPO23N000001414,관광명소,관광명소_지역명소,제8회 제주푸드앤와인페스티벌,50,제주특별자치도,50110,제주시,5011012200,노형동,501104849157,제주특별자치도 제주시 한라대학로 38 (노형동),제주특별자치도 제주시 노형동 1534 제주한라대학교,"38 Halladaehak-ro, Jeju-si, Jeju-do",4827035032,제주한라대학교,5011012200115340000011209,02-3467-0303,63092,jfwf.kr/,33,126,문화정보원,2023 고메스푼 맛집 200·제주 향토음식점 맛순례·테이스트 오브 제주 2023,20240604,20240604
KCKRSPO23N000001415,관광명소,관광명소_지역명소,2023 청수 곶자왈 반딧불이 축제,50,제주특별자치도,50110,제주시,5011031021,한경면 청수리,501103020001,제주특별자치도 제주시 한경면 연명로 348,제주특별자치도 제주시 한경면 청수리 113-3,"348 Yeonmyeong-ro, Hangyeong-myeon, Jeju-si, Jeju-do",4827031023,,5011031021101130003000001,064-773-1949,52302,www.cheongsuri.kr/index.php,33,126,문화정보원,청정제주 청수리의 청명한 빛으로 신비로움을 만끽할 수 있는 반딧불이 체험,20240604,20240604
KCKRSPO23N000001416,관광명소,관광명소_지역명소,제41회 대한민국연극제 제주,50,제주특별자치도,50110,제주시,5011010200,일도이동,501103349055,제주특별자치도 제주시 동광로 69 (일도이동),제주특별자치도 제주시 일도이동 852 제주도문예회관,"69 Donggwang-ro, Jeju-si, Jeju-do",4827025022,제주도문예회관,5011010200108520000024632,064-702-5090,63270,ktf365.org/,33,126,문화정보원,대한민국 최대 규모의 연극예술의 향연이 22년만에 제주에서 펼쳐진다. 16개 시도를 대표하는 연극단체들이 각기 다른 매력의 연극을 선보인다.,20240604,20240604
KCKRSPO23N000001417,관광명소,관광명소_지역명소,김만덕주간 나눔큰잔치,50,제주특별자치도,50110,제주시,5011010700,건입동,501103349184,제주특별자치도 제주시 중앙로 1 (건입동),제주특별자치도 제주시 건입동 1444,"1 Jungang-ro, Jeju-si, Jeju-do",4833031022,,5011010700114440000020529,064-759-6090,63276,www.mandukmuseum.or.kr/,33,126,문화정보원,제7회 김만덕주간 ’나눔 큰잔치’,20240604,20240604
KCKRSPO23N000001418,관광명소,관광명소_지역명소,만덕제,50,제주특별자치도,50110,제주시,5011010700,건입동,501104847794,제주특별자치도 제주시 사라봉길 75 (건입동),제주특별자치도 제주시 건입동 387-4,"75 Sarabong-gil, Jeju-si, Jeju-do",4833011300,,5011010700103870004027611,064-759-6090,63284,www.mandukmuseum.or.kr/,33,126,문화정보원,제44회 만덕제 및 김만덕상 시상식,20240604,20240604
KCKRSPO23N000001419,관광명소,관광명소_지역명소,9.81파크 제주 ’하늘 나는 피카츄 프로젝트’,50,제주특별자치도,50110,제주시,5011025336,애월읍 어음리,501103349188,제주특별자치도 제주시 애월읍 천덕로 880-24,제주특별자치도 제주시 애월읍 어음리 3916 애월스마트테마파크,"880-24 Cheondeok-ro, Aewol-eup, Jeju-si, Jeju-do",4833034021,애월스마트테마파크,5011025336201310000000001,1833-9810,63038,www.981park.com/,33,126,문화정보원,다양한 포캣몬들을 만나보고 스탬프 투어도 참여하자,20240604,20240604
KCKRSPO23N000001420,관광명소,관광명소_지역명소,스트레스 제로 킹 in 제주,50,제주특별자치도,50130,서귀포시,5013010400,호근동,501303020010,제주특별자치도 서귀포시 산록남로 2271 (호근동),제주특별자치도 서귀포시 호근동 산1,"2271 Sallongnam-ro, Seogwipo-si, Jeju-do",4833034022,,5013010400200010000000001,,6900,stresszeroking.com/,33,126,문화정보원,바쁜 현대사회에서 어차피 피할 수 없는 스트레스를 이겨낼 수 있도록 스트레스회복 탄력성을 기르기 위해 마련된 행사로 서로의 스트레스 이야기에 공감하면서 우리 사회의 스트레스 역치를 향상하기 위한 의과학적 데이터 기반의 퍼포먼스다,20240604,20240604
KCKRSPO23N000001421,관광명소,관광명소_축제,제 2회 제술페(제주한잔 우리술 페스티벌),50,제주특별자치도,50110,제주시,5011013300,회천동,501103349064,제주특별자치도 제주시 명림로 575-107 (회천동),제주특별자치도 제주시 회천동 3-16 한화리조트,"575-107 Myeongnim-ro, Jeju-si, Jeju-do",3111010600,한화리조트,5011013300100030016065259,064-799-5575,6927,booking.naver.com/booking/6/bizes/649994,33,126,문화정보원,맑은 제주에서 자란 다양한 원물을 이용하여 탄생한 각양각색의 우리술을 한 곳에서 경험하고 즐기는 축제,20240604,20240604
KCKRSPO23N000001422,관광명소,관광명소_축제,2023 풋귤축제,50,제주특별자치도,50110,제주시,5011012900,도남동,501103349137,제주특별자치도 제주시 연삼로 286 (도남동),제주특별자치도 제주시 도남동 582,"286 Yeonsam-ro, Jeju-si, Jeju-do",3111010600,,5011012900105820000000001,064-762-3091,7062,www.jicexpo.com,33,126,문화정보원,풋귤 체험행사·풋귤 놀이터·풋귤 마켓·풋귤 제품 전시 홍보,20240604,20240604
KCKRSPO23N000001423,관광명소,관광명소_축제,2023 해질녘 여름 버스킹,50,제주특별자치도,50110,제주시,5011025929,조천읍 교래리,501103349229,제주특별자치도 제주시 조천읍 남조로 2023,제주특별자치도 제주시 조천읍 교래리 산95 교래자연휴양림,"2023 Namjo-ro, Jocheon-eup, Jeju-si, Jeju-do",3171031025,교래자연휴양림,5011025929103190000061403,064-710-7487,55927,post.naver.com/my.naver?memberNo=53254282,33,126,문화정보원,싱어송라이터 제제·마술공연 레이·국악피리 이준섭·교래색소폰 앙상블·케이팝 플레이 댄스 에피소드,20240604,20240604
KCKRSPO23N000001424,관광명소,관광명소_지역명소,2023 제8회 서귀포오페라페스티벌,50,제주특별자치도,50130,서귀포시,5013010600,서홍동,501303350269,제주특별자치도 서귀포시 태평로 270 (서홍동),제주특별자치도 서귀포시 서홍동 551-1 서귀포예술의전당,"270 Taepyeong-ro, Seogwipo-si, Jeju-do",4812112500,서귀포예술의전당,5013010600106510000000001,064-760-3368,55937,,33,126,문화정보원,사랑의 묘약·라 트라비아타·그랜드 오페라 갈라콘서트·어린이 오페라 나는야 빠빠게노,20240604,20240604
KCKRSPO23N000001425,관광명소,관광명소_축제,2023 JEJU MUSIC WEEKEND,50,제주특별자치도,50110,제주시,5011010200,일도이동,501103349113,제주특별자치도 제주시 신산로 82 (일도이동),제주특별자치도 제주시 일도이동 837-20 제주민속관광타운,"82 Sinsan-ro, Jeju-si, Jeju-do",3114011900,제주민속관광타운,5011010200108370020031437,064-766-0709,55953,www.be-in.kr/product/performance/1147,33,126,문화정보원,국내외 음악 관련 전문가와 도내 뮤지션을 초청하여 세미나를 통해 제주 음악산업에 대해 얘기하고 제주음악창작소에서 발굴하고 지원한 제주 뮤지션들의 쇼케이스 공연을 진행한다,20240604,20240604
KCKRSPO23N000001426,관광명소,관광명소_축제,2023 뒷개백중맞이,50,제주특별자치도,50110,제주시,5011025927,조천읍 북촌리,501104847763,제주특별자치도 제주시 조천읍 북촌7길 27,제주특별자치도 제주시 조천읍 북촌리 1371,"27 Bukchon 7-gil, Jocheon-eup, Jeju-si, Jeju-do",3114011900,,5011025927013710000066090,064-722-3322,55918,www.instagram.com/hands_ofpeople/,33,126,문화정보원,제주시 조천읍 북촌 마을에서 백중이라는 절기(음력 7월 14일)에 열리는 마을 공연 축제로 <뒷개할망 춤 추다> 공연 <백중 길놀이> 및 북촌리부녀회원들이 제공하는 플리마켓인 <호끌락장터>로 구성된다,20240604,20240604
KCKRSPO23N000001427,관광명소,관광명소_축제,2023 토요일 밤의 성산,50,제주특별자치도,50130,서귀포시,5013025921,성산읍 성산리,501303350244,제주특별자치도 서귀포시 성산읍 일출로 284 12,제주특별자치도 서귀포시 성산읍 성산리 126-3,,3117010300,,,,55918,,33,126,문화정보원,제주도내 로컬밴드 공연·EDM 디제잉 파티·물총놀이·푸드코트 운영,20240604,20240604
KCKRSPO23N000001428,관광명소,관광명소_지역명소,2023년 울진대게와 붉은대게 축제,47,경상북도,47930,울진군,4793038021,후포면 후포리,479303325021,경상북도 울진군 후포면 울진대게로 169-52,경상북도 울진군 후포면 후포리 316-26,"169-52 Uljindaege-ro, Hupo-myeon, Uljin-gun, Gyeongsangbuk-do",4822036028,,4793038021103160026015086,054-789-6742,24728,,36,129,문화정보원,"개막식 및 공연, 대게시식, 각종 체험 프로그램, 버스킹 공연 등",20240604,20240604
KCKRSPO23N000001429,관광명소,관광명소_지역명소,제주오라 메밀유채꽃축제,,제주특별자치도,,제주시,,,501103349080,제주특별자치도 제주시 산록북로 31,제주특별자치도 제주시,,4885039023,,,064-711-9700,58926,,33,126,문화정보원,올해로 5회를 맞은 제주오라 메밀유채꽃축제는 전국 최대규모인 30만평 대지에서 진행된다. 반려동물도 입장 가능하니 함께 방문해보자.,20240604,20240604
KCKRSPO23N000001430,관광명소,관광명소_지역명소,방선문축제,,제주특별자치도,,제주시,,,501104848671,제주특별자치도 제주시 정실동길 169,제주특별자치도 제주시,,4885032034,,,064-728-4802,58900,,33,126,문화정보원,도민 무사 안녕 기원제·제주목사 행차 재연·전문예술 공연·문학 배일장·서예 휘호·신선 선녀그리기 등,20240604,20240604
KCKRSPO23N000001431,관광명소,관광명소_지역명소,설문대할망 페스티벌(제주돌문화공원),50,제주특별자치도,50110,제주시,5011025929,조천읍 교래리,501103349229,제주특별자치도 제주시 조천읍 남조로 2023,제주특별자치도 제주시 조천읍 교래리 산95 교래자연휴양림,"2023 Namjo-ro, Jocheon-eup, Jeju-si, Jeju-do",4889033034,교래자연휴양림,5011025929103190000061403,064-710-7731,22315,www.jeju.go.kr/jejustonepark/exhibit/festival/plan.htm?act=view&seq=1364014,33,126,문화정보원,제주도 대표 창조 설화인 설문대할망을 기리고 세계적인 문화행사로의 발전을 위한 祭 행사 및 부대행사 개최,20240604,20240604
KCKRSPO23N000001432,관광명소,관광명소_지역명소,제주 에코뮤직페스티벌,50,제주특별자치도,50110,제주시,5011025929,조천읍 교래리,501103349229,제주특별자치도 제주시 조천읍 남조로 2023,제주특별자치도 제주시 조천읍 교래리 산95 교래자연휴양림,"2023 Namjo-ro, Jocheon-eup, Jeju-si, Jeju-do",4889046022,교래자연휴양림,5011025929103190000061403,064-740-6000,22314,www.instagram.com/jeju_ecomusicfestival/,33,126,문화정보원,공연·플리마켓·드론쇼·에코체험 프로그램 등,20240604,20240604
KCKRSPO23N000001433,관광명소,관광명소_지역명소,2023 서귀포문화재 야행,50,제주특별자치도,50130,서귀포시,5013010100,서귀동,501303350263,제주특별자치도 서귀포시 칠십리로 145 (서귀동),제주특별자치도 서귀포시 서귀동 70 장원주상복합건물,"145 Chilsimni-ro, Seogwipo-si, Jeju-do",4783025326,장원주상복합건물,5013010100100870004033766,070-8990-9999,22315,www.sgpculturenight.org/index.php,33,126,문화정보원,신들과 함께 떠나는 야간 해상 문화재 투어와 자청비가 오곡백과 메밀을 가져와 뿌렸다는 신화를 재연하는 체험과 거리 퍼레이드 외 6가지,20240604,20240604
KCKRSPO23N000001434,관광명소,관광명소_지역명소,2023 서귀포문화재 야행,50,제주특별자치도,50130,서귀포시,5013010100,서귀동,501303350263,제주특별자치도 서귀포시 칠십리로 145 (서귀동),제주특별자치도 서귀포시 서귀동 70 장원주상복합건물,"145 Chilsimni-ro, Seogwipo-si, Jeju-do",4776031034,장원주상복합건물,5013010100100870004033766,070-8990-9999,11494,www.sgpculturenight.org/index.php,33,126,문화정보원,신들과 함께 떠나는 야간 해상 문화재 투어와 자청비가 오곡백과 메밀을 가져와 뿌렸다는 신화를 재연하는 체험과 거리 퍼레이드 외 6가지,20240604,20240604
KCKRSPO23N000001435,관광명소,관광명소_지역명소,제주 기상 100주년 기념 문화제,,제주특별자치도,,제주시,,,501104848781,제주특별자치도 제주시 중앙로7길 1 (일도일동),제주특별자치도 제주시 일도일동 1298-13,"1 Jungang-ro 7-gil, Jeju-si, Jeju-do",4782025339,,5011010100112980013000001,064-909-3900,47193,www.jejusi.go.kr/field/culture/festival/list.do?mode=detail&festival_id=737,33,126,문화정보원,음악공연·기상기후만들기 체험·제주기상 OX퀴즈·기상기후사진전시,20240604,20240604
KCKRSPO23N000001436,관광명소,관광명소_지역명소,제주도민과 함께하는 공군음악회,50,제주특별자치도,50130,서귀포시,5013010600,서홍동,501303350269,제주특별자치도 서귀포시 태평로 270 (서홍동),제주특별자치도 서귀포시 서홍동 551-1 서귀포예술의전당,"270 Taepyeong-ro, Seogwipo-si, Jeju-do",4782025035,서귀포예술의전당,5013010600106510000000001,042-552-6936,3901,,33,126,문화정보원,건군 75주년과 한미동맹 70주년을 맞아 자유의 소중함과 안보의 중요성에 대해 함께 공감하고 제주도민을 비롯한 모든 국민들과 소통하조 19년 이후 4년 만에 개최되는 특별 음악회이다.,20240604,20240604
KCKRSPO23N000001437,관광명소,관광명소_지역명소,제주잇(eat)수다,50,제주특별자치도,50130,서귀포시,5013011200,중문동,501303350251,제주특별자치도 서귀포시 중문관광로 224 (중문동),제주특별자치도 서귀포시 중문동 2700 제주국제컨벤션센터,"224 Jungmungwangwang-ro, Seogwipo-si, Jeju-do",4785025626,제주국제컨벤션센터,5013011200127000000000001,064-735-1084,3900,www.jejueatsuda.com/web/overview.html?menu_id=17,33,126,문화정보원,음식점 창업준비부터 시식 및 구매까지 경험할 수 있는 제주도만의 식품박람회다.,20240604,20240604
KCKRSPO23N000001438,관광명소,관광명소_지역명소,2023년 원도심 <하하페스티벌>,,제주특별자치도,,제주시,,,501104848781,제주특별자치도 제주시 중앙로7길 1 (일도일동),제주특별자치도 제주시 일도일동 1298-13,"1 Jungang-ro 7-gil, Jeju-si, Jeju-do",4785025621,,5011010100112980013000001,064-728-1528,50216,www.jejusi.go.kr/vill/ildo1/intro/news.do?notice_id=6d814fc8a6384fe9bd8b06a65891bdab,33,126,문화정보원,하하 가요제·주민자치프로그램 발표·어린이 퀴즈쇼·가수 공연 등,20240604,20240604
KCKRSPO23N000001439,관광명소,관광명소_지역명소,머체왓레스토랑,50,제주특별자치도,50130,서귀포시,5013025323,남원읍 한남리,501303350144,제주특별자치도 서귀포시 남원읍 서성로 755,제주특별자치도 서귀포시 남원읍 한남리 1622-3 머체왓방문객센터,"755 Seoseong-ro, Namwon-eup, Seogwipo-si, Jeju-do",2920013500,머체왓방문객센터,5013025323116220003000001,02-2002-9774,50226,m.booking.naver.com/booking/6/bizes/65186?area=pll,33,126,문화정보원,Sound walking·Forest wild dininig·Healing talk,20240604,20240604
KCKRSPO23N000001440,관광명소,관광명소_지역명소,한림공원 튤립축제,50,제주특별자치도,50110,제주시,5011025031,한림읍 협재리,501103349208,제주특별자치도 제주시 한림읍 한림로 300,제주특별자치도 제주시 한림읍 협재리 2487,"300 Hallim-ro, Hallim-eup, Jeju-si, Jeju-do",2920011500,,5011025031028720014002534,064-796-0001,63011,hallimpark.com/,33,126,문화정보원,봄 기운이 완연한 제주 한림공원에서 튤립 축제가 열린다.,20240604,20240604
KCKRSPO23N000001441,관광명소,관광명소_지역명소,2023 귀리 전통문화축제,50,제주특별자치도,50110,제주시,5011025341,애월읍 하귀2리,501104847007,제주특별자치도 제주시 애월읍 가문동길 27-4,제주특별자치도 제주시 애월읍 하귀2리 2695-1,"27-4 Gamundong-gil, Aewol-eup, Jeju-si, Jeju-do",2915512900,,5011025341026950001030905,064-713-4053,63050,,33,126,문화정보원,길놀이·개막식·개막공연·무대공연·체험·판매,20240604,20240604
KCKRSPO23N000001442,관광명소,관광명소_지역명소,JSW SPRING BREEZE CONCERT,50,제주특별자치도,50130,서귀포시,5013031027,안덕면 서광리,501304852219,제주특별자치도 서귀포시 안덕면 신화역사로304번길 98,제주특별자치도 서귀포시 안덕면 서광리 산35-16,"98 Sinhwayeoksa-ro 304beon-gil, Andeok-myeon, Seogwipo-si, Jeju-do",2915512900,,5013031027200350016000001,064-800-9115,50226,www.shinhwaworld.com/index.aspx,33,126,문화정보원,국내 최대 복합리조트 제주신화월드가 3월 18일을 시작으로 6회에 걸쳐 주말 무료 콘서트를 개최한다.,20240604,20240604
KCKRSPO23N000001443,관광명소,관광명소_지역명소,2023 제주카페스타,50,제주특별자치도,50130,서귀포시,5013011200,중문동,501303350251,제주특별자치도 서귀포시 중문관광로 224 (중문동),제주특별자치도 서귀포시 중문동 2700 제주국제컨벤션센터,"224 Jungmungwangwang-ro, Seogwipo-si, Jeju-do",2915512600,제주국제컨벤션센터,5013011200127000000000001,064-711-1002,50201,www.jejucafeshow.com/,33,126,문화정보원,제주카페스타는 올해로 7회차를 맞이한 카페박람회로 제주 카페 산업과 문화 최신 커피 산업의 트렌드까지 한 눈에 볼 수 있다.,20240604,20240604
KCKRSPO23N000001444,관광명소,관광명소_지역명소,한림공원 부겐빌레아축제,50,제주특별자치도,50110,제주시,5011025031,한림읍 협재리,501103349208,제주특별자치도 제주시 한립읍 한림로 300,제주특별자치도 제주시 한림읍 협재리 2487,,2911012100,,,064-796-0001,50215,www.hallimpark.com/,33,126,문화정보원,제주를 오롯이 느낄 수 있는 한림공원에서 5월 20일부터 제 5회 부겐빌레아 축제를 개최한다.,20240604,20240604
KCKRSPO23N000001445,관광명소,관광명소_지역명소,제10회 국제전기자동차엑스포,50,제주특별자치도,50130,서귀포시,5013011200,중문동,501303350251,제주특별자치도 서귀포시 중문관광로 224 (중문동),제주특별자치도 서귀포시 중문동 2700 제주국제컨벤션센터,"224 Jungmungwangwang-ro, Seogwipo-si, Jeju-do",2914011800,제주국제컨벤션센터,5013011200127000000000001,064-702-1580,50229,www.ievexpo.org/,33,126,문화정보원,현장전시회·버추얼전시회·B2B비지니스 상담회·온오프라인 콘퍼런스(생중계),20240604,20240604
KCKRSPO23N000001446,관광명소,관광명소_지역명소,제3회 웰니스 숲힐링 축제 - 숲 상상 그 이상의 미래,50,제주특별자치도,50130,서귀포시,5013010400,호근동,501303020010,제주특별자치도 서귀포시 산록남로 2271 (호근동),제주특별자치도 서귀포시 호근동 산1,"2271 Sallongnam-ro, Seogwipo-si, Jeju-do",2914059000,,5013010400200010000000001,050-5558-3838,6164,discover-jeju.com/healing,33,126,문화정보원,일년에 딱 한 번 서귀포 ’치유의 숲’의 밤이 열린다. 잔잔한 풀내음이 콧등을 스치는 6월 시끄러운 도시가 아닌 숲에서 자녀와 함께 휴식과 놀이를 즐겨보자.,20240604,20240604
KCKRSPO23N000001447,관광명소,관광명소_지역명소,제10회 서울동화축제,11,서울특별시,11215,광진구,1121510200,능동,112153104007,서울특별시 광진구 능동로 216 (능동),서울특별시 광진구 능동 18 어린이대공원,"216 Neungdong-ro, Gwangjin-gu, Seoul",2723011100,어린이대공원,1121510200100180000005625,02-450-7596,58816,,37,127,문화정보원,어린이를 위한 동화 축제 개최,20240604,20240604
KCKRSPO23N000001448,관광명소,관광명소_지역명소,제5회 명품한강 장미축제,11,서울특별시,11215,광진구,1121510500,자양동,112154112480,"서울특별시 광진구 자양번영로3길 66 (자양동, 현대6차아파트)",서울특별시 광진구 자양동 786 현대6차아파트,"66 Jayangbeonyeong-ro 3-gil, Gwangjin-gu, Seoul",3017012800,현대6차아파트,1121510500107860000014664,02-450-1803,58803,,37,127,문화정보원,장미를 테마로 한 자양3동 주민이 화합하여 만드는 마을축제,20240604,20240604
KCKRSPO23N000001449,관광명소,관광명소_지역명소,군포철쭉축제,41,경기도,41410,군포시,4141010400,산본동,414103012052,경기도 군포시 고산로 451 (산본동),경기도 군포시 산본동 1153 철쭉공원 공중화장실1,"451 Gosan-ro, Gunpo-si, Gyeonggi-do",3020012700,철쭉공원 공중화장실1,4141010400111530000000002,031-390-0063,58831,http://gunpofestival.org/,37,126,문화정보원,공연+전시+체험+놀이+먹거리 부스 등 운영,20240604,20240604
KCKRSPO23N000001450,관광명소,관광명소_지역명소,중구미술협회전,27,대구광역시,27110,중구,2711010800,봉산동,271104223108,대구광역시 중구 봉산문화길 77 (봉산동),대구광역시 중구 봉산동 125 봉산문화회관,"77 Bongsanmunhwa-gil, Jung-gu, Daegu",3014011800,봉산문화회관,2711010800101250000017135,053-661-2177,58852,,35,128,문화정보원,중구미술협회작가 전시,20240604,20240604
KCKRSPO23N000001451,관광명소,관광명소_지역명소,중구미술협회전,27,대구광역시,27110,중구,2711010800,봉산동,271104223108,대구광역시 중구 봉산문화길 77 (봉산동),대구광역시 중구 봉산동 125 봉산문화회관,"77 Bongsanmunhwa-gil, Jung-gu, Daegu",2641010300,봉산문화회관,2711010800101250000017135,053-661-2177,41958,,35,128,문화정보원,중구미술협회작가 전시,20240604,20240604
KCKRSPO23N000001452,관광명소,관광명소_지역명소,중구미술협회전,27,대구광역시,27110,중구,2711010800,봉산동,271104223108,대구광역시 중구 봉산문화길 77 (봉산동),대구광역시 중구 봉산동 125 봉산문화회관,"77 Bongsanmunhwa-gil, Jung-gu, Daegu",2617010100,봉산문화회관,2711010800101250000017135,053-661-2177,41958,,35,128,문화정보원,중구미술협회작가 전시,20240604,20240604
KCKRSPO23N000001453,관광명소,관광명소_지역명소,중구미술협회전,27,대구광역시,27110,중구,2711010800,봉산동,271104223108,대구광역시 중구 봉산문화길 77 (봉산동),대구광역시 중구 봉산동 125 봉산문화회관,"77 Bongsanmunhwa-gil, Jung-gu, Daegu",2626010800,봉산문화회관,2711010800101250000017135,053-661-2177,58840,,35,128,문화정보원,중구미술협회작가 전시,20240604,20240604
KCKRSPO23N000001454,관광명소,관광명소_지역명소,봉산미술제,27,대구광역시,27110,중구,2711010800,봉산동,271104223108,대구광역시 중구 봉산문화길 77 (봉산동),대구광역시 중구 봉산동 125 봉산문화회관,"77 Bongsanmunhwa-gil, Jung-gu, Daegu",2626010200,봉산문화회관,2711010800101250000017135,053-661-2177,58803,,35,128,문화정보원,화랑기획전 및 부대행사,20240604,20240604
KCKRSPO23N000001455,관광명소,관광명소_지역명소,봉산미술제,27,대구광역시,27110,중구,2711010800,봉산동,271104223108,대구광역시 중구 봉산문화길 77 (봉산동),대구광역시 중구 봉산동 125 봉산문화회관,"77 Bongsanmunhwa-gil, Jung-gu, Daegu",2614012400,봉산문화회관,2711010800101250000017135,053-661-2177,58813,,35,128,문화정보원,화랑기획전 및 부대행사,20240604,20240604
KCKRSPO23N000001456,관광명소,관광명소_지역명소,봉산미술제,27,대구광역시,27110,중구,2711010800,봉산동,271104223108,대구광역시 중구 봉산문화길 77 (봉산동),대구광역시 중구 봉산동 125 봉산문화회관,"77 Bongsanmunhwa-gil, Jung-gu, Daegu",1150011000,봉산문화회관,2711010800101250000017135,053-661-2177,41958,,35,128,문화정보원,화랑기획전 및 부대행사,20240604,20240604
KCKRSPO23N000001457,관광명소,관광명소_지역명소,봉산미술제,27,대구광역시,27110,중구,2711010800,봉산동,271104223108,대구광역시 중구 봉산문화길 77 (봉산동),대구광역시 중구 봉산동 125 봉산문화회관,"77 Bongsanmunhwa-gil, Jung-gu, Daegu",1150010400,봉산문화회관,2711010800101250000017135,053-661-2177,41958,,35,128,문화정보원,화랑기획전 및 부대행사,20240604,20240604
KCKRSPO23N000001458,관광명소,관광명소_축제,봉산미술제,27,대구광역시,27110,중구,2711010800,봉산동,271104223108,대구광역시 중구 봉산문화길 77 (봉산동),대구광역시 중구 봉산동 125 봉산문화회관,"77 Bongsanmunhwa-gil, Jung-gu, Daegu",3120010900,봉산문화회관,2711010800101250000017135,053-661-2177,41958,,35,128,문화정보원,화랑기획전 및 부대행사,20240604,20240604
KCKRSPO23N000001459,관광명소,관광명소_지역명소,봉산미술제,27,대구광역시,27110,중구,2711010800,봉산동,271104223108,대구광역시 중구 봉산문화길 77 (봉산동),대구광역시 중구 봉산동 125 봉산문화회관,"77 Bongsanmunhwa-gil, Jung-gu, Daegu",1129010100,봉산문화회관,2711010800101250000017135,053-661-2177,4991,,35,128,문화정보원,화랑기획전 및 부대행사,20240604,20240604
KCKRSPO23N000001460,관광명소,관광명소_축제,봉산미술제,27,대구광역시,27110,중구,2711010800,봉산동,271104223108,대구광역시 중구 봉산문화길 77 (봉산동),대구광역시 중구 봉산동 125 봉산문화회관,"77 Bongsanmunhwa-gil, Jung-gu, Daegu",3120010900,봉산문화회관,2711010800101250000017135,053-661-2177,41958,,35,128,문화정보원,화랑기획전 및 부대행사,20240604,20240604
KCKRSPO23N000001461,관광명소,관광명소_지역명소,봉산미술제,27,대구광역시,27110,중구,2711010800,봉산동,271104223108,대구광역시 중구 봉산문화길 77 (봉산동),대구광역시 중구 봉산동 125 봉산문화회관,"77 Bongsanmunhwa-gil, Jung-gu, Daegu",3171025630,봉산문화회관,2711010800101250000017135,053-661-2177,55776,,35,128,문화정보원,화랑기획전 및 부대행사,20240604,20240604
KCKRSPO23N000001462,관광명소,관광명소_축제,봉산미술제,27,대구광역시,27110,중구,2711010800,봉산동,271104223108,대구광역시 중구 봉산문화길 77 (봉산동),대구광역시 중구 봉산동 125 봉산문화회관,"77 Bongsanmunhwa-gil, Jung-gu, Daegu",3120010900,봉산문화회관,2711010800101250000017135,053-661-2177,55732,,35,128,문화정보원,화랑기획전 및 부대행사,20240604,20240604
KCKRSPO23N000001463,관광명소,관광명소_지역명소,제28회 봉산미술제,27,대구광역시,27110,중구,2711010800,봉산동,271104223108,대구광역시 중구 봉산문화길 77 (봉산동),대구광역시 중구 봉산동 125 봉산문화회관,"77 Bongsanmunhwa-gil, Jung-gu, Daegu",2820011000,봉산문화회관,2711010800101250000017135,053-661-2177,55776,,35,128,문화정보원,도슨트아트투어(봉산문화거리 화랑 투어)+ 온라인 VR전시+ 온라인 미술작품경매+ 코로나19 주제의 어린이 작품 온라인 전시 등,20240604,20240604
KCKRSPO23N000001464,관광명소,관광명소_지역명소,제29회 봉산미술제,27,대구광역시,27110,중구,2711010800,봉산동,271104223108,대구광역시 중구 봉산문화길 77 (봉산동),대구광역시 중구 봉산동 125 봉산문화회관,"77 Bongsanmunhwa-gil, Jung-gu, Daegu",2872035023,봉산문화회관,2711010800101250000017135,053-661-2177,17982,,35,128,문화정보원,도슨트아트투어(봉산문화거리 화랑 투어)+ 온라인 VR전시+ 온라인 미술작품경매+ 코로나19 주제의 어린이 작품 온라인 전시 등,20240604,20240604
KCKRSPO23N000001465,관광명소,관광명소_지역명소,제30회 봉산미술제,27,대구광역시,27110,중구,2711010800,봉산동,271104223108,대구광역시 중구 봉산문화길 77 (봉산동),대구광역시 중구 봉산동 125 봉산문화회관,"77 Bongsanmunhwa-gil, Jung-gu, Daegu",4681034026,봉산문화회관,2711010800101250000017135,053-661-2177,17982,,35,128,문화정보원,도슨트아트투어(봉산문화거리 화랑 투어)+ 온라인 VR전시+ 온라인 미술작품경매+ 어린이미술대회 등,20240604,20240604
KCKRSPO23N000001466,관광명소,관광명소_지역명소,김광석노래부르기,27,대구광역시,27260,수성구,2726010400,수성동2가,272604238302,대구광역시 수성구 수성로72길 43 (수성동2가),대구광역시 수성구 수성동2가 37-6,"43 Suseong-ro 72-gil, Suseong-gu, Daegu",4672025026,,2726010400100370006013620,053-661-2177,17982,,35,128,문화정보원,노래경연+ 초청가수콘서트+ 부대행사,20240604,20240604
KCKRSPO23N000001467,관광명소,관광명소_지역명소,김광석노래부르기,27,대구광역시,27260,수성구,2726010400,수성동2가,272604238302,대구광역시 수성구 수성로72길 43 (수성동2가),대구광역시 수성구 수성동2가 37-6,"43 Suseong-ro 72-gil, Suseong-gu, Daegu",4623025030,,2726010400100370006013620,053-661-2177,17869,,35,128,문화정보원,김광석노래경연+ 초청가수콘서트+ 부대행사,20240604,20240604
KCKRSPO23N000001468,관광명소,관광명소_지역명소,제8회 김광석노래부르기,27,대구광역시,27110,중구,2711015700,대봉동,271104223081,대구광역시 중구 동덕로8길 34-20 (대봉동),대구광역시 중구 대봉동 6-5,"34-20 Dongdeok-ro 8-gil, Jung-gu, Daegu",4623025023,,2711015700100060005000002,053-661-2177,17714,,35,128,문화정보원,전국 규모 김광석 노래경연 대회 개최+ 유튜브 라이브 중계,20240604,20240604
KCKRSPO23N000001469,관광명소,관광명소_지역명소,제9회 김광석노래부르기,27,대구광역시,27110,중구,2711015700,대봉동,271104223081,대구광역시 중구 동덕로8길 34-20 (대봉동),대구광역시 중구 대봉동 6-5,"34-20 Dongdeok-ro 8-gil, Jung-gu, Daegu",4623010400,,2711015700100060005000002,053-661-2177,17982,,35,128,문화정보원,전국 규모 김광석 노래경연 대회 개최,20240604,20240604
KCKRSPO23N000001470,관광명소,관광명소_지역명소,제10회 김광석노래부르기,27,대구광역시,27110,중구,2711015700,대봉동,271104223081,대구광역시 중구 동덕로8길 34-20 (대봉동),대구광역시 중구 대봉동 6-5,"34-20 Dongdeok-ro 8-gil, Jung-gu, Daegu",4617042028,,2711015700100060005000002,053-661-2177,17901,,35,128,문화정보원,전국 규모 김광석 노래경연 대회 개최,20240604,20240604
KCKRSPO23N000001471,관광명소,관광명소_지역명소,김광석길페스티벌,27,대구광역시,27110,중구,2711015700,대봉동,271104223081,대구광역시 중구 동덕로8길 34-20 (대봉동),대구광역시 중구 대봉동 6-5,"34-20 Dongdeok-ro 8-gil, Jung-gu, Daegu",4617010500,,2711015700100060005000002,053-661-2177,17972,,35,128,문화정보원,대구레코드 페어+ 김광석 노래 편곡 오케스트라 공연+ 버스킹+ 유튜브 라이브중계,20240604,20240604
KCKRSPO23N000001472,관광명소,관광명소_지역명소,김광석길페스티벌,27,대구광역시,27110,중구,2711015700,대봉동,271104223081,대구광역시 중구 동덕로8길 34-20 (대봉동),대구광역시 중구 대봉동 6-5,"34-20 Dongdeok-ro 8-gil, Jung-gu, Daegu",4684025331,,2711015700100060005000002,053-661-2177,17982,,35,128,문화정보원,대구레코드 페어+ 김광석 노래 편곡 오케스트라 공연+ 버스킹+ 유튜브 라이브중계,20240604,20240604
KCKRSPO23N000001473,관광명소,관광명소_지역명소,김광석길페스티벌,27,대구광역시,27110,중구,2711015700,대봉동,271104223081,대구광역시 중구 동덕로8길 34-20 (대봉동),대구광역시 중구 대봉동 6-5,"34-20 Dongdeok-ro 8-gil, Jung-gu, Daegu",4615012600,,2711015700100060005000002,053-661-2177,41952,,35,128,문화정보원,골목퍼레이드+ 방천해피콘서트+ 방천열린포럼+ 방천골목오페라 등,20240604,20240604
KCKRSPO23N000001474,관광명소,관광명소_지역명소,여수동동북축제,46,전라남도,46130,여수시,4613012800,학동,461303282043,전라남도 여수시 소호로 606 (학동),전라남도 여수시 학동 201,"606 Soho-ro, Yeosu-si, Jeollanam-do",4615032026,,4613012800102010000000001,061-659-4744,17982,http://www.yeosu.go.kr/dongdong,34,127,문화정보원,북퍼레이드+아티스트공연+북전시및체험행사+경연대회,20240604,20240604
KCKRSPO23N000001475,관광명소,관광명소_지역명소,청년거리문화한마당,46,전라남도,46130,여수시,4613012800,학동,461303282044,전라남도 여수시 시청로 1 (학동),전라남도 여수시 학동 100 여수시청 본청사,"1 Sicheong-ro, Yeosu-si, Jeollanam-do",4615036023,여수시청 본청사,4613012800101000000000178,061-659-4744,17901,,34,127,문화정보원,거리공연+프리마켓 등,20240604,20240604
KCKRSPO23N000001476,관광명소,관광명소_지역명소,제7회 전포커피축제,26,부산광역시,26230,부산진구,2623010200,전포동,262303129010,부산광역시 부산진구 동천로 92 (전포동),부산광역시 부산진구 전포동 668-1,"92 Dongcheon-ro, Busanjin-gu, Busan",4615025032,,2623010200106680001044509,051-605-4524,47293,https://www.busanjin.go.kr/index.busanjin?menuCd=DOM_000001003003006000,35,129,문화정보원,전포 코오피 스쿨+아바타투어 등 부산진구 SNS를 활용한 다양한 체험+이벤트 프로그램 운영,20240604,20240604
KCKRSPO23N000001477,관광명소,관광명소_축제,부산진구 서면 빛축제,26,부산광역시,26230,부산진구,2623010800,부암동,262303129030,부산광역시 부산진구 시민공원로 30 (부암동),부산광역시 부산진구 부암동 666-16 부산진구청,"30 Simingongwon-ro, Busanjin-gu, Busan",3171038034,부산진구청,2623010800106660016013322,051-605-4522,59615,https://www.busanjin.go.kr/index.busanjin?menuCd=DOM_000001003003007000,35,129,문화정보원,테마별 빛 시설물 조성 + 문화예술 프로그램 운영,20240604,20240604
KCKRSPO23N000001478,관광명소,관광명소_지역명소,제7회 홍천강 별빛음악 맥주축제,51,강원특별자치도,51720,홍천군,5172025024,홍천읍 갈마곡리,427204475304,강원특별자치도 홍천군 홍천읍 산림공원1길 29,강원특별자치도 홍천군 홍천읍 갈마곡리 465-1,"29 Sallimgongwon 1-gil, Hongcheon-eup, Hongcheon-gun, Gangwon-do",4613025024,,4272025024104650001014521,,59737,,37,127,문화정보원,축제+공연+대회,20240604,20240604
KCKRSPO23N000001479,관광명소,관광명소_지역명소,성주참외&생명문화축제,47,경상북도,47840,성주군,4784025021,성주읍 경산리,478403311038,경상북도 성주군 성주읍 성주로 3204,경상북도 성주군 성주읍 경산리 660-4,"3204 Seongju-ro, Seongju-eup, Seongju-gun, Gyeongsangbuk-do",4613010200,,4784025021106600004037618,054-930-6982,59607,https://sj.go.kr/sjlife,35,128,문화정보원,"개막식, 공연 체험 전시 먹거리존 운영, 불꽃쇼",20240604,20240604
KCKRSPO23N000001480,관광명소,관광명소_축제,제2회 강릉 비치비어페스티벌,51,강원특별자치도,51150,강릉시,5115013800,안현동,421503220043,강원특별자치도 강릉시 창해로 514 (안현동),강원특별자치도 강릉시 안현동 89-108,"514 Changhae-ro, Gangneung-si, Gangwon-do",3171025630,,4215013800200010009000002,033-640-5130,59790,,37,128,문화정보원,전국 브루어리 맥주+로컬푸드+플로깅+비어도슨트+플리마켓+라이브공연+디제잉파티,20240604,20240604
KCKRSPO23N000001481,관광명소,관광명소_지역명소,2023 경포 벚꽃 잔치,51,강원특별자치도,51150,강릉시,5115013800,안현동,421503220043,강원특별자치도 강릉시 창해로 514 (안현동),강원특별자치도 강릉시 안현동 89-108,"514 Changhae-ro, Gangneung-si, Gangwon-do",4683025330,,4215013800200010009000002,033-640-5130,25460,,37,128,문화정보원,"바다와 호수, 흩날리는 벚꽃 감상+시화전시+민속놀이 체험+공예체험+다도,약선차 시음 및 허브향기 치료법 체험+벚꽃운동회+벚꽃버스킹",20240604,20240604
KCKRSPO23N000001482,관광명소,관광명소_지역명소,2023 경포 썸머 페스티벌,51,강원특별자치도,51150,강릉시,5115013700,저동,421503220002,강원특별자치도 강릉시 경포로 365 (저동),강원특별자치도 강릉시 저동 94 경포대,"365 Gyeongpo-ro, Gangneung-si, Gangwon-do",4688040031,경포대,4215013700100940000017657,033-640-5130,59778,,37,128,문화정보원,무더운 여름에 시원한 경포 해변에서 열리는 야외 축제,20240604,20240604
KCKRSPO23N000001483,관광명소,관광명소_지역명소,2024 해돋이 행사,51,강원특별자치도,51150,강릉시,5115013800,안현동,421503220043,강원특별자치도 강릉시 창해로 514 (안현동),강원특별자치도 강릉시 안현동 89-108,"514 Changhae-ro, Gangneung-si, Gangwon-do",4688036028,,4215013800200010009000002,033-640-5130,11027,,37,128,문화정보원,해돋이 행사,20240604,20240604
KCKRSPO23N000001484,관광명소,관광명소_지역명소,제15회 강릉 커피축제,51,강원특별자치도,51150,강릉시,5115011100,포남동,421504460588,강원특별자치도 강릉시 수리골길 100 (포남동),강원특별자치도 강릉시 포남동 250-2 강릉스피드스케이팅경기장,"100 Surigol-gil, Gangneung-si, Gangwon-do",4690032031,강릉스피드스케이팅경기장,4215011100102500002000001,033-647-6802,47746,https://www.coffeefestival.net/,37,128,문화정보원,전국 유명 커피업체 시음+커피 세미나+바리스타 경연대회+바리스타 퍼포먼스+커피관련 체험,20240604,20240604
KCKRSPO23N000001485,관광명소,관광명소_지역명소,제2회 강릉 와인축제,51,강원특별자치도,51150,강릉시,5115010500,임당동,421503000145,강원특별자치도 강릉시 경강로 2111 (임당동),강원특별자치도 강릉시 임당동 106-1 임당시장,"2111 Gyeonggang-ro, Gangneung-si, Gangwon-do",4686035029,임당시장,4215010500101060001000001,033-647-6802,57940,https://gnwinefestival.com/,37,128,문화정보원,"와인에 관련된 다양한 프로그램과 행사, 이벤트+와인 시음+와인 강의 등",20240604,20240604
KCKRSPO23N000001486,관광명소,관광명소_지역명소,강릉문화재야행,51,강원특별자치도,51150,강릉시,5115010700,용강동,421504460834,강원특별자치도 강릉시 임영로131번길 6 (용강동),강원특별자치도 강릉시 용강동 58-1 임영관,"6 Imyeong-ro 131beon-gil, Gangneung-si, Gangwon-do",4682042000,임영관,4215010700100580001028802,033-823-3225,25534,http://gncn.or.kr/web2021/main.php,37,128,문화정보원,역사문화시설 개방 및 전시체험+공연+프로그램 운영 등,20240604,20240604
KCKRSPO23N000001487,관광명소,관광명소_지역명소,강릉단오제 본행사,51,강원특별자치도,51150,강릉시,5115012100,노암동,421504460317,강원특별자치도 강릉시 단오장길 1 (노암동),강원특별자치도 강릉시 노암동 722-2 강릉단오제전수교육관,"1 Danojang-gil, Gangneung-si, Gangwon-do",4679037029,강릉단오제전수교육관,4215012100107220002029007,033-641-1593,25586,https://www.danojefestival.or.kr/,37,128,문화정보원,지정문화재행사+전통연희한마당+무대공연예술제+국외초청공연+청소년어울림한마당+경연대회페스티벌+시민참여한마당+강릉무형문화대전+단오체험존+민속놀이행사 등,20240604,20240604
KCKRSPO23N000001488,관광명소,관광명소_지역명소,장보고수산물축제,46,전라남도,46890,완도군,4689025021,완도읍 군내리,468903300028,전라남도 완도군 완도읍 해변공원로 24,전라남도 완도군 완도읍 군내리 1443-1,"24 Haebyeongongwon-ro, Wando-eup, Wando-gun, Jeollanam-do",4519012100,,4689025021114430001000001,061-550-5411,54572,www.wando.go.kr,34,126,문화정보원,전통노젓기+해조류김밥만들기+열린무대 등,20240604,20240604
KCKRSPO23N000001489,관광명소,관광명소_지역명소,청산도슬로걷기축제,46,전라남도,46890,완도군,4689035021,청산면 도청리,468903300023,전라남도 완도군 청산면 청산로 46,전라남도 완도군 청산면 도청리 1173-10 청산복지회관,"46 Cheongsan-ro, Cheongsan-myeon, Wando-gun, Jeollanam-do",4519025027,청산복지회관,4689035021111730000040991,061-550-5433,61147,www.wando.go.kr,34,126,문화정보원,나비야청산가자+청상도 릴레이걷기 등,20240604,20240604
KCKRSPO23N000001490,관광명소,관광명소_지역명소,광주비엔날레,29,광주광역시,29170,북구,2917010700,용봉동,291703162024,광주광역시 북구 비엔날레로 111 (용봉동),광주광역시 북구 용봉동 산149-2 비엔날레전시관,"111 Biennale-ro, Buk-gu, Gwangju",4519042027,비엔날레전시관,2917010700110040004024339,062-613-3431,1002,https://www.gwangjubiennale.org/gb/index.do,35,126,문화정보원,현대미술 전시+파빌리온전시+국제학술행사+마당시민체험,20240604,20240604
KCKRSPO23N000001491,관광명소,관광명소_지역명소,광주프린지페스티벌,29,광주광역시,29110,동구,2911013100,금남로1가,291103009019,광주광역시 동구 금남로 245 (금남로1가),광주광역시 동구 금남로1가 1-1 전일빌딩,"245 Geumnam-ro, Dong-gu, Gwangju",4571041022,전일빌딩,2911013100100010000007037,062-613-3182,1071,http://fringefestival.kr,35,126,문화정보원,"거리공연(음악, 마임, 거리극 등)+시민참여 체험프로그램",20240604,20240604
KCKRSPO23N000001492,관광명소,관광명소_지역명소,광주김치축제,29,광주광역시,29140,서구,2914012000,치평동,291403160015,광주광역시 서구 상무공원로 101 (치평동),광주광역시 서구 치평동 1162 상무시민공원 관리동,"101 Sangmugongwon-ro, Seo-gu, Gwangju",4571036029,상무시민공원 관리동,2914012000111620000024640,062-613-3992,1025,http://kimchi.gwangju.go.kr,35,126,문화정보원,김치 요리 경연대회+김치만들기 체험+김치마케팅+김치 전시,20240604,20240604
KCKRSPO23N000001493,관광명소,관광명소_지역명소,무등울림축제,29,광주광역시,29110,동구,2911012100,운림동,291103159010,광주광역시 동구 의재로 222 (운림동),광주광역시 동구 운림동 323 전통문화관,"222 Uijae-ro, Dong-gu, Gwangju",4571035023,전통문화관,2911012100103230000000001,062-670-8511,8825,http://www.gtcc.or.kr/user,35,126,문화정보원,국악공연+전통문화 체험+운림동 투어,20240604,20240604
KCKRSPO23N000001494,관광명소,관광명소_지역명소,광주스트릿컬처페스타,29,광주광역시,29110,동구,2911011300,광산동,291103159006,광주광역시 동구 문화전당로 38 (광산동),광주광역시 동구 광산동 113,"38 Munhwajeondang-ro, Dong-gu, Gwangju",4571025022,,2911013100100120001007104,062-613-3641,8764,,35,126,문화정보원,댄스배틀+팀퍼포먼스+그래피티 포토존+심사위원 쇼케이스,20240604,20240604
KCKRSPO23N000001495,관광명소,관광명소_지역명소,제19회 영양산나물축제,47,경상북도,47760,영양군,4776025022,영양읍 서부리,477604751036,경상북도 영양군 영양읍 군청길 37,경상북도 영양군 영양읍 서부리 379-1 영양군청,"37 Guncheong-gil, Yeongyang-eup, Yeongyang-gun, Gyeongsangbuk-do",4575038026,영양군청,4776025022103790001009835,054-680-6411,8799,yftf.kr,36,129,문화정보원,판매+체험+공연+부대행사,20240604,20240604
KCKRSPO23N000001496,관광명소,관광명소_축제,2023 영양고추 H.O.T Festival,11,서울특별시,11140,중구,1114010300,태평로1가,111402005001,서울특별시 중구 세종대로 110 (태평로1가),서울특별시 중구 태평로1가 31 서울특별시청,"110 Sejong-daero, Jung-gu, Seoul",3171025630,서울특별시청,1114010300100310000019224,054-680-6381,17508,yyg.go.kr,37,126,문화정보원,판매+체험+공연+부대행사,20240604,20240604
KCKRSPO23N000001497,관광명소,관광명소_축제,2024 광주문화유산야행 돌의 기억,29,광주광역시,29110,동구,2911011800,서석동,291103159007,광주광역시 동구 서남로 1 (서석동),광주광역시 동구 서석동 31,"1 Seonam-ro, Dong-gu, Gwangju",3171025630,,2911011800100310000010093,062-608-2403,17607,http://www.gjnight.com,35,126,문화정보원,8야(夜) 테마 문화유산 야간문화 향유 프로그램 운영,20240604,20240604
KCKRSPO23N000001498,관광명소,관광명소_축제,제20회 광주 추억의 충장축제,29,광주광역시,29110,동구,2911011800,서석동,291103159007,광주광역시 동구 서남로 1 (서석동),광주광역시 동구 서석동 31,"1 Seonam-ro, Dong-gu, Gwangju",2814055500,,2911011800100310000010093,062-608-4673,17519,http://www.donggu.kr/index.es?sid=c8,35,126,문화정보원,공식행사+퍼레이드+전시+공연+체험+국제교류행사 등,20240604,20240604
KCKRSPO23N000001499,관광명소,관광명소_축제,제2회 광주 버스킹 월드컵,29,광주광역시,29110,동구,2911011800,서석동,291103159007,광주광역시 동구 서남로 1 (서석동),광주광역시 동구 서석동 31,"1 Seonam-ro, Dong-gu, Gwangju",2814055500,,2911011800100310000010093,062-608-4673,55805,http://www.buskersworldcup.com/kor/,35,126,문화정보원,토너먼트 방식(온라인 예선을 거쳐 본선 진행)의 버스킹 공연,20240604,20240604
KCKRSPO23N000001500,관광명소,관광명소_축제,제22회어방축제,26,부산광역시,26500,수영구,2650010500,남천동,265003138008,부산광역시 수영구 남천동로 100 (남천동),부산광역시 수영구 남천동 148-15 수영구청,"100 Namcheondong-ro, Suyeong-gu, Busan",2818563000,수영구청,2650010500101480015000900,051-610-4062,44093,suyeong.go.kr/festival,35,129,문화정보원,광안리어방축제,20240604,20240604
KCKRSPO23N000001501,관광명소,관광명소_지역명소,제18회 영등포 여의도 봄꽃축제,,서울특별시,,영등포구,,,115603118021,서울특별시 영등포구 여의서로 43 (여의도동),서울특별시 영등포구 여의도동 11-11 한서리버파크,"43 Yeouiseo-ro, Yeongdeungpo-gu, Seoul",4572035026,한서리버파크,1156011000100110011031074,02-2670-3134,44093,blossom.or.kr,37,126,문화정보원,제18회 영등포 여의도 봄꽃축제,20240604,20240604
KCKRSPO23N000001502,관광명소,관광명소_지역명소,2024 갑진년 정월대보름 달맞이축제,26,부산광역시,26290,남구,2629010700,용호동,262903131015,부산광역시 남구 분포로 66-40 (용호동),부산광역시 남구 용호동 5-5,"66-40 Bunpo-ro, Nam-gu, Busan",5013010600,,2629010700100050005007493,051-607-4064,44093,https://www.bsnamgu.go.kr/index.namgu?menuCd=DOM_000000603002000000,35,129,문화정보원,무대+체험+전시+부대행사,20240604,20240604
KCKRSPO23N000001503,관광명소,관광명소_지역명소,2024 제2회 안양일번가 넘버원 페스티벌,41,경기도,41171,안양시,4117110100,안양동,411714346060,경기도 안양시 만안구 만안로223번길 7 (안양동),경기도 안양시 만안구 안양동 674-10,"7 Manan-ro 223beon-gil, Manan-gu, Anyang-si, Gyeonggi-do",5011011600,,4117110100106740010011570,031-8045-5122,13992,https://www.anyang.go.kr/main/index.do,37,126,문화정보원,"패션 버스킹, 쓰면『이루어진달」, 패션&뷰티 체험부스, 가수 및 동아리공연, 스탬프 투어 등",20240604,20240604
KCKRSPO23N000001504,관광명소,관광명소_축제,군위 삼장군단오축제,27,대구광역시,27720,군위군,2772032029,효령면 장군리,477204742234,대구광역시 군위군 효령면 장군당1길 24-6,대구광역시 군위군 효령면 장군리 116-3,"24-6 Janggundang 1-gil, Hyoryeong-myeon, Gunwi-gun, Daegu",2811062800,,4772032044101160003000001,054-380-6866,44093,,36,128,문화정보원,단오축제,20240604,20240604
KCKRSPO23N000001505,관광명소,관광명소_지역명소,김수환추기경 사랑과 나눔 문화축전,27,대구광역시,27720,군위군,2772025034,군위읍 용대리,477203018054,대구광역시 군위군 군위읍 군위금성로 270,대구광역시 군위군 군위읍 용대리 424 김수환추기경 추모전시관,"270 Gunwigeumseong-ro, Gunwi-eup, Gunwi-gun, Daegu",4425031022,김수환추기경 추모전시관,4772025034104240000017018,054-380-6065,44093,,36,128,문화정보원,김수환추기경 문화축전,20240604,20240604
KCKRSPO23N000001506,관광명소,관광명소_지역명소,평사리황금들판허수아비전시,,,,,,,,전북특별자치도 고창군 공음면 선운대로 308,전북특별자치도 고창군 공음면 구암리 589-2,"308 Seonun-daero, Gongeum-myeon, Gochang-gun, Jeonbuk-do",4477031033,,4579034023105890002001170,055-880-2713,44111,https://www.hadong.go.kr/02641/02652/02819.web,32,123,문화정보원,허수아비축제+전시+체험+판매,20240604,20240604
KCKRSPO23N000001507,관광명소,관광명소_축제,회남재숲길걷기,48,경상남도,48850,하동군,4885040025,청암면 묵계리,488504832220,경상남도 하동군 청암면 삼성궁길 86-15,경상남도 하동군 청암면 묵계리 1561-1,"86-15 Samseonggung-gil, Cheongam-myeon, Hadong-gun, Gyeongsangnam-do",2814055500,,4885040025115610001008882,055-880-2484,44110,https://www.hadong.go.kr/02641/02652/02820.web,35,127,문화정보원,숲길걷기+행사+공연+체험+판매,20240604,20240604
KCKRSPO23N000001508,관광명소,관광명소_축제,악양대봉감축제,,,,,,,,전북특별자치도 남원시 산내면 와운길 10,전북특별자치도 남원시 산내면 부운리 252 지리산국립공원,"10 Waun-gil, Sannae-myeon, Namwon-si, Jeonbuk-do",2814055500,지리산국립공원,4519046027100930004014689,055-883-5530,,http://www.akyang.co.kr/,32,123,문화정보원,먹거리축제+판매+전시,20240604,20240604
KCKRSPO23N000001509,관광명소,관광명소_축제,하동왕의녹차참숭어축제,,,,,,,,전북특별자치도 남원시 양림길 12 (어현동),전북특별자치도 남원시 어현동 37-19 춘향테마파크,"12 Yangnim-gil, Namwon-si, Jeonbuk-do",2814055500,춘향테마파크,4519012200100370019070248,055-884-3656,33360,https://www.hadong.go.kr/02641/02652/02813.web,32,123,문화정보원,먹거리축제+판매+전시+공연+대회,20240604,20240604
KCKRSPO23N000001510,관광명소,관광명소_축제,화개장터벚꽃축제,,,,,,,,전북특별자치도 남원시 운봉읍 바래봉길 214,전북특별자치도 남원시 운봉읍 용산리 446-3,"214 Baraebong-gil, Unbong-eup, Namwon-si, Jeonbuk-do",2814055500,,4519025027104460003369336,055-880-2493,12757,https://www.hadong.go.kr/02641/02652/02807.web,32,123,문화정보원,벚꽃축제+공연+경연+판매,20240604,20240604
KCKRSPO23N000001511,관광명소,관광명소_축제,하동야생차문화축제,48,경상남도,48850,하동군,4885031026,화개면 운수리,488503344009,경상남도 하동군 화개면 쌍계로 571-25,경상남도 하동군 화개면 운수리 664,"571-25 Ssanggye-ro, Hwagae-myeon, Hadong-gun, Gyeongsangnam-do",2811062200,,4885031026106640000011419,055-880-2734,12805,https://www.hadong.go.kr/02641/02652/02809.web,35,127,문화정보원,전시+교역+이벤트+체험+교육+여가+관광(다원+다실 등),20240604,20240604
KCKRSPO23N000001512,관광명소,관광명소_축제,2023하동세계차엑스포,48,,48850,,4885033000,적량면,,경상남도 하동군 적량면 공설운동장로 207 일원+경상남도 하동군 화개면 쌍계로 571-25,경상남도 하동군 적량면,,2817762000,,,055-880-7023,39629,https://www.hadongt.co.kr/,35,127,문화정보원,전시+교역+이벤트+체험+교육+여가+관광(다원+다실 등),20240604,20240604
KCKRSPO23N000001513,관광명소,관광명소_축제,제13회 양천마라톤,,,,,,,,전북특별자치도 순창군 순창읍 장류로 250-49,전북특별자치도 순창군 순창읍 교성리 333,"250-49 Jangnyu-ro, Sunchang-eup, Sunchang-gun, Jeonbuk-do",2872037022,,4577025026103330000000001,02-2620-3419,39593,,32,123,문화정보원,마라톤 대회(하프+10km+10km커플런+5km+5km가족런)+부대공연+이벤트 부스운영 등,20240604,20240604
KCKRSPO23N000001514,관광명소,관광명소_지역명소,2024 양천구 반려동물 문화축제,,,,,,,,전북특별자치도 순창군 순창읍 장류로 250-49,전북특별자치도 순창군 순창읍 교성리 333,"250-49 Jangnyu-ro, Sunchang-eup, Sunchang-gun, Jeonbuk-do",4380025034,,4577025026103330000000001,02-2620-3407,39609,,32,123,문화정보원,반려견 놀이터+반려용품 판매+체험부스 운영,20240604,20240604
KCKRSPO23N000001515,관광명소,관광명소_지역명소,제6회 신정1동 마을축제,,,,,,,,전북특별자치도 익산시 하나로 322 (어양동),전북특별자치도 익산시 어양동 52 중앙체육공원,"322 Hana-ro, Iksan-si, Jeonbuk-do",4380025034,중앙체육공원,4514012300100520000063673,02-2084-5381,39524,https://www.yangcheon.go.kr/dong/sinjeong01/main.do,32,123,문화정보원,자치회관프로그램발표+플리마켓+먹거리부스+체험부스,20240604,20240604
KCKRSPO23N000001516,관광명소,관광명소_지역명소,KBS전국노래자랑 동작구편,11,서울특별시,11590,동작구,1159010100,노량진동,115903118026,서울특별시 동작구 노들로 688 (노량진동),서울특별시 동작구 노량진동 13-8 노량진수산시장,"688 Nodeul-ro, Dongjak-gu, Seoul",4380033022,노량진수산시장,1159010100100020003032905,02-820-9657,52937,www.dongjak.go.kr,37,126,문화정보원,본선진출팀 경연+초대가수 공연,20240604,20240604
KCKRSPO23N000001517,관광명소,관광명소_지역명소,나루터 영화제,11,서울특별시,11590,동작구,1159010800,대방동,115903119011,서울특별시 동작구 노량진로 74 (대방동),서울특별시 동작구 대방동 49-6 유한양행,"74 Noryangjin-ro, Dongjak-gu, Seoul",4374039025,유한양행,1159010800100460006003474,02-820-9657,48967,www.dongjak.go.kr,37,126,문화정보원,가족영화상영+문화예술공연+먹거리부스운영,20240604,20240604
KCKRSPO23N000001518,관광명소,관광명소_축제,동작댄스데이,11,서울특별시,11590,동작구,1159010900,신대방동,115904160388,서울특별시 동작구 여의대방로20길 33 (신대방동),서울특별시 동작구 신대방동 722 동부공원녹지사업소,"33 Yeouidaebang-ro 20-gil, Dongjak-gu, Seoul",2820011000,동부공원녹지사업소,1159010900103950000001630,02-820-9657,48953,www.idfac.or.kr/,37,126,문화정보원,댄스대회+길거리 댄스교습소,20240604,20240604
KCKRSPO23N000001519,관광명소,관광명소_축제,옥정호벚꽃축제,52,전북특별자치도,52750,임실군,5275025022,임실읍 이도리,457503277020,전북특별자치도 임실군 임실읍 수정로 30,전북특별자치도 임실군 임실읍 이도리 78 임실군청,"30 Sujeong-ro, Imsil-eup, Imsil-gun, Jeonbuk-do",2823710100,임실군청,4575025022100780000000002,063-640-4553,48983,,35,127,문화정보원,공연+먹거리 및 체험 부스 운영+전시 등,20240604,20240604
KCKRSPO23N000001520,관광명소,관광명소_축제,필봉마을굿축제,52,전북특별자치도,52750,임실군,5275039028,강진면 필봉리,457503016051,전북특별자치도 임실군 강진면 강운로 272,전북특별자치도 임실군 강진면 필봉리 88-1 필봉문화촌,"272 Gangun-ro, Gangjin-myeon, Imsil-gun, Jeonbuk-do",2823710100,필봉문화촌,4575039028100880001103113,063-643-1902,48952,www.pilbong.co.kr,35,127,문화정보원,국가무형문화재 초청공연+전국농악경연대회+전통연희+학술세미나,20240604,20240604
KCKRSPO23N000001521,관광명소,관광명소_축제,의견문화제,52,전북특별자치도,52750,임실군,5275035521,오수면 오수리,457503276058,전북특별자치도 임실군 오수면 충효로 2096-16,전북특별자치도 임실군 오수면 오수리 33 임실군문화체육센터,"2096-16 Chunghyo-ro, Osu-myeon, Imsil-gun, Jeonbuk-do",2823710200,임실군문화체육센터,4575035521100320002130061,063-642-5292,4991,,35,127,문화정보원,반려동물 패션쇼+반려동물 토크쇼+반려동물 참여 및 체험프로그램+반려동물 산업박람회,20240604,20240604
KCKRSPO23N000001522,관광명소,관광명소_축제,임실N치즈축제,52,전북특별자치도,52750,임실군,5275034021,성수면 도인리,457504631071,전북특별자치도 임실군 성수면 도인2길 50,전북특별자치도 임실군 성수면 도인리 689 임실치즈테마파크,"50 Doin 2-gil, Seongsu-myeon, Imsil-gun, Jeonbuk-do",2818510600,임실치즈테마파크,4575034021200030003000001,063-643-3900,13975,www.imsilfestival.com,35,127,문화정보원,국가대표 임실N치즈 대형 쌀피자 체험+임실N치즈 경매 등,20240604,20240604
KCKRSPO23N000001523,관광명소,관광명소_축제,산타축제,52,전북특별자치도,52750,임실군,5275034021,성수면 도인리,457504631071,전북특별자치도 임실군 성수면 도인2길 50,전북특별자치도 임실군 성수면 도인리 689 임실치즈테마파크,"50 Doin 2-gil, Seongsu-myeon, Imsil-gun, Jeonbuk-do",2818510300,임실치즈테마파크,4575034021200030003000001,063-643-8850,14067,www.cheesepark.kr,35,127,문화정보원,산타 및 겨울 관련 공연 이벤트 체험행사 등,20240604,20240604
KCKRSPO23N000001524,관광명소,관광명소_축제,고성군민의 날 및 수성문화제,51,강원특별자치도,51820,고성군,5182025025,간성읍 상리,428203234013,강원특별자치도 고성군 간성읍 수성로 87,강원특별자치도 고성군 간성읍 상리 500,"87 Suseong-ro, Ganseong-eup, Goseong-gun, Gangwon-do",2818510600,,4282025025104400000001762,,28026,,38,128,문화정보원,수성제례+군민의 날 행사,20240604,20240604
KCKRSPO23N000001525,관광명소,관광명소_축제,진도문화예술제,46,전라남도,46900,진도군,4690025021,진도읍 동외리,469002017002,전라남도 진도군 진도읍 진도대로 7197,전라남도 진도군 진도읍 동외리 1189 향토문화회관,"7197 Jindo-daero, Jindo-eup, Jindo-gun, Jeollanam-do",2818510600,향토문화회관,4690025021111890000000807,061-540-3072,32739,https://www.jindo.go.kr/tour/tour/info/festival.cs?act=view&infoId=99&searchCondition=&searchKeyword=&pageIndex=1,34,126,문화정보원,"전국고수대회, 청소년국악제, 소치미술대전 등",20240604,20240604
KCKRSPO23N000001526,관광명소,관광명소_축제,명량대첩축제,46,전라남도,46900,진도군,4690031022,군내면 녹진리,469002017002,전라남도 진도군 군내면 진도대로 8439-19,전라남도 진도군 군내면 녹진리 산5-10,"8439-19 Jindo-daero, Gunnae-myeon, Jindo-gun, Jeollanam-do",2818510600,,4690031022200050026009734,061-286-5265,54425,http://www.mldc.kr/web/,34,126,문화정보원,"해전재현, 출정식, 만가행진, 부대행사 등",20240604,20240604
KCKRSPO23N000001527,관광명소,관광명소_축제,2023 자유공원 벚꽃축제,28,인천광역시,28110,중구,2811011900,송학동1가,281104247344,인천광역시 중구 제물량로232번길 46 (송학동1가),인천광역시 중구 송학동1가 11-1 자유공원(지하) 화장실,"46 Jemullyang-ro 232beon-gil, Jung-gu, Incheon",2818510600,자유공원(지하) 화장실,2811011900100110001216761,032-777-9113,50874,http://www.ijcf.or.kr/,37,126,문화정보원,봄꽃음악회+먹거리장터 등,20240604,20240604
KCKRSPO23N000001528,관광명소,관광명소_축제,2023 가족의 달 어린이축제,28,인천광역시,28110,중구,2811011200,항동1가,281103149064,인천광역시 중구 제물량로 238 (항동1가),인천광역시 중구 항동1가 1-2 한중문화관,"238 Jemullyang-ro, Jung-gu, Incheon",2872031021,한중문화관,2811011200100010002103234,032-777-9113,32993,http://www.ijcf.or.kr/,37,126,문화정보원,공연+전시+체험 프로그램 등,20240604,20240604
KCKRSPO23N000001529,관광명소,관광명소_축제,무의도 춤축제,28,인천광역시,28110,중구,2811010900,관동1가,281104247169,인천광역시 중구 신포로27번길 80 (관동1가),인천광역시 중구 관동1가 9-1 중구청,"80 Sinpo-ro 27beon-gil, Jung-gu, Incheon",2811010900,중구청,2811010900100090001023419,032-760-6445,57336,https://www.icjg.go.kr/index,37,126,문화정보원,창작 무용극 등,20240604,20240604
KCKRSPO23N000001530,관광명소,관광명소_축제,2023 양주 천만송이 천일홍 축제,41,경기도,41630,양주시,4163010600,광사동,416303350560,경기도 양주시 광사로 131-66 (광사동),경기도 양주시 광사동 731,"131-66 Gwangsa-ro, Yangju-si, Gyeonggi-do",2811011100,,4163010600107310000000001,031-8082-5653,41933,https://www.yangju.go.kr/festival/index.do,37,127,문화정보원,전국 최대 규모의 천일홍 꽃밭 조성으로 도농체험 및 시민 힐링 공간 제공,20240604,20240604
KCKRSPO23N000001531,관광명소,관광명소_축제,제11회 서면메디컬스트리트 축제,26,부산광역시,26230,부산진구,2623010800,부암동,262303129030,부산광역시 부산진구 시민공원로 30 (부암동),부산광역시 부산진구 부암동 666-16 부산진구청,"30 Simingongwon-ro, Busanjin-gu, Busan",2811011200,부산진구청,2623010800106660016013322,051-605-4521,42672,https://www.busanjin.go.kr/index.busanjin?menuCd=DOM_000001003003002000,35,129,문화정보원,홍보부스운영+버스킹+의료체험+시민참여 프로그램 등,20240604,20240604
KCKRSPO23N000001532,관광명소,관광명소_축제,제16회 마포나루 새우젓축제,11,서울특별시,11440,마포구,1144012500,성산동,114403113018,서울특별시 마포구 월드컵로 243-60 (성산동),서울특별시 마포구 성산동 390-1 관리사무소(1),"243-60 World Cup-ro, Mapo-gu, Seoul",2811010500,관리사무소(1),1144012500103900001017938,02-3153-8353,35074,http://www.mapo.go.kr/site/maponarusf/home,37,126,문화정보원,개장식+기념식+문화행사+체험행사+판매장터 운영 등,20240604,20240604
KCKRSPO23N000001533,관광명소,관광명소_축제,신년해맞이축제,11,서울특별시,11440,마포구,1144012700,상암동,114403113025,서울특별시 마포구 하늘공원로 95 (상암동),서울특별시 마포구 상암동 481-72 탐방객안내소,"95 Haneulgongwon-ro, Mapo-gu, Seoul",2811011900,탐방객안내소,1144012700104810072129283,02-3153-8353,47746,,37,126,문화정보원,일출감상,20240604,20240604
KCKRSPO23N000001534,관광명소,관광명소_축제,합천벚꽃마라톤대회,48,경상남도,48890,합천군,4889045023,대병면 회양리,488903348035,경상남도 합천군 대병면 합천호수로 197,경상남도 합천군 대병면 회양리 1603-1 합천댐물문화관,"197 Hapcheonhosu-ro, Daebyeong-myeon, Hapcheon-gun, Gyeongsangnam-do",2871033021,합천댐물문화관,4889045023116030001055082,055-930-4943,58751,https://www.hc.go.kr/06573/06623/06624.web,35,128,문화정보원,벚꽃길에서 펼쳐지는 달리미들의 대향연,20240604,20240604
KCKRSPO23N000001535,관광명소,관광명소_축제,황매산 철쭉제,48,경상남도,48890,합천군,4889044024,가회면 둔내리,488904844671,경상남도 합천군 가회면 황매산공원길 4,경상남도 합천군 가회면 둔내리 산209-14 황매산국립공원관광안내소,"4 Hwangmaesangongwon-gil, Gahoe-myeon, Hapcheon-gun, Gyeongsangnam-do",2820010100,황매산국립공원관광안내소,4889044024202090014072381,055-930-4753,55514,http://www.hwangmaesan.kr,35,128,문화정보원,황매산 철쭉을 즐기는 축제,20240604,20240604
KCKRSPO23N000001536,관광명소,관광명소_축제,합천바캉스축제,,,,,,,,제주특별자치도 서귀포시 쇠소깍로 151-7 (하효동),제주특별자치도 서귀포시 하효동 999-3,"151-7 Soesokkak-ro, Seogwipo-si, Jeju-do",2814010300,,5013010800109990003027543,055-930-4666,36919,http://www.hcvacance.kr/,32,123,문화정보원,전국에서 가장 HOT한 합천에서 가족과 함께하는 바캉스,20240604,20240604
KCKRSPO23N000001537,관광명소,관광명소_축제,합천황토한우축제,,,,,,,,제주특별자치도 서귀포시 예래해안로 256 (하예동),제주특별자치도 서귀포시 하예동 532-3 해녀탈의실,"256 Yeraehaean-ro, Seogwipo-si, Jeju-do",2824510200,해녀탈의실,5013012100105320003000001,055-930-3573,50431,,32,123,문화정보원,합천의 자랑인 황토한우의 맛과 품격을 알리는 축제,20240604,20240604
KCKRSPO23N000001538,관광명소,관광명소_축제,황매산 억새축제,48,경상남도,48890,합천군,4889044024,가회면 둔내리,488904844671,경상남도 합천군 가회면 황매산공원길 4,경상남도 합천군 가회면 둔내리 산209-14 황매산국립공원관광안내소,"4 Hwangmaesangongwon-gil, Gahoe-myeon, Hapcheon-gun, Gyeongsangnam-do",2820011000,황매산국립공원관광안내소,4889044024202090014072381,055-930-4753,33489,http://www.hwangmaesan.kr,35,128,문화정보원,황매산 억새를 즐기는 축제,20240604,20240604
KCKRSPO23N000001539,관광명소,관광명소_축제,합천기록문화축제,48,경상남도,48890,합천군,4889033032,가야면 야천리,488903348001,경상남도 합천군 가야면 가야산로 1160,경상남도 합천군 가야면 야천리 943,"1160 Gayasan-ro, Gaya-myeon, Hapcheon-gun, Gyeongsangnam-do",2823710100,,4889033032109430000000001,055-930-4697,59448,https://www.hc.go.kr/06573/08250.web,35,128,문화정보원,전시 및 공연 등 기록문화를 느낄 수 있는 축제,20240604,20240604
KCKRSPO23N000001540,관광명소,관광명소_축제,수려한합천영화제,48,경상남도,48890,합천군,4889046037,용주면 가호리,488903348035,경상남도 합천군 용주면 합천호수로 757,경상남도 합천군 용주면 가호리 256-5 촬영세트,"757 Hapcheonhosu-ro, Yongju-myeon, Hapcheon-gun, Gyeongsangnam-do",2826011900,촬영세트,4889046037102560006003737,055-930-3752,50215,https://www.bhiff.co.kr/default/,35,128,문화정보원,합천영상테마파크를 중심으로 영화인과 관객이 어우러지는 영화문화축제,20240604,20240604
KCKRSPO23N000001541,관광명소,관광명소_축제,대야문화제,48,경상남도,48890,합천군,4889025021,합천읍 합천리,488903348027,경상남도 합천군 합천읍 장수로 1-1,경상남도 합천군 합천읍 합천리 931 합천공설운동장,"1-1 Jangsu-ro, Hapcheon-eup, Hapcheon-gun, Gyeongsangnam-do",4623031000,합천공설운동장,4889025021109310000051247,055-930-3173,14505,https://www.hc.go.kr/06573/06623/06628.web,35,128,문화정보원,합천군 역사와 전통의 지역축제,20240604,20240604
KCKRSPO23N000001542,관광명소,관광명소_축제,강남아트X2023 서울아트쇼,11,서울특별시,11680,강남구,1168010500,삼성동,116802122002,서울특별시 강남구 영동대로 513 등,서울특별시 강남구 삼성동 159,,4623031000,,,02-3423-5545,21354,https://visitgangnam.net/cultural-events/end/2023gangnamart/,37,127,문화정보원,작품전시 아트페어+홍보부스 및 이벤트 운영+갤러리 스탬프투어,20240604,20240604
KCKRSPO23N000001543,관광명소,관광명소_축제,섬 수선화 축제,46,전라남도,46910,신안군,4691025031,지도읍 선도리,469104706162,전라남도 신안군 지도읍 선도길 72-26,전라남도 신안군 지도읍 선도리 109,"72-26 Seondo-gil, Jido-eup, Sinan-gun, Jeollanam-do",4615034000,,4691025031101090000000001,061-240-8688,56149,https://tour.shinan.go.kr/,34,126,문화정보원,자전거투어+꽃팔찌만들기체험+꽃차시음+체험프로그램+전시공연행사,20240604,20240604
KCKRSPO23N000001544,관광명소,관광명소_축제,섬 튤립축제,46,전라남도,46910,신안군,4691032023,임자면 광산리,469104706051,전라남도 신안군 임자면 대광해수욕장길 179,전라남도 신안군 임자면 광산리 407-24,"179 Daegwanghaesuyokjang-gil, Imja-myeon, Sinan-gun, Jeollanam-do",4690031000,,4691032022125230002000001,061-240-4041,56204,https://tour.shinan.go.kr/,35,126,문화정보원,특별기획전+미디어아트상설전+나만의가훈갖기+튤립식재체험행사,20240604,20240604
KCKRSPO23N000001545,관광명소,관광명소_축제,전국 새우란 축제,46,전라남도,46910,신안군,4691033027,자은면 백산리,469104706274,전라남도 신안군 자은면 자은서부2길 508-65,전라남도 신안군 자은면 백산리 633-93,"508-65 Jaeunseobu 2-gil, Jaeun-myeon, Sinan-gun, Jeollanam-do",4680025000,,4691033027106330093000001,061-240-4194,56127,https://tour.shinan.go.kr/,34,125,문화정보원,공연행사+새우란네일아트+나만의티셔츠만들기+목공예체험,20240604,20240604
KCKRSPO23N000001546,관광명소,관광명소_축제,섬 간재미축제(미정),46,전라남도,46910,신안군,4691035021,도초면 발매리,469104706133,전라남도 신안군 도초면 불섬길 85-22,전라남도 신안군 도초면 발매리 9-21,"85-22 Bulseom-gil, Docho-myeon, Sinan-gun, Jeollanam-do",4688037000,,4691035021100090021000001,061-240-8410,58852,https://tour.shinan.go.kr/,34,125,문화정보원,간재미 비빔밥 만들기+간재미 요리대회+시식회+간재미 껍질벗기기+간재미 예쁘게 썰기 대회,20240604,20240604
KCKRSPO23N000001547,관광명소,관광명소_축제,흑산홍어축제,,,,,,,,제주특별자치도 제주시 칠성로길 1 (일도일동),제주특별자치도 제주시 일도일동 1412-1,"1 Chilseongno-gil, Jeju-si, Jeju-do",4682043000,,5011010100114120001037620,061-240-8410,18554,https://tour.shinan.go.kr/,32,123,문화정보원,홍어 시식회+홍어요리 전시관+풍어제+흑산도아가씨노래자랑+주민윷놀이대회+홍어OX퀴즈,20240604,20240604
KCKRSPO23N000001548,관광명소,관광명소_축제,섬 낙지축제(미정),,,,,,,,제주특별자치도 제주시 칠성로길 1 (일도일동),제주특별자치도 제주시 일도일동 1412-1,"1 Chilseongno-gil, Jeju-si, Jeju-do",4691035000,,5011010100114120001037620,061-240-8410,18556,https://tour.shinan.go.kr/,32,123,문화정보원,개막식+낙지 요리 시식,20240604,20240604
KCKRSPO23N000001549,관광명소,관광명소_축제,퍼플섬 라벤더 축제,46,전라남도,46910,신안군,4691040033,안좌면 소곡리,469104706164,전라남도 신안군 안좌면 소곡두리길 257-35,전라남도 신안군 안좌면 소곡리 597-1,"257-35 Sogokduri-gil, Anjwa-myeon, Sinan-gun, Jeollanam-do",4691031000,,4691040033105970001000002,061-240-8151,58840,https://tour.shinan.go.kr/,34,126,문화정보원,라벤더향만들기+땅콩아트+꽃길버스킹+라벤더아이스크림판매+유정란판매,20240604,20240604
KCKRSPO23N000001550,관광명소,관광명소_축제,섬 강달어축제(미정),46,전라남도,46910,신안군,4691032023,임자면 광산리,469104706051,전라남도 신안군 임자면 대광해수욕장길 179,전라남도 신안군 임자면 광산리 407-24,"179 Daegwanghaesuyokjang-gil, Imja-myeon, Sinan-gun, Jeollanam-do",4680025000,,4691032022125230002000001,061-240-8410,18588,https://tour.shinan.go.kr/,35,126,문화정보원,시식회+활어잡기+토굴체험,20240604,20240604
KCKRSPO23N000001551,관광명소,관광명소_축제,섬 병어축제(미정),46,전라남도,46910,신안군,4691025025,지도읍 읍내리,469104706172,전라남도 신안군 지도읍 송도2길 36,전라남도 신안군 지도읍 읍내리 595-6,"36 Songdo 2-gil, Jido-eup, Sinan-gun, Jeollanam-do",4684036000,,4691025025200810010000001,061-240-8410,58813,https://tour.shinan.go.kr/,35,126,문화정보원,길놀이+용왕제+병어시식회+신안 농수산물판매행사+각종 체험행사,20240604,20240604
KCKRSPO23N000001552,관광명소,관광명소_축제,섬 수국 축제,,,,,,,,제주특별자치도 서귀포시 표선면 남조로 1487-73,제주특별자치도 서귀포시 표선면 가시리 산158 붉은오름 자연휴양림 숲속의 집,"1487-73 Namjo-ro, Pyoseon-myeon, Seogwipo-si, Jeju-do",4691031000,붉은오름 자연휴양림 숲속의 집,5013032024201580000000001,061-240-8410,18588,https://tour.shinan.go.kr/,32,123,문화정보원,다채로운 수국꽃 관람 및 전시+체험 프로그램,20240604,20240604
KCKRSPO23N000001553,관광명소,관광명소_축제,섬 밴댕이축제(미정),,,,,,,,제주특별자치도 제주시 구좌읍 김녕로 209,제주특별자치도 제주시 구좌읍 김녕리 497-1,"209 Gimnyeong-ro, Gujwa-eup, Jeju-si, Jeju-do",4613057000,,5011025634004570001051541,061-240-8410,18437,https://tour.shinan.go.kr/,32,123,문화정보원,바다송어 요리 시식회+올레 스템프 투어+한마음 가요 잔치+슬로시티 증도 푸드관+친환경 녹색장터 운영,20240604,20240604
KCKRSPO23N000001554,관광명소,관광명소_축제,버들마편초 축제,,,,,,,,제주특별자치도 서귀포시 남원읍 신례동로 256,제주특별자치도 서귀포시 남원읍 신례리 2081 휴애리,"256 Sillyedong-ro, Namwon-eup, Seogwipo-si, Jeju-do",4678025300,휴애리,5013025329120150004000001,061-240-8151,,https://tour.shinan.go.kr/,32,123,문화정보원,버들마편초 공원 관람,20240604,20240604
KCKRSPO23N000001555,관광명소,관광명소_축제,2023 광진가족영화제,11,서울특별시,11215,광진구,1121510200,능동,112153104007,서울특별시 광진구 능동로 216 (능동),서울특별시 광진구 능동 18 어린이대공원,"216 Neungdong-ro, Gwangjin-gu, Seoul",4682035000,어린이대공원,1121510200100180000005625,02-450-7597,17019,,37,127,문화정보원,버스킹공연+ 캐리커처+ 타투스티커+ 영화상영,20240604,20240604
KCKRSPO23N000001556,관광명소,관광명소_축제,제23회 흥부골 달맞이 행사,,,,,,,,제주특별자치도 서귀포시 안덕면 일주서로2100번길 46,제주특별자치도 서귀포시 안덕면 덕수리 2952,"46 Iljuseo-ro 2100beon-gil, Andeok-myeon, Seogwipo-si, Jeju-do",4615012400,,5013031026129520000000001,063-620-4061,17019,,32,123,문화정보원,터울림 및 제례+국악공연+달집태우기+소원소지,20240604,20240604
KCKRSPO23N000001557,관광명소,관광명소_축제,제94회 춘향제,52,전북특별자치도,52190,남원시,5219010500,천거동,451903000200,전북특별자치도 남원시 요천로 1447 (천거동),전북특별자치도 남원시 천거동 187-1 광한루,"1447 Yocheon-ro, Namwon-si, Jeonbuk-do",4623010300,광한루,4519010400101980000308678,063-620-5783,16997,,35,127,문화정보원,춘향제향+춘향선발대회+다양한 공연 등,20240604,20240604
KCKRSPO23N000001558,관광명소,관광명소_축제,2024 남원 세계드론제전,52,전북특별자치도,52190,남원시,5219011700,월락동,451903271044,전북특별자치도 남원시 충정로 341 (월락동),전북특별자치도 남원시 월락동 248 춘향골체육공원,"341 Chungjeong-ro, Namwon-si, Jeonbuk-do",4691040033,춘향골체육공원,4519011700102480000070133,063-620-6694,14509,,35,127,문화정보원,드론공연 남원 페스티벌+드론스포츠 대회+글로벌드론산업박람회+ 푸드트럭 페스티벌 등,20240604,20240604
KCKRSPO23N000001559,관광명소,관광명소_축제,조선광클럽,52,전북특별자치도,52190,남원시,5219010500,천거동,451903000200,전북특별자치도 남원시 요천로 1447 (천거동),전북특별자치도 남원시 천거동 187-1 광한루,"1447 Yocheon-ro, Namwon-si, Jeonbuk-do",4691025329,광한루,4519010400101980000308678,063-620-8924,14727,,35,127,문화정보원,DJ이몽룡과 DJ변사또의 조선광클럽+LED 공연+LED쥐불놀이체험 등,20240604,20240604
KCKRSPO23N000001560,관광명소,관광명소_축제,4월 마토예술제<인형극이랑 놀자>,41,경기도,41220,평택시,4122025041,팽성읍 안정리,412203188057,경기도 평택시 팽성읍 안정쇼핑로 11,경기도 평택시 팽성읍 안정리 113-1 안정리 예술인광장,"11 Anjeongshopping-ro, Paengseong-eup, Pyeongtaek-si, Gyeonggi-do",4691025329,안정리 예술인광장,4122025041101130001000001,031-692-9110,14727,https://www.pccf.or.kr/,36,127,문화정보원,인형극 테마 체험+공연+전시,20240604,20240604
KCKRSPO23N000001561,관광명소,관광명소_축제,더 스프링 시즌 A.D.H.D. 페스티벌,41,경기도,41220,평택시,4122025041,팽성읍 안정리,412203188057,경기도 평택시 팽성읍 안정쇼핑로 11,경기도 평택시 팽성읍 안정리 113-1 안정리 예술인광장,"11 Anjeongshopping-ro, Paengseong-eup, Pyeongtaek-si, Gyeonggi-do",4688025026,안정리 예술인광장,4122025041101130001000001,031-692-9110,17982,https://www.pccf.or.kr/,36,127,문화정보원,EDM공연+체험+전시,20240604,20240604
KCKRSPO23N000001562,관광명소,관광명소_축제,6월 마토예술제<원더풀파티>,41,경기도,41220,평택시,4122025041,팽성읍 안정리,412203188057,경기도 평택시 팽성읍 안정쇼핑로 11,경기도 평택시 팽성읍 안정리 113-1 안정리 예술인광장,"11 Anjeongshopping-ro, Paengseong-eup, Pyeongtaek-si, Gyeonggi-do",4688025026,안정리 예술인광장,4122025041101130001000001,031-692-9110,17982,https://www.pccf.or.kr/,36,127,문화정보원,물총놀이+공연+체험,20240604,20240604
KCKRSPO23N000001563,관광명소,관광명소_축제,제13회 평택록페스티벌&전국밴드경연대회,41,경기도,41220,평택시,4122012400,용이동,412202012006,경기도 평택시 서동대로 3825 (용이동),경기도 평택시 용이동 605 평택대학교,"3825 Seodong-daero, Pyeongtaek-si, Gyeonggi-do",4672031021,평택대학교,4122012400101110000019579,031-8053-3542,33115,http://ptrockfestival.com/,36,127,문화정보원,공연+경연대회,20240604,20240604
KCKRSPO23N000001564,관광명소,관광명소_축제,제11회 평택 가족캠핑 스마트영상제,41,경기도,41220,평택시,4122031021,진위면 봉남리,412203188094,경기도 평택시 진위면 진위서로 264-15,경기도 평택시 진위면 봉남리 432,"264-15 Jinwiseo-ro, Jinwi-myeon, Pyeongtaek-si, Gyeonggi-do",4623010600,,4122031021104320000203556,031-8053-3544,30106,https://pfff.kr/,37,127,문화정보원,영상제+캠핑+공연+체험,20240604,20240604
KCKRSPO23N000001565,관광명소,관광명소_축제,더 어텀 시즌 아트&플레이 페스타,41,경기도,41220,평택시,4122025041,팽성읍 안정리,412203188057,경기도 평택시 팽성읍 안정쇼핑로 11,경기도 평택시 팽성읍 안정리 113-1 안정리 예술인광장,"11 Anjeongshopping-ro, Paengseong-eup, Pyeongtaek-si, Gyeonggi-do",4673025030,안정리 예술인광장,4122025041101130001000001,031-692-9110,30020,https://www.pccf.or.kr/,36,127,문화정보원,재즈공연+체험,20240604,20240604
KCKRSPO23N000001566,관광명소,관광명소_축제,제10회 노을동요제,41,경기도,41220,평택시,4122011800,비전동,412203188084,경기도 평택시 중앙로 277 (비전동),경기도 평택시 비전동 847 평택남부문예회관,"277 Jungang-ro, Pyeongtaek-si, Gyeonggi-do",4673025030,평택남부문예회관,4122011800108470000019394,031-8053-3542,17901,http://www.noel.or.kr/,36,127,문화정보원,공연+경연대회,20240604,20240604
KCKRSPO23N000001567,관광명소,관광명소_축제,평택호물빛축제,41,경기도,41220,평택시,4122037030,현덕면 권관리,412204364877,경기도 평택시 현덕면 평택호길 159,경기도 평택시 현덕면 권관리 321,"159 Pyeongtaekho-gil, Hyeondeok-myeon, Pyeongtaek-si, Gyeonggi-do",4673025030,,4122037030103210000048958,031-8053-3544,17972,https://www.pccf.or.kr/,36,126,문화정보원,불꽃놀이+공연+체험+먹거리,20240604,20240604
KCKRSPO23N000001568,관광명소,관광명소_축제,9월 마토예술제<지구의 안정을 지켜라>,41,경기도,41220,평택시,4122025041,팽성읍 안정리,412203188057,경기도 평택시 팽성읍 안정쇼핑로 11,경기도 평택시 팽성읍 안정리 113-1 안정리 예술인광장,"11 Anjeongshopping-ro, Paengseong-eup, Pyeongtaek-si, Gyeonggi-do",4673031022,안정리 예술인광장,4122025041101130001000001,031-692-9110,17982,https://www.pccf.or.kr/,36,127,문화정보원,환경 및 제로웨이스트 테마 공연+체험+전시,20240604,20240604
KCKRSPO23N000001569,관광명소,관광명소_축제,평택 원평나루억새축제,,,,,,,,,제주특별자치도 제주시 일도일동 1146-22,,4673033027,,,031-8053-3544,,http://평택억새축제.com/,32,123,문화정보원,체험+공연+억새+노을+먹거리,20240604,20240604
KCKRSPO23N000001570,관광명소,관광명소_축제,11월 마토예술제,41,경기도,41220,평택시,4122025041,팽성읍 안정리,412203188057,경기도 평택시 팽성읍 안정쇼핑로 11,경기도 평택시 팽성읍 안정리 113-1 안정리 예술인광장,"11 Anjeongshopping-ro, Paengseong-eup, Pyeongtaek-si, Gyeonggi-do",4617011300,안정리 예술인광장,4122025041101130001000001,031-692-9110,14067,https://www.pccf.or.kr/,36,127,문화정보원,체험+전시,20240604,20240604
KCKRSPO23N000001571,관광명소,관광명소_축제,2023 크리스마스 축제,41,경기도,41220,평택시,4122011800,비전동,412203188084,경기도 평택시 중앙로 277 (비전동),경기도 평택시 비전동 847 평택남부문예회관,"277 Jungang-ro, Pyeongtaek-si, Gyeonggi-do",4611010200,평택남부문예회관,4122011800108470000019394,031-8053-3541,14023,https://www.pccf.or.kr/,36,127,문화정보원,전시+점등식,20240604,20240604
KCKRSPO23N000001572,관광명소,관광명소_축제,강서 낙동강30리 벚꽃축제(2023년),,,,,,,,충청남도 홍성군 광천읍 광천로315번길 19,충청남도 홍성군 광천읍 광천리 195-18,"19 Gwangcheon-ro 315beon-gil, Gwangcheon-eup, Hongseong-gun, Chungcheongnam-do",4615012600,,4480025322101950018054558,051-970-4062,14067,http://www.bsgangseo.go.kr,32,123,문화정보원,벚꽃길 걷기대회/체험행사/문화행사,20240604,20240604
KCKRSPO23N000001573,관광명소,관광명소_축제,여수영취산진달래체험행사,46,전라남도,46130,여수시,4613014400,중흥동,461304646995,전라남도 여수시 흥국사길 160 (중흥동),전라남도 여수시 중흥동 17 흥국사,"160 Heungguksa-gil, Yeosu-si, Jeollanam-do",4615012600,흥국사,4613014400100050001044517,061-659-4744,14067,http://yeosujindalrae.co.kr/,34,127,문화정보원,산신제+개막식+체험행사+산악인등반대회 등,20240604,20240604
KCKRSPO23N000001574,관광명소,관광명소_축제,여수거북선축제,46,전라남도,46130,여수시,4613010700,중앙동,461303282068,전라남도 여수시 이순신광장로 95 (중앙동),전라남도 여수시 중앙동 385-2,"95 Isunsingwangjang-ro, Yeosu-si, Jeollanam-do",4615012600,,4613010700103850002073603,061-659-4743,14067,www.jinnamje.com,34,127,문화정보원,통제영길놀이+개막행사+각종체험공연행사,20240604,20240604
KCKRSPO23N000001575,관광명소,관광명소_축제,여수여자만갯벌노을체험행사,46,전라남도,46130,여수시,4613031026,소라면 사곡리,461303282039,전라남도 여수시 소라면 서부로 785-24,전라남도 여수시 소라면 사곡리 1198-7 장척마을회관,"785-24 Seobu-ro, Sora-myeon, Yeosu-si, Jeollanam-do",4615038029,장척마을회관,4613031026111980007053467,061-659-4742,13975,,34,127,문화정보원,대나무망둥어낚시+개매기+바지락캐기+맨손고기잡이+가족사랑걷기체험+노을가요제,20240604,20240604
KCKRSPO23N000001576,관광명소,관광명소_축제,거문도백도은빛바다체험행사,46,전라남도,46130,여수시,4613036021,삼산면 거문리,461304646024,전라남도 여수시 삼산면 거문길 28-10,전라남도 여수시 삼산면 거문리 128-1 삼산면사무소,"28-10 Geomun-gil, Samsan-myeon, Yeosu-si, Jeollanam-do",4615038029,삼산면사무소,4613036021101280011009102,061-659-4743,14023,,34,127,문화정보원,길놀이+개막식+맨손활어잡기+지인망끌기체험,20240604,20240604
KCKRSPO23N000001577,관광명소,관광명소_축제,여수밤바다 불꽃축제,,,,,,,,,충청남도 태안군 태안읍 상옥리 산139-2,,4615011400,,,061-659-4742,14067,https://www.yeosu.go.kr/ysff,32,123,문화정보원,공연행사+불꽃쇼+불꽃사진콘테스트,20240604,20240604
KCKRSPO23N000001578,관광명소,관광명소_축제,여수향일암일출제,46,전라남도,46130,여수시,4613025024,돌산읍 율림리,461303282080,전라남도 여수시 향일암로 60 종무소,전라남도 여수시 돌산읍 율림리 산 7,,4615032025,,,061-659-4742,,,34,127,문화정보원,재야의종타종식+일출기원제례+소망행사,20240604,20240604
KCKRSPO23N000001579,관광명소,관광명소_축제,연천구석기축제,41,경기도,41800,연천군,4180025321,전곡읍 전곡리,418003215061,경기도 연천군 전곡읍 양연로 1510,"경기도 연천군 전곡읍 전곡리 529 선사관리사업소, 전곡구석기유적관","1510 Yangyeon-ro, Jeongok-eup, Yeoncheon-gun, Gyeonggi-do",4615013100,"선사관리사업소, 전곡구석기유적관",4180025321105150000000001,031-839-2378,,https://www.yeoncheon.go.kr/festival/,38,127,문화정보원,선사문화체험+전시+이벤트,20240604,20240604
KCKRSPO23N000001580,관광명소,관광명소_축제,동래읍성역사축제,26,부산광역시,26260,동래구,2626010700,명륜동,262603130007,부산광역시 동래구 문화로 80 (명륜동),부산광역시 동래구 명륜동 137 동래문화회관,"80 Munhwa-ro, Dongnae-gu, Busan",4615011900,동래문화회관,2626010700101370000001441,051-550-4094,,https://www.dongnae.go.kr/festival/index.dongnae?contentsSid=169,35,129,문화정보원,동래부사행차길놀이+동래성저전투재현 뮤지컬+동래세가닥줄다리기+동래장터 체험 등,20240604,20240604
KCKRSPO23N000001581,관광명소,관광명소_축제,제6회 매곡동 탐매축제,46,전라남도,46150,순천시,4615010700,매곡동,461504649304,전라남도 순천시 매곡2길 48 (매곡동),전라남도 순천시 매곡동 98,"48 Maegok 2-gil, Suncheon-si, Jeollanam-do",4615011100,,4615010700100980000013226,061-749-8331,,,34,127,문화정보원,개막식+공연+체험행사+먹거리부스 등,20240604,20240604
KCKRSPO23N000001582,관광명소,관광명소_축제,제9회 용당뚝방길 벚꽃축제,,,,,,,,충청남도 당진시 석문면 왜목길 26,충청남도 당진시 석문면 교로리 844-4 왜목하우스,"26 Waemok-gil, Seongmun-myeon, Dangjin-si, Chungcheongnam-do",4615034021,왜목하우스,4483032025108440004093025,061-749-8247,,,32,123,문화정보원,사전공연+개막식+본행사+부대행사,20240604,20240604
KCKRSPO23N000001583,관광명소,관광명소_축제,제2회 서면 벚꽃축제,,,,,,,,충청남도 당진시 석문면 장고항로 298-5,충청남도 당진시 석문면 장고항리 577 평택해양경찰서 당진파출소,"298-5 Janggohang-ro, Seongmun-myeon, Dangjin-si, Chungcheongnam-do",4615034021,평택해양경찰서 당진파출소,4483032024105770000079322,061-749-8130,,,32,123,문화정보원,캐릭터 퍼레이드+체험부스+버스킹+사진인화,20240604,20240604
KCKRSPO23N000001584,관광명소,관광명소_축제,익산서동축제,52,전북특별자치도,52140,익산시,5214040021,금마면 동고도리,451404607046,전북특별자치도 익산시 금마면 고도9길 41-14,전북특별자치도 익산시 금마면 동고도리 534-3,"41-14 Godo 9-gil, Geumma-myeon, Iksan-si, Jeonbuk-do",4615011100,,4514040021105330027017478,063-859-5826,,https://seodong.iksan.go.kr/,36,127,문화정보원,무왕제례+유등전시+개막행사+공연+전시+체험,20240604,20240604
KCKRSPO23N000001585,관광명소,관광명소_축제,전통산사문화재,29,광주광역시,29170,북구,2917012000,금곡동,291703009021,광주광역시 북구 무등로 1514-35 (금곡동),광주광역시 북구 금곡동 846 원효사,"1514-35 Mudeung-ro, Buk-gu, Gwangju",4615011100,원효사,2917012000108460000044279,062-410-8369,,http://www.wonhyosa.org/29,35,126,문화정보원,원효사일대 체험 프로그램,20240604,20240604
KCKRSPO23N000001586,관광명소,관광명소_축제,제20회 강북구 3·1독립운동 기념행사,11,서울특별시,11305,강북구,1130510400,우이동,113054124216,서울특별시 강북구 삼양로173길 107-12 (우이동),"서울특별시 강북구 우이동 254 천도교종학대학원,봉황각","107-12 Samyang-ro 173-gil, Gangbuk-gu, Seoul",4615011900,"천도교종학대학원,봉황각",1130510400102540000003962,02-901-6203,,www.gangbuk.go.kr,37,127,문화정보원,"기념식, 공연 및 체험 프로그램",20240604,20240604
KCKRSPO23N000001587,관광명소,관광명소_축제,4.19혁명 국민문화제,11,서울특별시,11305,강북구,1130510300,수유동,113054124142,서울특별시 강북구 도봉로89길 13 (수유동),서울특별시 강북구 수유동 192-59 강북구청,"13 Dobong-ro 89-gil, Gangbuk-gu, Seoul",4615011900,강북구청,1130510300101920059006953,02-901-6205,,www.festival419.org/,37,127,문화정보원,4.19혁명 기념+국민문화제,20240604,20240604
KCKRSPO23N000001588,관광명소,관광명소_축제,종교연합바자회,11,서울특별시,11305,강북구,1130510300,수유동,113053108005,서울특별시 강북구 인수봉로 159 (수유동),서울특별시 강북구 수유동 498-16 한신대학교신학대학원,"159 Insubong-ro, Gangbuk-gu, Seoul",4615011900,한신대학교신학대학원,1130510300104980016002318,02-901-6204,,www.gangbuk.go.kr,37,127,문화정보원,종교연합 바자회 기증물품 판매+문화공연 수익금전액 난치병어린이돕기 후원,20240604,20240604
KCKRSPO23N000001589,관광명소,관광명소_축제,2023 관악겨울예술축제 : Winter Festival is Coming to Town,11,서울특별시,11620,관악구,1162010200,신림동,116204160522,서울특별시 관악구 신림로3길 35 (신림동),서울특별시 관악구 신림동 209-1 관악문화재단,"35 Sillim-ro 3-gil, Gwanak-gu, Seoul",4615011900,관악문화재단,1162010200102090001006942,02-828-5854,,https://gfac.or.kr/,37,126,문화정보원,전세대가 공감할 수 있는 다채로운 공연/전시 프로그램을 통해 예술로 따뜻한 온기를 전하는 관악겨울예술축제,20240604,20240604
KCKRSPO23N000001590,관광명소,관광명소_축제,2024 그루브 인 관악,11,서울특별시,11620,관악구,1162010200,신림동,116203120002,서울특별시 관악구 관천로 53 (신림동),서울특별시 관악구 신림동 1472-1,"53 Gwancheon-ro, Gwanak-gu, Seoul",4615011900,,1162010200114720001000001,02-828-5764,,https://gfac.or.kr/,37,126,문화정보원,관악구 특성화 장소에서 펼쳐지는 글로벌 스트리트 컬처 축제,20240604,20240604
KCKRSPO23N000001591,관광명소,관광명소_축제,2024 관악강감찬축제,11,서울특별시,11620,관악구,1162010100,봉천동,116202120001,서울특별시 관악구 낙성대로 77 (봉천동),서울특별시 관악구 봉천동 228,"77 Nakseongdae-ro, Gwanak-gu, Seoul",4615011900,,1162010100102270000031038,02-828-5763,,https://ggcfest.com/,37,126,문화정보원,고려 명장 강감찬 장군의 호국정신을 기리고자 개최되는 서울의 대표적인 역사문화축제이자 관악구민이 함께 만들고 즐기는 축제,20240604,20240604
KCKRSPO23N000001592,관광명소,관광명소_축제,안성맞춤 남사당 바우덕이 축제,41,경기도,41550,안성시,4155031033,보개면 복평리,415503208013,경기도 안성시 보개면 남사당로 198,경기도 안성시 보개면 복평리 303-3,"198 Namsadang-ro, Bogae-myeon, Anseong-si, Gyeonggi-do",4615011900,,4155031033100340024000002,031-678-5995,,https://www.anseong.go.kr/festival/main.do,37,127,문화정보원,공식행사(개장식+개폐막식)+시립풍물단 상설공연+시민예술무대+바우덕이 국악콘서트+비봉산 행복산행+음악회+옛 장터 운영+농특산물 홍보판매 +키즈체험프로그램+저탄소 프로그램+경관조명 운영 등+전야제(길놀이),20240604,20240604
KCKRSPO23N000001593,관광명소,관광명소_축제,안성맞춤 포도축제,41,경기도,41550,안성시,4155033021,서운면 인리,415504424390,경기도 안성시 서운면 서운중앙길 23,경기도 안성시 서운면 인리 107-4 서운면사무소,"23 Seounjungang-gil, Seoun-myeon, Anseong-si, Gyeonggi-do",4615011900,서운면사무소,4155033021101070004004933,031-678-3732,,https://www.anseong.go.kr/festival/calendar/view.do?mId=0504000000&idx=91,36,127,문화정보원,포도 전시 및 직판장 운영+포도 시식+포도관련 체험+다양한 이벤트 행사+지역문화 공연+노래자랑+초청가수 공연 등,20240604,20240604
KCKRSPO23N000001594,관광명소,관광명소_축제,죽주대고려문화축제,41,경기도,41550,안성시,4155040021,죽산면 죽산리,415504424113,경기도 안성시 죽산면 남부길 60,경기도 안성시 죽산면 죽산리 499,"60 Nambu-gil, Juksan-myeon, Anseong-si, Gyeonggi-do",4615011900,,4155040021104990000000001,031-678-3912,,https://www.anseong.go.kr/festival/calendar/view.do?mId=0504000000&idx=90,37,127,문화정보원,송문주 장문 대몽항쟁 역사 및 축제 발전방향 심포지엄+콘서트 및 지역주민 장기자랑,20240604,20240604
KCKRSPO23N000001595,관광명소,관광명소_축제,제36회 지리산 뱀사골 고로쇠 약수제,52,전북특별자치도,52190,남원시,5219046027,산내면 부운리,451903000201,전북특별자치도 남원시 산내면 지리산로 842-8,전북특별자치도 남원시 산내면 부운리 216-10 반선주차장,"842-8 Jirisan-ro, Sannae-myeon, Namwon-si, Jeonbuk-do",4615011900,반선주차장,4519046027102160010024653,063-620-4704,,,35,127,문화정보원,고로쇠 홍보 및 판매+기념식 등,20240604,20240604
KCKRSPO23N000001596,관광명소,관광명소_축제,힐링 개그 콘서트,31,울산광역시,31170,동구,3117010100,방어동,311704313099,울산광역시 동구 문현3길 6 (방어동),울산광역시 동구 방어동 1120-1 꽃바위문화관,"6 Munhyeon 3-gil, Dong-gu, Ulsan",4615011800,꽃바위문화관,3117010100111200001000001,052-209-4330,,http://www.donggu.ulsan.kr/edu/menu_06/03.jsp,35,129,문화정보원,개그x싱어롱,20240604,20240604
KCKRSPO23N000001597,관광명소,관광명소_축제,오페라 팝페라 뽕페라,31,울산광역시,31170,동구,3117010100,방어동,311704313099,울산광역시 동구 문현3길 6 (방어동),울산광역시 동구 방어동 1120-1 꽃바위문화관,"6 Munhyeon 3-gil, Dong-gu, Ulsan",4615011900,꽃바위문화관,3117010100111200001000001,052-209-4330,,http://www.donggu.ulsan.kr/edu/menu_06/03.jsp,35,129,문화정보원,콘서트,20240604,20240604
KCKRSPO23N000001598,관광명소,관광명소_축제,박강수콘서트,31,울산광역시,31170,동구,3117010100,방어동,311704313099,울산광역시 동구 문현3길 6 (방어동),울산광역시 동구 방어동 1120-1 꽃바위문화관,"6 Munhyeon 3-gil, Dong-gu, Ulsan",4615010300,꽃바위문화관,3117010100111200001000001,052-209-4330,,http://www.donggu.ulsan.kr/edu/menu_06/03.jsp,35,129,문화정보원,콘서트,20240604,20240604
KCKRSPO23N000001599,관광명소,관광명소_축제,대왕암 해맞이 축제,,,,,,,,충청남도 서산시 지곡면 어름들2길 66,충청남도 서산시 지곡면 중왕리 196 중앙어촌계수산물간이집하장,"66 Eoreumdeul 2-gil, Jigok-myeon, Seosan-si, Chungcheongnam-do",4615010300,중앙어촌계수산물간이집하장,4421034025101960000010783,,,,32,123,문화정보원,해맞이,20240604,20240604
KCKRSPO23N000001600,관광명소,관광명소_축제,퓨전 국악의 향연,31,울산광역시,31170,동구,3117010100,방어동,311704313099,울산광역시 동구 문현3길 6 (방어동),울산광역시 동구 방어동 1120-1 꽃바위문화관,"6 Munhyeon 3-gil, Dong-gu, Ulsan",4615011800,꽃바위문화관,3117010100111200001000001,052-209-4330,,,35,129,문화정보원,국악,20240604,20240604
KCKRSPO23N000001601,관광명소,관광명소_축제,한국창작무용 베리끝 애화,31,울산광역시,31170,동구,3117010100,방어동,311704313099,울산광역시 동구 문현3길 6 (방어동),울산광역시 동구 방어동 1120-1 꽃바위문화관,"6 Munhyeon 3-gil, Dong-gu, Ulsan",4615031023,꽃바위문화관,3117010100111200001000001,052-209-4332,,,35,129,문화정보원,무용,20240604,20240604
KCKRSPO23N000001602,관광명소,관광명소_축제,슬도아트 개관전 사우스 스웰,31,울산광역시,31170,동구,3117010100,방어동,311704313170,울산광역시 동구 성끝길 103 (방어동),울산광역시 동구 방어동 3-42 소리체험관,"103 Seongkkeut-gil, Dong-gu, Ulsan",4615031022,소리체험관,3117010100100030042000001,052-234-1033,,https://naver.me/5qaXTiVI,35,129,문화정보원,전시,20240604,20240604
KCKRSPO23N000001603,관광명소,관광명소_축제,문화공장 방어진 랜드스케이프: 풍경,31,울산광역시,31170,동구,3117010100,방어동,311704313214,울산광역시 동구 중진2길 5 (방어동),울산광역시 동구 방어동 391-14,"5 Jungjin 2-gil, Dong-gu, Ulsan",4691032021,,3117010100103910014005996,052-209-4332,,,35,129,문화정보원,전시,20240604,20240604
KCKRSPO23N000001604,관광명소,관광명소_축제,2024 청양고추구기자문화축제,,,,,,,,충청남도 천안시 서북구 번영로 208 (백석동),충청남도 천안시 서북구 백석동 251 종합운동장,"208 Beonyeong-ro, Seobuk-gu, Cheonan-si, Chungcheongnam-do",4691031023,종합운동장,4413310300102510000049938,041-940-4852,,https://칠갑마루.com/f23/,32,123,문화정보원,공연+전시+판매+체험+부대행사 등,20240604,20240604
KCKRSPO23N000001605,관광명소,관광명소_축제,제25회 칠갑산장승문화축제,44,충청남도,44790,청양군,4479032025,대치면 장곡리,447904583233,충청남도 청양군 대치면 장곡길 119-17,충청남도 청양군 대치면 장곡리 75,"119-17 Janggok-gil, Daechi-myeon, Cheongyang-gun, Chungcheongnam-do",4691025031,,4479032025100750000012809,041-940-2193,,,36,126,문화정보원,대장승퍼레이드+장승대제+전통 장승깎기,20240604,20240604
KCKRSPO23N000001606,관광명소,관광명소_축제,너른고을 대보름 놀이 한마당,41,경기도,41610,광주시,4161010200,쌍령동,416103211043,경기도 광주시 파발로 38 (쌍령동),경기도 광주시 쌍령동 480-1,"38 Pabal-ro, Gwangju-si, Gyeonggi-do",4691025025,,4161010200104800001000001,031-760-0686,,,37,127,문화정보원,정월 대보름 놀이 한마당,20240604,20240604
KCKRSPO23N000001607,관광명소,관광명소_축제,광주왕실 도자컨퍼런스,41,경기도,41610,광주시,4161025936,곤지암읍 삼리,416102012002,경기도 광주시 곤지암읍 경충대로 727,경기도 광주시 곤지암읍 삼리 72-1 광주도자기엑스포장,"727 Gyeongchung-daero, Gonjiam-eup, Gwangju-si, Gyeonggi-do",4691036022,광주도자기엑스포장,4161025636100270001024020,031-760-1729,,,37,127,문화정보원,광주왕실 도자컨퍼런스,20240604,20240604
KCKRSPO23N000001608,관광명소,관광명소_축제,김천 부곡맛고을 어울림 큰잔치,47,경상북도,47150,김천시,4715011400,부곡동,471504718424,경상북도 김천시 부곡맛고을2길 24 (부곡동),경상북도 김천시 부곡동 1386,"24 Bugongmatgoeul 2-gil, Gimcheon-si, Gyeongsangbuk-do",4691036029,,4715011400113860000001497,,,,36,128,문화정보원,맛고을 시식회 등 문화축제,20240604,20240604
KCKRSPO23N000001609,관광명소,관광명소_축제,김천 황금시장 김장양념축제,47,경상북도,47150,김천시,4715010700,황금동,471504718959,경상북도 김천시 황금시장4길 20 (황금동),경상북도 김천시 황금동 31-1,"20 Hwanggeumsijang 4-gil, Gimcheon-si, Gyeongsangbuk-do",4691036029,,4715010700100310001000001,054-435-5948,,,36,128,문화정보원,김장양념 체험행사 및 판매,20240604,20240604
KCKRSPO23N000001610,관광명소,관광명소_축제,김천 평화시장&평화로상가 한마음 대축제,47,경상북도,47150,김천시,4715010500,평화동,471503306005,경상북도 김천시 김천로 100 (평화동),경상북도 김천시 평화동 259-1,"100 Gimcheon-ro, Gimcheon-si, Gyeongsangbuk-do",4613012600,,4715010500102590001000001,054-432-2155,,,36,128,문화정보원,"떡 시식회 및 판매, 다양한 물품 바자회 등",20240604,20240604
KCKRSPO23N000001611,관광명소,관광명소_축제,팜앤컬쳐페스타(농촌체험페스티벌),47,경상북도,47150,김천시,4715011000,삼락동,471504718695,경상북도 김천시 운동장길 1 (삼락동),경상북도 김천시 삼락동 488-1 김천종합스포츠타운,"1 Undongjang-gil, Gimcheon-si, Gyeongsangbuk-do",4690032031,김천종합스포츠타운,4715011000104880001000001,054-421-2552,,,36,128,문화정보원,시민에게 농촌 및 농업문화 체험 기회 제공,20240604,20240604
KCKRSPO23N000001612,관광명소,관광명소_축제,소가야문화제,48,경상남도,48820,고성군,4882025025,고성읍 송학리,488204826327,경상남도 고성군 고성읍 송학로113번길 50,경상남도 고성군 고성읍 송학리 475-1 고성박물관,"50 Songhak-ro 113beon-gil, Goseong-eup, Goseong-gun, Gyeongsangnam-do",4690025021,고성박물관,4882025025104750001000001,055-674-5206,,,34,128,문화정보원,소가야 전통문화 관련 참여+전시+공연,20240604,20240604
KCKRSPO23N000001613,관광명소,관광명소_축제,보수동책방골목문화축제,26,부산광역시,26110,중구,2611012000,보수동1가,261104175291,부산광역시 중구 흑교로46번길 11 (보수동1가),부산광역시 중구 보수동1가 119-6,"11 Heukgyo-ro 46beon-gil, Jung-gu, Busan",4679038027,,2611012000101190006005734,051-253-7220,,http://www.bosubook.com/,35,129,문화정보원,책읽는마을 심포지엄+공연행사+체험 등,20240604,20240604
KCKRSPO23N000001614,관광명소,관광명소_축제,부산국제영화제 전야제,26,부산광역시,26110,중구,2611014000,남포동5가,261103125004,부산광역시 중구 비프광장로 36 (남포동5가),부산광역시 중구 남포동5가 18-1,"36 BIFF gwangjang-ro, Jung-gu, Busan",4681025025,,2611014000100180001007857,051-709-2091,,https://www.biff.kr,35,129,문화정보원,축하공연,20240604,20240604
KCKRSPO23N000001615,관광명소,관광명소_축제,부산자갈치축제,26,부산광역시,26110,중구,2611013900,남포동4가,261103125013,부산광역시 중구 자갈치해안로 52 (남포동4가),부산광역시 중구 남포동4가 37-1 자갈치시장,"52 Jagalchihaean-ro, Jung-gu, Busan",4623033024,자갈치시장,2611013700100370001004178,051-243-9363,,http://www.ejagalchi.com/,35,129,문화정보원,개막식+길놀이+체험프로그램 등,20240604,20240604
KCKRSPO23N000001616,관광명소,관광명소_축제,광복로겨울빛트리축제,26,부산광역시,26110,중구,2611013400,광복동2가,261103125002,부산광역시 중구 광복중앙로 2 (광복동2가),부산광역시 중구 광복동2가 6-5 에이비씨마트코리아,"2 Gwangbokjungang-ro, Jung-gu, Busan",4673034024,에이비씨마트코리아,2611013400100060005007713,051-464-0112,,,35,129,문화정보원,일루미네이션 크리스마스트리장식+성탄음악행사+시민참여행사+점등식 등,20240604,20240604
KCKRSPO23N000001617,관광명소,관광명소_축제,2023 광진가족영화제,11,서울특별시,11215,광진구,1121510200,능동,112153104007,서울특별시 광진구 능동로 216 (능동),서울특별시 광진구 능동 18 어린이대공원,"216 Neungdong-ro, Gwangjin-gu, Seoul",4673037026,어린이대공원,1121510200100180000005625,02-450-7597,,,37,127,문화정보원,버스킹공연+ 캐리커처+ 타투스티커+ 영화상영,20240604,20240604
KCKRSPO23N000001618,관광명소,관광명소_축제,2024 안양충훈벚꽃축제,41,경기도,41171,안양시,4117110200,석수동,411713182011,경기도 안양시 만안구 석수로 159 (석수동),경기도 안양시 만안구 석수동 797,"159 Seoksu-ro, Manan-gu, Anyang-si, Gyeonggi-do",4673037026,,4117110200107970000000001,031-687-0500,,http://www.ayac.or.kr,37,126,문화정보원,벚꽃콘서트+벚꽃체험부스+ 먹거리+ SNS이벤트 등,20240604,20240604
KCKRSPO23N000001619,관광명소,관광명소_축제,2024 안양춤축제 ANYANG DANCE FESTIVAL,41,경기도,41173,안양시,4117310300,평촌동,411733183003,경기도 안양시 동안구 관평로 149 (평촌동),경기도 안양시 동안구 평촌동 895 중앙공원관리부속,"149 Gwanpyeong-ro, Dongan-gu, Anyang-si, Gyeonggi-do",4617033025,중앙공원관리부속,4117310300108950000000001,031-687-0500,,http://www.ayac.or.kr,37,126,문화정보원,시민공연마당 + 전시체험부스 + 개폐막 작품 + 가수 축하공연 + 댄스대회 + 안양시민의날 기념식 + 시민커뮤니티댄스 등,20240604,20240604
KCKRSPO23N000001620,관광명소,관광명소_축제,괴산고추축제,43,충청북도,43760,괴산군,4376025022,괴산읍 서부리,437603246025,충청북도 괴산군 괴산읍 임꺽정로 75,충청북도 괴산군 괴산읍 서부리 160 괴산게이트볼장,"75 Imkkeokjeong-ro, Goesan-eup, Goesan-gun, Chungcheongbuk-do",4615025032,괴산게이트볼장,4376025022101590002203637,043-830-3463,,http://spicy-fe.kr/,36,127,문화정보원,세계고추전시회+고추품평회+황금고추를 찾아라 체험+속풀이고추난타 등,20240604,20240604
KCKRSPO23N000001621,관광명소,관광명소_축제,금산인삼축제,44,충청남도,44710,금산군,4471025021,금산읍 신대리,447103257042,충청남도 금산군 금산읍 인삼광장로 30,충청남도 금산군 금산읍 신대리 392 금산인삼관,"30 Insamgwangjang-ro, Geumsan-eup, Geumsan-gun, Chungcheongnam-do",4686025024,금산인삼관,4471025021103920000017768,041-750-2306,,http://www.insamfestival.co.kr/html/kr/index.html,36,127,문화정보원,인삼캐기 체험+인삼약초체험+생활건강 체험 등 건강 체험관 운영+국제인삼교역전+인삼생활관+축제 40주년 기념 금산인삼 시대별 콘텐츠 구성 응답하라 1981 등,20240604,20240604
KCKRSPO23N000001622,관광명소,관광명소_축제,김제지평선축제,52,전북특별자치도,52210,김제시,5221036024,부량면 신용리,452103270056,전북특별자치도 김제시 부량면 벽골제로 442,전북특별자치도 김제시 부량면 신용리 242-1,"442 Byeokgolje-ro, Buryang-myeon, Gimje-si, Jeonbuk-do",4686025024,,4521036024102220001000001,063-540-3031,,https://www.gimje.go.kr/festival/index.gimje,35,126,문화정보원,벽골제 제사+지평선 전국 농악 경연 대회+농악경연 대회+벽골제 쌍룡 햇불 퍼레이드+지평선 김제夜놀자+쌍룡 서치&고고쇼+벽골제 오색 별빛의 향연,20240604,20240604
KCKRSPO23N000001623,관광명소,관광명소_축제,김해분청도자기축제,48,경상남도,48250,김해시,4825033023,진례면 송정리,482503335058,경상남도 김해시 진례면 진례로 275-35,경상남도 김해시 진례면 송정리 360,,4686025024,,,055-330-3244,,http://www.gimhae.go.kr/00224/00223/03324.web?amode=view&idx=395,35,128,문화정보원,의식+특별전시+판매+부대행사,20240604,20240604
KCKRSPO23N000001624,관광명소,관광명소_축제,논산딸기축제,44,충청남도,44230,논산시,4423011100,관촉동,442303255035,충청남도 논산시 체육로 110 (관촉동),"충청남도 논산시 관촉동 19-1 육상보조경기장,종합운동장,화장실","110 Cheyuk-ro, Nonsan-si, Chungcheongnam-do",4682034034,"육상보조경기장,종합운동장,화장실",4423010500100190001046605,041-730-2983,,https://www.nonsan.go.kr/nsfestival/,36,127,문화정보원,청정딸기수확체험+논산딸기 굿즈마켓+농심성심당 홍보부스+전시+딸기 활용 소비자 참여 프로그램 등,20240604,20240604
KCKRSPO23N000001625,관광명소,관광명소_축제,담양대나무축제,46,전라남도,46710,담양군,4671025027,담양읍 향교리,467103286015,전라남도 담양군 담양읍 죽녹원로 119,전라남도 담양군 담양읍 향교리 282,"119 Jungnogwon-ro, Damyang-eup, Damyang-gun, Jeollanam-do",4684025331,,4671025027102820000000001,061-380-3152,,www.bamboofestival.co.kr,35,126,문화정보원,대나무 관련 전시+체험+공연+판매 등,20240604,20240604
KCKRSPO23N000001626,관광명소,관광명소_축제,대구약령시한방문화축제,27,,27110,,2711013700,남성로,,대구광역시 중구 남성로 158-1,대구광역시 중구 남성로 158-1,,4682031027,,,053-253-4929,,http://www.herbfestival.org/kor/,35,128,문화정보원,"고유제+개막식+7가지 테마관(한방명품관, 한방진료관, 한방식품관, 영플라자, 한방정원, 한방문화관, 약초동산) 등",20240604,20240604
KCKRSPO23N000001627,관광명소,관광명소_축제,대구치맥페스티벌,27,대구광역시,27290,달서구,2729010200,두류동,272903147002,대구광역시 달서구 공원순환로 7,대구광역시 달서구 두류동 560,,4613012800,,,053-248-9998,,http://www.chimacfestival.com/,35,128,문화정보원,치맥 테마 식음+체험+공연+참여프로그램 운영 등,20240604,20240604
KCKRSPO23N000001628,관광명소,관광명소_축제,대전효문화뿌리축제,30,대전광역시,30140,중구,3014011900,안영동,301403165018,대전광역시 중구 뿌리공원로 47 (안영동),대전광역시 중구 안영동 71-2 효문화마을관리원,"47 Ppurigongwon-ro, Jung-gu, Daejeon",4681033022,효문화마을관리원,3014011900100710007007881,042-606-6290,,https://www.djjunggu.go.kr/hyo-ppuri/index.do,36,127,문화정보원,효로 통하는 세상(孝通)+「효통로 1번지」+개폐막식+문중(문화)체험(참여)프로그램+주제공연+각종 온오프라인 참여 이벤트 등,20240604,20240604
KCKRSPO23N000001629,관광명소,관광명소_축제,동래읍성역사축제,26,부산광역시,26260,동래구,2626010700,명륜동,262603130007,부산광역시 동래구 문화로 80 (명륜동),부산광역시 동래구 명륜동 137 동래문화회관,"80 Munhwa-ro, Dongnae-gu, Busan",4681033022,동래문화회관,2626010700101370000001441,051-550-4094,,https://www.dongnae.go.kr/festival/index.dongnae?contentsSid=169,35,129,문화정보원,동래부사행차 길놀이+동래성 전투 뮤지컬+동래세가닥줄다리기+동래장터 체험 등,20240604,20240604
KCKRSPO23N000001630,관광명소,관광명소_축제,목포항구축제,46,전라남도,46110,목포시,4611010200,산정동,461104643366,전라남도 목포시 삼학로92번길 68 (산정동),전라남도 목포시 산정동 1481 노벨평화상기념관,"68 Samhak-ro 92beon-gil, Mokpo-si, Jeollanam-do",4677036023,노벨평화상기념관,4611010200114810000000001,061-270-8431,,https://www.mokpo.go.kr/tour/festival,34,126,문화정보원,퍼레이드+파시장터+공연+체험 등,20240604,20240604
KCKRSPO23N000001631,관광명소,관광명소_축제,무주반딧불축제,52,전북특별자치도,52730,무주군,5273025022,무주읍 당산리,457303275053,전북특별자치도 무주군 무주읍 한풍루로 326-14,전북특별자치도 무주군 무주읍 당산리 1118 등나무운동장,"326-14 Hanpungnu-ro, Muju-eup, Muju-gun, Jeonbuk-do",4672031021,등나무운동장,4573025022111180000000001,063-324-2440,,https://www.firefly.or.kr/,36,127,문화정보원,반딜불이신비탐사+1박2일 생태체험+야간낙화 뗏목체험+반딧불 동요제+반디별 소풍 등,20240604,20240604
KCKRSPO23N000001632,관광명소,관광명소_축제,문경찻사발축제,47,경상북도,47280,문경시,4728025030,문경읍 상초리,472803000165,경상북도 문경시 문경읍 새재로 932,경상북도 문경시 문경읍 상초리 288-1,"932 Saejae-ro, Mungyeong-eup, Mungyeong-si, Gyeongsangbuk-do",4672031021,,4728025030102880001027421,054-571-7677,,http://www.sabal21.com,36,128,문화정보원,대한민국 도예 명장전 등 전시행사+왕의 찻자리 등 체험행사+사기장의 하루+차담이 어드벤처 등 특별행사,20240604,20240604
KCKRSPO23N000001633,관광명소,관광명소_축제,밀양아리랑대축제,48,경상남도,48270,밀양시,4827010100,내일동,482703336074,경상남도 밀양시 중앙로 324 (내일동),경상남도 밀양시 내일동 40 영남루,"324 Jungang-ro, Miryang-si, Gyeongsangnam-do",4623025023,영남루,4827010100100400000049466,055-359-4500,,http://www.arirang.or.kr/,35,128,문화정보원,불씨봉헌 고유제+전야제+마상무예쇼가+성화봉송 고유제+초야제+밀양아리랑가요제+무형문화제 공연,20240604,20240604
KCKRSPO23N000001634,관광명소,관광명소_축제,보령머드축제,44,충청남도,44180,보령시,4418011000,신흑동,441804556651,충청남도 보령시 해수욕장10길 5 (신흑동),충청남도 보령시 신흑동 2269-1,"5 Haesuyokjang 10-gil, Boryeong-si, Chungcheongnam-do",4623035021,,4418011000122690001000001,041-930-0891,,http://www.mudfestival.or.kr,36,126,문화정보원,머드 체험프로그램+머드 공연+머드챌린지+전시판매 프로그램,20240604,20240604
KCKRSPO23N000001635,관광명소,관광명소_축제,보성다향대축제,46,전라남도,46780,보성군,4678025024,보성읍 봉산리,467803290003,전라남도 보성군 보성읍 녹차로 775,전라남도 보성군 보성읍 봉산리 1191-1,"775 Nokcha-ro, Boseong-eup, Boseong-gun, Jeollanam-do",4671032029,,4678025024111910001107104,061-850-5211,,https://www.boseong.go.kr/tour/festivity/tea_aroma,34,127,문화정보원,다신제와 찻잎따기+차만들기+다례체험+녹차족욕체험+자연속 티 테라피+차밭힐링트레킹 등,20240604,20240604
KCKRSPO23N000001636,관광명소,관광명소_축제,부산국제록페스티벌,,,,,,,,충청남도 예산군 대흥면 의좋은형제길 3,충청남도 예산군 대흥면 상중리 274-1,"3 Uijoeunhyeongje-gil, Daeheung-myeon, Yesan-gun, Chungcheongnam-do",4671025033,,4481034022102740001000001,051-713-5000,,https://busanrockfestival.com/,32,123,문화정보원,국내·외 아티스트 콘서트,20240604,20240604
KCKRSPO23N000001637,관광명소,관광명소_축제,부천국제만화축제,41,경기도,41192,부천시,4119210900,상동,411903000065,경기도 부천시 원미구 길주로 1 (상동),경기도 부천시 원미구 상동 529-2,"1 Gilju-ro, Wonmi-gu, Bucheon-si, Gyeonggi-do",4671025033,,4119510900105290002035651,032-310-3073,,https://www.bicof.com,37,126,문화정보원,만화전시+만화콘서트+국제 코스프레 챔피언십+만화마켓+참여이벤트 등,20240604,20240604
KCKRSPO23N000001638,관광명소,관광명소_축제,부평풍물대축제,28,인천광역시,28237,부평구,2823710100,부평동,282373154039,인천광역시 부평구 신트리로 21 (부평동),인천광역시 부평구 부평동 880 북구도서관,"21 Sinteuri-ro, Bupyeong-gu, Incheon",4671025033,북구도서관,2823710100108800000103987,032-509-7516,,https://portal.icbp.go.kr/bpf/,37,126,문화정보원,기원제+전통풍물공연+부평만만세 퍼레이드+전통문화체험+민속놀이체험 등,20240604,20240604
KCKRSPO23N000001639,관광명소,관광명소_축제,제56회 동학농민혁명기념제,52,전북특별자치도,52180,정읍시,5218036021,덕천면 하학리,451803270010,전북특별자치도 정읍시 덕천면 동학로 742,전북특별자치도 정읍시 덕천면 하학리 56-1 동학농민혁명기념관,"742 Donghak-ro, Deokcheon-myeon, Jeongeup-si, Jeonbuk-do",4671025023,동학농민혁명기념관,4518036021100020000069871,063-539-6923,,http://www.donghak.or.kr,35,126,문화정보원,기념식+공식제례+청소년축전+연계행사+체험행사,20240604,20240604
KCKRSPO23N000001640,관광명소,관광명소_축제,제34회 정읍사문화제,52,전북특별자치도,52180,정읍시,5218010400,시기동,451803270039,전북특별자치도 정읍시 정읍사로 541 (시기동),전북특별자치도 정읍시 시기동 81-7 정읍사 공원,"541 Jeongeupsa-ro, Jeongeup-si, Jeonbuk-do",4671038023,정읍사 공원,4518010400100810007008905,063-539-5175,,http://www.jchf.or.kr,35,126,문화정보원,기념행사+공연행사+부대행사+체험행사,20240604,20240604
KCKRSPO23N000001641,관광명소,관광명소_축제,제16회 정읍 구절초꽃축제,52,전북특별자치도,52180,정읍시,5218043023,산내면 매죽리,451803270062,전북특별자치도 정읍시 산내면 청정로 926-65,전북특별자치도 정읍시 산내면 매죽리 617,"926-65 Cheongjeong-ro, Sannae-myeon, Jeongeup-si, Jeonbuk-do",4671034021,,4518043023106170000071381,063-539-5697,,http://www.jeongeup.go.kr/culture,35,127,문화정보원,구절초꽃길산책+꽃밭음악회,20240604,20240604
KCKRSPO23N000001642,관광명소,관광명소_축제,제14회 화성시 가족사랑축제,,,,,,,,충청북도 괴산군 괴산읍 임꺽정로 75,충청북도 괴산군 괴산읍 서부리 160 괴산게이트볼장,"75 Imkkeokjeong-ro, Goesan-eup, Goesan-gun, Chungcheongbuk-do",4611010200,괴산게이트볼장,4376025022101590002203637,031-290-4626,,https://www.hcf.or.kr,32,123,문화정보원,"공개방송, 시민 참여 프로그램, 체험 부스",20240604,20240604
KCKRSPO23N000001643,관광명소,관광명소_축제,제13회 화성 뱃놀이 축제,41,경기도,41590,화성시,4159035021,서신면 전곡리,415903210093,경기도 화성시 서신면 전곡항로 21,경기도 화성시 서신면 전곡리 974 평택해양경찰서 전곡출장소,"21 Jeongokhang-ro, Seosin-myeon, Hwaseong-si, Gyeonggi-do",4678025024,평택해양경찰서 전곡출장소,4159035021109740000001218,031-5189-6136,,http://hs-boatingfestival.com/,37,126,문화정보원,"해양레저 체험, 야간공연",20240604,20240604
KCKRSPO23N000001644,관광명소,관광명소_축제,제9회 화성송산포도축제,41,경기도,41590,화성시,4159035031,서신면 궁평리,415903210006,경기도 화성시 서신면 궁평항로 1049-24,경기도 화성시 서신면 궁평리 689 궁평항수산물판매장,"1049-24 Gungpyeonghang-ro, Seosin-myeon, Hwaseong-si, Gyeonggi-do",4678025021,궁평항수산물판매장,4159035031201350000013634,031-5189-6441,,,37,126,문화정보원,"포도 체험, 직거래 장터",20240604,20240604
KCKRSPO23N000001645,관광명소,관광명소_축제,제1회 도농 어울림 축제,,,,,,,,충청북도 괴산군 불정면 목도로2길 11,충청북도 괴산군 불정면 목도리 303-1 불정면주민센터,"11 Mokdo-ro 2-gil, Buljeong-myeon, Goesan-gun, Chungcheongbuk-do",4691035021,불정면주민센터,4376041021103030001000001,031-5189-6335,,,32,123,문화정보원,"농업문화체험, 직거래 장터",20240604,20240604
KCKRSPO23N000001646,관광명소,관광명소_축제,제24회 화성 효 마라톤 대회,41,경기도,41590,화성시,4159025938,향남읍 도이리,415903210121,경기도 화성시 향남읍 향남로 470,경기도 화성시 향남읍 도이리 668 화성종합경기타운,"470 Hyangnam-ro, Hyangnam-eup, Hwaseong-si, Gyeonggi-do",4691032023,화성종합경기타운,4159025938102380001000001,031-5189-6193,,,37,126,문화정보원,마라톤 대회,20240604,20240604
KCKRSPO23N000001647,관광명소,관광명소_축제,정조 효 문화제 및 정조대왕 능행차 공동재현,,,,,,,,충청북도 괴산군 청천면 화양로 14,충청북도 괴산군 청천면 청천리 38-6,"14 Hwayang-ro, Cheongcheon-myeon, Goesan-gun, Chungcheongbuk-do",4691025025,,4376036021100380006000001,031-5189-3835,,http://www.정조효문화제.com/,32,123,문화정보원,"영우원 천장 재현, 을묘년 원행 재현, 현륭원 제향 등",20240604,20240604
KCKRSPO23N000001648,관광명소,관광명소_축제,2023 화성시민 한마음 체육대회,41,경기도,41590,화성시,4159025938,향남읍 도이리,415903210121,경기도 화성시 향남읍 향남로 470,경기도 화성시 향남읍 도이리 668 화성종합경기타운,"470 Hyangnam-ro, Hyangnam-eup, Hwaseong-si, Gyeonggi-do",4613036021,화성종합경기타운,4159025938102380001000001,031-5189-6193,,,37,126,문화정보원,종목별 대회,20240604,20240604
KCKRSPO23N000001649,관광명소,관광명소_축제,2023 화성 학생동아리 축제,41,경기도,41590,화성시,4159012700,반송동,415904431477,경기도 화성시 동탄공원로2길 22 (반송동),경기도 화성시 반송동 59,"22 Dongtangongwon-ro 2-gil, Hwaseong-si, Gyeonggi-do",4613031026,,4159012700100590000000002,031-898-8440,,http://www.hsscf.kr/,37,127,문화정보원,"초중고 학생동아리 공연, 전시 및 체험부스 운영",20240604,20240604
KCKRSPO23N000001650,관광명소,관광명소_축제,화성 루나 빛 축제,,,,,,,,충청북도 영동군 영동읍 동정로 1,충청북도 영동군 영동읍 계산리 210-1 cctv통합관제센터,"1 Dongjeong-ro, Yeongdong-eup, Yeongdong-gun, Chungcheongbuk-do",4613012800,cctv통합관제센터,4374025022101250004004655,031-5189-3835,,,32,123,문화정보원,"빛 조형물 및 포토존, 루나쇼, 문화공연 등",20240604,20240604
KCKRSPO23N000001651,관광명소,관광명소_축제,처인성문화제,41,경기도,41461,용인시,4146110300,삼가동,414612012012,경기도 용인시 처인구 중부대로 1199 (삼가동),경기도 용인시 처인구 삼가동 556 용인시청,"1199 Jungbu-daero, Cheoin-gu, Yongin-si, Gyeonggi-do",4613010700,용인시청,4146110300105560000029076,031-324-9600,,http://www.ycc50.org/,37,127,문화정보원,처인승첩기념식+처인성골든벨+활쏘기대회+경연대회 등,20240604,20240604
KCKRSPO23N000001652,관광명소,관광명소_축제,포은문화제,41,경기도,41461,용인시,4146110300,삼가동,414612012012,경기도 용인시 처인구 중부대로 1199 (삼가동),경기도 용인시 처인구 삼가동 556 용인시청,"1199 Jungbu-daero, Cheoin-gu, Yongin-si, Gyeonggi-do",4613025024,용인시청,4146110300105560000029076,031-324-9600,,http://www.ycc50.org/,37,127,문화정보원,추모선양사업+경연대회+어린이 포은스쿨+체험전시+기념식+공연 등,20240604,20240604
KCKRSPO23N000001653,관광명소,관광명소_축제,용인시민의 날 연계 축제 행사,41,경기도,41461,용인시,4146110300,삼가동,414612203001,경기도 용인시 처인구 동백죽전대로 61 (삼가동),경기도 용인시 처인구 삼가동 28-6 용인미르스타디움,"61 Dongbaekjukjeon-daero, Cheoin-gu, Yongin-si, Gyeonggi-do",4613014400,용인미르스타디움,4146110300100280006000001,031-324-2064,,https://www.yongin.go.kr,37,127,문화정보원,용인시민의 날 기념 연계 축제 행사,20240604,20240604
KCKRSPO23N000001654,관광명소,관광명소_축제,제8회 부천세계비보이대회,41,경기도,41192,부천시,4119210800,중동,411903184019,경기도 부천시 원미구 석천로 293 (중동),경기도 부천시 원미구 중동 1024 부천체육관,"293 Seokcheon-ro, Wonmi-gu, Bucheon-si, Gyeonggi-do",4687037021,부천체육관,4119010800110240000000001,032-625-3113,,,37,126,문화정보원,세계비보이대회,20240604,20240604
KCKRSPO23N000001655,관광명소,관광명소_축제,제23회 복사골청소년예술제,41,경기도,41194,부천시,4119410500,송내동,411904355071,경기도 부천시 소사구 경인로92번길 33 (송내동),경기도 부천시 소사구 송내동 387-4 송내어울마당,"33 Gyeongin-ro 92beon-gil, Sosa-gu, Bucheon-si, Gyeonggi-do",4687033026,송내어울마당,4119710500103870004017551,032-325-1566,,artbucheon.com,37,126,문화정보원,경연대회,20240604,20240604
KCKRSPO23N000001656,관광명소,관광명소_축제,제15회 시민어울림한마당,41,경기도,41194,부천시,4119410500,송내동,411904355071,경기도 부천시 소사구 경인로92번길 33 (송내동),경기도 부천시 소사구 송내동 387-4 송내어울마당,"33 Gyeongin-ro 92beon-gil, Sosa-gu, Bucheon-si, Gyeonggi-do",4683036028,송내어울마당,4119710500103870004017551,032-325-1566,,artbucheon.com,37,126,문화정보원,퍼레이드+콘테스트+춤한마당 등,20240604,20240604
KCKRSPO23N000001657,관광명소,관광명소_축제,2023 부소산 봄 나들이 축제,,,,,,,,충청북도 옥천군 옥천읍 동부로 39,충청북도 옥천군 옥천읍 문정리 424-1,"39 Dongbu-ro, Okcheon-eup, Okcheon-gun, Chungcheongbuk-do",4683025021,,4373025022104240001010650,041-830-2823,,,32,123,문화정보원,공연+경연+체험+감성피크닉+경관조성,20240604,20240604
KCKRSPO23N000001658,관광명소,관광명소_축제,제21회 부여서동연꽃축제,,,,,,,,충청북도 음성군 음성읍 예술로 102,충청북도 음성군 음성읍 읍내리 781-2 음성문화예술회관,"102 Yesul-ro, Eumseong-eup, Eumseong-gun, Chungcheongbuk-do",4689025021,음성문화예술회관,4377025021107810002000074,041-830-2209,,http://부여서동연꽃축제.kr/,32,123,문화정보원,경관조성+공연·경연+체험,20240604,20240604
KCKRSPO23N000001659,관광명소,관광명소_축제,2023 백제문화제,44,충청남도,44760,부여군,4476031026,규암면 합정리,447603259079,충청남도 부여군 규암면 백제문로 455,충청남도 부여군 규암면 합정리 138 백제역사문화관,"455 Baekjemun-ro, Gyuam-myeon, Buyeo-gun, Chungcheongnam-do",4689025021,백제역사문화관,4476031026100450001007604,041-830-2208,,https://www.baekje.org/kor/,36,126,문화정보원,제례+불전+퍼레이드+전시·체험+공연+경연,20240604,20240604
KCKRSPO23N000001660,관광명소,관광명소_축제,세종축제,36,세종특별자치시,36110,호수공원길,3611011900,세종동,361104855109,세종특별자치시 호수공원길 155 (세종동),세종특별자치시 세종동 1201,"155 Hosugongwon-gil, Sejong-si",4689035021,,3611031025112010000000003,044-850-0556,,https://www.sjcf.or.kr/index.do,36,127,문화정보원,세종대왕의업적과정신인한글·과학·음악·애민사상등을소재로구성 시민 한사람 한사람이 500년전 어린세종 이도가 되어 즐기는 축제,20240604,20240604
KCKRSPO23N000001661,관광명소,관광명소_축제,세종조치원복숭아축제,36,세종특별자치시,36110,조치원읍,3611025028,조치원읍 침산리,361104574153,세종특별자치시 조치원읍 문예회관길 22,세종특별자치시 조치원읍 침산리 226-1 세종문화예술회관,"22 Munyehoegwan-gil, Jochiwon-eup, Sejong-si",4688040025,세종문화예술회관,4473025028102250002037508,044-850-0560,,https://www.sjcf.or.kr/index.do,36,127,문화정보원,세종시 대표 특산물인 복숭아를 테마로 한 문화관광축제 및 복숭아 판촉행사,20240604,20240604
KCKRSPO23N000001662,관광명소,관광명소_축제,금강보행교 거점공연,,,,,,,,충청북도 단양군 영춘면 온달로 23,충청북도 단양군 영춘면 하리 147 온달전시관,"23 Ondal-ro, Yeongchun-myeon, Danyang-gun, Chungcheongbuk-do",4690031022,온달전시관,4380033022101470000017891,044-850-0557,,https://www.sjcf.or.kr/index.do,32,123,문화정보원,시민들의 문화예술 관람 문턱을 낮추고 일상에 활력을 주는 이응다리 거점공연+(토요일)걷다보니 버스킹+어쩌다 마주친 공연+오오 이응놀이터+다리 위 서커스,20240604,20240604
KCKRSPO23N000001663,관광명소,관광명소_축제,금강청소년축제,,,,,,,,충청북도 증평군 증평읍 둔덕길 89,충청북도 증평군 증평읍 남하리 91 증평지역박물관,"89 Dundeok-gil, Jeungpyeong-eup, Jeungpyeong-gun, Chungcheongbuk-do",4682042025,증평지역박물관,4374525040100910000000001,044-850-0558,,https://www.sjcf.or.kr/index.do,32,123,문화정보원,청소년들의 끼와 열정을 펼치는 청소년 문화예술 축제+경연대회+토크콘서트+축하공연+체험부스,20240604,20240604
KCKRSPO23N000001664,관광명소,관광명소_축제,3회 금남면 강변벚꽃십리길 축제,,,,,,,,충청북도 진천군 진천읍 백사천길 17,충청북도 진천군 진천읍 읍내리 209-9,"17 Baeksacheon-gil, Jincheon-eup, Jincheon-gun, Chungcheongbuk-do",4682034030,,4375025024102090009024027,,,,32,123,문화정보원,"드론사진대회+체험부스운영(농산물 판매,꽃차)+푸드트럭+잔치국수+포토존",20240604,20240604
KCKRSPO23N000001665,관광명소,관광명소_축제,세종빛축제,,,,,,,,충청북도 청주시 청원구 내수읍 초정약수로 851,충청북도 청주시 청원구 내수읍 초정리 81-5 초정행궁,"851 Chojeongyaksu-ro, Naesu-eup, Cheongwon-gu, Cheongju-si, Chungcheongbuk-do",4682034030,초정행궁,4311425031100810003000001,044-300-5832,,http://sejong.go.kr,32,123,문화정보원,미디어파사드+빛조형물+미디어갤러리 등,20240604,20240604
KCKRSPO23N000001666,관광명소,관광명소_축제,2019 안양여성축제,41,경기도,41173,안양시,4117310300,평촌동,411733183003,경기도 안양시 동안구 관평로 149 (평촌동),경기도 안양시 동안구 평촌동 895 중앙공원관리부속,"149 Gwanpyeong-ro, Dongan-gu, Anyang-si, Gyeonggi-do",4682033029,중앙공원관리부속,4117310300108950000000001,031-687-0500,,http://www.ayac.or.kr,37,126,문화정보원,기념공연+ 여성동아리공연+ 미니올림픽+ 김장담그기대회+ 홍보체험부스 등,20240604,20240604
KCKRSPO23N000001667,관광명소,관광명소_축제,2019 광복기념음악회,41,경기도,41171,안양시,4117110100,안양동,411713182007,경기도 안양시 만안구 병목안로 215 (안양동),경기도 안양시 만안구 안양동 산82-2 병목안시민공원관리사무소,"215 Byeongmogan-ro, Manan-gu, Anyang-si, Gyeonggi-do",4679036022,병목안시민공원관리사무소,4117110100112190177000001,031-687-0500,,http://www.ayac.or.kr,37,126,문화정보원,뮤지컬 그룹 플래티넘+ 안양시립합창단 공연 등,20240604,20240604
KCKRSPO23N000001668,관광명소,관광명소_축제,2019 안양 시민축제,41,경기도,41173,안양시,4117310300,평촌동,411733183003,경기도 안양시 동안구 관평로 149 (평촌동),경기도 안양시 동안구 평촌동 895 중앙공원관리부속,"149 Gwanpyeong-ro, Dongan-gu, Anyang-si, Gyeonggi-do",4679037030,중앙공원관리부속,4117310300108950000000001,031-687-0500,,http://www.ayac.or.kr,37,126,문화정보원,시민공연마당+ 전시체험부스+ 개폐막 축하공연+ 방송국 공개방송+ 안양시민의날 기념식+ 안양시민가요제 등,20240604,20240604
KCKRSPO23N000001669,관광명소,관광명소_축제,2021 안양시민축제 <우선멈춤>,41,경기도,41173,안양시,4117310300,평촌동,411733183003,경기도 안양시 동안구 관평로 149 (평촌동),경기도 안양시 동안구 평촌동 895 중앙공원관리부속,"149 Gwanpyeong-ro, Dongan-gu, Anyang-si, Gyeonggi-do",4679039530,중앙공원관리부속,4117310300108950000000001,031-687-0500,,http://www.ayac.or.kr,37,126,문화정보원,시민과 함께하는 K-POP 댄스 페스티벌,20240604,20240604
KCKRSPO23N000001670,관광명소,관광명소_축제,2022 안양시민축제 <우선멈춤>,41,경기도,41173,안양시,4117310300,평촌동,411733183003,경기도 안양시 동안구 관평로 149 (평촌동),경기도 안양시 동안구 평촌동 895 중앙공원관리부속,"149 Gwanpyeong-ro, Dongan-gu, Anyang-si, Gyeonggi-do",4519012200,중앙공원관리부속,4117310300108950000000001,031-687-0500,,http://www.ayac.or.kr,37,126,문화정보원,시민과 함께하는 K-POP 댄스 페스티벌,20240604,20240604
KCKRSPO23N000001671,관광명소,관광명소_축제,2023 안양충훈벚꽃축제,41,경기도,41171,안양시,4117110200,석수동,411713182011,경기도 안양시 만안구 석수로 159 (석수동),경기도 안양시 만안구 석수동 797,"159 Seoksu-ro, Manan-gu, Anyang-si, Gyeonggi-do",4519010500,,4117110200107970000000001,031-687-0500,,http://www.ayac.or.kr,37,126,문화정보원,벚꽃콘서트+ 버스킹공연+ 벚꽃체험부스+ 푸드트럭&먹거리+ 벚꽃컬러링북+ SNS이벤트 등,20240604,20240604
KCKRSPO23N000001672,관광명소,관광명소_축제,2023 광복78주년 광복기념음악회,41,경기도,41171,안양시,4117110100,안양동,411713182007,경기도 안양시 만안구 병목안로 215 (안양동),경기도 안양시 만안구 안양동 산82-2 병목안시민공원관리사무소,"215 Byeongmogan-ro, Manan-gu, Anyang-si, Gyeonggi-do",4519010500,병목안시민공원관리사무소,4117110100112190177000001,031-687-0500,,http://www.ayac.or.kr,37,126,문화정보원,기념행사 + 오프닝 퍼포먼스 + 뮤지컬 갈라 + 팝페라 + 가수공연 + 테마영상 상영 등,20240604,20240604
KCKRSPO23N000001673,관광명소,관광명소_축제,2023 안양춤축제 ANYANG DANCE FESTIVAL,41,경기도,41173,안양시,4117310300,평촌동,411733183003,경기도 안양시 동안구 관평로 149 (평촌동),경기도 안양시 동안구 평촌동 895 중앙공원관리부속,"149 Gwanpyeong-ro, Dongan-gu, Anyang-si, Gyeonggi-do",4518010400,중앙공원관리부속,4117310300108950000000001,031-687-0500,,http://www.ayac.or.kr,37,126,문화정보원,시민공연마당 + 전시체험부스 + 개폐막 작품 + 가수 축하공연 + 댄스대회 + 안양시민의날 기념식 + 시민커뮤니티댄스 등,20240604,20240604
KCKRSPO23N000001674,관광명소,관광명소_축제,2022 마이산 겨울동화축제,45,전라북도,45720,진안군,4572025023,단양리,457000000000,전북특별자치도 진안군 진안읍 마이산로 160,전북특별자치도 진안군 진안읍 단양리 778-3,"160 Maisan-ro, Jinan-eup, Jinan-gun, Jeonbuk-do",4572025023,,4572025023107840000000001,634302393,55438,https://www.jinan.go.kr/festival/,35,127,문화정보원,겨울놀이터+겨울동화 포토존 등,20240604,20240604
KCKRSPO23N000001675,관광명소,관광명소_축제,제4회 가족과 함께하는 진안고원 김치보쌈축제,45,전라북도,45720,진안군,4572025021,군상리,457000000000,전북특별자치도 진안군 진안읍 시장길 8-17,전북특별자치도 진안군 진안읍 군상리 406-8,"8-17 Sijang-gil, Jinan-eup, Jinan-gun, Jeonbuk-do",4572025021,,4572025021104060008005769,634302393,55430,https://www.jinan.go.kr/festival/,35,127,문화정보원,우리집 김치담그기+사랑의 김장나눔 등,20240604,20240604
KCKRSPO23N000001676,관광명소,관광명소_축제,고창청보리밭축제(취소),45,전라북도,45790,고창군,4579034028,선동리,458000000000,전북특별자치도 고창군 공음면 학원농장길 158-6,전북특별자치도 고창군 공음면 선동리 산119-22 학원농장,"158-6 Hagwonnongjang-gil, Gongeum-myeon, Gochang-gun, Jeonbuk-do",4579034028,학원농장,4579034028201190001016339,635629897,56462,http://www.gochang.go.kr/tour/index.gochang?menuCd=DOM_000000403005000000,35,126,문화정보원,"청보리밭사잇길걷기, 주말문화행사, 상설전시 및 연계행사 등",20240604,20240604
KCKRSPO23N000001677,관광명소,관광명소_축제,고창갯벌축제(취소),45,전라북도,45790,고창군,4579039024,만돌리,458000000000,전북특별자치도 고창군 심원면 애향갯벌로 320,전북특별자치도 고창군 심원면 만돌리 960-27 갯벌체험학습장,"320 Aehyanggaetbeol-ro, Simwon-myeon, Gochang-gun, Jeonbuk-do",4579039024,갯벌체험학습장,4579039024109600027024481,635602633,56401,http://www.gochang.go.kr/tour/index.gochang?menuCd=DOM_000000403007000000,35,126,문화정보원,"개막행사,갯벌체험,동죽시식회,동죽음식문화체험,갯벌체험,장어숭어잡기,갯벌카페,부대행사 등",20240604,20240604
KCKRSPO23N000001678,관광명소,관광명소_축제,고창복분자와수박축제(취소),45,전라북도,45790,고창군,4579032036,삼인리,458000000000,전북특별자치도 고창군 아산면 선운사로 250,전북특별자치도 고창군 아산면 삼인리 500,"250 Seonunsa-ro, Asan-myeon, Gochang-gun, Jeonbuk-do",4579032036,,4579032036105000000023176,,56452,http://www.gochang.go.kr/tour/index.gochang?menuCd=DOM_000000403007000000,35,126,문화정보원,"기념식,복분자 수박관련 체험, 농특산품판매 등",20240604,20240604
KCKRSPO23N000001679,관광명소,관광명소_축제,고창해풍고추축제(보류),45,전라북도,45790,고창군,4579036021,하련리,458000000000,전북특별자치도 고창군 해리면 청해1길 15,전북특별자치도 고창군 해리면 하련리 628 해리면 복지회관,"15 Cheonghae 1-gil, Haeri-myeon, Gochang-gun, Jeonbuk-do",4579036021,해리면 복지회관,4579036021106280000000001,,56402,http://www.gochang.go.kr/tour/index.gochang?menuCd=DOM_000000403006000000,35,126,문화정보원,"기념식, 고추품평회, 공연, 전시판매, 고추관련체험 등",20240604,20240604
KCKRSPO23N000001680,관광명소,관광명소_축제,지리산 뱀사골 고로쇠 약수제,45,전라북도,45190,남원시,4519046027,부운리,452000000000,전북특별자치도 남원시 산내면 지리산로 842-8,전북특별자치도 남원시 산내면 부운리 216-10 반선주차장,"842-8 Jirisan-ro, Sannae-myeon, Namwon-si, Jeonbuk-do",4519046027,반선주차장,4519046027102160010024653,636204705,55805,,35,127,문화정보원,고로쇠 홍보 및 판매+기념식 등,20240604,20240604
KCKRSPO23N000001681,관광명소,관광명소_축제,제26회 무주반딧불축제,45,전라북도,45730,무주군,4573025022,당산리,457000000000,전북특별자치도 무주군 무주읍 한풍루로 326-14,전북특별자치도 무주군 무주읍 당산리 1118 등나무운동장,"326-14 Hanpungnu-ro, Muju-eup, Muju-gun, Jeonbuk-do",4573025022,등나무운동장,4573025022111180000000001,633202537,55514,http://firefly.or.kr/index2.sgk,36,127,문화정보원,환경탐사+체험 판매 등 상설행사+문화예술행사,20240604,20240604
KCKRSPO23N000001682,관광명소,관광명소_축제,제55회 황토현동학농민혁명기념제,45,전라북도,45180,정읍시,4518036021,하학리,452000000000,전북특별자치도 정읍시 덕천면 동학로 742,전북특별자치도 정읍시 덕천면 하학리 56-1 동학농민혁명기념관,"742 Donghak-ro, Deokcheon-myeon, Jeongeup-si, Jeonbuk-do",4518036021,동학농민혁명기념관,4518036021100020000069871,635395433,56149,http://www.donghak.or.kr,35,126,문화정보원,기념식+공식제례+청소년축전+연계행사+체험행사,20240604,20240604
KCKRSPO23N000001683,관광명소,관광명소_축제,제15회 정읍 구절초꽃축제,45,전라북도,45180,정읍시,4518043023,매죽리,452000000000,전북특별자치도 정읍시 산내면 청정로 926-65,전북특별자치도 정읍시 산내면 매죽리 617,"926-65 Cheongjeong-ro, Sannae-myeon, Jeongeup-si, Jeonbuk-do",4518043023,,4518043023106170000071381,635396172,56127,http://www.jeongeup.go.kr/culture,35,127,문화정보원,구절초꽃길산책+꽃밭음악회,20240604,20240604
KCKRSPO23N000001684,관광명소,관광명소_축제,제14회 진안고원 수박축제,45,전라북도,45720,진안군,4572033023,능금리,457000000000,전북특별자치도 진안군 동향면 진성로 1687,전북특별자치도 진안군 동향면 능금리 2198-2,"1687 Jinseong-ro, Donghyang-myeon, Jinan-gun, Jeonbuk-do",4572033023,,4572033023121980002000001,634302393,55446,https://www.jinan.go.kr/festival/,35,127,문화정보원,수박왕 선발대회+수박판매 등,20240604,20240604
KCKRSPO23N000001685,관광명소,관광명소_축제,무장읍성축제(취소),45,전라북도,45790,고창군,4579033022,성내리,458000000000,전북특별자치도 고창군 무장면 무장읍성길 45,전북특별자치도 고창군 무장면 성내리 156 무장읍성,"45 Mujangeupseong-gil, Mujang-myeon, Gochang-gun, Jeonbuk-do",4579033022,무장읍성,4579033022101500000013820,,56455,,35,126,문화정보원,"고유제(진무제), 현감부임 행사, 떡메치기 등",20240604,20240604
KCKRSPO23N000001686,관광명소,관광명소_축제,지리산 바래봉 철쭉제,45,전라북도,45190,남원시,4519025027,용산리,452000000000,전북특별자치도 남원시 운봉읍 바래봉길 214,전북특별자치도 남원시 운봉읍 용산리 446-3,"214 Baraebong-gil, Unbong-eup, Namwon-si, Jeonbuk-do",4519025027,,4519025027104460003369336,636203818,55717,,35,127,문화정보원,산신제+바래봉 철쭉+지역 농특산품 홍보 등,20240604,20240604
KCKRSPO23N000001687,관광명소,관광명소_축제,2022 진안홍삼축제,45,전라북도,45720,진안군,4572025023,단양리,457000000000,전북특별자치도 진안군 진안읍 마이산로 160,전북특별자치도 진안군 진안읍 단양리 778-3,"160 Maisan-ro, Jinan-eup, Jinan-gun, Jeonbuk-do",4572025023,,4572025023107840000000001,634302392,55438,https://www.jinan.go.kr/festival/,35,127,문화정보원,"홍삼, 수삼판매+홍삼관련체험+문화공연 등",20240604,20240604
KCKRSPO23N000001688,관광명소,관광명소_축제,진안홍삼축제,45,전라북도,45720,진안군,4572025023,단양리,457000000000,전북특별자치도 진안군 진안읍 마이산로 160,전북특별자치도 진안군 진안읍 단양리 778-3,"160 Maisan-ro, Jinan-eup, Jinan-gun, Jeonbuk-do",4572025023,,4572025023107840000000001,634302392,55438,https://www.jinan.go.kr/festival/,35,127,문화정보원,홍삼판매 및 문화공연,20240604,20240604
KCKRSPO23N000001689,관광명소,관광명소_축제,전주세계소리축제,45,전라북도,45113,전주시 덕진구,4511310500,덕진동1가,451000000000,전북특별자치도 전주시 덕진구 소리로 31 (덕진동1가),전북특별자치도 전주시 덕진구 덕진동1가 88-4 소리문화전당,"31 Sori-ro, Deokjin-gu, Jeonju-si, Jeonbuk-do",4511310500,소리문화전당,4511310500200010001015794,632328398,54901,https://www.sorifestival.com/,35,127,문화정보원,소리 공연,20240604,20240604
KCKRSPO23N000001690,관광명소,관광명소_축제,전주문화재야행,45,전라북도,45111,전주시 완산구,4511110900,풍남동2가,451000000000,전북특별자치도 전주시 완산구 은행로 3 (풍남동2가),전북특별자치도 전주시 완산구 풍남동2가 15-7 동부상회,"3 Eunhaeng-ro, Wansan-gu, Jeonju-si, Jeonbuk-do",4511110900,동부상회,4511110900100150007346300,632329938,55040,http://www.jeonjunight.com/,35,127,문화정보원,체험 및 공연,20240604,20240604
KCKRSPO23N000001691,관광명소,관광명소_축제,전주국제영화제,45,전라북도,45111,전주시 완산구,4511111700,고사동,451000000000,전북특별자치도 전주시 완산구 전주객사4길 74-12 (고사동),전북특별자치도 전주시 완산구 고사동 181 씨네Q 전주영화의거리,"74-12 Jeonjugaeksa 4-gil, Wansan-gu, Jeonju-si, Jeonbuk-do",4511111700,씨네Q 전주영화의거리,4511111700101810000030859,632885433,54999,https://www.jeonjufest.kr,35,127,문화정보원,우수한 국내외 영화를 소개하는 영화축제의 장,20240604,20240604
KCKRSPO23N000001692,관광명소,관광명소_축제,전주독서대전,45,전라북도,45111,전주시 완산구,4511111800,교동,451000000000,전북특별자치도 전주시 완산구 전주천동로 20 (교동),전북특별자치도 전주시 완산구 교동 7-1 전주한벽문화관,"20 Jeonjucheondong-ro, Wansan-gu, Jeonju-si, Jeonbuk-do",4511111800,전주한벽문화관,4511111800100070001016560,632301859,55045,http://jjbook.kr/,35,127,문화정보원,강연+공연+경연대회 등,20240604,20240604
KCKRSPO23N000001693,관광명소,관광명소_축제,전주한지문화축제,45,전라북도,45111,전주시 완산구,4511110700,경원동3가,451000000000,전북특별자치도 전주시 완산구 현무1길 20 (경원동3가),"전북특별자치도 전주시 완산구 경원동3가 14-2 한국전통문화전당, 한지산업지원센터","20 Hyeonmu 1-gil, Wansan-gu, Jeonju-si, Jeonbuk-do",4511110700,"한국전통문화전당, 한지산업지원센터",4511110700100140002019394,632712503,55000,https://jjhanji.or.kr,35,127,문화정보원,한지 축제,20240604,20240604
KCKRSPO23N000001694,관광명소,관광명소_축제,고창모양성제,45,전라북도,45790,고창군,4579025022,교촌리,458000000000,전북특별자치도 고창군 고창읍 중앙로 292,전북특별자치도 고창군 고창읍 교촌리 55-2 고창군실내체육관,"292 Jungang-ro, Gochang-eup, Gochang-gun, Jeonbuk-do",4579025022,고창군실내체육관,4579025022100550002003647,635602454,56428,http://www.gochang.go.kr/tour/index.gochang?menuCd=DOM_000000403004000000,35,126,문화정보원,"거리퍼레이드, 답성놀이, 강강술래 등",20240604,20240604
KCKRSPO23N000001695,관광명소,관광명소_축제,동학농민혁명 무장기포기념제,45,전라북도,45790,고창군,4579034023,구암리,458000000000,전북특별자치도 고창군 공음면 선운대로 308,전북특별자치도 고창군 공음면 구암리 589-2,"308 Seonun-daero, Gongeum-myeon, Gochang-gun, Jeonbuk-do",4579034023,,4579034023105890002001170,635602461,56459,http://www.gochang.go.kr/donghak/index.gochang?menuCd=DOM_000001104002001000&&cpath=2Ftour,35,126,문화정보원,"출정식, 진격로 걷기, 비기탈취 및 무혈입성재연, 기념식 등",20240604,20240604
KCKRSPO23N000001696,관광명소,관광명소_축제,김제지평선축제,45,전라북도,45210,김제시,4521036024,신용리,452000000000,전북특별자치도 김제시 부량면 벽골제로 442,전북특별자치도 김제시 부량면 신용리 242-1,"442 Byeokgolje-ro, Buryang-myeon, Gimje-si, Jeonbuk-do",4521036024,,4521036024102220001000001,635403031,54425,https://www.gimje.go.kr/festival/index.gimje,35,126,문화정보원,"벽골제 제사, 지평선 전국 농악 경연 대회, 농악경연 대회,벽골제 쌍룡 햇불 퍼레이드, 지평선 김제夜놀자, 쌍룡 서치&고고쇼, 벽골제 오색 별빛의 향연",20240604,20240604
KCKRSPO23N000001697,관광명소,관광명소_축제,지리산 뱀사골 단풍제,45,전라북도,45190,남원시,4519046027,부운리,452000000000,전북특별자치도 남원시 산내면 와운길 10,전북특별자치도 남원시 산내면 부운리 252 지리산국립공원,"10 Waun-gil, Sannae-myeon, Namwon-si, Jeonbuk-do",4519046027,지리산국립공원,4519046027100930004014689,636204705,55805,,35,127,문화정보원,개막식+천년송소원빌기+뱀사골와운단풍길트레킹+각종 체험 및 농특산품 판매장 운영 등,20240604,20240604
KCKRSPO23N000001698,관광명소,관광명소_축제,흥부제,45,전라북도,45190,남원시,4519012200,어현동,452000000000,전북특별자치도 남원시 양림길 12 (어현동),전북특별자치도 남원시 어현동 37-19 춘향테마파크,"12 Yangnim-gil, Namwon-si, Jeonbuk-do",4519012200,춘향테마파크,4519012200100370019070248,636205772,55795,,35,127,문화정보원,흥부마을터울림+다양한 공연 및 홍보 등,20240604,20240604
KCKRSPO23N000001699,관광명소,관광명소_축제,지리산 바래봉 눈꽃축제,45,전라북도,45190,남원시,4519025027,용산리,452000000000,전북특별자치도 남원시 운봉읍 바래봉길 214,전북특별자치도 남원시 운봉읍 용산리 446-3,"214 Baraebong-gil, Unbong-eup, Namwon-si, Jeonbuk-do",4519025027,,4519025027104460003369336,636203818,55717,,35,127,문화정보원,눈꽃 겨울 캠핑체험+농특산품 홍보 등,20240604,20240604
KCKRSPO23N000001700,관광명소,관광명소_축제,무주반딧불축제,45,전라북도,45730,무주군,4573025022,당산리,457000000000,전북특별자치도 무주군 무주읍 한풍루로 326-14,전북특별자치도 무주군 무주읍 당산리 1118 등나무운동장,"326-14 Hanpungnu-ro, Muju-eup, Muju-gun, Jeonbuk-do",4573025022,등나무운동장,4573025022111180000000001,633242440,55514,http://www.firefly.or.kr/index2.sgk,36,127,문화정보원,"반딜불이신비탐사,1박2일 생태체험,야간낙화 뗏목체험,반딧불 동요제,반디별 소풍 등",20240604,20240604
KCKRSPO23N000001701,관광명소,관광명소_축제,부안마실축제,45,전라북도,45800,부안군,4580025022,서외리,458000000000,전북특별자치도 부안군 부안읍 매창로 89,전북특별자치도 부안군 부안읍 서외리 566,"89 Maechang-ro, Buan-eup, Buan-gun, Jeonbuk-do",4580025022,,4580025022105710002023406,635804777,56312,https://www.buanmasil.com/,35,126,문화정보원,개막식+공연+전시+온라인 프로그램,20240604,20240604
KCKRSPO23N000001702,관광명소,관광명소_축제,순창장류축제,45,전라북도,45770,순창군,4577025025,백산리,458000000000,전북특별자치도 순창군 순창읍 민속마을길 6-3,전북특별자치도 순창군 순창읍 백산리 265-4,"6-3 Minsongmaeul-gil, Sunchang-eup, Sunchang-gun, Jeonbuk-do",4577025025,,4577025025002650004000326,636529301,56048,http://www.jangfestival.co.kr,35,127,문화정보원,문화공연+장류체험+전시+판매+주민참여 프로그램 등,20240604,20240604
KCKRSPO23N000001703,관광명소,관광명소_축제,순창장류축제,45,전라북도,45770,순창군,4577025025,백산리,458000000000,전북특별자치도 순창군 순창읍 민속마을길 6-3,전북특별자치도 순창군 순창읍 백산리 265-4,"6-3 Minsongmaeul-gil, Sunchang-eup, Sunchang-gun, Jeonbuk-do",4577025025,,4577025025002650004000326,636529301,56048,http://www.jangfestival.co.kr,35,127,문화정보원,문화공연+장류체험+전시+판매+주민참여 프로그램 등,20240604,20240604
KCKRSPO23N000001704,관광명소,관광명소_축제,천만송이 국화축제,45,전라북도,45140,익산시,4514012300,어양동,451000000000,전북특별자치도 익산시 하나로 322 (어양동),전북특별자치도 익산시 어양동 52 중앙체육공원,"322 Hana-ro, Iksan-si, Jeonbuk-do",4514012300,중앙체육공원,4514012300100520000063673,638594977,54567,https://www.iksan.go.kr/gukhwa/index.iksan,35,126,문화정보원,국화축제,20240604,20240604
KCKRSPO23N000001705,관광명소,관광명소_축제,필봉마을굿축제,45,전라북도,45750,임실군,4575039028,필봉리,458000000000,전북특별자치도 임실군 강진면 강운로 272,전북특별자치도 임실군 강진면 필봉리 88-1 필봉문화촌,"272 Gangun-ro, Gangjin-myeon, Imsil-gun, Jeonbuk-do",4575039028,필봉문화촌,4575039028100880001103113,636431902,55937,www.pilbong.co.kr,35,127,문화정보원,국가무형문화재 초청공연+전국농악경연대회+전통연희+학술세미나,20240604,20240604
KCKRSPO23N000001706,관광명소,관광명소_축제,임실N치즈축제,45,전라북도,45750,임실군,4575034021,도인리,458000000000,전북특별자치도 임실군 성수면 도인2길 50,전북특별자치도 임실군 성수면 도인리 689 임실치즈테마파크,"50 Doin 2-gil, Seongsu-myeon, Imsil-gun, Jeonbuk-do",4575034021,임실치즈테마파크,4575034021200030003000001,636433900,55918,www.imsilfestival.com,35,127,문화정보원,국가대표 왕치즈피자 만들기+우유드림 행복드림 퍼레이드+임실N치즈페어+치즈경매,20240604,20240604
KCKRSPO23N000001707,관광명소,관광명소_축제,산타축제,45,전라북도,45750,임실군,4575034021,도인리,458000000000,전북특별자치도 임실군 성수면 도인2길 50,전북특별자치도 임실군 성수면 도인리 689 임실치즈테마파크,"50 Doin 2-gil, Seongsu-myeon, Imsil-gun, Jeonbuk-do",4575034021,임실치즈테마파크,4575034021200030003000001,636432300,55918,www.cheesepark.kr,35,127,문화정보원,산타플래시몹 퍼레이드+산타를 찾아라+산타경연대회,20240604,20240604
KCKRSPO23N000001708,관광명소,관광명소_축제,임실N치즈축제,45,전라북도,45750,임실군,4575034021,도인리,458000000000,전북특별자치도 임실군 성수면 도인2길 50,전북특별자치도 임실군 성수면 도인리 689 임실치즈테마파크,"50 Doin 2-gil, Seongsu-myeon, Imsil-gun, Jeonbuk-do",4575034021,임실치즈테마파크,4575034021200030003000001,636433900,55918,www.imsilfestival.com,35,127,문화정보원,국가대표 왕치즈피자 만들기+우유드림 행복드림 퍼레이드+임실N치즈페어+치즈경매,20240604,20240604
KCKRSPO23N000001709,관광명소,관광명소_축제,의견문화제,45,전라북도,45750,임실군,4575035521,오수리,458000000000,전북특별자치도 임실군 오수면 충효로 2096-16,전북특별자치도 임실군 오수면 오수리 33 임실군문화체육센터,"2096-16 Chunghyo-ro, Osu-myeon, Imsil-gun, Jeonbuk-do",4575035521,임실군문화체육센터,4575035521100320002130061,636425292,55953,,35,127,문화정보원,반려동물 패션쇼+반려동물 토크쇼+반려동물 참여 및 체험프로그램+반려동물 산업박람회,20240604,20240604
KCKRSPO23N000001710,관광명소,관광명소_축제,장수 한우랑 사과랑 축제,45,전라북도,45740,장수군,4574025027,두산리,457000000000,전북특별자치도 장수군 장수읍 한누리로 393,전북특별자치도 장수군 장수읍 두산리 474 장수한누리전당,"393 Hannuri-ro, Jangsu-eup, Jangsu-gun, Jeonbuk-do",4574025027,장수한누리전당,4574025027104640001010492,633502356,55638,http://www.jangsufestival.com,35,127,문화정보원,대표프로그램 등 7개분야 70여개 프로그램,20240604,20240604
KCKRSPO23N000001711,관광명소,관광명소_축제,2022 군산시간여행축제,45,전북,45130,군산시,4513011800,중앙로1가,451000000000,전라북도 군산시 중앙로 178,전북특별자치도 군산시 중앙로1가 11-1,,4513053000,,,634543302,54021,http://festival.gunsan.go.kr/,35,126,문화정보원,근대를 축으로 한 시간여행축제,20240604,20240604
KCKRSPO23N000001712,관광명소,관광명소_축제,봉화산 철쭉제,45,전북,45190,남원시,4519045027,아영면 성리,,전라북도 남원시 아영면 성리 산56-6,전북특별자치도 남원시 아영면 성리 산56-6,,4519045000,,,636204084,,,35,127,문화정보원,봉화산 철쭉 테마공연 등,20240604,20240604
KCKRSPO23N000001713,관광명소,관광명소_축제,완주와일드앤로컬푸드축제,45,전북,45710,완주군,4571036000,고산면,457000000000,전라북도 완주군 고산면 고산자연휴양림로 246,전북특별자치도 완주군 고산면 246,,4571036000,,,632902622,,http://www.wanjufestival.kr/,,,문화정보원,"○ 자연친화&아웃도어 체험프로그램 - 수상한놀이터, 짚라인, 메뚜기잡기, 리틀와푸족,    와일드맨을찾아라, 로컬푸드 캠핑요리 경연대회등○ 건강한 먹거리 - 구이구이 로컬푸드(화덕체험), 로컬푸드 간식 맛보기,     완주로컬푸드쇼 등",20240604,20240604
KCKRSPO23N000001714,관광명소,관광명소_축제,전주대사습놀이,45,전북,45113,전주시 덕진구,4511310600,덕진동2가,451000000000,전라북도 전주시 덕진구 권삼득로 400,전북특별자치도 전주시 덕진구 덕진동2가 184-1,,4511357000,,,632526792,54895,http://www.jjdss.or.kr,35,127,문화정보원,국악경연+전야제,20240604,20240604
KCKRSPO23N000001715,관광명소,관광명소_축제,제18회 진안고원 운장산 고로쇠축제,45,전북,45720,진안군,4572040022,주천면 대불리,,전라북도 진안군 주천면 대불리 75-1,전북특별자치도 진안군 주천면 대불리 75-1,,4572040000,,,634302393,,https://www.jinan.go.kr/festival/,35,127,문화정보원,고로쇠 판매 및 체험 등,20240604,20240604
KCKRSPO23N000001716,관광명소,관광명소_축제,2022 진안고원 꽃잔디축제,45,전북,45720,진안군,4572025032,진안읍 연장리,,전라북도 진안군 진안읍 연장리 산 23-1,전북특별자치도 진안군 진안읍 연장리 산23-1,,4572025000,,,634302393,,https://www.jinan.go.kr/festival/,35,127,문화정보원,꽃잔디 판매 외(코로나19 확산방지를 위한 축제 취소),20240604,20240604
KCKRSPO23N000001717,관광명소,관광명소_축제,군산시간여행축제,45,전북,45130,군산시,4513011800,중앙로1가,451000000000,전라북도 군산시 중앙로 178,전북특별자치도 군산시 중앙로1가 11-1,,4513053000,,,634543302,54021,http://festival.gunsan.go.kr/,35,126,문화정보원,근대문화축제,20240604,20240604
KCKRSPO23N000001718,관광명소,관광명소_축제,제주 해변에서 해양쓰레기의 심각성을 알리다· FILTER-,50,제주특별자치도,50110,제주시,5011012500,이호일동,501000000000,제주특별자치도 제주시 도리로 15-20,제주특별자치도 제주시 이호일동 1665-6,,5011068000,,,647406000,63111,,33,126,문화정보원,해양쓰레기 팝업 전시 및 스토어,20240604,20240604
KCKRSPO23N000001719,관광명소,관광명소_축제,제26회 한라산 청정 고사리 축제,50,제주특별자치도,50130,서귀포시,5013025321,남원리,501000000000,제주특별자치도 서귀포시 남원읍 태위로 695,제주특별자치도 서귀포시 남원읍 남원리 205-1 남원읍사무소,"695 Taewi-ro, Namwon-eup, Seogwipo-si, Jeju-do",5013025321,남원읍사무소,5013025321102050001000001,647604181,63621,http://www.jejugosari.net/,33,126,문화정보원,"세계 7대 자연경관, 유네스코 지정 세계자연유산 3관왕에 빛나는 대한민국 관광 일번지 제주를 걷고 보고 만지고 느끼는 축제입니다. 서귀포시 공식 유튜브 채널을 통해 온라인으로 만날 수 있습니다.",20240604,20240604
KCKRSPO23N000001720,관광명소,관광명소_축제,제22회 최남단 방어축제,50,제주특별자치도,50130,서귀포시,5013025022,하모리,501000000000,제주특별자치도 서귀포시 대정읍 최남단해안로 66,제주특별자치도 서귀포시 대정읍 하모리 770-28 서귀포해양경비안전서 모슬포출장소,"66 Choenamdanhaean-ro, Daejeong-eup, Seogwipo-si, Jeju-do",5013025022,서귀포해양경비안전서 모슬포출장소,5013025022107700028000013,647948032,63513,http://bangeofestival.com/introduction,33,126,문화정보원,청정 바다의 흥과멋과 맛의 향연,20240604,20240604
KCKRSPO23N000001721,관광명소,관광명소_축제,제7회 돈내코계곡 원앙축제,50,제주특별자치도,50130,서귀포시,5013010700,상효동,501000000000,제주특별자치도 서귀포시 돈내코로 114 (상효동),제주특별자치도 서귀포시 상효동 1459 돈내코관리사무소,"114 Donnaeko-ro, Seogwipo-si, Jeju-do",5013010700,돈내코관리사무소,5013010700114590000016221,647604651,63582,https://seogwipo.go.kr/festivals/donnaeko/index.htm,33,126,문화정보원,탐방 프로그램+축하공연 등,20240604,20240604
KCKRSPO23N000001722,관광명소,관광명소_축제,한라산 철쭉 등산대회 & 한라산 철쭉제,50,제주특별자치도,50130,서귀포시,5013010700,상효동,501000000000,제주특별자치도 서귀포시 돈내코로 137 (상효동),제주특별자치도 서귀포시 상효동 1463,"137 Donnaeko-ro, Seogwipo-si, Jeju-do",5013010700,,5013010700114630000010966,647590848,63582,https://jeju.kaf.or.kr/,33,126,문화정보원,제16회 전국 한라산 철쭉 등산대회,20240604,20240604
KCKRSPO23N000001723,관광명소,관광명소_축제,상효원수목원 봄꽃축제,50,제주특별자치도,50130,서귀포시,5013010700,상효동,501000000000,제주특별자치도 서귀포시 산록남로 2847-37 (상효동),제주특별자치도 서귀포시 상효동 산25,"2847-37 Sallongnam-ro, Seogwipo-si, Jeju-do",5013010700,,5013010700200250000009247,647332200,63577,http://www.sanghyowon.com/,33,126,문화정보원,제주를 찾는 여행객에게 아름다운 봄꽃과 제주의 자연을 선보인다.,20240604,20240604
KCKRSPO23N000001724,관광명소,관광명소_축제,제12회 혼인지축제,50,제주특별자치도,50130,서귀포시,5013025926,온평리,501000000000,제주특별자치도 서귀포시 성산읍 온평애향로23번길 6,제주특별자치도 서귀포시 성산읍 온평리 840-1 온평리사무소,"6 Onpyeongaehyang-ro 23beon-gil, Seongsan-eup, Seogwipo-si, Jeju-do",5013025926,온평리사무소,5013025926108400001000001,647604282,63633,https://seogwipo.go.kr/festivals/marriage/info/intro.htm,33,126,문화정보원,길트기+삼공주 추원제+민속경기+향토음식경연 등,20240604,20240604
KCKRSPO23N000001725,관광명소,관광명소_축제,제18회 쇠소깍축제,50,제주특별자치도,50130,서귀포시,5013010800,하효동,501000000000,제주특별자치도 서귀포시 쇠소깍로 151-7 (하효동),제주특별자치도 서귀포시 하효동 999-3,"151-7 Soesokkak-ro, Seogwipo-si, Jeju-do",5013010800,,5013010800109990003027543,647604623,63600,https://seogwipo.go.kr/festivals/blacksand/index.htm,33,126,문화정보원,쇠소깍 어린이 사생대회+보물찾기 등,20240604,20240604
KCKRSPO23N000001726,관광명소,관광명소_축제,제20회 예래생태체험축제,50,제주특별자치도,50130,서귀포시,5013012100,하예동,501000000000,제주특별자치도 서귀포시 예래해안로 256 (하예동),제주특별자치도 서귀포시 하예동 532-3 해녀탈의실,"256 Yeraehaean-ro, Seogwipo-si, Jeju-do",5013012100,해녀탈의실,5013012100105320003000001,647604845,63538,https://seogwipo.go.kr/festivals/yerae/info/intro.htm,33,126,문화정보원,생태마을탐방+맨손으로 넙치잡기+노래자랑 등,20240604,20240604
KCKRSPO23N000001727,관광명소,관광명소_축제,제11회 서귀포 봄맞이축제,50,제주특별자치도,50130,서귀포시,5013010100,서귀동,501000000000,제주특별자치도 서귀포시 이중섭로 27-3 (서귀동),제주특별자치도 서귀포시 서귀동 532-1 이중섭전시관,"27-3 Ijungseop-ro, Seogwipo-si, Jeju-do",5013010100,이중섭전시관,5013010100105320001040166,647332345,63595,http://nojiculture.kr,33,126,문화정보원,원도심 노지문화 마을산책+진달래꽃 화전놀이 체험 등,20240604,20240604
KCKRSPO23N000001728,관광명소,관광명소_축제,2022 하영올레 걷기 축제,50,제주특별자치도,50130,서귀포시,5013010600,서홍동,501000000000,제주특별자치도 서귀포시 중앙로 105 (서홍동),제주특별자치도 서귀포시 서홍동 440-1 서귀포시청,"105 Jungang-ro, Seogwipo-si, Jeju-do",5013010600,서귀포시청,5013010600104400001001705,647602655,63584,,33,126,문화정보원,일자별 코스 걷기+길 위의 이벤트 등,20240604,20240604
KCKRSPO23N000001729,관광명소,관광명소_축제,2022 중문 칠선녀축제,50,제주특별자치도,50130,서귀포시,5013011200,중문동,501000000000,제주특별자치도 서귀포시 천제연로 132 중문관광단지,제주특별자치도 서귀포시 중문동 2232,,5013061000,,,647604824,63546,https://seogwipo.go.kr/festivals/sevenbeauty/info/intro.htm,33,126,문화정보원,지역특화 콘텐츠 홍보+사진전,20240604,20240604
KCKRSPO23N000001730,관광명소,관광명소_축제,제28회 서귀포칠십리축제,50,제주특별자치도,50130,서귀포시,5013010100,서귀동,501000000000,제주특별자치도 서귀포시 칠십리로 120-12 (서귀동),제주특별자치도 서귀포시 서귀동 6,"120-12 Chilsimni-ro, Seogwipo-si, Jeju-do",5013010100,,5013010100100060000002919,647603942,63596,https://seogwipo.go.kr/festivals/70ni/index.htm,33,126,문화정보원,칠십리 퍼레이드+문화예술 한마당 등,20240604,20240604
KCKRSPO23N000001731,관광명소,관광명소_축제,제3회 서귀포 은갈치축제,50,제주특별자치도,50130,서귀포시,5013010100,서귀동,501000000000,제주특별자치도 서귀포시 칠십리로72번길 18 (서귀동),제주특별자치도 서귀포시 서귀동 758-1,"18 Chilsimni-ro 72beon-gil, Seogwipo-si, Jeju-do",5013010100,,5013010100107580001002679,647333501,63596,http://xn--w39ap6a120byyfq5af5t8kbl1x.kr/index.php,33,126,문화정보원,선상낚시체험+수산물 요리 교실+새벽 경매장 체험,20240604,20240604
KCKRSPO23N000001732,관광명소,관광명소_축제,제28회 제주 성읍마을 전통민속재현축제,50,제주특별자치도,50130,서귀포시,5013032023,성읍리,501000000000,제주특별자치도 서귀포시 표선면 성읍정의현로 30,제주특별자치도 서귀포시 표선면 성읍리 855-1,"30 Seongeupjeonguihyeon-ro, Pyoseon-myeon, Seogwipo-si, Jeju-do",5013032023,,5013032023108550001000002,647604417,63624,https://seogwipo.go.kr/festivals/seongeup/info/intro.htm,33,126,문화정보원,초가집줄놓기+전통혼례식 등,20240604,20240604
KCKRSPO23N000001733,관광명소,관광명소_축제,2021 제12회 제주프랑스영화제,50,제주특별자치도,50110,제주시,5011010400,이도이동,501000000000,제주특별자치도 제주시 서광로 288 (이도이동),제주특별자치도 제주시 이도이동 1776-3 메카플러스,"288 Seogwang-ro, Jeju-si, Jeju-do",5011010400,메카플러스,5011010400117760003066593,7045485367,63207,www.jejufff.org,33,126,문화정보원,매해 다양한 장르의 고품격 프랑스영화 장편· 단편 작품을 제주에 소개하고 있는 제주프랑스영화제,20240604,20240604
KCKRSPO23N000001734,관광명소,관광명소_축제,2022 제주 요가 페스티벌,50,제주특별자치도,50110,제주시,5011012900,도남동,501000000000,제주특별자치도 제주시 연삼로 286 (도남동),제주특별자치도 제주시 도남동 582,"286 Yeonsam-ro, Jeju-si, Jeju-do",5011012900,,5011012900105820000000001,,63219,,33,126,문화정보원,2022년 8월 유엔 세계요가의 날을 기념하여 전쟁으로 고통받고 있는 우크라이나를 돕기 위한 요그프로젝트를 평화의 섬 제주에서 개최합니다.,20240604,20240604
KCKRSPO23N000001735,관광명소,관광명소_축제,제주일노래 상설공연,50,제주특별자치도,50110,제주시,5011010600,삼도이동,501000000000,제주특별자치도 제주시 중앙로12길 29 (삼도이동),제주특별자치도 제주시 삼도이동 970-2,"29 Jungang-ro 12-gil, Jeju-si, Jeju-do",5011010600,,5011010600109700002026831,7045485367,63168,http://www.jejusong.or.kr/,33,126,문화정보원,제주일노래 상설공연 및 전시,20240604,20240604
KCKRSPO23N000001736,관광명소,관광명소_축제,원도심 5월 소풍,50,제주특별자치도,50110,제주시,5011010100,일도일동,501000000000,제주특별자치도 제주시 칠성로길 1 (일도일동),제주특별자치도 제주시 일도일동 1412-1,"1 Chilseongno-gil, Jeju-si, Jeju-do",5011010100,,5011010100114120001037620,647270617,63166,http://jejuregen.org/,33,126,문화정보원,우리동네. 원도심 원도심 소풍 행사,20240604,20240604
KCKRSPO23N000001737,관광명소,관광명소_축제,2021 광해 원도심을 만나다,50,제주특별자치도,50110,제주시,5011010100,일도일동,501000000000,제주특별자치도 제주시 칠성로길 1 (일도일동),제주특별자치도 제주시 일도일동 1412-1,"1 Chilseongno-gil, Jeju-si, Jeju-do",5011010100,,5011010100114120001037620,647270617,63166,http://www.jejuregen.org/forum/notice/2500,33,126,문화정보원,7~9월 간 광해군의 주요 기념일과 연계하여 걷기투어 인문학강좌 역사퀴즈쇼 외에 8가지 프로그램으로 다채롭게 체험할 수 있는 테마축제,20240604,20240604
KCKRSPO23N000001738,관광명소,관광명소_축제,2022 세계지질공원 수월봉 트레일,50,제주특별자치도,50110,제주시,5011031023,고산리,501000000000,제주특별자치도 제주시 한경면 노을해안로 1145,제주특별자치도 제주시 한경면 고산리 3615-9 제주해양경찰서 고산출장소,"1145 Noeulhaean-ro, Hangyeong-myeon, Jeju-si, Jeju-do",5011031023,제주해양경찰서 고산출장소,5011031023136150009000001,647502291,63008,https://www.instagram.com/trailgaza,33,126,문화정보원,수월봉엉알길 코스 해설사 동행 탐방 프로그램. 지오 액티비티 차귀도유람선 탐방 트레일 이벤트 등,20240604,20240604
KCKRSPO23N000001739,관광명소,관광명소_축제,제30회 성산일출축제,50,제주특별자치도,50130,서귀포시,5013025921,성산리,501000000000,제주특별자치도 서귀포시 성산읍 일출로 284-12,제주특별자치도 서귀포시 성산읍 성산리 114,"284-12 Ilchul-ro, Seongsan-eup, Seogwipo-si, Jeju-do",5013025921,,5013025921100850000000001,647604281,63643,https://www.sunrisefestival.kr/welcome,33,126,문화정보원,코로나19 종식 기원 제주 큰굿+성산 10경+열린 음악회 등,20240604,20240604
KCKRSPO23N000001740,관광명소,관광명소_축제,제29회 덕수리 전통민속 재현행사,50,제주특별자치도,50130,서귀포시,5013031026,덕수리,501000000000,제주특별자치도 서귀포시 안덕면 일주서로 1836,제주특별자치도 서귀포시 안덕면 덕수리 산27,"1836 Iljuseo-ro, Andeok-myeon, Seogwipo-si, Jeju-do",5013031026,,5013031026200270000000001,647604313,63527,https://seogwipo.go.kr/festivals/deoksuri/info/intro.htm,33,126,문화정보원,전통민속 재현,20240604,20240604
KCKRSPO23N000001741,관광명소,관광명소_축제,사려니숲 에코힐링 체험,50,제주특별자치도,50130,서귀포시,5013032024,가시리,501000000000,제주특별자치도 서귀포시 표선면 남조로 1487-73,제주특별자치도 서귀포시 표선면 가시리 산158 붉은오름 자연휴양림 숲속의 집,"1487-73 Namjo-ro, Pyoseon-myeon, Seogwipo-si, Jeju-do",5013032024,붉은오름 자연휴양림 숲속의 집,5013032024201580000000001,647502291,63622,https://www.facebook.com/saryeoni/,33,126,문화정보원,개막식 공연/ 인증샷 이벤트 기념품증정/ 숲속힐링명상프로그램 1일 2회,20240604,20240604
KCKRSPO23N000001742,관광명소,관광명소_축제,제26회 제주국제관광마라톤축제,50,제주특별자치도,50110,제주시,5011025634,김녕리,501000000000,제주특별자치도 제주시 구좌읍 김녕로 209,제주특별자치도 제주시 구좌읍 김녕리 497-1,"209 Gimnyeong-ro, Gujwa-eup, Jeju-si, Jeju-do",5011025634,,5011025634004570001051541,647418772,63357,https://jejumarathon.com/,33,126,문화정보원,해안도로를 따라 HALF / 10km / 5km 걷기 코스 운영,20240604,20240604
KCKRSPO23N000001743,관광명소,관광명소_축제,휴애리 봄 수국축제,50,제주특별자치도,50130,서귀포시,5013025329,신례리,501000000000,제주특별자치도 서귀포시 남원읍 신례동로 256,제주특별자치도 서귀포시 남원읍 신례리 2081 휴애리,"256 Sillyedong-ro, Namwon-eup, Seogwipo-si, Jeju-do",5013025329,휴애리,5013025329120150004000001,647322114,63608,http://hueree.com,33,126,문화정보원,정성스럽게 키운 다양한 수국을 온실. 수국정원. 등 공원 곳곳에서 감상할 수 있어 제주도민과 상춘객에게 인기가 좋은 제주 대표 봄 축제,20240604,20240604
KCKRSPO23N000001744,관광명소,관광명소_축제,휴애리 여름수국 축제,50,제주특별자치도,50130,서귀포시,5013025329,신례리,501000000000,제주특별자치도 서귀포시 남원읍 신례동로 256,제주특별자치도 서귀포시 남원읍 신례리 2081 휴애리,"256 Sillyedong-ro, Namwon-eup, Seogwipo-si, Jeju-do",5013025329,휴애리,5013025329120150004000001,647322114,63608,http://hueree.com,33,126,문화정보원,휴애리 여름 수국축제는 정성스럽게 키운 다양한 수국을 온실. 수국정원. 수국오름 등 공원 곳곳에서 감상할 수 있어 제주도민과 관광객에게 인기가 좋은 제주 대표 축제다.,20240604,20240604
KCKRSPO23N000001745,관광명소,관광명소_축제,마노르블랑 수국축제,50,제주특별자치도,50130,서귀포시,5013031026,덕수리,501000000000,제주특별자치도 서귀포시 안덕면 일주서로2100번길 46,제주특별자치도 서귀포시 안덕면 덕수리 2952,"46 Iljuseo-ro 2100beon-gil, Andeok-myeon, Seogwipo-si, Jeju-do",5013031026,,5013031026129520000000001,647940999,63527,https://manorblanc.modoo.at/,33,126,문화정보원,수국축제의 향연. 전세계 30여종 7천여본 수국들을 만나다,20240604,20240604
KCKRSPO23N000001746,관광명소,관광명소_축제,제24회 서귀포유채꽃국제걷기대회,50,제주특별자치도,50130,서귀포시,5013010200,법환동,501000000000,제주특별자치도 서귀포시 월드컵로 33 (법환동),제주특별자치도 서귀포시 법환동 914 제주월드컵경기장,"33 World cup-ro, Seogwipo-si, Jeju-do",5013010200,제주월드컵경기장,5013010200109140000039678,647603320,63572,https://cafe.daum.net/seogwipo-walking,33,126,문화정보원,코로나19로 지친 몸과 마음을 달랠 수 있는 유채꽃 걷기 대회,20240604,20240604
KCKRSPO23N000001747,관광명소,관광명소_축제,2022 제주유채꽃축제,50,제주특별자치도,50130,서귀포시,5013032024,가시리,501000000000,제주특별자치도 서귀포시 표선면 녹산로 381-15,제주특별자치도 서귀포시 표선면 가시리 3149-33 가시리조랑말체험공원,"381-15 Noksan-ro, Pyoseon-myeon, Seogwipo-si, Jeju-do",5013032024,가시리조랑말체험공원,5013032024131490033000001,647603946,63622,http://www.jejuflowerfestival.com/,33,126,문화정보원,가시리 명소탐방+유채꽃 버스킹,20240604,20240604
KCKRSPO23N000001748,관광명소,관광명소_축제,탐라국입춘굿,50,제주특별자치도,50110,제주시,5011010600,삼도이동,501000000000,제주특별자치도 제주시 관덕로 25 (삼도이동),제주특별자치도 제주시 삼도이동 1045-1 제주목관아,"25 Gwandeok-ro, Jeju-si, Jeju-do",5011010600,제주목관아,5011010600100430003057515,647580332,63166,https://www.jejusi.go.kr/field/culture/festival/list.do?mode=detail&festival_id=711,33,126,문화정보원,"세경놀이(제주의 대표적인 굿놀이, 농경의례(農耕儀禮)), 입춘맞이굿, 입춘탈굿놀이",20240604,20240604
KCKRSPO23N000001749,관광명소,관광명소_축제,9.81파크; X리그 2021 정규시즌,50,제주특별자치도,50110,제주시,5011025336,어음리,501000000000,제주특별자치도 제주시 애월읍 천덕로 880-24,제주특별자치도 제주시 애월읍 어음리 3916 애월스마트테마파크,"880-24 Cheondeok-ro, Aewol-eup, Jeju-si, Jeju-do",5011025336,애월스마트테마파크,5011025336201310000000001,6418999810,63038,https://www.981park.com/,33,126,문화정보원,무동력레이싱 및 GROC 2021,20240604,20240604
KCKRSPO23N000001750,관광명소,관광명소_축제,제1회 성산조개바당축제,50,제주특별자치도,50130,서귀포시,5013025924,성산읍 고성리,,제주특별자치도 서귀포시 성산읍 고성리 263,제주특별자치도 서귀포시 성산읍 고성리 263,,5013025900,,,647602682,,https://www.instagram.com/seongsan_ssf,33,126,문화정보원,조개잡기 체험+수상레저 체험,20240604,20240604
KCKRSPO23N000001751,관광명소,관광명소_축제,제27회 표선해변 하얀모래축제,50,제주특별자치도,50130,서귀포시,5013032021,표선면 표선리,,제주특별자치도 서귀포시 표선면 표선리 464-3,제주특별자치도 서귀포시 표선면 표선리 464-3,,5013032000,,,647604438,,https://seogwipo.go.kr/festivals/pyoseon/index.htm,33,126,문화정보원,축하공연+노래자랑+광어맨손잡기 등,20240604,20240604
KCKRSPO23N000001752,관광명소,관광명소_축제,제23회 서귀포 겨울바다 국제펭귄수영대회,50,제주특별자치도,50130,서귀포시,5013011900,색달동,,제주특별자치도 서귀포시 색달동 3304-1,제주특별자치도 서귀포시 색달동 3304-1,,5013062000,,,647397201,,https://seogwipo.go.kr/festivals/penguinswimming/info/intro.htm,33,126,문화정보원,2023 새로운 출발 새로운 다짐,20240604,20240604
KCKRSPO23N000001753,관광명소,관광명소_축제,산지에 색을 입히다· 컬러풀산지,50,제주특별자치도,50110,제주시,5011010100,일도일동,,제주특별자치도 제주시 동문로2길 8 (일도일동),제주특별자치도 제주시 일도일동 1480-2,"8 Dongmun-ro 2-gil, Jeju-si, Jeju-do",,,5011010100114800002064396,647406000,,,33,126,문화정보원,제주관광공사는 9월3일(금)부터 11월 27일(토)까지 3개월간 탐라문화광장 일대에서 코로나19 장기화로 침체된 탐라문화광장 일대를 환하게 밝혀 활력을 불어넣기 위해 비대면 경관조성 사업인 「산지에 색을 입히다· 컬러풀산지(컬러풀산지)」를 개최한다.,20240604,20240604
KCKRSPO23N000001754,관광명소,관광명소_축제,하트온(HEART ON)· 신산에 불을 켜다,50,제주특별자치도,50110,제주시,5011010200,일도이동,,제주특별자치도 제주시 일도이동 830,제주특별자치도 제주시 일도이동 830,,5011052000,,,647406000,,,33,126,문화정보원,새로운 야간문화관광 콘텐츠로 제주시 도심 속 휴식공간인 신산공원에서 가을밤 아름다운 불이 켜진다.,20240604,20240604
KCKRSPO23N000001755,관광명소,관광명소_축제,문화 향유의 공간· 탐나는 원도심,50,제주특별자치도,50110,제주시,5011010100,일도일동,,제주특별자치도 제주시 동문로2길 8 (일도일동),제주특별자치도 제주시 일도일동 1480-2,"8 Dongmun-ro 2-gil, Jeju-si, Jeju-do",,,5011010100114800002064396,647406000,,,33,126,문화정보원,매 주말마다 문화행사 개최,20240604,20240604
KCKRSPO23N000001756,관광명소,관광명소_축제,제주들불축제,50,제주특별자치도,50110,제주시,5011025339,애월읍 봉성리,,제주특별자치도 제주시 애월읍 봉성리 4554-12,제주특별자치도 제주시 애월읍 봉성리 4554-12,,5011025300,,,647282751,63040,https://www.jejusi.go.kr/buriburi/main.do,33,126,문화정보원,"소망을품다(삼성혈), 소망,피어올라(제주도 일원 및 새별오름), 소망의오름(새별오름)",20240604,20240604
KCKRSPO23N000001757,관광명소,관광명소_축제,탐라문화제,50,제주특별자치도,50110,제주시,5011010100,일도일동,,제주특별자치도 제주시 일도일동 1146-22,제주특별자치도 제주시 일도일동 1146-22,,5011051000,,,647533287,63165,http://www.tamnafestival.kr/,33,126,문화정보원,제주 전통문화 예술 공연,20240604,20240604
KCKRSPO23N000001758,관광명소,관광명소_축제,탐라문화제,50,제주특별자치도,50110,제주시,5011010100,일도일동,,제주특별자치도 제주시 일도1동 1146-22,제주특별자치도 제주시 일도일동 1146-22,,5011051000,,,647533287,63165,http://www.tamnafestival.kr/,33,126,문화정보원,제주 전통문화 예술 공연,20240604,20240604
KCKRSPO23N000001759,관광명소,관광명소_축제,제주국제관악제,50,제주특별자치도,50110,제주시,5011010200,일도이동,501000000000,제주특별자치도 제주시 동광로 69 (일도이동),제주특별자치도 제주시 일도이동 852 제주도문예회관,"69 Donggwang-ro, Jeju-si, Jeju-do",5011010200,제주도문예회관,5011010200108520000024632,647228704,63270,http://jiwef.org/default/index.php,33,126,문화정보원,매해 시원한 관악(管樂)으로 제주의 여름을 식히는 제주국제관악제 제주국제관악콩쿠르가 제주도 일원에서 열린다.,20240604,20240604
KCKRSPO23N000001760,관광명소,관광명소_축제,제5회 겨울공주 군밤축제,44,충남,44150,공주시,4415011000,금학동,,충청남도 공주시 금학동 111-1,충청남도 공주시 금학동 111-1,,4415055000,,,418402056,,,36,127,문화정보원,알밤 토크콘서트+공주알밤 디저트 UCC공모전+휴게소 홍보 등,20240604,20240604
KCKRSPO23N000001761,관광명소,관광명소_축제,광천토굴새우젓광천김대축제,44,충남,44800,홍성군,4480025322,광천읍 광천리,448000000000,충청남도 홍성군 광천읍 광천로315번길 19 광천전통시장 일원,충청남도 홍성군 광천읍 광천리 195-18,,4480025300,,,416309253,32295,https://www.hongseong.go.kr/prog/tursmCn/tour/sub03_02/view.do?cntNo=42,36,126,문화정보원,비대면 온라인 판매 행사 등,20240604,20240604
KCKRSPO23N000001762,관광명소,관광명소_축제,은행나무길 축제,44,충남,44200,아산시,4420025033,염치읍 백암리,,강원특별자치도 삼척시 새천년도로 219 (정하동),강원특별자치도 삼척시 정하동 5-4 펠리스호텔,"219 Saecheonnyeondo-ro, Samcheok-si, Gangwon-do",4420025000,펠리스호텔,4223012600100050004000001,415402550,,http://culture.asan.go.kr/_ginko/,36,127,문화정보원,"공연, 프리마켓, 거리공연",20240604,20240604
KCKRSPO23N000001763,관광명소,관광명소_축제,부여서동연꽃축제,44,충남,44760,부여군,4476025028,부여읍 동남리,,제주특별자치도 제주시 한경면 저지12길 53,제주특별자치도 제주시 한경면 저지리 2114-37,"53 Jeoji 12-gil, Hangyeong-myeon, Jeju-si, Jeju-do",4476025000,,5011031030121140037000001,418302209,33165,http://lotusfestival.kr/,36,126,문화정보원,경관조성+공연·경연·체험 등,20240604,20240604
KCKRSPO23N000001764,관광명소,관광명소_축제,(코로나로 일정 미정)해미벚꽃축제,44,충남,44210,서산시,4421039021,해미면 읍내리,,경상남도 진주시 남강로1번길 96-6 (판문동),경상남도 진주시 판문동 산171-1,"96-6 Namgang-ro 1beon-gil, Jinju-si, Gyeongsangnam-do",4421039000,,4817012900201710001200347,416603844,,https://www.seosan.go.kr/tour/index.do,36,126,문화정보원,벚꽃축제 및 공연,20240604,20240604
KCKRSPO23N000001765,관광명소,관광명소_축제,(코로나로 일정 미정)서산어리굴젓축제,44,충남,44210,서산시,4421032034,부석면 간월도리,,전라남도 완도군 완도읍 청해진서로 1161-8,전라남도 완도군 완도읍 대신리 1089-3,"1161-8 Cheonghaejinseo-ro, Wando-eup, Wando-gun, Jeollanam-do",4421032000,,4689025030110220009001613,416602069,,https://www.seosan.go.kr/tour/index.do,36,126,문화정보원,어리굴젓 캐기 체험 및 판매,20240604,20240604
KCKRSPO23N000001766,관광명소,관광명소_축제,2022 청양고추구기자 축제,44,충남,44790,청양군,4479025021,청양읍 읍내리,,강원특별자치도 태백시 통골길 112 (통동),강원특별자치도 태백시 통동 산67-39,"112 Tonggol-gil, Taebaek-si, Gangwon-do",4479025000,,4219011200100490005006753,419402193,,www.칠갑마루.com,36,126,문화정보원,공연+전시+판매+체험+부대행사 등,20240604,20240604
KCKRSPO23N000001767,관광명소,관광명소_축제,한진포구바지락갯벌체험축제(취소),44,충남,44270,당진시,4427025337,송악읍 한진리,443000000000,충청남도 당진시 송악읍 한진포구길 50-1,충청남도 당진시 송악읍 한진리 95-17,,4427025300,,,413566098,31720,,36,126,문화정보원,바지락갯벌체험+바지락 중량달기+맨손으로 물고기 잡기+불꽃놀이,20240604,20240604
KCKRSPO23N000001768,관광명소,관광명소_축제,백제 어울마당,44,충남,44150,공주시,4415010700,웅진동,,충청남도 공주시 웅진동 55,충청남도 공주시 웅진동 55,,4415054000,,,418408112,32555,,36,127,문화정보원,공연 및 체험프로그램 운영,20240604,20240604
KCKRSPO23N000001769,관광명소,관광명소_축제,제1회 유구색동수국정원 꽃축제,44,충남,44150,공주시,4415025024,유구읍 유구리,,충청남도 공주시 유구읍 유구리 648-17,충청남도 공주시 유구읍 유구리 648-17,,4415025000,,,418408111,,,36,126,문화정보원,공식+기획 행사+경관조성+체험프로그램+편의시설 운영 등,20240604,20240604
KCKRSPO23N000001770,관광명소,관광명소_축제,연포 해맞이 행사,44,충남,44825,태안군,4482533026,근흥면 도황리,,충청남도 태안군 근흥면 도황리 1526-170,충청남도 태안군 근흥면 도황리 1526-170,,4482533000,,,416702768,32130,,36,126,문화정보원,신년 해맞이 소원 풍선 날리기,20240604,20240604
KCKRSPO23N000001771,관광명소,관광명소_축제,백화산 해맞이 행사,44,충남,44825,태안군,4482525028,태안읍 상옥리,,충청남도 태안군 태안읍 상옥리 산139-2,충청남도 태안군 태안읍 상옥리 산139-2,,4482525000,,,416702768,32140,,36,126,문화정보원,신년 해맞이 소원 풍선 날리기,20240604,20240604
KCKRSPO23N000001772,관광명소,관광명소_축제,윤봉길평화축제,44,충남,44810,예산군,4481036027,덕산면 시량리,,울산광역시 울주군 서생면 간절곶해안길 227,울산광역시 울주군 서생면 대송리 산28,"227 Ganjeolgothaean-gil, Seosaeng-myeon, Ulju-gun, Ulsan",4481036000,,3171031025200280000028225,413397317,32407,http://www.ybgfestival.net/,36,126,문화정보원,"윤봉길의사의 상해의거 90주년 기념행사, 전시·체험행사, 온라인이벤트",20240604,20240604
KCKRSPO23N000001773,관광명소,관광명소_축제,2022 음성명작페스티벌,43,충북,43770,음성군,4377025321,금왕읍 무극리,438000000000,충청북도 음성군 금왕읍 무극로244번길 16-21,충청북도 음성군 금왕읍 무극리 519-10,,4377025300,,,438713692,27633,http://www.esmjf.com,36,127,문화정보원,명작대동놀이+ 명작장터+ 음성명작 모창가요제 등 공연 및 체험,20240604,20240604
KCKRSPO23N000001774,관광명소,관광명소_축제,증평인삼골축제,43,충북,43745,증평군,4374525032,증평읍 송산리,,강원특별자치도 춘천시 남산면 남이섬길 1,강원특별자치도 춘천시 남산면 방하리 197 남이섬,"1 Namiseom-gil, Namsan-myeon, Chuncheon-si, Gangwon-do",4374525000,남이섬,4211040030101970000000334,438353977,,https://www.jp.go.kr/tour/prog/tursmCn/sub03_01/view.do?progNo=p00000006356hw4uR8as,36,127,문화정보원,"핵심프로그램(인삼캐기체험·홍삼포크삼겹살대잔치)+인삼, 홍삼포크를 테마로 한 공연·전시·체험프로그램 운영+개막 공연 및 문화공연(열린콘서트·인삼골합창제·인삼골군악콘서트)+경연행사(국제청소년페스티벌·인삼장사씨름대회·인삼골가요제·증평인삼어린이사생대회·백곡김득신백일장)+기타 전시·체험행사·참여행사 등",20240604,20240604
KCKRSPO23N000001775,관광명소,관광명소_축제,2022 충청남도체육대회,44,충청남도,44180,보령시,4418036023,창동리,442000000000,충청남도 보령시 남포면 보령남로 343,충청남도 보령시 남포면 창동리 342 대천종합경기장,"343 Boryeongnam-ro, Nampo-myeon, Boryeong-si, Chungcheongnam-do",4418036023,대천종합경기장,4418036023106360001002980,419367330,33494,http://www.cn2022.kr/,36,126,문화정보원,단체종목5+개인단체5+체급종목5+기록종목5+생활체육종목10,20240604,20240604
KCKRSPO23N000001776,관광명소,관광명소_축제,제68회 백제문화제,44,충청남도,44150,공주시,4415012000,신관동,442000000000,충청남도 공주시 금벽로 368 (신관동),충청남도 공주시 신관동 553,"368 Geumbyeok-ro, Gongju-si, Chungcheongnam-do",4415012000,,4415012000105530000759980,418408112,32573,https://www.baekje.org/kor/,36,127,문화정보원,웅진성퍼레이드+체험마당+무대공연+농특산품전시 및 판매,20240604,20240604
KCKRSPO23N000001777,관광명소,관광명소_축제,당진해나루황토고구마홍보 판촉행사,44,충청남도,44270,당진시,4427031029,진관리,443000000000,충청남도 당진시 고대면 고대로 33,충청남도 당진시 고대면 진관리 349-20 게이트볼경기장,"33 Godae-ro, Godae-myeon, Dangjin-si, Chungcheongnam-do",4427031029,게이트볼경기장,4483031029103490002058211,413504744,31793,,36,126,문화정보원,고구마 캐기+어린이사생대회+농산물 구매+노래자랑,20240604,20240604
KCKRSPO23N000001778,관광명소,관광명소_축제,왜목마을해넘이해맞이축제,44,충청남도,44270,당진시,4427032025,교로리,443000000000,충청남도 당진시 석문면 왜목길 26,충청남도 당진시 석문면 교로리 844-4 왜목하우스,"26 Waemok-gil, Seongmun-myeon, Dangjin-si, Chungcheongnam-do",4427032025,왜목하우스,4483032025108440004093025,413503591,31700,,37,126,문화정보원,소원적기+달짚태우기+대붓퍼포먼스+노래자랑+불꽃놀이+퓨전국악,20240604,20240604
KCKRSPO23N000001779,관광명소,관광명소_축제,장고항실치축제(취소),44,충청남도,44270,당진시,4427032024,장고항리,443000000000,충청남도 당진시 석문면 장고항로 298-5,충청남도 당진시 석문면 장고항리 577 평택해양경찰서 당진파출소,"298-5 Janggohang-ro, Seongmun-myeon, Dangjin-si, Chungcheongnam-do",4427032024,평택해양경찰서 당진파출소,4483032024105770000079322,413504271,31701,,37,126,문화정보원,실치회시식+맨손으로 물고기잡기+뱅어포만들기+장고항관련 퀴즈,20240604,20240604
KCKRSPO23N000001780,관광명소,관광명소_축제,순성매화벚꽃축제(취소),44,충청남도,44270,당진시,4427036031,갈산리,443000000000,충청남도 당진시 순성면 갈산길 101-9,충청남도 당진시 순성면 갈산리 406-4 갈산리마을회관,"101-9 Galsan-gil, Sunseong-myeon, Dangjin-si, Chungcheongnam-do",4427036031,갈산리마을회관,4483036031104060004084277,,31755,,36,126,문화정보원,시낭송+풍물행사+공연+플리마켓+벚꽃사진대회,20240604,20240604
KCKRSPO23N000001781,관광명소,관광명소_축제,순성왕매실&당진맥주 축제,44,충청남도,44270,당진시,4427036021,봉소리,443000000000,충청남도 당진시 순성면 매실로 398,충청남도 당진시 순성면 봉소리 1419-1 순성왕매실영농조합,"398 Maesil-ro, Sunseong-myeon, Dangjin-si, Chungcheongnam-do",4427036021,순성왕매실영농조합,4483036021114190001000001,413521446,31757,,36,126,문화정보원,매실따기+남원천 걷기행사+맥주 시음 및 맞추기+매실활용 콘테스트,20240604,20240604
KCKRSPO23N000001782,관광명소,관광명소_축제,삽교호조개구이축제(취소),44,충청남도,44270,당진시,4427038028,운정리,443000000000,충청남도 당진시 신평면 삽교천3길 79,충청남도 당진시 신평면 운정리 197-3,"79 Sapgyocheon 3-gil, Sinpyeong-myeon, Dangjin-si, Chungcheongnam-do",4427038028,,4483038028101970003044819,413636680,31744,,36,126,문화정보원,바지락 빨리까기+삽교호 일몰여행+수산물 깜짝 경매+불꽃놀이,20240604,20240604
KCKRSPO23N000001783,관광명소,관광명소_축제,당진해나루농특산물한마당행사,44,충청남도,44270,당진시,4427038028,운정리,443000000000,충청남도 당진시 신평면 삽교천3길 79,충청남도 당진시 신평면 운정리 197-3,"79 Sapgyocheon 3-gil, Sinpyeong-myeon, Dangjin-si, Chungcheongnam-do",4427038028,,4483038028101970003044819,413504744,31744,,36,126,문화정보원,농업인의날 기념식및 시상+난타공연+읍면노래자랑,20240604,20240604
KCKRSPO23N000001784,관광명소,관광명소_축제,합덕제연호문화축제,44,충청남도,44270,당진시,4427025031,합덕리,443000000000,충청남도 당진시 합덕읍 덕평로 379-9,충청남도 당진시 합덕읍 합덕리 304-3 합덕수리민속박물관,"379-9 Deokpyeong-ro, Hapdeok-eup, Dangjin-si, Chungcheongnam-do",4427025031,합덕수리민속박물관,4483025331103040003004677,,31812,,36,126,문화정보원,연지카누+깡통열차+시 전시회+서예 전시회+,20240604,20240604
KCKRSPO23N000001785,관광명소,관광명소_축제,제25회 보령머드축제,44,충청남도,44180,보령시,4418011000,신흑동,442000000000,충청남도 보령시 대해로 897-15 (신흑동),충청남도 보령시 신흑동 2022,"897-15 Daehae-ro, Boryeong-si, Chungcheongnam-do",4418011000,,4418011000120220000016691,419300891,33487,http://www.mudfestival.or.kr,36,126,문화정보원,보령해양머드박람회 연계 프로그램 40여종,20240604,20240604
KCKRSPO23N000001786,관광명소,관광명소_축제,류방택 별축제,44,충청남도,44210,서산시,4421031025,애정리,442000000000,충청남도 서산시 인지면 무학로 1353-4,충청남도 서산시 인지면 애정리 151-8,"1353-4 Muhak-ro, Inji-myeon, Seosan-si, Chungcheongnam-do",4421031025,,4421031025101510009000001,416618009,32016,https://www.seosan.go.kr/tour/index.do,36,126,문화정보원,천문과학 관련 체험,20240604,20240604
KCKRSPO23N000001787,관광명소,관광명소_축제,외암민속마을 짚풀문화제,44,충청남도,44200,아산시,4420031023,외암리,442000000000,충청남도 아산시 송악면 외암민속길 5,충청남도 아산시 송악면 외암리 258-3,"5 Oeamminsok-gil, Songak-myeon, Asan-si, Chungcheongnam-do",4420031023,,4420031023102580001056647,415368458,31557,www.oeam.co.kr,36,127,문화정보원,전통문화(짚&풀)를 주제로한 공연/재연/체험행사 프로그램,20240604,20240604
KCKRSPO23N000001788,관광명소,관광명소_축제,예산황토사과축제,44,충청남도,44810,예산군,4481025024,주교리,448000000000,충청남도 예산군 예산읍 역전로 61-4,충청남도 예산군 예산읍 주교리 228-13,"61-4 Yeokjeon-ro, Yesan-eup, Yesan-gun, Chungcheongnam-do",4481025024,,4481025024102200002002917,413397317,32431,http://yesan-apple.co.kr/,36,126,문화정보원,예산황토사과의 우수성 홍보,20240604,20240604
KCKRSPO23N000001789,관광명소,관광명소_축제,제23회 칠갑산장승문화축제,44,충청남도,44790,청양군,4479032025,장곡리,448000000000,충청남도 청양군 대치면 장곡길 119-17,충청남도 청양군 대치면 장곡리 75,"119-17 Janggok-gil, Daechi-myeon, Cheongyang-gun, Chungcheongnam-do",4479032025,,4479032025100750000012809,419402193,33360,,36,126,문화정보원,대장승퍼레이드+장승대제+전통 장승깎기,20240604,20240604
KCKRSPO23N000001790,관광명소,관광명소_축제,남이흥장군문화제,44,충청남도,44270,당진시,4427033024,도이리,443000000000,충청남도 당진시 대호지면 충장1길 73-48,충청남도 당진시 대호지면 도이리 373-6,"73-48 Chungjang 1-gil, Daehoji-myeon, Dangjin-si, Chungcheongnam-do",4427033024,,4483033024103730001059010,413531517,31797,http://www.chungjanggong.or.kr/,36,126,문화정보원,장군행렬 재연행사+학생 백일장+풍물놀이+무예시범+호패만들기,20240604,20240604
KCKRSPO23N000001791,관광명소,관광명소_축제,면천진달래민속축제(취소),44,충청남도,44270,당진시,4427035021,성상리,443000000000,충청남도 당진시 면천면 면천서문1길 69,충청남도 당진시 면천면 성상리 771-2,"69 Myeoncheonseomun 1-gil, Myeoncheon-myeon, Dangjin-si, Chungcheongnam-do",4427035021,,4483035021107710002000001,413563848,31804,,36,126,문화정보원,두견주 빚기체험+진달래 사생대회+남북화합대공연+진달래분재전시,20240604,20240604
KCKRSPO23N000001792,관광명소,관광명소_축제,해나루황토감자축제,44,충청남도,44270,당진시,4427025336,부곡리,443000000000,충청남도 당진시 송악읍 송악로 1024,충청남도 당진시 송악읍 부곡리 187-8,"1024 Songak-ro, Songak-eup, Dangjin-si, Chungcheongnam-do",4427025336,,4483025636101870008070060,413556080,31723,,36,126,문화정보원,온라인홍보판촉+감자캐기체험(현장),20240604,20240604
KCKRSPO23N000001793,관광명소,관광명소_축제,팔봉산 감자축제,44,충청남도,44210,서산시,4421033022,양길리,442000000000,충청남도 서산시 팔봉면 팔봉산로 100,충청남도 서산시 팔봉면 양길리 812-3 관광안내소,"100 Palbongsan-ro, Palbong-myeon, Seosan-si, Chungcheongnam-do",4421033022,관광안내소,4421033022108120003000001,416603937,31923,https://www.seosan.go.kr/tour/index.do,36,126,문화정보원,감자캐기 체험+판매,20240604,20240604
KCKRSPO23N000001794,관광명소,관광명소_축제,금산삼계탕축제,44,충청남도,44710,금산군,4471025021,신대리,447000000000,충청남도 금산군 금산읍 인삼광장로 30,충청남도 금산군 금산읍 신대리 392 금산인삼관,"30 Insamgwangjang-ro, Geumsan-eup, Geumsan-gun, Chungcheongnam-do",4471025021,금산인삼관,4471025021103920000017768,417504147,32739,http://www.insamfestival.co.kr/,36,127,문화정보원,ㅇ삼계탕 사연 공모+먹방 콘테스트+라이브 커머스+쉐프 요리쇼+삼계탕 요리경연대회+대형 가마솥 요리 시연+가족 단위 물놀이 행사 등,20240604,20240604
KCKRSPO23N000001795,관광명소,관광명소_축제,(코로나로 일정 미정)지곡 왕산포 서산갯마을축제,44,충청남도,44210,서산시,4421034025,중왕리,442000000000,충청남도 서산시 지곡면 어름들2길 66,충청남도 서산시 지곡면 중왕리 196 중앙어촌계수산물간이집하장,"66 Eoreumdeul 2-gil, Jigok-myeon, Seosan-si, Chungcheongnam-do",4421034025,중앙어촌계수산물간이집하장,4421034025101960000010783,416602069,31917,https://www.seosan.go.kr/tour/index.do,36,126,문화정보원,갯벌 바지락 캐기 체험 및 공연,20240604,20240604
KCKRSPO23N000001796,관광명소,관광명소_축제,(코로나로 일정 미정)서산뻘낙지먹물축제,44,충청남도,44210,서산시,4421034025,중왕리,442000000000,충청남도 서산시 지곡면 어름들2길 66,충청남도 서산시 지곡면 중왕리 196 중앙어촌계수산물간이집하장,"66 Eoreumdeul 2-gil, Jigok-myeon, Seosan-si, Chungcheongnam-do",4421034025,중앙어촌계수산물간이집하장,4421034025101960000010783,416602069,31917,https://www.seosan.go.kr/tour/index.do,36,126,문화정보원,낙지 잡기 체험 및 공연,20240604,20240604
KCKRSPO23N000001797,관광명소,관광명소_축제,(코로나로 일정 미정)서산6쪽마늘축제,44,충청남도,44210,서산시,4421039021,읍내리,442000000000,충청남도 서산시 해미면 남문2로 143,충청남도 서산시 해미면 읍내리 491 해미읍성,"143 Nammun 2-ro, Haemi-myeon, Seosan-si, Chungcheongnam-do",4421039021,해미읍성,4421039021100310001064026,416603937,31960,https://www.seosan.go.kr/tour/index.do,36,126,문화정보원,6쪽마늘 판매+공연+체험,20240604,20240604
KCKRSPO23N000001798,관광명소,관광명소_축제,서천철새여행,44,충청남도,44770,서천군,4477031033,도삼리,448000000000,충청남도 서천군 마서면 장산로 916,충청남도 서천군 마서면 도삼리 59 서천군조류생태전시관,"916 Jangsan-ro, Maseo-myeon, Seocheon-gun, Chungcheongnam-do",4477031033,서천군조류생태전시관,4477031033100590000036923,419504256,33657,http://tour.seocheon.go.kr,36,126,문화정보원,철새 탐조 및 철새 관련 문화행사,20240604,20240604
KCKRSPO23N000001799,관광명소,관광명소_축제,천안호두축제,44,충청남도,44131,천안시 동남구,4413132021,광덕리,441000000000,충청남도 천안시 동남구 광덕면 광풍로 250,충청남도 천안시 동남구 광덕면 광덕리 403 광덕쉼터 관리실,"250 Gwangpung-ro, Gwangdeok-myeon, Dongnam-gu, Cheonan-si, Chungcheongnam-do",4413132021,광덕쉼터 관리실,4413132021104030000000001,415214701,31220,,36,127,문화정보원,천안호두 드라이브스루 판매 및 홍보영상제작,20240604,20240604
KCKRSPO23N000001800,관광명소,관광명소_축제,천안흥타령춤축제,44,충청남도,44133,천안시 서북구,4413310300,백석동,441000000000,충청남도 천안시 서북구 번영로 208 (백석동),충청남도 천안시 서북구 백석동 251 종합운동장,"208 Beonyeong-ro, Seobuk-gu, Cheonan-si, Chungcheongnam-do",4413310300,종합운동장,4413310300102510000049938,419007020,31157,,36,127,문화정보원,춤경연대회(전국춤경연대회+국제춤 대회+거리퍼레이드 등)+전시홍보 부스운영(중소기업제품판매+천안 농산물 홍보 및 체험한마당 등)+부대체험행사,20240604,20240604
KCKRSPO23N000001801,관광명소,관광명소_축제,천안흥타령춤축제,44,충청남도,44133,천안시 서북구,4413310300,백석동,441000000000,충청남도 천안시 서북구 번영로 208 (백석동),충청남도 천안시 서북구 백석동 251 종합운동장,"208 Beonyeong-ro, Seobuk-gu, Cheonan-si, Chungcheongnam-do",4413310300,종합운동장,4413310300102510000049938,419007020,31157,https://cheonanfestival.com/ko/,36,127,문화정보원,춤경연대회(전국춤경연대회+국제춤 대회+거리퍼레이드 등)+전시홍보 부스운영(중소기업제품판매+천안 농산물 홍보 및 체험한마당 등)+부대체험행사,20240604,20240604
KCKRSPO23N000001802,관광명소,관광명소_축제,천안성환배축제,44,충청남도,44133,천안시 서북구,4413325022,성월리,441000000000,충청남도 천안시 서북구 성환읍 성진로 15,충청남도 천안시 서북구 성환읍 성월리 79 천안시민문화회관성환분관,"15 Seongjin-ro, Seonghwan-eup, Seobuk-gu, Cheonan-si, Chungcheongnam-do",4413325022,천안시민문화회관성환분관,4413325022100790000016007,415811771,31021,,36,127,문화정보원,성환배 판매장 운영(일자 변경 가능),20240604,20240604
KCKRSPO23N000001803,관광명소,관광명소_축제,입장거봉포도축제,44,충청남도,44133,천안시 서북구,4413331021,하장리,441000000000,충청남도 천안시 서북구 입장면 하장4길 19,충청남도 천안시 서북구 입장면 하장리 54-1 입장초등학교,"19 Hajang 4-gil, Ipjang-myeon, Seobuk-gu, Cheonan-si, Chungcheongnam-do",4413331021,입장초등학교,4413331021100540001016242,415216847,31055,,36,127,문화정보원,입장거봉포도 휴게소 내 드라이브스루 시식코너+판매장 운영,20240604,20240604
KCKRSPO23N000001804,관광명소,관광명소_축제,계룡군문화축제,44,충청남도,44250,계룡시,4425010100,금암동,443000000000,충청남도 계룡시 장안로 46 (금암동),충청남도 계룡시 금암동 10 계룡시청,"46 Jangan-ro, Gyeryong-si, Chungcheongnam-do",4425010100,계룡시청,4425010100100100000001301,428402431,32823,http://www.m-festival.org/,36,127,문화정보원,"軍관련 공연, 전시, 체험행사 등",20240604,20240604
KCKRSPO23N000001805,관광명소,관광명소_축제,계룡산산신제,44,충청남도,44150,공주시,4415033029,양화리,442000000000,충청남도 공주시 계룡면 보목고개로 393,충청남도 공주시 계룡면 양화리 165-1 양화리마을회관,"393 Bomokgogae-ro, Gyeryong-myeon, Gongju-si, Chungcheongnam-do",4415033029,양화리마을회관,4415033029101650001011342,418408093,32619,,36,127,문화정보원,유.불.무가식 산신제+점사체험+기체험+다양한 무대공연 등,20240604,20240604
KCKRSPO23N000001806,관광명소,관광명소_축제,공주 석장리 구석기축제,44,충청남도,44150,공주시,4415012500,석장리동,442000000000,충청남도 공주시 금벽로 990 (석장리동),충청남도 공주시 석장리동 118 석장리박물관,"990 Geumbyeok-ro, Gongju-si, Chungcheongnam-do",4415012500,석장리박물관,4415035027101370003016723,418408069,32591,,36,127,문화정보원,구석기문화 체험,20240604,20240604
KCKRSPO23N000001807,관광명소,관광명소_축제,공주 석장리 구석기축제,44,충청남도,44150,공주시,4415012500,석장리동,442000000000,충청남도 공주시 금벽로 990 (석장리동),충청남도 공주시 석장리동 118 석장리박물관,"990 Geumbyeok-ro, Gongju-si, Chungcheongnam-do",4415012500,석장리박물관,4415035027101370003016723,418408090,32591,http://www.gspf.kr/,36,127,문화정보원,구석기문화 체험,20240604,20240604
KCKRSPO23N000001808,관광명소,관광명소_축제,마곡사 신록축제,44,충청남도,44150,공주시,4415039029,운암리,442000000000,충청남도 공주시 사곡면 마곡사로 966,충청남도 공주시 사곡면 운암리 567 마곡사,"966 Magoksa-ro, Sagok-myeon, Gongju-si, Chungcheongnam-do",4415039029,마곡사,4415039029200740002029443,418402056,32520,,36,127,문화정보원,전시 운영+백범명상길 걷기+마곡사 보물찾기 등,20240604,20240604
KCKRSPO23N000001809,관광명소,관광명소_축제,웅진성수문병 근무교대식,44,충청남도,44150,공주시,4415010800,금성동,442000000000,충청남도 공주시 웅진로 280 (금성동),"충청남도 공주시 금성동 65-3 공산성, 공산성매표소, 공산성관광안내소","280 Ungjin-ro, Gongju-si, Chungcheongnam-do",4415010800,"공산성, 공산성매표소, 공산성관광안내소",4415010800100650003752775,418408111,32555,,36,127,문화정보원,수문병 근무교대식+무령왕 동상 회전의식,20240604,20240604
KCKRSPO23N000001810,관광명소,관광명소_축제,금산인삼축제,44,충청남도,44710,금산군,4471025021,신대리,447000000000,충청남도 금산군 금산읍 인삼광장로 30,충청남도 금산군 금산읍 신대리 392 금산인삼관,"30 Insamgwangjang-ro, Geumsan-eup, Geumsan-gun, Chungcheongnam-do",4471025021,금산인삼관,4471025021103920000017768,417504144,32739,http://www.insamfestival.co.kr/,36,127,문화정보원,ㅇ인삼캐기 체험+인삼약초체험+생활건강 체험 등 건강 체험관 운영+국제인삼교역전+인삼생활관+축제 40주년 기념 금산인삼 시대별 콘텐츠 구성 응답하라 1981 등,20240604,20240604
KCKRSPO23N000001811,관광명소,관광명소_축제,금산인삼축제,44,충청남도,44710,금산군,4471025021,신대리,447000000000,충청남도 금산군 금산읍 인삼광장로 30,충청남도 금산군 금산읍 신대리 392 금산인삼관,"30 Insamgwangjang-ro, Geumsan-eup, Geumsan-gun, Chungcheongnam-do",4471025021,금산인삼관,4471025021103920000017768,417504144,32739,http://www.insamfestival.co.kr/,36,127,문화정보원,ㅇ인삼캐기 체험+인삼약초체험+생활건강 체험 등 건강 체험관 운영+국제인삼교역전+인삼생활관+축제 40주년 기념 금산인삼 시대별 콘텐츠 구성 응답하라 1981 등,20240604,20240604
KCKRSPO23N000001812,관광명소,관광명소_축제,강경젓갈축제,44,충청남도,44230,논산시,4423025030,황산리,442000000000,충청남도 논산시 강경읍 금백로 45,충청남도 논산시 강경읍 황산리 198,"45 Geumbaek-ro, Ganggyeong-eup, Nonsan-si, Chungcheongnam-do",4423025030,,4423025030101980000051515,417465663,32930,https://korean.visitkorea.or.kr/detail/fes_detail.do?cotid=f8d4bb91-819e-4601-87a9-b510386f3820&big_category=undefined&mid_category=undefined&big_area=undefined&referrer=https://search.naver.com/search.naver?where=nexearch&sm=tab_etc&mra=bk00&pkid=11,36,127,문화정보원,강경젓갈 우수성 홍보,20240604,20240604
KCKRSPO23N000001813,관광명소,관광명소_축제,강경젓갈축제,44,충청남도,44230,논산시,4423025030,황산리,442000000000,충청남도 논산시 강경읍 금백로 45,충청남도 논산시 강경읍 황산리 198,"45 Geumbaek-ro, Ganggyeong-eup, Nonsan-si, Chungcheongnam-do",4423025030,,4423025030101980000051515,417465663,32930,https://www.nonsan.go.kr/eggfestival/,36,127,문화정보원,강경젓갈 우수성 홍보,20240604,20240604
KCKRSPO23N000001814,관광명소,관광명소_축제,연산대추축제,44,충청남도,44230,논산시,4423036021,연산리,442000000000,충청남도 논산시 연산면 연산4길 10-7,충청남도 논산시 연산면 연산리 394,"10-7 Yeonsan 4-gil, Yeonsan-myeon, Nonsan-si, Chungcheongnam-do",4423036021,,4423036021103920000000001,417341576,32911,,36,127,문화정보원,연산대추 우수성 홍보,20240604,20240604
KCKRSPO23N000001815,관광명소,관광명소_축제,기지시줄다리기민속축제,44,충청남도,44270,당진시,4427025321,기지시리,443000000000,충청남도 당진시 송악읍 안틀모시길 11,충청남도 당진시 송악읍 기지시리 49-1,"11 Anteulmosi-gil, Songak-eup, Dangjin-si, Chungcheongnam-do",4427025321,,4483025621100490004093199,413558118,31737,http://jullfestival.com/,36,126,문화정보원,줄나가기+줄다리기+씨름대회+풍물대회+짚풀문화체험+다문화대축제,20240604,20240604
KCKRSPO23N000001816,관광명소,관광명소_축제,심훈상록문화제,44,충청남도,44270,당진시,4427010600,수청동,443000000000,충청남도 당진시 시청1로 1 (수청동),충청남도 당진시 수청동 1002 당진시청,"1 Sicheong 1-ro, Dangjin-si, Chungcheongnam-do",4427010600,당진시청,4427010600201970012000001,413524808,31773,https://www.djsangnok.org/,36,126,문화정보원,심훈 전국 시낭송대회+심훈기획 전시전+플리마켓,20240604,20240604
KCKRSPO23N000001817,관광명소,관광명소_축제,보령머드축제,44,충청남도,44180,보령시,4418011000,신흑동,442000000000,충청남도 보령시 대해로 897-15 (신흑동),충청남도 보령시 신흑동 2022,"897-15 Daehae-ro, Boryeong-si, Chungcheongnam-do",4418011000,,4418011000120220000016691,419300891,33487,http://www.mudfestival.or.kr,36,126,문화정보원,보령해양머드박람회 연계 프로그램 40여종,20240604,20240604
KCKRSPO23N000001818,관광명소,관광명소_축제,백제문화제,44,충청남도,44760,부여군,4476025032,구교리,448000000000,충청남도 부여군 부여읍 백강로 148,충청남도 부여군 부여읍 구교리 17-4,"148 Baekgang-ro, Buyeo-eup, Buyeo-gun, Chungcheongnam-do",4476025032,,4476025032100170004000001,418302208,33142,https://www.baekje.org/kor/,36,126,문화정보원,제례·불전+행렬+전시·체험+공연+경연 등,20240604,20240604
KCKRSPO23N000001819,관광명소,관광명소_축제,서산국화축제,44,충청남도,44210,서산시,4421040021,가구리,442000000000,충청남도 서산시 고북면 복남골길 31-1,충청남도 서산시 고북면 가구리 621-4,"31-1 Bongnamgol-gil, Gobuk-myeon, Seosan-si, Chungcheongnam-do",4421040021,,4421040021106210004072602,416603935,32027,https://www.seosan.go.kr/tour/index.do,36,126,문화정보원,국화축제 및 체험,20240604,20240604
KCKRSPO23N000001820,관광명소,관광명소_축제,삼길포우럭축제,44,충청남도,44210,서산시,4421025028,화곡리,442000000000,충청남도 서산시 대산읍 삼길포1로 65,충청남도 서산시 대산읍 화곡리 2-1,"65 Samgilpo 1-ro, Daesan-eup, Seosan-si, Chungcheongnam-do",4421025028,,4421025028100020001000419,416602069,31904,https://www.seosan.go.kr/tour/index.do,37,126,문화정보원,우럭체험 및 전시+판매,20240604,20240604
KCKRSPO23N000001821,관광명소,관광명소_축제,서산해미읍성축제,44,충청남도,44210,서산시,4421039021,읍내리,442000000000,충청남도 서산시 해미면 남문2로 143,충청남도 서산시 해미면 읍내리 491 해미읍성,"143 Nammun 2-ro, Haemi-myeon, Seosan-si, Chungcheongnam-do",4421039021,해미읍성,4421039021100310001064026,416602228,31960,https://www.seosan.go.kr/tour/index.do,36,126,문화정보원,전통문화 공연 및 체험 등,20240604,20240604
KCKRSPO23N000001822,관광명소,관광명소_축제,서산해미읍성축제,44,충청남도,44210,서산시,4421039021,읍내리,442000000000,충청남도 서산시 해미면 남문2로 143,충청남도 서산시 해미면 읍내리 491 해미읍성,"143 Nammun 2-ro, Haemi-myeon, Seosan-si, Chungcheongnam-do",4421039021,해미읍성,4421039021100310001064026,416602228,31960,https://www.seosan.go.kr/tour/index.do,36,126,문화정보원,전통문화 공연 및 체험 등,20240604,20240604
KCKRSPO23N000001823,관광명소,관광명소_축제,자연산 광어.도미 축제,44,충청남도,44770,서천군,4477041022,마량리,448000000000,충청남도 서천군 서면 서인로 56,충청남도 서천군 서면 마량리 339-6,"56 Seoin-ro, Seo-myeon, Seocheon-gun, Chungcheongnam-do",4477041022,,4477041022103390006022976,419504016,33604,http://tour.seocheon.go.kr,36,126,문화정보원,맨손으로 광어잡기 체험+기념공원에서 보물찾기,20240604,20240604
KCKRSPO23N000001824,관광명소,관광명소_축제,마량포 해넘이.해돋이 축제,44,충청남도,44770,서천군,4477041022,마량리,448000000000,충청남도 서천군 서면 서인로 56,충청남도 서천군 서면 마량리 339-6,"56 Seoin-ro, Seo-myeon, Seocheon-gun, Chungcheongnam-do",4477041022,,4477041022103390006022976,419504016,33604,http://tour.seocheon.go.kr,36,126,문화정보원,새해 떡국나눔행사+불꽃놀이+버스킹 공연+소원등 달기,20240604,20240604
KCKRSPO23N000001825,관광명소,관광명소_축제,춘장대해수욕장 여름문화예술축제,44,충청남도,44770,서천군,4477041028,도둔리,448000000000,충청남도 서천군 서면 춘장대길 20,충청남도 서천군 서면 도둔리 1319 춘장대종합관리사무소,"20 Chunjangdae-gil, Seo-myeon, Seocheon-gun, Chungcheongnam-do",4477041028,춘장대종합관리사무소,4477041028113190000100019,419504016,33603,http://tour.seocheon.go.kr,36,126,문화정보원,한여름밤의 트롯이야기+춘장대 시네마+춘장대 푸파 페스티벌 등,20240604,20240604
KCKRSPO23N000001826,관광명소,관광명소_축제,홍원항 자연산 전어.꽃게 축제,44,충청남도,44770,서천군,4477041028,도둔리,448000000000,충청남도 서천군 서면 홍원길 130-3,충청남도 서천군 서면 도둔리 1222-7 화장실,"130-3 Hongwon-gil, Seo-myeon, Seocheon-gun, Chungcheongnam-do",4477041028,화장실,4477041028112220007020705,419504016,33603,http://tour.seocheon.go.kr,36,126,문화정보원,맨손으로 전어 잡기 체험+추억의 놀이 체험+숨겨진 보물을 찾아라+비눗방울 놀이 등,20240604,20240604
KCKRSPO23N000001827,관광명소,관광명소_축제,한산모시문화제,44,충청남도,44770,서천군,4477034021,지현리,448000000000,충청남도 서천군 한산면 충절로 1089,충청남도 서천군 한산면 지현리 60-1 한산모시관,"1089 Chungjeol-ro, Hansan-myeon, Seocheon-gun, Chungcheongnam-do",4477034021,한산모시관,4477034021100600001042803,419504256,33624,www.hansanmosi.kr/,36,126,문화정보원,한산모시를 주제로 하는 다양한 프로그램 운영,20240604,20240604
KCKRSPO23N000001828,관광명소,관광명소_축제,한산모시문화제,44,충청남도,44770,서천군,4477034021,지현리,448000000000,충청남도 서천군 한산면 충절로 1089,충청남도 서천군 한산면 지현리 60-1 한산모시관,"1089 Chungjeol-ro, Hansan-myeon, Seocheon-gun, Chungcheongnam-do",4477034021,한산모시관,4477034021100600001042803,419504256,33624,www.hansanmosi.kr/,36,126,문화정보원,한산모시를 주제로 하는 다양한 프로그램 운영,20240604,20240604
KCKRSPO23N000001829,관광명소,관광명소_축제,신정호 별빛축제,44,충청남도,44200,아산시,4420010300,방축동,442000000000,충청남도 아산시 신정로 616 (방축동),충청남도 아산시 방축동 5 신정호공원,"616 Sinjeong-ro, Asan-si, Chungcheongnam-do",4420010300,신정호공원,4420010300100050000039890,415402550,31564,http://culture.asan.go.kr/_sinjungho/,36,126,문화정보원,"LED쉼터, 체험관, 포토존",20240604,20240604
KCKRSPO23N000001830,관광명소,관광명소_축제,설화예술제,44,충청남도,44200,아산시,4420010300,방축동,442000000000,충청남도 아산시 신정로 616 (방축동),충청남도 아산시 방축동 5 신정호공원,"616 Sinjeong-ro, Asan-si, Chungcheongnam-do",4420010300,신정호공원,4420010300100050000039890,415402087,31564,,36,126,문화정보원,"개폐막식, 지역예술인창작발표 공연 및 전시",20240604,20240604
KCKRSPO23N000001831,관광명소,관광명소_축제,아산성웅이순신축제,44,충청남도,44200,아산시,4420010100,온천동,442000000000,충청남도 아산시 온천대로 1496 (온천동),충청남도 아산시 온천동 56-9 온양온천역,"1496 Oncheon-daero, Asan-si, Chungcheongnam-do",4420010100,온양온천역,4420010100100560009040543,415402550,31514,http://culture.asan.go.kr/_esunshin/2017/index.asp,36,127,문화정보원,"승전행렬 퍼레이드, 개폐막공연, 전시체험 및 기타부대행사",20240604,20240604
KCKRSPO23N000001832,관광명소,관광명소_축제,의좋은형제축제,44,충청남도,44810,예산군,4481034022,상중리,448000000000,충청남도 예산군 대흥면 의좋은형제길 3,충청남도 예산군 대흥면 상중리 274-1,"3 Uijoeunhyeongje-gil, Daeheung-myeon, Yesan-gun, Chungcheongnam-do",4481034022,,4481034022102740001000001,413397317,32450,https://gbfesta.kr/,36,126,문화정보원,예산의 실존인물인 이성만·이순형제와 함께 떠나는 가족여행,20240604,20240604
KCKRSPO23N000001833,관광명소,관광명소_축제,예산장터삼국축제,44,충청남도,44810,예산군,4481025023,대회리,448000000000,충청남도 예산군 예산읍 천변로 160,충청남도 예산군 예산읍 대회리 233-4 예산시네마,"160 Cheonbyeon-ro, Yesan-eup, Yesan-gun, Chungcheongnam-do",4481025023,예산시네마,4481025023102330004007275,413397317,32438,https://yesansamguk.kr/,36,126,문화정보원,"예산의 국화, 국밥, 국수의 맛과 멋을 찾아 예산장터로 떠나는 가을여행축제",20240604,20240604
KCKRSPO23N000001834,관광명소,관광명소_축제,홍성남당항새조개축제,44,충청남도,44800,홍성군,4480037027,남당리,448000000000,충청남도 홍성군 서부면 남당항로213번길 25-62,충청남도 홍성군 서부면 남당리 863 보령해양경찰서 홍성파출소,"25-62 Namdanghang-ro 213beon-gil, Seobu-myeon, Hongseong-gun, Chungcheongnam-do",4480037027,보령해양경찰서 홍성파출소,4480037027108630000000001,416340104,32206,https://www.hongseong.go.kr/prog/tursmCn/tour/sub03_04/view.do?cntNo=44,36,126,문화정보원,비대면 온라인 판매 행사 등,20240604,20240604
KCKRSPO23N000001835,관광명소,관광명소_축제,2022 보은대추축제,43,충청북도,43720,보은군,4372025031,이평리,437000000000,충청북도 보은군 보은읍 군청길 38,충청북도 보은군 보은읍 이평리 45 보은군청,"38 Guncheong-gil, Boeun-eup, Boeun-gun, Chungcheongbuk-do",4372025031,보은군청,4372025030103010000001038,435403393,28937,http://www.boeunjujube.com/,36,127,문화정보원,대추 및 농특산물 전시판매+랜선 콘서트+유튜브 홈쇼핑,20240604,20240604
KCKRSPO23N000001836,관광명소,관광명소_축제,직지문화제,43,충청북도,43113,청주시 흥덕구,4311310400,운천동,431000000000,충청북도 청주시 흥덕구 직지대로 713 (운천동),충청북도 청주시 흥덕구 운천동 866 청주고인쇄박물관,"713 Jikji-daero, Heungdeok-gu, Cheongju-si, Chungcheongbuk-do",4311310400,청주고인쇄박물관,4311310400108660000015766,432013663,28472,,36,127,문화정보원,유네스코 공식행사 및 전시 학술 체험 등,20240604,20240604
KCKRSPO23N000001837,관광명소,관광명소_축제,괴산사랑축제,43,충청북도,43760,괴산군,4376025021,동부리,438000000000,충청북도 괴산군 괴산읍 읍내로15길 8-8,충청북도 괴산군 괴산읍 동부리 560-1,"8-8 Eumnae-ro 15-gil, Goesan-eup, Goesan-gun, Chungcheongbuk-do",4376025021,,4376025021105600001204605,438302403,28030,,36,127,문화정보원,주민화합,20240604,20240604
KCKRSPO23N000001838,관광명소,관광명소_축제,괴산대학찰옥수수축제,43,충청북도,43760,괴산군,4376025022,서부리,438000000000,충청북도 괴산군 괴산읍 임꺽정로 75,충청북도 괴산군 괴산읍 서부리 160 괴산게이트볼장,"75 Imkkeokjeong-ro, Goesan-eup, Goesan-gun, Chungcheongbuk-do",4376025022,괴산게이트볼장,4376025022101590002203637,438303463,28026,,36,127,문화정보원,"옥수수체험 관련 온-오프라인 행사, 농특산물 판매 등",20240604,20240604
KCKRSPO23N000001839,관광명소,관광명소_축제,괴산김장축제,43,충청북도,43760,괴산군,4376025022,서부리,438000000000,충청북도 괴산군 괴산읍 임꺽정로 75,충청북도 괴산군 괴산읍 서부리 160 괴산게이트볼장,"75 Imkkeokjeong-ro, Goesan-eup, Goesan-gun, Chungcheongbuk-do",4376025022,괴산게이트볼장,4376025022101590002203637,438303464,28026,,36,127,문화정보원,괴산절임배추 활용 김장체험 및 농특산물 판매 등,20240604,20240604
KCKRSPO23N000001840,관광명소,관광명소_축제,괴산김장축제,43,충청북도,43760,괴산군,4376025022,서부리,438000000000,충청북도 괴산군 괴산읍 임꺽정로 75,충청북도 괴산군 괴산읍 서부리 160 괴산게이트볼장,"75 Imkkeokjeong-ro, Goesan-eup, Goesan-gun, Chungcheongbuk-do",4376025022,괴산게이트볼장,4376025022101590002203637,438303463,28026,https://gimjang.kr/,36,127,문화정보원,명인의 김장간 괴산김장팔씨름대회 괴산배추쿠킹 김장나눔행사 등,20240604,20240604
KCKRSPO23N000001841,관광명소,관광명소_축제,목도 백중놀이 축제,43,충청북도,43760,괴산군,4376041021,목도리,438000000000,충청북도 괴산군 불정면 목도로2길 11,충청북도 괴산군 불정면 목도리 303-1 불정면주민센터,"11 Mokdo-ro 2-gil, Buljeong-myeon, Goesan-gun, Chungcheongbuk-do",4376041021,불정면주민센터,4376041021103030001000001,438302621,28002,,36,127,문화정보원,목도 백중놀이 문화 체험 및 지역홍보,20240604,20240604
KCKRSPO23N000001842,관광명소,관광명소_축제,연풍조령문화제,43,충청북도,43760,괴산군,4376033022,행촌리,438000000000,충청북도 괴산군 연풍면 향교로 71,충청북도 괴산군 연풍면 행촌리 496 연풍면사무소,"71 Hyanggyo-ro, Yeonpung-myeon, Goesan-gun, Chungcheongbuk-do",4376033022,연풍면사무소,4376033022104960000013213,438302472,28013,,36,128,문화정보원,연풍 조령내 문화 예술 체험 및 지역홍보,20240604,20240604
KCKRSPO23N000001843,관광명소,관광명소_축제,청천환경버섯축제,43,충청북도,43760,괴산군,4376036021,청천리,438000000000,충청북도 괴산군 청천면 화양로 14,충청북도 괴산군 청천면 청천리 38-6,"14 Hwayang-ro, Cheongcheon-myeon, Goesan-gun, Chungcheongbuk-do",4376036021,,4376036021100380006000001,438302532,28063,,36,127,문화정보원,농특산물(버섯) 홍보 및 지역홍보,20240604,20240604
KCKRSPO23N000001844,관광명소,관광명소_축제,단양소백산철쭉제,43,충청북도,43800,단양군,4380025025,별곡리,438000000000,충청북도 단양군 단양읍 중앙1로 32,충청북도 단양군 단양읍 별곡리 315 단양문화예술회관,"32 Jungang 1-ro, Danyang-eup, Danyang-gun, Chungcheongbuk-do",4380025025,단양문화예술회관,4380025025103150000007700,434202552,27010,https://www.danyang.go.kr/sobaeksan/650,36,128,문화정보원,소백산 철쭉을 소재로 한 축제,20240604,20240604
KCKRSPO23N000001845,관광명소,관광명소_축제,2022 보은대추축제,43,충청북도,43720,보은군,4372025031,이평리,437000000000,충청북도 보은군 보은읍 군청길 38,충청북도 보은군 보은읍 이평리 45 보은군청,"38 Guncheong-gil, Boeun-eup, Boeun-gun, Chungcheongbuk-do",4372025031,보은군청,4372025030103010000001038,435403393,28937,http://boeunjujube.com/,36,127,문화정보원,대추나무 랜선걸렸네 보은대추송챌린지 생대추유튜브홈쇼핑 대추플래시몹 등,20240604,20240604
KCKRSPO23N000001846,관광명소,관광명소_축제,2022 영동곶감축제,43,충청북도,43740,영동군,4374025021,계산리,437000000000,충청북도 영동군 영동읍 동정로 1,충청북도 영동군 영동읍 계산리 210-1 cctv통합관제센터,"1 Dongjeong-ro, Yeongdong-eup, Yeongdong-gun, Chungcheongbuk-do",4374025021,cctv통합관제센터,4374025022101250004004655,437458916,29140,,36,127,문화정보원,온라인 곶감판매장터+라이브커머스 등,20240604,20240604
KCKRSPO23N000001847,관광명소,관광명소_축제,2022 영동포도축제,43,충청북도,43740,영동군,4374025021,계산리,437000000000,충청북도 영동군 영동읍 동정로 1,충청북도 영동군 영동읍 계산리 210-1 cctv통합관제센터,"1 Dongjeong-ro, Yeongdong-eup, Yeongdong-gun, Chungcheongbuk-do",4374025021,cctv통합관제센터,4374025022101250004004655,437458916,29140,,36,127,문화정보원,포도판매장+포도밟기+공연 등,20240604,20240604
KCKRSPO23N000001848,관광명소,관광명소_축제,제53회 영동난계국악축제,43,충청북도,43740,영동군,4374025021,계산리,437000000000,충청북도 영동군 영동읍 동정로 1,충청북도 영동군 영동읍 계산리 210-1 cctv통합관제센터,"1 Dongjeong-ro, Yeongdong-eup, Yeongdong-gun, Chungcheongbuk-do",4374025021,cctv통합관제센터,4374025022101250004004655,437458916,29140,,36,127,문화정보원,퍼레이드+숭모제+국악기체험 등,20240604,20240604
KCKRSPO23N000001849,관광명소,관광명소_축제,제11회 대한민국와인축제,43,충청북도,43740,영동군,4374025021,계산리,437000000000,충청북도 영동군 영동읍 동정로 1,충청북도 영동군 영동읍 계산리 210-1 cctv통합관제센터,"1 Dongjeong-ro, Yeongdong-eup, Yeongdong-gun, Chungcheongbuk-do",4374025021,cctv통합관제센터,4374025022101250004004655,437458916,29140,,36,127,문화정보원,와인시음판매장+공연 등,20240604,20240604
KCKRSPO23N000001850,관광명소,관광명소_축제,옥천군 평생학습 어울림 축제,43,충청북도,43730,옥천군,4373025022,문정리,437000000000,충청북도 옥천군 옥천읍 관성로4길 10,충청북도 옥천군 옥천읍 문정리 366 옥천군민도서관,"10 Gwanseong-ro 4-gil, Okcheon-eup, Okcheon-gun, Chungcheongbuk-do",4373025022,옥천군민도서관,4373025022103660000000001,437303606,29046,http://www.oc.go.kr/edulife/index.do,36,127,문화정보원,평생학습 동아리 공연+전시+체험+프리마켓 등,20240604,20240604
KCKRSPO23N000001851,관광명소,관광명소_축제,옥천군민도서관 북페스티벌,43,충청북도,43730,옥천군,4373025022,문정리,437000000000,충청북도 옥천군 옥천읍 관성로4길 10,충청북도 옥천군 옥천읍 문정리 366 옥천군민도서관,"10 Gwanseong-ro 4-gil, Okcheon-eup, Okcheon-gun, Chungcheongbuk-do",4373025022,옥천군민도서관,4373025022103660000000001,437303613,29046,http://lib.oc.go.kr,36,127,문화정보원,9월 독서의달 기념행사+체험+특강 등,20240604,20240604
KCKRSPO23N000001852,관광명소,관광명소_축제,제5회 옥천군민의 날 기념행사,43,충청북도,43730,옥천군,4373025022,문정리,437000000000,충청북도 옥천군 옥천읍 동부로 39-1,충청북도 옥천군 옥천읍 문정리 420-2 국민체육센터,"39-1 Dongbu-ro, Okcheon-eup, Okcheon-gun, Chungcheongbuk-do",4373025022,국민체육센터,4373025022104200002000001,437303173,29040,,36,127,문화정보원,주민참여 및 축하가수 공연+군민대상 시상,20240604,20240604
KCKRSPO23N000001853,관광명소,관광명소_축제,청소년 축제,43,충청북도,43730,옥천군,4373025022,문정리,437000000000,충청북도 옥천군 옥천읍 동부로 39,충청북도 옥천군 옥천읍 문정리 424-1,"39 Dongbu-ro, Okcheon-eup, Okcheon-gun, Chungcheongbuk-do",4373025022,,4373025022104240001010650,437304984,29040,http://www.oc.go.kr/youth/index.do,36,127,문화정보원,공연+체험부스 운영 등,20240604,20240604
KCKRSPO23N000001854,관광명소,관광명소_축제,제23회음성품바축제,43,충청북도,43770,음성군,4377025021,읍내리,438000000000,충청북도 음성군 음성읍 예술로 102,충청북도 음성군 음성읍 읍내리 781-2 음성문화예술회관,"102 Yesul-ro, Eumseong-eup, Eumseong-gun, Chungcheongbuk-do",4377025021,음성문화예술회관,4377025021107810002000074,438732241,27692,http://www.pumba21.com/,36,127,문화정보원,글로벌품바래퍼경연대회+ 품바라이브 등 공연 및 체험,20240604,20240604
KCKRSPO23N000001855,관광명소,관광명소_축제,충주호수축제,43,충청북도,43130,충주시,4313010100,성내동,431000000000,충청북도 충주시 중앙로 128 (성내동),충청북도 충주시 성내동 215 충주문화회관,"128 Jungang-ro, Chungju-si, Chungcheongbuk-do",4313010100,충주문화회관,4313010100102150000000029,438517981,27388,www.cjlake.kr,36,127,문화정보원,뮤직페스티벌+수상공연+물놀이장,20240604,20240604
KCKRSPO23N000001856,관광명소,관광명소_축제,양곡은행나무축제,43,충청북도,43760,괴산군,4376035027,양곡리,438000000000,충청북도 괴산군 문광면 괴산로양곡5길 15,충청북도 괴산군 문광면 양곡리 54,"15 Goesan-ro yanggok 5-gil, Mungwang-myeon, Goesan-gun, Chungcheongbuk-do",4376035027,,4376035027100540000020489,438302513,28056,,36,127,문화정보원,문광 은행나무길 홍보 및 지역홍보,20240604,20240604
KCKRSPO23N000001857,관광명소,관광명소_축제,사리면빨 축제,43,충청북도,43760,괴산군,4376039024,중흥리,438000000000,충청북도 괴산군 사리면 사리로 517,충청북도 괴산군 사리면 중흥리 1-1,"517 Sari-ro, Sari-myeon, Goesan-gun, Chungcheongbuk-do",4376039024,,4376039024100010001019212,438302584,28045,,36,127,문화정보원,농특산물(쌀) 홍보 및 지역홍보,20240604,20240604
KCKRSPO23N000001858,관광명소,관광명소_축제,제24회 단양온달문화축제,43,충청북도,43800,단양군,4380033022,하리,438000000000,충청북도 단양군 영춘면 온달로 23,충청북도 단양군 영춘면 하리 147 온달전시관,"23 Ondal-ro, Yeongchun-myeon, Danyang-gun, Chungcheongbuk-do",4380033022,온달전시관,4380033022101470000017891,434202552,27020,https://www.danyang.go.kr/ondal,37,128,문화정보원,제24회 단양온달문화축제,20240604,20240604
KCKRSPO23N000001859,관광명소,관광명소_축제,증평들노래축제,43,충청북도,43745,증평군,4374525040,남하리,437000000000,충청북도 증평군 증평읍 둔덕길 89,충청북도 증평군 증평읍 남하리 91 증평지역박물관,"89 Dundeok-gil, Jeungpyeong-eup, Jeungpyeong-gun, Chungcheongbuk-do",4374525040,증평지역박물관,4374525040100910000000001,438353970,27948,https://www.jp.go.kr/tour/prog/tursmCn/sub03_02/view.do?progNo=p00000006370bi3vF1tv,36,127,문화정보원,"핵심프로그램(장뜰두레농요 시연)+전통 농경문화를 테마로 한 공연, 전시·체험프로그램 운영+체험행사(고구마캐기·논놀이·농경체험·오감체험 등)+전시행사(사진전시·국화전시 등)",20240604,20240604
KCKRSPO23N000001860,관광명소,관광명소_축제,제43회 생거진천 문화축제,43,충청북도,43750,진천군,4375025024,읍내리,438000000000,충청북도 진천군 진천읍 백사천길 17,충청북도 진천군 진천읍 읍내리 209-9,"17 Baeksacheon-gil, Jincheon-eup, Jincheon-gun, Chungcheongbuk-do",4375025024,,4375025024102090009024027,435393603,27849,http://www.jincheon.go.kr,36,127,문화정보원,문화예술공연+민속경기+군민 가요제+각종 체험프로그램,20240604,20240604
KCKRSPO23N000001861,관광명소,관광명소_축제,세종대왕과 초정약수 축제,43,충청북도,43114,청주시 청원구,4311425031,초정리,431000000000,충청북도 청주시 청원구 내수읍 초정약수로 851,충청북도 청주시 청원구 내수읍 초정리 81-5 초정행궁,"851 Chojeongyaksu-ro, Naesu-eup, Cheongwon-gu, Cheongju-si, Chungcheongbuk-do",4311425031,초정행궁,4311425031100810003000001,432011793,28148,,36,127,문화정보원,초정약수 관련,20240604,20240604
KCKRSPO23N000001862,관광명소,관광명소_축제,제천국제음악영화제,43,충청북도,43150,제천시,4315011300,청전동,432000000000,충청북도 제천시 의림대로 242 (청전동),충청북도 제천시 청전동 110,"242 Uirim-daero, Jecheon-si, Chungcheongbuk-do",4315011300,,4315011300100970003000001,436462242,27152,http://www.jimff.org,37,128,문화정보원,음악영화제,20240604,20240604
KCKRSPO23N000001863,관광명소,관광명소_축제,청주문화재야행,43,충청북도,43111,청주시 상당구,4311110600,남문로2가,431000000000,충청북도 청주시 상당구 성안로 39-2 (남문로2가),충청북도 청주시 상당구 남문로2가 48-20,"39-2 Seongan-ro, Sangdang-gu, Cheongju-si, Chungcheongbuk-do",4311110600,,4311110600100480020047398,432191129,28530,https://cjculturenight.org/index.php,36,127,문화정보원,"초정행궁달빛마실 청주성탈환극 늴리리10,000보 각종야경콘텐츠 등",20240604,20240604
KCKRSPO23N000001864,관광명소,관광명소_축제,청원생명축제,43,충청북도,43114,청주시 청원구,4311425347,성산리,431000000000,충청북도 청주시 청원구 오창읍 미래지로 99,충청북도 청주시 청원구 오창읍 성산리 322-5,"99 Miraeji-ro, Ochang-eup, Cheongwon-gu, Cheongju-si, Chungcheongbuk-do",4311425347,,4371025347103220005000001,432010253,28107,https://www.cheongju.go.kr/bio/index.do,36,127,문화정보원,청주시 친환경 농축산물 한마당,20240604,20240604
KCKRSPO23N000001865,관광명소,관광명소_축제,감물감자축제,43,충청북도,43760,괴산군,4376031026,광전리,438000000000,충청북도 괴산군 감물면 충민로신대길 13,충청북도 괴산군 감물면 광전리 90 감물면사무소,"13 Chungmin-ro sindae-gil, Gammul-myeon, Goesan-gun, Chungcheongbuk-do",4376031026,감물면사무소,4376031026100900000100086,438302432,28006,,36,127,문화정보원,농특산물(감자) 홍보 및 지역홍보,20240604,20240604
KCKRSPO23N000001866,관광명소,관광명소_축제,괴산고추축제,43,충청북도,43760,괴산군,4376025022,서부리,438000000000,충청북도 괴산군 괴산읍 임꺽정로 75,충청북도 괴산군 괴산읍 서부리 160 괴산게이트볼장,"75 Imkkeokjeong-ro, Goesan-eup, Goesan-gun, Chungcheongbuk-do",4376025022,괴산게이트볼장,4376025022101590002203637,438303462,28026,,36,127,문화정보원,"고추관련 온-오프 행사, 고추 및 농특산물 판매 등",20240604,20240604
KCKRSPO23N000001867,관광명소,관광명소_축제,괴산고추축제,43,충청북도,43760,괴산군,4376025022,서부리,438000000000,충청북도 괴산군 괴산읍 임꺽정로 75,충청북도 괴산군 괴산읍 서부리 160 괴산게이트볼장,"75 Imkkeokjeong-ro, Goesan-eup, Goesan-gun, Chungcheongbuk-do",4376025022,괴산게이트볼장,4376025022101590002203637,438303463,28026,http://spicy-fe.kr/pepper/,36,127,문화정보원,고추장담그기체험 깜짝고추경매 황금고추를찾아라 속풀이고추난타 등,20240604,20240604
KCKRSPO23N000001868,관광명소,관광명소_축제,괴산고추축제,43,충청북도,43760,괴산군,4376025022,서부리,438000000000,충청북도 괴산군 괴산읍 임꺽정로 75,충청북도 괴산군 괴산읍 서부리 160 괴산게이트볼장,"75 Imkkeokjeong-ro, Goesan-eup, Goesan-gun, Chungcheongbuk-do",4376025022,괴산게이트볼장,4376025022101590002203637,438303462,28026,https://www.goesan.go.kr/festival/index.do,36,127,문화정보원,세계고추전시회 고추품평회 황금고추를 찾아라 속풀이고추난타 등,20240604,20240604
KCKRSPO23N000001869,관광명소,관광명소_축제,영동난계국악축제,43,충청북도,43740,영동군,4374025021,계산리,437000000000,충청북도 영동군 영동읍 동정로 1,충청북도 영동군 영동읍 계산리 210-1 cctv통합관제센터,"1 Dongjeong-ro, Yeongdong-eup, Yeongdong-gun, Chungcheongbuk-do",4374025021,cctv통합관제센터,4374025022101250004004655,437458916,29140,https://yd21.go.kr/ydft/,36,127,문화정보원,퍼레이드+숭모제+국악기체험 등,20240604,20240604
KCKRSPO23N000001870,관광명소,관광명소_축제,영동곶감축제,43,충청북도,43740,영동군,4374025027,매천리,437000000000,충청북도 영동군 영동읍 영동황간로 122,충청북도 영동군 영동읍 매천리 313 영동체육관,"122 Yeongdonghwanggan-ro, Yeongdong-eup, Yeongdong-gun, Chungcheongbuk-do",4374025027,영동체육관,4374025027103220003008386,437458916,29150,http://www.ydfesta.com/,36,127,문화정보원,LIVE 곶감 판매행사,20240604,20240604
KCKRSPO23N000001871,관광명소,관광명소_축제,지용제,43,충청북도,43730,옥천군,4373025022,문정리,437000000000,충청북도 옥천군 옥천읍 관성로 35,충청북도 옥천군 옥천읍 문정리 476 옥천관성회관,"35 Gwanseong-ro, Okcheon-eup, Okcheon-gun, Chungcheongbuk-do",4373025022,옥천관성회관,4373025022104750006011070,437335588,29039,http://gy-festival.okcc.or.kr,36,127,문화정보원,유튜브 및 공식홈페이지 등을 활용한 온라인 병행 지용문학상 시상 등 문학프로그램 운영 등,20240604,20240604
KCKRSPO23N000001872,관광명소,관광명소_축제,중봉충렬제,43,충청북도,43730,옥천군,4373025022,문정리,437000000000,충청북도 옥천군 옥천읍 관성로 35,충청북도 옥천군 옥천읍 문정리 476 옥천관성회관,"35 Gwanseong-ro, Okcheon-eup, Okcheon-gun, Chungcheongbuk-do",4373025022,옥천관성회관,4373025022104750006011070,437335588,29039,,36,127,문화정보원,추모제례 및 학술세미나,20240604,20240604
KCKRSPO23N000001873,관광명소,관광명소_축제,중봉충렬제,43,충청북도,43730,옥천군,4373025022,문정리,437000000000,충청북도 옥천군 옥천읍 관성로 35,충청북도 옥천군 옥천읍 문정리 476 옥천관성회관,"35 Gwanseong-ro, Okcheon-eup, Okcheon-gun, Chungcheongbuk-do",4373025022,옥천관성회관,4373025022104750006011070,437335588,29039,http://www.okcc.or.kr/html/kr,36,127,문화정보원,중봉조헌추모제향 영규대사 추모제 등,20240604,20240604
KCKRSPO23N000001874,관광명소,관광명소_축제,향수옥천포도복숭아축제,43,충청북도,43730,옥천군,4373025022,문정리,437000000000,충청북도 옥천군 옥천읍 관성로 53,충청북도 옥천군 옥천읍 문정리 390 옥천군생활체육관,"53 Gwanseong-ro, Okcheon-eup, Okcheon-gun, Chungcheongbuk-do",4373025022,옥천군생활체육관,4373025022103900000010683,437303262,29039,https://www.oc.go.kr/grape/index.do,36,127,문화정보원,과일케이크만들기 전자현악및커버댄스공연 실버마이크공연 등,20240604,20240604
KCKRSPO23N000001875,관광명소,관광명소_축제,지용제,43,충청북도,43730,옥천군,4373025024,하계리,437000000000,충청북도 옥천군 옥천읍 향수길 56,충청북도 옥천군 옥천읍 하계리 39,"56 Hyangsu-gil, Okcheon-eup, Okcheon-gun, Chungcheongbuk-do",4373025024,,4373025024100390000016566,437303403,29030,https://www.oc.go.kr/jy/index.do,36,127,문화정보원,지용문학상 시상식 및 정지용 음악회 전국시조경창대회 정지용시 낭송대회 등,20240604,20240604
KCKRSPO23N000001876,관광명소,관광명소_축제,지용제,43,충청북도,43730,옥천군,4373025024,하계리,437000000000,충청북도 옥천군 옥천읍 향수길 56,충청북도 옥천군 옥천읍 하계리 39,"56 Hyangsu-gil, Okcheon-eup, Okcheon-gun, Chungcheongbuk-do",4373025024,,4373025024100390000016566,437303403,29030,https://www.oc.go.kr/jy/index.do,36,127,문화정보원,지용문학상 시상식 및 정지용 음악회 전국시조경창대회 정지용시 낭송대회 등,20240604,20240604
KCKRSPO23N000001877,관광명소,관광명소_축제,음성품바축제,43,충청북도,43770,음성군,4377025021,읍내리,438000000000,충청북도 음성군 음성읍 설성공원길 28,충청북도 음성군 음성읍 읍내리 446-1 야외음악당,"28 Seolseonggongwon-gil, Eumseong-eup, Eumseong-gun, Chungcheongbuk-do",4377025021,야외음악당,4377025021108170000000221,438713402,27703,http://pumba21.com/index.php,36,127,문화정보원,전국 품바 길놀이 퍼레이드 글로벌 품바 래퍼 경연대회 품바뮤지컬 품바왕 선발대회 등,20240604,20240604
KCKRSPO23N000001878,관광명소,관광명소_축제,음성품바축제,43,충청북도,43770,음성군,4377025021,읍내리,438000000000,충청북도 음성군 음성읍 설성공원길 28,충청북도 음성군 음성읍 읍내리 446-1 야외음악당,"28 Seolseonggongwon-gil, Eumseong-eup, Eumseong-gun, Chungcheongbuk-do",4377025021,야외음악당,4377025021108170000000221,438713402,27703,http://www.pumba21.com,36,127,문화정보원,전국 품바 길놀이 퍼레이드 글로벌 품바 래퍼 경연대회 품바뮤지컬 품바왕 선발대회 등,20240604,20240604
KCKRSPO23N000001879,관광명소,관광명소_축제,제천의병제,43,충청북도,43150,제천시,4315010700,중앙로2가,432000000000,충청북도 제천시 의림대로 125 (중앙로2가),충청북도 제천시 중앙로2가 26-1 제천시민회관,"125 Uirim-daero, Jecheon-si, Chungcheongbuk-do",4315010700,제천시민회관,4315010700100260001032746,436423646,27169,http://www.jecheoncc.or.kr,37,128,문화정보원,의병제,20240604,20240604
KCKRSPO23N000001880,관광명소,관광명소_축제,겨울왕국 제천페스티벌,43,충청북도,43150,제천시,4315011300,청전동,432000000000,충청북도 제천시 의림대로 242 (청전동),충청북도 제천시 청전동 110,"242 Uirim-daero, Jecheon-si, Chungcheongbuk-do",4315011300,,4315011300100970003000001,436414870,27152,http://www.jccf.or.kr,37,128,문화정보원,겨울벚꽃 및 얼음 축제,20240604,20240604
KCKRSPO23N000001881,관광명소,관광명소_축제,제천국제음악영화제,43,충청북도,43150,제천시,4315010800,명동,432000000000,충청북도 제천시 의병대로12길 14-1 (명동),충청북도 제천시 명동 155-1,"14-1 Uibyeong-daero 12-gil, Jecheon-si, Chungcheongbuk-do",4315010800,,4315010800101550001021333,436462242,27171,http://www.jimff.org,37,128,문화정보원,제천영화음악아카데미 등,20240604,20240604
KCKRSPO23N000001882,관광명소,관광명소_촬영장소,전주영화종합촬영소,45,전라북도,45111,전주시 완산구,4511114500,상림동,451000000000,전북특별자치도 전주시 완산구 원상림길 125-14 (상림동),전북특별자치도 전주시 완산구 상림동 540 전주영화종합촬영소,"125-14 Wonsangnim-gil, Wansan-gu, Jeonju-si, Jeonbuk-do",4511171400,전주영화종합촬영소,4511114500105400000000001,,55067,,35,127,문화정보원,,20240604,20240604
KCKRSPO23N000001883,관광명소,관광명소_촬영장소,러브레터촬영지,42,강원도,42730,횡성군,4273037025,서원면,427000000000,강원특별자치도 횡성군 서원면 경강로유현1길 30,강원특별자치도 횡성군 서원면 유현리 1097,"30 Gyeonggang-ro yuhyeon 1-gil, Seowon-myeon, Hoengseong-gun, Gangwon-do",4273037000,,4273037025110970000001377,,25200,,37,127,문화정보원,,20240604,20240604
KCKRSPO23N000001884,관광명소,관광명소_촬영장소,시월애촬영지,28,인천광역시,28710,강화군,2871041021,삼산면,287000000000,인천광역시 강화군 삼산면 어류정길212번길 7-12,인천광역시 강화군 삼산면 매음리 871-2,"7-12 Eoryujeong-gil 212beon-gil, Samsan-myeon, Ganghwa-gun, Incheon",2871041000,,2871041025108730000052733,,23007,,37,126,문화정보원,,20240604,20240604
KCKRSPO23N000001885,관광명소,관광명소_촬영장소,청춘촬영지,48,경상남도,48850,하동군,4885032033,악양면 봉대리,,,경남 하동군 악양면 봉대리 770-1,,4885032000,,,,,,35,127,문화정보원,,20240604,20240604
KCKRSPO23N000001886,관광명소,관광명소_촬영장소,드라마영광의재인촬영지,43,충청북도,43111,청주시 상당구,4311111200,수동,431000000000,충청북도 청주시 상당구 수암로 43 (수동),충청북도 청주시 상당구 수동 88-2,"43 Suam-ro, Sangdang-gu, Cheongju-si, Chungcheongbuk-do",4311152500,,4311111200100880002000001,,28507,,36,127,문화정보원,,20240604,20240604
KCKRSPO23N000001887,관광명소,관광명소_촬영장소,슬픈연가세트장,28,인천광역시,28720,옹진군,2872031021,북도면,287000000000,인천광역시 옹진군 북도면 시도로86번길 404,인천광역시 옹진군 북도면 시도리 1-11,"404 Sido-ro 86beon-gil, Bukdo-myeon, Ongjin-gun, Incheon",3011072500,,2872031021100010011008628,,23114,,36,127,문화정보원,,20240604,20240604
KCKRSPO23N000001888,관광명소,관광명소_촬영장소,신데렐라언니촬영지,41,경기도,41650,포천시,4165039023,영북면 산정리,,,경기 포천시 영북면 산정리 291-4,,4165039000,,,,11103,,38,127,문화정보원,,20240604,20240604
KCKRSPO23N000001889,관광명소,관광명소_촬영장소,혜원의집,47,경상북도,47720,군위군,4772034034,우보면,477000000000,경기도 이천시 중리천로22번길 16 (중리동),경기도 이천시 중리동 21-6,"16 Jungnicheon-ro 22beon-gil, Icheon-si, Gyeonggi-do",4150052000,,4150010300100210006009294,,17375,,37,127,문화정보원,,20240604,20240604
KCKRSPO23N000001890,관광명소,관광명소_촬영장소,낭만닥터김사부촬영지,41,경기도,41650,포천시,4165039023,영북면,417000000000,경기도 포천시 영북면 산정호수로 771,경기도 포천시 영북면 산정리 204-1,"771 Sanjeonghosu-ro, Yeongbuk-myeon, Pocheon-si, Gyeonggi-do",1111055000,,4165039023102040001064129,,3022,,38,127,문화정보원,,20240604,20240604
KCKRSPO23N000001891,관광명소,관광명소_촬영장소,기생충포토존,11,서울특별시,11110,종로구,1111018400,부암동,111103100012,서울특별시 종로구 자하문로 219 (부암동),서울특별시 종로구 부암동 281-11,"219 Jahamun-ro, Jongno-gu, Seoul",,,1111018400102810011025105,,,,,,문화정보원,,20240604,20240604
KCKRSPO23N000001892,관광명소,관광명소_촬영장소,명성황후촬영지,11,서울특별시,11110,종로구,1111011900,세종로,111000000000,서울특별시 종로구 사직로 161 (세종로),서울특별시 종로구 세종로 1-1,"161 Sajik-ro, Jongno-gu, Seoul",1111051500,,1111011900100010057031464,,3045,,37,126,문화정보원,,20240604,20240604
KCKRSPO23N000001893,관광명소,관광명소_촬영장소,봄날은간다촬영지,42,강원도,42770,정선군,4277037021,여량면,428000000000,강원특별자치도 정선군 여량면 아우라지길 78,강원특별자치도 정선군 여량면 여량리 162,"78 Auraji-gil, Yeoryang-myeon, Jeongseon-gun, Gangwon-do",4277037000,,4277037021101620001037840,,26106,,37,128,문화정보원,,20240604,20240604
KCKRSPO23N000001894,관광명소,관광명소_촬영장소,불멸의이순신촬영지,45,전라북도,45800,부안군,4580036022,변산면,458000000000,전북특별자치도 부안군 변산면 격포로 309-64,전북특별자치도 부안군 변산면 격포리 374 부안영상테마파크,"309-64 Gyeokpo-ro, Byeonsan-myeon, Buan-gun, Jeonbuk-do",4580036000,부안영상테마파크,4580036022103710091020687,,56338,,35,126,문화정보원,,20240604,20240604
KCKRSPO23N000001895,관광명소,관광명소_촬영장소,파이란촬영지,42,강원도,42820,고성군,4282031023,현내면,281000000000,인천광역시 중구 자유공원남로 25 (송학동1가),인천광역시 중구 송학동1가 11-1 제물포구락부,"25 Jayugongwonnam-ro, Jung-gu, Incheon",2811053000,제물포구락부,2811011900100110001064374,,22315,,37,126,문화정보원,,20240604,20240604
KCKRSPO23N000001896,관광명소,관광명소_촬영장소,태왕사신기촬영지,44,충청남도,44825,태안군,4482531022,고남면,448000000000,제주특별자치도 제주시 구좌읍 선유로 505,제주특별자치도 제주시 구좌읍 김녕리 산157-4 태왕사신기,"505 Seonyu-ro, Gujwa-eup, Jeju-si, Jeju-do",5011025600,태왕사신기,5011025634600000005000001,,63348,,33,126,문화정보원,,20240604,20240604
KCKRSPO23N000001897,관광명소,관광명소_촬영장소,수통대장금촬영지,44,충청남도,44710,금산군,4471033030,부리면,447000000000,충청남도 금산군 부리면 도파길 40,충청남도 금산군 부리면 수통리 285-2,"40 Dopa-gil, Buri-myeon, Geumsan-gun, Chungcheongnam-do",4471033000,,4471033030102850002006680,,32756,,36,127,문화정보원,,20240604,20240604
KCKRSPO23N000001898,관광명소,관광명소_촬영장소,신의촬영지,41,경기도,41310,구리시,4131010600,아천동,413000000000,경기도 구리시 우미내길 41 (아천동),경기도 구리시 아천동 316-47 고구려박물관,"41 Uminae-gil, Guri-si, Gyeonggi-do",4131054100,고구려박물관,4131010600103160047008962,,11958,,37,127,문화정보원,,20240604,20240604
KCKRSPO23N000001899,관광명소,관광명소_촬영장소,여친소촬영장소,42,강원도,42760,평창군,4276038024,대관령면 횡계리,428000000000,,강원 평창군 대관령면 횡계리 산 1-136,,4276038000,,,,,,37,128,문화정보원,,20240604,20240604
KCKRSPO23N000001900,관광명소,관광명소_촬영장소,건축학개론촬영지,50,제주특별자치도,50130,서귀포시,5013025327,남원읍,501000000000,제주특별자치도 서귀포시 남원읍 위미해안로 86,제주특별자치도 서귀포시 남원읍 위미리 2975,"86 Wimihaean-ro, Namwon-eup, Seogwipo-si, Jeju-do",5013025300,,5013025327129750000000001,,63611,,33,126,문화정보원,,20240604,20240604
KCKRSPO23N000001901,관광명소,관광명소_촬영장소,연개소문촬영지,47,경상북도,47280,문경시,4728025321,가은읍,473000000000,경상북도 문경시 가은읍 왕능길 112,경상북도 문경시 가은읍 왕능리 432-5 문경석탄박물관,"112 Wangneung-gil, Gaeun-eup, Mungyeong-si, Gyeongsangbuk-do",4728025300,문경석탄박물관,4728025321104320005819280,,36995,,36,128,문화정보원,,20240604,20240604
KCKRSPO23N000001902,관광명소,관광명소_촬영장소,러빙유촬영지,50,제주특별자치도,50130,서귀포시,5013031028,안덕면,501000000000,제주특별자치도 제주시 조천읍 조함해안로 525,제주특별자치도 제주시 조천읍 함덕리 1004-10,"525 Johamhaean-ro, Jocheon-eup, Jeju-si, Jeju-do",5011025900,,5011025924010040012068061,,63333,,33,126,문화정보원,,20240604,20240604
KCKRSPO23N000001903,관광명소,관광명소_촬영장소,그대그리고나촬영지,47,경상북도,47770,영덕군,4777031032,강구면 오포리,,,경북 영덕군 강구면 오포리 813,,4777031000,,,,,,36,129,문화정보원,,20240604,20240604
KCKRSPO23N000001904,관광명소,관광명소_촬영장소,동감촬영장,27,대구광역시,27200,남구,2720010300,대명동,272000000000,대구광역시 남구 명덕로 104 (대명동),대구광역시 남구 대명동 2139-11 계명대학교,"104 Myeongdeok-ro, Nam-gu, Daegu",,계명대학교,2720010300121350001013113,,42403,,35,128,문화정보원,,20240604,20240604
KCKRSPO23N000001905,관광명소,관광명소_촬영장소,모래시계촬영지,42,강원도,42150,강릉시,4215034022,강동면 모전리,,,강원 강릉시 강동면 모전리 산 198,,4215034000,,,,,,37,128,문화정보원,,20240604,20240604
KCKRSPO23N000001906,관광명소,관광명소_촬영장소,번지점프를하다촬영지,44,충청남도,44825,태안군,4482533027,근흥면,442000000000,충청남도 공주시 사곡면 마곡사로 966,충청남도 공주시 사곡면 운암리 567 마곡사,"966 Magoksa-ro, Sagok-myeon, Gongju-si, Chungcheongnam-do",4415039000,마곡사,4415039029200740002029443,,32520,,36,127,문화정보원,,20240604,20240604
KCKRSPO23N000001907,관광명소,관광명소_촬영장소,용의눈물촬영장,42,강원도,42750,영월군,4275025023,영월읍 방절리,,,강원 영월군 영월읍 방절리 249,,4275025000,,,,26226,,37,128,문화정보원,,20240604,20240604
KCKRSPO23N000001908,관광명소,관광명소_촬영장소,상도촬영지,47,경상북도,47250,상주시,4725031021,중동면,473000000000,경상북도 상주시 중동면 갱다불길 147,경상북도 상주시 중동면 회상리 782,"147 Gaengdabul-gil, Jungdong-myeon, Sangju-si, Gyeongsangbuk-do",4725031000,,4725031021107820000023507,,37245,,36,128,문화정보원,,20240604,20240604
KCKRSPO23N000001909,관광명소,관광명소_촬영장소,신라의달밤촬영지,47,경상북도,47130,경주시,4713031528,문무대왕면,471000000000,경상북도 경주시 문무대왕면 동해안로 1366-9,경상북도 경주시 문무대왕면 봉길리 17-1,"1366-9 Donghaean-ro, Munmudaewang-myeon, Gyeongju-si, Gyeongsangbuk-do",4713031500,,4713031028100170001000002,,38121,,35,129,문화정보원,,20240604,20240604
KCKRSPO23N000001910,관광명소,관광명소_촬영장소,토지촬영지,48,경상남도,48850,하동군,4885032034,악양면,489000000000,경상남도 하동군 악양면 평사리길 70-4,경상남도 하동군 악양면 평사리 482,"70-4 Pyeongsari-gil, Agyang-myeon, Hadong-gun, Gyeongsangnam-do",4885032000,,4885032034104820000000001,558802380,52307,,35,127,문화정보원,,20240604,20240604
KCKRSPO23N000001911,관광명소,관광명소_촬영장소,궁드라마촬영지,47,경상북도,47130,경주시,4713011200,인왕동,471000000000,경상북도 경주시 원화로 102 (인왕동),경상북도 경주시 인왕동 506-1,"102 Wonhwa-ro, Gyeongju-si, Gyeongsangbuk-do",,,4713011200105060001006783,,38163,,35,129,문화정보원,,20240604,20240604
KCKRSPO23N000001912,관광명소,관광명소_촬영장소,편지촬영지,41,경기도,41820,가평군,4182033023,상면 행현리,,,경기 가평군 상면 행현리 산 262,,4182033000,,,,12448,,37,127,문화정보원,,20240604,20240604
KCKRSPO23N000001913,관광명소,관광명소_촬영장소,나주영상테마파크바람의나라세트장,46,전라남도,46170,나주시,4617034024,공산면,462000000000,전라남도 나주시 공산면 덕음로 450,전라남도 나주시 공산면 신곡리 산2 주몽세트장,"450 Deogeum-ro, Gongsan-myeon, Naju-si, Jeollanam-do",4617034000,주몽세트장,4617034024200240000000001,,58289,,34,126,문화정보원,,20240604,20240604
KCKRSPO23N000001914,관광명소,관광명소_촬영장소,천국의계단촬영지,28,인천광역시,28110,중구,2811015200,무의동,281000000000,서울특별시 송파구 올림픽로 240 (잠실동),서울특별시 송파구 잠실동 40-1 롯데월드,"240 Olympic-ro, Songpa-gu, Seoul",1171068000,롯데월드,1171010100100400001000435,,5554,,37,127,문화정보원,,20240604,20240604
KCKRSPO23N000001915,관광명소,관광명소_촬영장소,태극기휘날리며촬영지,42,강원도,42760,평창군,4276038024,대관령면,428000000000,경상남도 합천군 가회면 황매산공원길 263,경상남도 합천군 가회면 둔내리 산219-16,"263 Hwangmaesangongwon-gil, Gahoe-myeon, Hapcheon-gun, Gyeongsangnam-do",4889044000,,4889044024202190016000001,559706000,50226,,35,127,문화정보원,,20240604,20240604
KCKRSPO23N000001916,관광명소,관광명소_촬영장소,순천드라마촬영장,46,전라남도,46150,순천시,4615013300,조례동,462000000000,전라남도 순천시 비례골길 24 (조례동),"전라남도 순천시 조례동 22 순천드라마촬영장, 관광안내소, 오픈세트장","24 Biryegol-gil, Suncheon-si, Jeollanam-do",4615066500,"순천드라마촬영장, 관광안내소, 오픈세트장",4615013300100230000000001,,57972,,34,127,문화정보원,,20240604,20240604
KCKRSPO23N000001917,관광명소,관광명소_촬영장소,영화외출촬영지,42,강원도,42230,삼척시,4223012600,정하동,422000000000,강원특별자치도 삼척시 새천년도로 219 (정하동),강원특별자치도 삼척시 정하동 5-4 펠리스호텔,"219 Saecheonnyeondo-ro, Samcheok-si, Gangwon-do",4223053000,펠리스호텔,4223012600100050004000001,,25925,,37,129,문화정보원,,20240604,20240604
KCKRSPO23N000001918,관광명소,관광명소_촬영장소,서울1945촬영지,48,경상남도,48890,합천군,4889046037,용주면,489000000000,경상남도 합천군 용주면 합천호수로 757,경상남도 합천군 용주면 가호리 256-5 촬영세트,"757 Hapcheonhosu-ro, Yongju-myeon, Hapcheon-gun, Gyeongsangnam-do",4889046000,촬영세트,4889046037102560006003737,,50215,,35,128,문화정보원,,20240604,20240604
KCKRSPO23N000001919,관광명소,관광명소_촬영장소,죽성성당,26,부산광역시,26710,기장군,2671025024,기장읍,267000000000,,부산 기장군 기장읍 죽성리 631,,2671025000,,,,46078,,35,129,문화정보원,,20240604,20240604
KCKRSPO23N000001920,관광명소,관광명소_촬영장소,대장금촬영지,45,전라북도,45790,고창군,4579032036,아산면,447000000000,충청남도 금산군 부리면 도파길 40,충청남도 금산군 부리면 수통리 285-2,"40 Dopa-gil, Buri-myeon, Geumsan-gun, Chungcheongnam-do",4471033000,,4471033030102850002006680,,32756,,36,127,문화정보원,,20240604,20240604
KCKRSPO23N000001921,관광명소,관광명소_촬영장소,올인촬영지,50,제주특별자치도,50130,서귀포시,5013032024,표선면,501000000000,제주특별자치도 서귀포시 성산읍 섭지코지로 107,제주특별자치도 서귀포시 성산읍 고성리 127-2 휘닉스아일랜드콘도,"107 Seopjikoji-ro, Seongsan-eup, Seogwipo-si, Jeju-do",5013025900,휘닉스아일랜드콘도,5013025924100620000000001,,63642,,33,126,문화정보원,,20240604,20240604
KCKRSPO23N000001922,관광명소,관광명소_촬영장소,풀하우스촬영지,28,인천광역시,28720,옹진군,2872031021,북도면 시도리,,,인천 옹진군 북도면 시도리 45-6,,2872031000,,,,,,37,126,문화정보원,,20240604,20240604
KCKRSPO23N000001923,관광명소,관광명소_촬영장소,가을동화촬영지,42,강원도,42210,속초시,4221010900,청호동,422000000000,,강원 고성군 현내면 초도리 237-3,,4282031000,,,336803356,,,38,128,문화정보원,,20240604,20240604
KCKRSPO23N000001924,관광명소,관광명소_촬영장소,환상의커플철수네집촬영지,48,경상남도,48840,남해군,4884033026,삼동면 물건리,,,경남 남해군 삼동면 물건리 산 48-1,,4884033000,,,,,,34,128,문화정보원,,20240604,20240604
KCKRSPO23N000001925,관광명소,관광명소_촬영장소,환상의커플촬영지,48,경상남도,48840,남해군,4884033026,삼동면,488000000000,경상남도 남해군 삼동면 독일로 66,경상남도 남해군 삼동면 물건리 1142,"66 Dogil-ro, Samdong-myeon, Namhae-gun, Gyeongsangnam-do",,,4884033026111420000016723,,52447,,34,128,문화정보원,,20240604,20240604
KCKRSPO23N000001926,관광명소,관광명소_촬영장소,겨울연가촬영지,11,서울특별시,11110,종로구,1111014600,가회동,111000000000,강원특별자치도 춘천시 남산면 남이섬길 1,강원특별자치도 춘천시 남산면 방하리 197 남이섬,"1 Namiseom-gil, Namsan-myeon, Chuncheon-si, Gangwon-do",4211040000,남이섬,4211040030101970000000334,,24464,,37,127,문화정보원,,20240604,20240604
KCKRSPO23N000001927,관광명소,관광명소_촬영장소,원정리,30,대전광역시,30170,서구,3017012500,용촌동,,,대전 서구 용촌동 493-1,,3017060000,,,,,,36,127,문화정보원,,20240604,20240604
KCKRSPO23N000001928,관광명소,관광명소_촬영장소,섭지코지올인하우스,50,제주특별자치도,50130,서귀포시,5013025924,성산읍,501000000000,제주특별자치도 서귀포시 성산읍 섭지코지로 107,제주특별자치도 서귀포시 성산읍 고성리 127-2 휘닉스아일랜드콘도,"107 Seopjikoji-ro, Seongsan-eup, Seogwipo-si, Jeju-do",5013025900,휘닉스아일랜드콘도,5013025924100620000000001,,63642,,33,126,문화정보원,,20240604,20240604
KCKRSPO23N000001929,관광명소,관광명소_촬영장소,시크릿가든촬영장,41,경기도,41670,여주시,4167034526,세종대왕면,417000000000,경기 여주시 능서면 용은길 28,경기도 여주시 세종대왕면 용은리 443-3,,4167034500,,,,12640,,37,127,문화정보원,,20240604,20240604
KCKRSPO23N000001930,관광명소,관광명소_촬영장소,선샤인스튜디오,44,충청남도,44230,논산시,4423025330,연무읍,442000000000,충청남도 논산시 연무읍 봉황로 90,충청남도 논산시 연무읍 황화정리 859-55,"90 Bonghwang-ro, Yeonmu-eup, Nonsan-si, Chungcheongnam-do",4423025300,,4423025330108590055000001,,33012,,36,127,문화정보원,,20240604,20240604
KCKRSPO23N000001931,관광명소,관광명소_촬영장소,석불산영상랜드,45,전라북도,45800,부안군,4580040021,하서면 청호리,,,전북 부안군 하서면 청호리 685-56,,4580040000,,,,,,35,126,문화정보원,,20240604,20240604
KCKRSPO23N000001932,관광명소,관광명소_촬영장소,상도촬영지,46,전라남도,46150,순천시,4615038036,낙안면,473000000000,경상북도 상주시 중동면 갱다불길 147,경상북도 상주시 중동면 회상리 782,"147 Gaengdabul-gil, Jungdong-myeon, Sangju-si, Gyeongsangbuk-do",4725031000,,4725031021107820000023507,,37245,,36,128,문화정보원,,20240604,20240604
KCKRSPO23N000001933,관광명소,관광명소_촬영장소,장길산촬영지,44,충청남도,44825,태안군,4482532022,남면 몽산리,,,충남 태안군 남면 몽산리 465-332,,4482532000,,,,,,36,126,문화정보원,,20240604,20240604
KCKRSPO23N000001934,관광명소,관광명소_촬영장소,대왕세종촬영지,47,경상북도,47280,문경시,4728025030,문경읍 상초리,473000000000,경상북도 문경시 문경읍 새재로 932,경상북도 문경시 문경읍 상초리 288-1,"932 Saejae-ro, Mungyeong-eup, Mungyeong-si, Gyeongsangbuk-do",4728025000,,4728025030102880001027421,,36919,,36,128,문화정보원,,20240604,20240604
KCKRSPO23N000001935,관광명소,관광명소_촬영장소,별에서온그대촬영지,48,경상남도,48330,양산시,4833034021,하북면,483000000000,경기도 고양시 일산동구 호수로 595 (장항동),경기도 고양시 일산동구 장항동 906 고양꽃전시관,"595 Hosu-ro, Ilsandong-gu, Goyang-si, Gyeonggi-do",4128559000,고양꽃전시관,4128510400109060000000181,,10400,,37,126,문화정보원,,20240604,20240604
KCKRSPO23N000001936,관광명소,관광명소_촬영장소,웰컴투동막골촬영지,42,강원도,42760,평창군,4276038024,대관령면,428000000000,강원특별자치도 평창군 미탄면 동막골길 122,강원특별자치도 평창군 미탄면 율치리 산41-1,"122 Dongmakgol-gil, Mitan-myeon, Pyeongchang-gun, Gangwon-do",4276031000,,4276031022200410000631191,,25382,,37,128,문화정보원,,20240604,20240604
KCKRSPO23N000001937,관광명소,관광명소_촬영장소,용인대장금파크,41,경기도,41461,용인시 처인구,4146135028,백암면,415000000000,경기도 용인시 처인구 백암면 용천드라마길 25,경기도 용인시 처인구 백암면 용천리 778-1 MBC드라미아,"25 Yongcheon drama-gil, Baegam-myeon, Cheoin-gu, Yongin-si, Gyeonggi-do",4146135000,MBC드라미아,4146135028107770001218959,,17182,,37,127,문화정보원,,20240604,20240604
KCKRSPO23N000001938,관광명소,관광명소_촬영장소,학교2013촬영지,41,경기도,41115,수원시 팔달구,4111513800,화서동,411000000000,경기도 수원시 팔달구 일월로 50 (화서동),경기도 수원시 팔달구 화서동 720 율천고등학교,"50 Irwol-ro, Paldal-gu, Suwon-si, Gyeonggi-do",4111569000,율천고등학교,4111513800107200000008894,,16422,,37,126,문화정보원,,20240604,20240604
KCKRSPO23N000001939,관광명소,관광명소_촬영장소,괴물촬영지,11,서울특별시,11170,용산구,1117012900,이촌동,,,서울 용산구 이촌동 393-3,,1117064000,,,,,,37,126,문화정보원,,20240604,20240604
KCKRSPO23N000001940,관광명소,관광명소_촬영장소,봄여름가을겨울그리고봄촬영지,47,경상북도,47750,청송군,4775031527,주왕산면 주산지리,,,경북 청송군 주왕산면 주산지리 산 41-1,,4775031500,,,,,,36,129,문화정보원,,20240604,20240604
KCKRSPO23N000001941,관광명소,관광명소_촬영장소,천국의계단촬영지,11,서울특별시,11710,송파구,1171010100,잠실동,281000000000,서울특별시 송파구 올림픽로 240 (잠실동),서울특별시 송파구 잠실동 40-1 롯데월드,"240 Olympic-ro, Songpa-gu, Seoul",1171068000,롯데월드,1171010100100400001000435,,5554,,37,127,문화정보원,,20240604,20240604
KCKRSPO23N000001942,관광명소,관광명소_촬영장소,천년학촬영지,46,전라남도,46800,장흥군,4680037022,회진면,468000000000,전라남도 장흥군 회진면 천년학길 60,전라남도 장흥군 회진면 회진리 1740-1,"60 Cheonnyeonhak-gil, Hoejin-myeon, Jangheung-gun, Jeollanam-do",4680037000,,4680037022116690000003671,,59360,,34,126,문화정보원,,20240604,20240604
KCKRSPO23N000001943,관광명소,관광명소_촬영장소,SBS드라마드림세트장,26,부산광역시,26710,기장군,2671025024,기장읍,267000000000,부산광역시 기장군 기장읍 두호길 29-43,부산광역시 기장군 기장읍 죽성리 135,"29-43 Duho-gil, Gijang-eup, Gijang-gun, Busan",2671025000,,2671025024101340001011245,,46078,,35,129,문화정보원,,20240604,20240604
KCKRSPO23N000001944,관광명소,관광명소_촬영장소,영화외출촬영지,42,강원도,42230,삼척시,4223010100,성내동,422000000000,강원특별자치도 삼척시 새천년도로 219 (정하동),강원특별자치도 삼척시 정하동 5-4 펠리스호텔,"219 Saecheonnyeondo-ro, Samcheok-si, Gangwon-do",4223053000,펠리스호텔,4223012600100050004000001,,25925,,37,129,문화정보원,,20240604,20240604
KCKRSPO23N000001945,관광명소,관광명소_촬영장소,대장금촬영지,44,충청남도,44710,금산군,4471033030,부리면,447000000000,충청남도 금산군 부리면 도파길 40,충청남도 금산군 부리면 수통리 285-2,"40 Dopa-gil, Buri-myeon, Geumsan-gun, Chungcheongnam-do",4471033000,,4471033030102850002006680,,32756,,36,127,문화정보원,,20240604,20240604
KCKRSPO23N000001946,관광명소,관광명소_촬영장소,서동요세트장,45,전라북도,45140,익산시,4514039023,여산면 원수리,,,전북 익산시 여산면 원수리 1004-3,,4514039000,,,,,,36,127,문화정보원,,20240604,20240604
KCKRSPO23N000001947,관광명소,관광명소_촬영장소,아현동골목길,11,서울특별시,11440,마포구,1144010100,아현동,114000000000,서울특별시 마포구 독막로 154-6 (창전동),서울특별시 마포구 창전동 317-4,"154-6 Dongmak-ro, Mapo-gu, Seoul",1144065500,,1144011400103170004026758,,4078,,37,126,문화정보원,,20240604,20240604
KCKRSPO23N000001948,관광명소,관광명소_촬영장소,JSA촬영지,44,충청남도,44770,서천군,4477034040,한산면 신성리,0,0,충남 서천군 한산면 신성리 8-12,,4477034000,,,,,,36,126,문화정보원,,20240604,20240604
KCKRSPO23N000001949,관광명소,관광명소_촬영장소,선물촬영지,46,전라남도,46780,보성군,4678025024,보성읍,468000000000,전라남도 보성군 보성읍 녹차로 1035,전라남도 보성군 보성읍 봉산리 676-3,"1035 Nokcha-ro, Boseong-eup, Boseong-gun, Jeollanam-do",4678025000,,4678025024106760003104324,,59448,,34,127,문화정보원,,20240604,20240604
KCKRSPO23N000001950,관광명소,관광명소_촬영장소,고맙습니다촬영지,46,전라남도,46910,신안군,4691031023,증도면,469000000000,전라남도 신안군 증도면 화도길 334,전라남도 신안군 증도면 대초리 1828,"334 Hwado-gil, Jeungdo-myeon, Sinan-gun, Jeollanam-do",4691031000,,4691031023118280000000001,,58808,,34,126,문화정보원,,20240604,20240604
KCKRSPO23N000001951,관광명소,관광명소_촬영장소,청석골드라마세트장,42,강원도,42780,철원군,4278032022,근남면,428000000000,강원특별자치도 철원군 근남면 하오재로 818,강원특별자치도 철원군 근남면 잠곡리 산133-1 복주산자연휴양림,"818 Haojae-ro, Geunnam-myeon, Cheorwon-gun, Gangwon-do",4278032000,복주산자연휴양림,4278032022201300009000333,,24065,,38,127,문화정보원,,20240604,20240604
KCKRSPO23N000001952,관광명소,관광명소_촬영장소,순수의시대촬영지,48,경상남도,48220,통영시,4822036027,한산면 비진리,0,0,경남 통영시 한산면 비진리 산 46-1,,4822036000,,,,,,34,128,문화정보원,,20240604,20240604
KCKRSPO23N000001953,관광명소,관광명소_촬영장소,신라밀레니엄파크선덕여왕촬영지,47,경상북도,47130,경주시,4713013600,신평동,471000000000,경상북도 경주시 엑스포로 55-12 (신평동),경상북도 경주시 신평동 719-70,"55-12 EXPO-ro, Gyeongju-si, Gyeongsangbuk-do",4713066000,,4713013600107190214030920,,38116,,35,129,문화정보원,,20240604,20240604
KCKRSPO23N000001954,관광명소,관광명소_촬영장소,문경실내촬영스튜디오,47,경상북도,47280,문경시,4728010600,신기동,473000000000,경상북도 문경시 신기유곡길 107-7 (신기동),경상북도 문경시 신기동 434,"107-7 Singiyugok-gil, Mungyeong-si, Gyeongsangbuk-do",4728060000,,4728010600104340000007572,,36988,,,,문화정보원,,20240604,20240604
KCKRSPO23N000001955,관광명소,관광명소_촬영장소,내마음의풍금촬영장,45,전라북도,45790,고창군,4579031032,고수면,458000000000,전북특별자치도 고창군 고수면 고수로 395,전북특별자치도 고창군 고수면 상평리 산78,"395 Gosu-ro, Gosu-myeon, Gochang-gun, Jeonbuk-do",4579031000,,4579031032200780000005595,,56447,,35,126,문화정보원,,20240604,20240604
KCKRSPO23N000001956,관광명소,관광명소_촬영장소,아스달연대기드라마세트장,41,경기도,41370,오산시,4137011000,내삼미동,0,경기도 오산시 북삼미로 12 (내삼미동),경기도 오산시 내삼미동 907 오산 미니어처 전시관,"12 Buksammi-ro, Osan-si, Gyeonggi-do",4137054000,오산 미니어처 전시관,4137011000102500000000001,,18112,,37,127,문화정보원,,20240604,20240604
KCKRSPO23N000001957,관광명소,관광명소_촬영장소,대조영촬영지,42,강원도,42210,속초시,4221011300,장사동,422000000000,경상북도 문경시 문경읍 새재로 932,경상북도 문경시 문경읍 상초리 288-1,"932 Saejae-ro, Mungyeong-eup, Mungyeong-si, Gyeongsangbuk-do",4728025000,,4728025030102880001027421,,36919,,36,128,문화정보원,,20240604,20240604
KCKRSPO23N000001958,관광명소,관광명소_촬영장소,갯마을드라마촬영지,47,경상북도,47113,포항시 북구,4711332029,청하면,471000000000,경상북도 포항시 북구 청하면 해안로 1884-2,경상북도 포항시 북구 청하면 청진리 429 청진3리어민복지회관,"1884-2 Haean-ro, Cheongha-myeon, Buk-gu, Pohang-si, Gyeongsangbuk-do",4711332000,청진3리어민복지회관,4711332029104290000010059,,37518,,,,문화정보원,,20240604,20240604
KCKRSPO23N000001959,관광명소,관광명소_촬영장소,폭풍속으로촬영지,47,경상북도,47930,울진군,4793031025,북면,479000000000,경상북도 울진군 죽변면 등대길 74-14,경상북도 울진군 죽변면 죽변리 120-37 SBS폭풍속으로세트장,"74-14 Deungdae-gil, Jukbyeon-myeon, Uljin-gun, Gyeongsangbuk-do",4793037000,SBS폭풍속으로세트장,4793037021101200036012821,,36315,,37,129,문화정보원,,20240604,20240604
KCKRSPO23N000001960,관광명소,관광명소_촬영장소,네멋대로해라촬영지,47,경상북도,47111,포항시 남구,4711110200,대도동,471000000000,경상북도 포항시 남구 상공로 10 (대도동),경상북도 포항시 남구 대도동 640-7 매일신문사 동부지역본부,"10 Sanggong-ro, Nam-gu, Pohang-si, Gyeongsangbuk-do",4711325000,매일신문사 동부지역본부,4711110200106400007118153,,37831,,36,129,문화정보원,,20240604,20240604
KCKRSPO23N000001961,관광명소,관광명소_촬영장소,청춘불패촬영지,42,강원도,42720,홍천군,4272036025,남면,427000000000,강원특별자치도 홍천군 남면 시동로 1103-17,강원특별자치도 홍천군 남면 유치리 301,"1103-17 Sidong-ro, Nam-myeon, Hongcheon-gun, Gangwon-do",4272036000,,4272036025103010000002455,,25110,,37,127,문화정보원,,20240604,20240604
KCKRSPO23N000001962,관광명소,관광명소_촬영장소,디마종합촬영소,41,경기도,41550,안성시,4155041026,삼죽면,416000000000,경기도 안성시 삼죽면 동아예대길 47,경기도 안성시 삼죽면 진촌리 632-18 동아방송예술대학교,"47 Dongayedae-gil, Samjuk-myeon, Anseong-si, Gyeonggi-do",4155041000,동아방송예술대학교,4155041026105630003011174,,17516,,37,127,문화정보원,,20240604,20240604
KCKRSPO23N000001963,관광명소,관광명소_촬영장소,엽기적인그녀촬영지,42,강원도,42770,정선군,4277025923,신동읍,415000000000,경기도 하남시 미사대로 505 (신장동),경기도 하남시 신장동 281 미사리경정장·조정카누경기장,"505 Misa-daero, Hanam-si, Gyeonggi-do",4145061000,미사리경정장·조정카누경기장,4145010600102810000010104,,12900,,37,127,문화정보원,,20240604,20240604
KCKRSPO23N000001964,관광명소,관광명소_촬영장소,겨울연가촬영지,42,강원도,42760,평창군,4276038023,대관령면,111000000000,강원특별자치도 춘천시 남산면 남이섬길 1,강원특별자치도 춘천시 남산면 방하리 197 남이섬,"1 Namiseom-gil, Namsan-myeon, Chuncheon-si, Gangwon-do",4211040000,남이섬,4211040030101970000000334,,24464,,37,127,문화정보원,,20240604,20240604
KCKRSPO23N000001965,관광명소,관광명소_촬영장소,온달관광지온달세트장,43,충청북도,43800,단양군,4380033022,영춘면,438000000000,충청북도 단양군 영춘면 온달로 23,충청북도 단양군 영춘면 하리 147 온달전시관,"23 Ondal-ro, Yeongchun-myeon, Danyang-gun, Chungcheongbuk-do",4380033000,온달전시관,4380033022101470000017891,,27020,,37,128,문화정보원,,20240604,20240604
KCKRSPO23N000001966,관광명소,관광명소_촬영장소,감자꽃사진촬영장,42,강원도,42760,평창군,4276038023,대관령면,428000000000,강원특별자치도 평창군 대관령면 차항길 234,강원특별자치도 평창군 대관령면 차항리 124-5,"234 Chahang-gil, Daegwallyeong-myeon, Pyeongchang-gun, Gangwon-do",4276038000,,4276038023101240005131823,,25340,,37,128,문화정보원,,20240604,20240604
KCKRSPO23N000001967,관광명소,관광명소_촬영장소,금강송드라마세트장,47,경상북도,47930,울진군,4793031022,북면,479000000000,경상북도 울진군 북면 석호1길 46-63,경상북도 울진군 북면 나곡리 산 79-9,,4793031000,,,,36304,,37,129,문화정보원,,20240604,20240604
KCKRSPO23N000001968,관광명소,관광명소_촬영장소,허준촬영지,46,전라남도,46820,해남군,4682034030,송지면,,,전라남도 해남군 송지면 송호리 산180,,4682034000,,,,,,34,126,문화정보원,,20240604,20240604
KCKRSPO23N000001969,관광명소,관광명소_촬영장소,태양을삼켜라세트장,50,제주특별자치도,50130,서귀포시,5013025327,남원읍 위미리,,,제주특별자치도 서귀포시 남원읍 위미리 산 68-8,,5013025300,,,,,,33,126,문화정보원,,20240604,20240604
KCKRSPO23N000001970,관광명소,관광명소_촬영장소,마파도영화촬영지,46,전라남도,46870,영광군,4687025334,백수읍,469000000000,전라남도 영광군 백수읍 해안로4길 193,전라남도 영광군 백수읍 백암리 239,"193 Haean-ro 4-gil, Baeksu-eup, Yeonggwang-gun, Jeollanam-do",4687025300,,4687025334102360002012686,,57025,,35,126,문화정보원,,20240604,20240604
KCKRSPO23N000001971,관광명소,관광명소_촬영장소,영상테마파크&청와대세트장,48,경상남도,48890,합천군,4889046037,용주면,489000000000,경상남도 합천군 용주면 합천호수로 757,경상남도 합천군 용주면 가호리 256-5 촬영세트,"757 Hapcheonhosu-ro, Yongju-myeon, Hapcheon-gun, Gyeongsangnam-do",4889046000,촬영세트,4889046037102560006003737,,50215,,35,128,문화정보원,,20240604,20240604
KCKRSPO23N000001972,관광명소,관광명소_촬영장소,가은오픈세트장,47,경상북도,47280,문경시,4728025321,가은읍,473000000000,경상북도 문경시 가은읍 왕능길 112,경상북도 문경시 가은읍 왕능리 432-5 문경석탄박물관,"112 Wangneung-gil, Gaeun-eup, Mungyeong-si, Gyeongsangbuk-do",4728025300,문경석탄박물관,4728025321104320005819280,,36995,,36,128,문화정보원,,20240604,20240604
KCKRSPO23N000001973,관광명소,관광명소_촬영장소,단적비연수촬영지,48,경상남도,48860,산청군,4886031026,차황면,489000000000,,경남 산청군 차황면 법평리 1-1,,4886031000,,,,52207,,35,127,문화정보원,,20240604,20240604
KCKRSPO23N000001974,관광명소,관광명소_촬영장소,겨울연가촬영지,42,강원도,42110,춘천시,4211040030,남산면,111000000000,강원특별자치도 춘천시 남산면 남이섬길 1,강원특별자치도 춘천시 남산면 방하리 197 남이섬,"1 Namiseom-gil, Namsan-myeon, Chuncheon-si, Gangwon-do",4211040000,남이섬,4211040030101970000000334,,24464,,37,127,문화정보원,,20240604,20240604
KCKRSPO23N000001975,관광명소,관광명소_촬영장소,한국민속촌다모드라마촬영지,41,경기도,41463,용인시 기흥구,4146310500,보라동,415000000000,경기도 용인시 기흥구 민속촌로 90 (보라동),경기도 용인시 기흥구 보라동 35 한국민속촌,"90 Minsokchon-ro, Giheung-gu, Yongin-si, Gyeonggi-do",4146353500,한국민속촌,4146310500100310000227746,,17075,,37,127,문화정보원,,20240604,20240604
KCKRSPO23N000001976,관광명소,관광명소_촬영장소,가을동화촬영장소,42,강원도,42760,평창군,4276038024,대관령면,428000000000,,강원 평창군 대관령면 횡계리 산 1-173,,4276038000,,,,,,37,128,문화정보원,,20240604,20240604
KCKRSPO23N000001977,관광명소,관광명소_촬영장소,번지점프를하다촬영장,46,전라남도,46730,구례군,4673034024,마산면,467000000000,전라남도 구례군 마산면 화엄사로 539-1,전라남도 구례군 마산면 황전리 산20-1,"539-1 Hwaeomsa-ro, Masan-myeon, Gurye-gun, Jeollanam-do",4673034000,,4673034024200200001008753,,57616,,35,127,문화정보원,,20240604,20240604
KCKRSPO23N000001978,관광명소,관광명소_촬영장소,횡성테마랜드,42,강원도,42730,횡성군,4273031021,우천면 두곡리,,,강원 횡성군 우천면 두곡리 558-1,,4273031000,,,,,,37,128,문화정보원,,20240604,20240604
KCKRSPO23N000001979,관광명소,관광명소_촬영장소,봄날은간다촬영지,42,강원도,42230,삼척시,4223031021,근덕면,428000000000,강원특별자치도 삼척시 근덕면 양리길 20-24,강원특별자치도 삼척시 근덕면 동막리 1154-11,"20-24 Yangni-gil, Geundeok-myeon, Samcheok-si, Gangwon-do",4223031000,,4223031029204390002000001,,26106,,37,129,문화정보원,,20240604,20240604
KCKRSPO23N000001980,관광명소,관광명소_촬영장소,여름향기촬영지,42,강원도,42760,평창군,4276036027,진부면,428000000000,강원특별자치도 평창군 대관령면 비안길 159-4,강원특별자치도 평창군 대관령면 병내리 405-2,"159-4 Bian-gil, Daegwallyeong-myeon, Pyeongchang-gun, Gangwon-do",4276038000,,4276038022104050002012168,,25339,,37,128,문화정보원,,20240604,20240604
KCKRSPO23N000001981,관광명소,관광명소_촬영장소,친구촬영지,26,부산광역시,26170,동구,2617010300,좌천동,262000000000,부산광역시 동구 정공단로11번가길 21-2 (좌천동),부산광역시 동구 좌천동 777-2,"21-2 Jeonggongdan-ro 11beonga-gil, Dong-gu, Busan",2617064500,,2617010300107770002015764,,48724,,35,129,문화정보원,,20240604,20240604
KCKRSPO23N000001982,관광명소,관광명소_촬영장소,해변의여인촬영지,44,충청남도,44825,태안군,4482535025,원북면,448000000000,충청남도 태안군 원북면 신두해변길 151,충청남도 태안군 원북면 신두리 1414-3,"151 Sinduhaebyeon-gil, Wonbuk-myeon, Taean-gun, Chungcheongnam-do",4482535000,,4482535025114140003023902,,32108,,36,126,문화정보원,,20240604,20240604
KCKRSPO23N000001983,관광명소,관광명소_촬영장소,영화외출촬영지,42,강원도,42230,삼척시,4223010700,갈천동,422000000000,강원특별자치도 삼척시 새천년도로 219 (정하동),강원특별자치도 삼척시 정하동 5-4 펠리스호텔,"219 Saecheonnyeondo-ro, Samcheok-si, Gangwon-do",4223053000,펠리스호텔,4223012600100050004000001,,25925,,37,129,문화정보원,,20240604,20240604
KCKRSPO23N000001984,관광명소,관광명소_촬영장소,제주실내영상스튜디오,50,제주특별자치도,50110,제주시,5011031030,색달동,501000000000,제주특별자치도 제주시 한경면 저지12길 53,제주특별자치도 제주시 한경면 저지리 2114-37,"53 Jeoji 12-gil, Hangyeong-myeon, Jeju-si, Jeju-do",5011031000,,5011031030121140037000001,,63005,,,,문화정보원,,20240604,20240604
KCKRSPO23N000001985,관광명소,관광명소_촬영장소,가문의영광촬영지,46,전라남도,46130,여수시,4613011600,남산동,,,전남 여수시 남산동 277,,4613065500,,,,,,34,127,문화정보원,,20240604,20240604
KCKRSPO23N000001986,관광명소,관광명소_촬영장소,이제수의난촬영지,50,제주특별자치도,50130,서귀포시,5013032023,표선면,,,제주특별자치도 서귀포시 표선면 성읍리 944,,5013032000,,,,,,33,126,문화정보원,,20240604,20240604
KCKRSPO23N000001987,관광명소,관광명소_촬영장소,하늘정원촬영지,48,경상남도,48240,사천시,4824010800,벌리동,482000000000,경상남도 진주시 남강로1번길 126 (판문동),경상남도 진주시 판문동 산171-1,"126 Namgang-ro 1beon-gil, Jinju-si, Gyeongsangnam-do",4817073000,,4817012900201710001205257,,52648,,35,128,문화정보원,,20240604,20240604
KCKRSPO23N000001988,관광명소,관광명소_촬영장소,해신청해포구촬영장,46,전라남도,46890,완도군,4689025030,완도읍,469000000000,전라남도 완도군 완도읍 청해진서로 1161-8,전라남도 완도군 완도읍 대신리 1089-3,"1161-8 Cheonghaejinseo-ro, Wando-eup, Wando-gun, Jeollanam-do",4689025000,,4689025030110220009001613,,59107,,34,126,문화정보원,,20240604,20240604
KCKRSPO23N000001989,관광명소,관광명소_촬영장소,태양의후예촬영지,42,강원도,42190,태백시,4219011200,통동,422000000000,강원특별자치도 태백시 통골길 112 (통동),강원특별자치도 태백시 통동 산67-39,"112 Tonggol-gil, Taebaek-si, Gangwon-do",4219052500,,4219011200100490005006753,,26029,,37,129,문화정보원,,20240604,20240604
KCKRSPO23N000001990,관광명소,관광명소_촬영장소,명진책대여점,45,전라북도,45111,전주시 완산구,4511112600,서서학동,451000000000,전북특별자치도 전주시 완산구 서학3길 63 (서서학동),전북특별자치도 전주시 완산구 서서학동 1-2,"63 Seohak 3-gil, Wansan-gu, Jeonju-si, Jeonbuk-do",4511166000,,4511112600100010002013504,,55100,,,,문화정보원,,20240604,20240604
KCKRSPO23N000001991,관광명소,관광명소_촬영장소,은행나무침대촬영지,48,경상남도,48310,거제시,4831033023,남부면,483000000000,경상남도 거제시 남부면 여차길 22,경상남도 거제시 남부면 다포리 53-3,"22 Yeocha-gil, Nambu-myeon, Geoje-si, Gyeongsangnam-do",4831033000,,4831033023100530003000001,,53334,,34,128,문화정보원,,20240604,20240604
KCKRSPO23N000001992,관광명소,관광명소_촬영장소,아름다운시절촬영지,48,경상남도,48720,의령군,4872031023,가례면,462000000000,전라남도 순천시 낙안면 충민길 30,전라남도 순천시 낙안면 동내리 438-1,"30 Chungmin-gil, Nagan-myeon, Suncheon-si, Jeollanam-do",4615038000,,4615038021104370001000001,,57918,,34,127,문화정보원,,20240604,20240604
KCKRSPO23N000001993,관광명소,관광명소_촬영장소,연풍연가촬영지,50,제주특별자치도,50110,제주시,5011025026,한림읍,501000000000,제주특별자치도 제주시 한림읍 한림로 300,제주특별자치도 제주시 한림읍 협재리 2487,"300 Hallim-ro, Hallim-eup, Jeju-si, Jeju-do",5011025000,,5011025031028720014002534,,63011,,33,126,문화정보원,,20240604,20240604
KCKRSPO23N000001994,관광명소,관광명소_촬영장소,인생은아름다워촬영지,50,제주특별자치도,50130,서귀포시,5013025021,대정읍,,,제주특별자치도 서귀포시 대정읍 상모리 170-3,,5013025000,,,,,,33,126,문화정보원,,20240604,20240604
KCKRSPO23N000001995,관광명소,관광명소_촬영장소,박하사탕촬영지,43,충청북도,43150,제천시,4315036028,백운면,,,충북 제천시 백운면 애련리 724,,4315036000,,,,27105,,37,128,문화정보원,,20240604,20240604
KCKRSPO23N000001996,관광명소,관광명소_촬영장소,달마야놀자촬영장,48,경상남도,48250,김해시,4825011900,삼방동,483000000000,경상남도 김해시 신어산길 140 (삼방동),경상남도 김해시 삼방동 산120-1,"140 Sineosan-gil, Gimhae-si, Gyeongsangnam-do",4825059000,,4825011900201200001048509,,50811,,35,128,문화정보원,,20240604,20240604
KCKRSPO23N000001997,관광명소,관광명소_촬영장소,드라마하우스,31,울산광역시,31710,울주군,3171031025,서생면,317000000000,울산광역시 울주군 서생면 간절곶해안길 231,울산광역시 울주군 서생면 대송리 산28,"231 Ganjeolgothaean-gil, Seosaeng-myeon, Ulju-gun, Ulsan",3171031000,,3171031025200280000028221,,45015,,35,129,문화정보원,,20240604,20240604
KCKRSPO23N000001998,관광명소,관광명소_촬영장소,영상컨텐츠소프트웨어진흥센터(2022년11월예정),42,강원도,42130,원주시,4213011700,반곡동,,강원특별자치도 원주시 혁신로 92-1 (반곡동),강원특별자치도 원주시 반곡동 2042-4 상가동,"92-1 Hyeoksin-ro, Wonju-si, Gangwon-do",4213067500,상가동,4213011700201480000000019,,26467,,,,문화정보원,,20240604,20240604
KCKRSPO23N000001999,관광명소,관광명소_촬영장소,겨울연가촬영지,11,서울특별시,11110,종로구,1111014600,가회동,111000000000,강원특별자치도 춘천시 남산면 남이섬길 1,강원특별자치도 춘천시 남산면 방하리 197 남이섬,"1 Namiseom-gil, Namsan-myeon, Chuncheon-si, Gangwon-do",4211040000,남이섬,4211040030101970000000334,,24464,,37,127,문화정보원,,20240604,20240604
KCKRSPO23N000002000,관광명소,관광명소_촬영장소,태백산맥촬영장,46,전라남도,46880,장성군,4688038027,북일면,,,전남 장성군 북일면 문암리 산 171,,4688038000,,,,,,35,126,문화정보원,,20240604,20240604
KCKRSPO23N000002001,관광명소,관광명소_촬영장소,인어공주촬영지,50,제주특별자치도,50110,제주시,5011033021,우도면,,,제주특별자치도 제주시 우도면 연평리 307,,5011033000,,,,,,33,126,문화정보원,,20240604,20240604
KCKRSPO23N000002002,관광명소,관광명소_촬영장소,아트서비스A동,41,경기도,41480,파주시,4148032022,탄현면,415000000000,"서울특별시 강남구 도산대로 232 (논현동, 청학아파트)",서울특별시 강남구 논현동 62-3 청학아파트,"232 Dosan-daero, Gangnam-gu, Seoul",1168053100,청학아파트,1168010800100620005005233,,6048,,37,127,문화정보원,,20240604,20240604
KCKRSPO23N000002003,관광명소,관광명소_촬영장소,여름향기촬영지,46,전라남도,46780,보성군,4678025023,보성읍,428000000000,강원특별자치도 평창군 대관령면 비안길 159-4,강원특별자치도 평창군 대관령면 병내리 405-2,"159-4 Bian-gil, Daegwallyeong-myeon, Pyeongchang-gun, Gangwon-do",4276038000,,4276038022104050002012168,,25339,,37,128,문화정보원,,20240604,20240604
KCKRSPO23N000002004,관광명소,관광명소_촬영장소,클래식촬영지,30,대전광역시,30170,서구,3017012400,원정동,,,대전 서구 원정동 477-3,,3017060000,,,,35423,,36,127,문화정보원,,20240604,20240604
KCKRSPO23N000002005,관광명소,관광명소_촬영장소,워낭소리부부의집,47,경상북도,47920,봉화군,4792038024,상운면,479000000000,경상북도 봉화군 상운면 산정길 84-41,경상북도 봉화군 상운면 하눌리 726-2,"84-41 Sanjeong-gil, Sangun-myeon, Bonghwa-gun, Gyeongsangbuk-do",4792038000,,4792038024107260002011386,,36243,,36,128,문화정보원,,20240604,20240604
KCKRSPO23N000002006,관광명소,관광명소_촬영장소,도깨비촬영지,42,강원도,42150,강릉시,4215025022,주문진읍,422000000000,인천광역시 서구 경인항대로 180 (백석동),인천광역시 서구 백석동 58 북청라영업소,"180 Gyeonginhang-daero, Seo-gu, Incheon",2826051500,북청라영업소,2826010100100000000000004,,22688,,37,126,문화정보원,,20240604,20240604
KCKRSPO23N000002007,관광명소,관광명소_촬영장소,남양주종합촬영소,41,경기도,41360,남양주시,4136036025,조안면,414000000000,경기도 남양주시 조안면 북한강로855번길 138,경기도 남양주시 조안면 삼봉리 92 KOFIC남양주종합촬영소,"138 Bukhangang-ro 855beon-gil, Joan-myeon, Namyangju-si, Gyeonggi-do",4136036000,KOFIC남양주종합촬영소,4136036025100920000025586,,12278,,37,127,문화정보원,,20240604,20240604
KCKRSPO23N000002008,관광명소,관광명소_촬영장소,선암사취화선촬영지,46,전라남도,46150,순천시,4615025032,승주읍,462000000000,전라남도 순천시 승주읍 선암사길 450,전라남도 순천시 승주읍 죽학리 802 선암사,"450 Seonamsa-gil, Seungju-eup, Suncheon-si, Jeollanam-do",4615025000,선암사,4615025032100480001022227,,57909,,34,127,문화정보원,,20240604,20240604
KCKRSPO23N000002009,관광명소,관광명소_촬영장소,태조왕건촬영지,43,충청북도,43150,제천시,4315031022,금성면,432000000000,충청북도 제천시 금성면 청풍호로 1544,충청북도 제천시 금성면 성내리 260-1,"1544 Cheongpungho-ro, Geumseong-myeon, Jecheon-si, Chungcheongbuk-do",4315031000,,4315031022102600001014735,,27211,,37,128,문화정보원,,20240604,20240604
KCKRSPO23N000002010,관광명소,관광명소_촬영장소,첫사랑사수궐기대회촬영장,26,부산광역시,26110,중구,2611011000,중앙동7가,261000000000,부산광역시 중구 대교로 94 (중앙동7가),부산광역시 중구 중앙동7가 77-9 유람선선착장,"94 Daegyo-ro, Jung-gu, Busan",2611051000,유람선선착장,2611010800100160000000001,,,,35,129,문화정보원,,20240604,20240604
KCKRSPO23N000002011,관광명소,관광명소_촬영장소,봄의왈츠촬영지,46,전라남도,46890,완도군,4689035022,청산면,469000000000,전라남도 완도군 청산면 청산로 136,"전라남도 완도군 청산면 당락리 323-1 봄의왈츠, 서편제 촬영장","136 Cheongsan-ro, Cheongsan-myeon, Wando-gun, Jeollanam-do",4689035000,"봄의왈츠, 서편제 촬영장",4689035022103450001041499,,59150,,34,126,문화정보원,,20240604,20240604
KCKRSPO23N000002012,관광명소,관광명소_촬영장소,겨울연가촬영지,42,강원도,42760,평창군,4276038026,대관령면,111000000000,강원특별자치도 춘천시 남산면 남이섬길 1,강원특별자치도 춘천시 남산면 방하리 197 남이섬,"1 Namiseom-gil, Namsan-myeon, Chuncheon-si, Gangwon-do",4211040000,남이섬,4211040030101970000000334,,24464,,37,127,문화정보원,,20240604,20240604
KCKRSPO23N000002013,관광명소,관광명소_촬영장소,그겨울바람이분다촬영지,42,강원도,42110,춘천시,4211040028,남산면,421000000000,강원특별자치도 춘천시 남산면 햇골길 80,강원특별자치도 춘천시 남산면 서천리 412,"80 Haetgol-gil, Namsan-myeon, Chuncheon-si, Gangwon-do",4211040000,,4211040028104120000000002,,24464,,37,127,문화정보원,,20240604,20240604
KCKRSPO23N000002014,관광명소,관광명소_촬영장소,어썸타운스튜디오,41,경기도,41281,고양시 덕양구,4128111900,내유동,,경기도 고양시 덕양구 명봉산로6번길 201-11 (내유동),경기도 고양시 덕양구 내유동 산12,"201-11 Myeongbongsan-ro 6beon-gil, Deogyang-gu, Goyang-si, Gyeonggi-do",4128160000,,4128111900200120000000001,,10264,,,,문화정보원,,20240604,20240604
KCKRSPO23N000002015,관광명소,관광명소_촬영장소,청풍명월촬영지,48,경상남도,48270,밀양시,4827025022,삼랑진읍,467000000000,전라남도 담양군 금성면 비내동길 148,전라남도 담양군 금성면 봉서리 산51-1,"148 Binaedong-gil, Geumseong-myeon, Damyang-gun, Jeollanam-do",4671037000,,4671037027200510001002534,,57353,,35,127,문화정보원,,20240604,20240604
KCKRSPO23N000002016,관광명소,관광명소_촬영장소,전라좌수영,45,전라북도,45800,부안군,4580036022,변산면,458000000000,전북특별자치도 부안군 변산면 궁항영상길 91,전북특별자치도 부안군 변산면 격포리 642 전라좌수영,"91 Gunghangyeongsang-gil, Byeonsan-myeon, Buan-gun, Jeonbuk-do",4580036000,전라좌수영,4580036022106410000020090,,56340,,35,126,문화정보원,,20240604,20240604
KCKRSPO23N000002017,관광명소,관광명소_촬영장소,다모촬영지,46,전라남도,46710,담양군,4671037027,금성면,,,전남 담양군 금성면 봉서리 산 45,,4671037000,,,,,,35,127,문화정보원,,20240604,20240604
KCKRSPO23N000002018,관광명소,관광명소_촬영장소,불새드라마촬영지,50,제주특별자치도,50130,서귀포시,5013011900,색달동,,,제주특별자치도 서귀포시 색달동 2950-3,,5013062000,,,,,,33,126,문화정보원,,20240604,20240604
KCKRSPO23N000002019,관광명소,관광명소_촬영장소,YMCA야구단촬영지,45,전라북도,45111,전주시 완산구,4511111800,교동,451000000000,경상북도 안동시 풍천면 하회북촌길 17,경상북도 안동시 풍천면 하회리 1176-1,"17 Hahoebukchon-gil, Pungcheon-myeon, Andong-si, Gyeongsangbuk-do",4717034000,,4717034033107050000084313,,36760,,36,128,문화정보원,,20240604,20240604
KCKRSPO23N000002020,관광명소,관광명소_촬영장소,춘향뎐촬영지,45,전라북도,45190,남원시,4519010500,천거동,452000000000,전북특별자치도 남원시 광한서로 15 (천거동),전북특별자치도 남원시 천거동 118 남원추어탕,"15 Gwanghanseo-ro, Namwon-si, Jeonbuk-do",4519055000,남원추어탕,4519010500101180000307549,,55769,,35,127,문화정보원,,20240604,20240604
KCKRSPO23N000002021,관광명소,관광명소_촬영장소,카인과아벨촬영지,43,충청북도,43111,청주시 상당구,4311111200,수동,431000000000,충북 청주시 상당구 수암로54번길 3-3,충청북도 청주시 상당구 수동 81-73,,4311152500,,,,28507,,36,127,문화정보원,,20240604,20240604
KCKRSPO23N000002022,관광명소,관광명소_촬영장소,TVN선다방촬영지,11,서울특별시,11110,종로구,1111013900,팔판동,111000000000,서울특별시 종로구 팔판길 13 (팔판동),서울특별시 종로구 팔판동 132-1,"13 Palpan-gil, Jongno-gu, Seoul",,,1111013900101320001026008,,3054,,37,126,문화정보원,,20240604,20240604
KCKRSPO23N000002023,관광명소,관광명소_촬영장소,선생김봉두찰영지,42,강원도,42770,정선군,4277025927,신동읍,428000000000,강원특별자치도 정선군 신동읍 연포길 544-6,강원특별자치도 정선군 신동읍 덕천리 436-4 연포분교,"544-6 Yeonpo-gil, Sindong-eup, Jeongseon-gun, Gangwon-do",4277025900,연포분교,4277025927104360004014450,,26136,,37,128,문화정보원,,20240604,20240604
KCKRSPO23N000002024,관광명소,관광명소_촬영장소,서동요촬영지,45,전라북도,45140,익산시,4514012400,신흥동,,,전북 익산시 신흥동 산 21,,4514067000,,,,,,35,126,문화정보원,,20240604,20240604
KCKRSPO23N000002025,관광명소,관광명소_촬영장소,실미도촬영지,28,인천광역시,28110,중구,2811015200,무의동,,,인천 중구 무의동 산 361-5,,2811063000,,,,22388,,37,126,문화정보원,,20240604,20240604
KCKRSPO23N000002026,관광명소,관광명소_촬영장소,폭풍속으로세트장,47,경상북도,47930,울진군,4793037021,죽변면,479000000000,경상북도 울진군 죽변면 등대길 74-14,경상북도 울진군 죽변면 죽변리 120-37 SBS폭풍속으로세트장,"74-14 Deungdae-gil, Jukbyeon-myeon, Uljin-gun, Gyeongsangbuk-do",4793037000,SBS폭풍속으로세트장,4793037021101200036012821,,36315,,37,129,문화정보원,,20240604,20240604
KCKRSPO23N000002027,관광명소,관광명소_촬영장소,러브레터촬영지,42,강원도,42730,횡성군,4273037025,서원면,427000000000,강원특별자치도 횡성군 서원면 경강로유현1길 30,강원특별자치도 횡성군 서원면 유현리 1097,"30 Gyeonggang-ro yuhyeon 1-gil, Seowon-myeon, Hoengseong-gun, Gangwon-do",4273037000,,4273037025110970000001377,,25200,,37,127,문화정보원,,20240604,20240604
KCKRSPO23N000002028,관광명소,관광명소_촬영장소,소향촌,41,경기도,41550,안성시,4155032027,금광면,416000000000,경기도 안성시 금광면 삼흥로 453-36,경기도 안성시 금광면 삼흥리 753-2,"453-36 Samheung-ro, Geumgwang-myeon, Anseong-si, Gyeonggi-do",4155032000,,4155032027107530002000001,,17534,,37,127,문화정보원,,20240604,20240604
KCKRSPO23N000002029,관광명소,관광명소_촬영장소,한벽터널,45,전라북도,45111,전주시 완산구,4511111800,교동,,전북특별자치도 전주시 완산구 기린대로 2 (교동),전북특별자치도 전주시 완산구 교동 산7-3 한벽당,"2 Girin-daero, Wansan-gu, Jeonju-si, Jeonbuk-do",4511153000,한벽당,4511111800200070003011914,,55110,,,,문화정보원,,20240604,20240604
KCKRSPO23N000002030,관광명소,관광명소_촬영장소,용의눈물촬영지,44,충청남도,44825,태안군,4482535023,원북면,448000000000,전북특별자치도 전주시 완산구 태조로 44 (풍남동3가),전북특별자치도 전주시 완산구 풍남동3가 91-5 경기전,"44 Taejo-ro, Wansan-gu, Jeonju-si, Jeonbuk-do",4511153000,경기전,4511111000100910005345136,,55042,,35,127,문화정보원,,20240604,20240604
KCKRSPO23N000002031,관광명소,관광명소_촬영장소,더그림,41,경기도,41830,양평군,4183034022,옥천면,418000000000,경기도 양평군 옥천면 사나사길 175,경기도 양평군 옥천면 용천리 564-7,"175 Sanasa-gil, Okcheon-myeon, Yangpyeong-gun, Gyeonggi-do",4183034000,,4183034022105640002014596,,12506,,37,127,문화정보원,,20240604,20240604
KCKRSPO23N000002032,관광명소,관광명소_촬영장소,영화밀양촬영지,48,경상남도,48270,밀양시,4827010800,가곡동,483000000000,경상남도 밀양시 중앙로 118 (가곡동),경상남도 밀양시 가곡동 613-4,"118 Jungang-ro, Miryang-si, Gyeongsangnam-do",4827054000,,4827010800106130004044258,,50444,,35,128,문화정보원,,20240604,20240604
KCKRSPO23N000002033,관광명소,관광명소_촬영장소,슬픈연가촬영지,30,대전광역시,30110,동구,3011012100,추동,,,대전광역시 동구 추동 680번지,,3011072500,,,,,,,,문화정보원,,20240604,20240604
KCKRSPO23N000002034,관광명소,관광명소_촬영장소,화왕산촬영지,48,경상남도,48740,창녕군,4874025023,창녕읍,,,경남 창녕군 창녕읍 말흘리 244-2,,4874025000,,,,,,35,128,문화정보원,,20240604,20240604
KCKRSPO23N000002035,관광명소,관광명소_촬영장소,익산교도소세트장,45,전라북도,45140,익산시,4514035022,성당면,451000000000,전북특별자치도 익산시 성당면 함낭로 207,전북특별자치도 익산시 성당면 와초리 154-4 익산 교도소 세트장,"207 Hamnang-ro, Seongdang-myeon, Iksan-si, Jeonbuk-do",4514035000,익산 교도소 세트장,4514035022101540004037813,,54505,,36,126,문화정보원,,20240604,20240604
KCKRSPO23N000002036,관광명소,관광명소_촬영장소,연애소설촬영장소,42,강원도,42760,평창군,4276038024,대관령면,428000000000,,강원 평창군 대관령면 횡계리 산 1-136,,4276038000,,,,,,37,128,문화정보원,,20240604,20240604
KCKRSPO23N000002037,관광명소,관광명소_촬영장소,태왕사신기촬영지,41,경기도,41310,구리시,4131010600,아천동,448000000000,제주특별자치도 제주시 구좌읍 선유로 505,제주특별자치도 제주시 구좌읍 김녕리 산157-4 태왕사신기,"505 Seonyu-ro, Gujwa-eup, Jeju-si, Jeju-do",5011025600,태왕사신기,5011025634600000005000001,,63348,,33,126,문화정보원,,20240604,20240604
KCKRSPO23N000002038,관광명소,관광명소_촬영장소,스캔들촬영지,46,전라남도,46900,진도군,4690033032,의신면,472000000000,경상북도 안동시 풍천면 하회북촌길 17,경상북도 안동시 풍천면 하회리 1176-1,"17 Hahoebukchon-gil, Pungcheon-myeon, Andong-si, Gyeongsangbuk-do",4717034000,,4717034033107050000084313,,36760,,36,128,문화정보원,,20240604,20240604
KCKRSPO23N000002039,관광명소,관광명소_촬영장소,웰컴투동막골촬영지,42,강원도,42760,평창군,4276031022,미탄면,428000000000,강원특별자치도 평창군 미탄면 동막골길 122,강원특별자치도 평창군 미탄면 율치리 산41-1,"122 Dongmakgol-gil, Mitan-myeon, Pyeongchang-gun, Gangwon-do",4276031000,,4276031022200410000631191,,25382,,37,128,문화정보원,,20240604,20240604
KCKRSPO23N000002040,관광명소,관광명소_촬영장소,나주영상테마파크,46,전라남도,46170,나주시,4617034024,공산면,462000000000,전라남도 나주시 공산면 덕음로 450,전라남도 나주시 공산면 신곡리 산2 주몽세트장,"450 Deogeum-ro, Gongsan-myeon, Naju-si, Jeollanam-do",4617034000,주몽세트장,4617034024200240000000001,,58289,,34,126,문화정보원,,20240604,20240604
KCKRSPO23N000002041,관광명소,관광명소_촬영장소,후토스야외촬영장,47,경상북도,47920,봉화군,4792025023,봉화읍,479000000000,경상북도 봉화군 봉화읍 충재길 87-21,경상북도 봉화군 봉화읍 유곡리 870,"87-21 Chungjae-gil, Bonghwa-eup, Bonghwa-gun, Gyeongsangbuk-do",4792025000,,4792025023108700000025419,,36241,,36,128,문화정보원,,20240604,20240604
KCKRSPO23N000002042,관광명소,관광명소_촬영장소,영화스캔들촬영지,46,전라남도,46900,진도군,4690033021,의신면,469000000000,전라남도 진도군 의신면 운림산방로 315,전라남도 진도군 의신면 사천리 61 운림산방,"315 Ullimsanbang-ro, Uisin-myeon, Jindo-gun, Jeollanam-do",4717034000,운림산방,4690033021100610000025640,,58934,,36,128,문화정보원,,20240604,20240604
KCKRSPO23N000002043,관광명소,관광명소_촬영장소,아트하우스촬영소,41,경기도,41287,고양시 일산서구,4128710800,법곳동,413000000000,경기도 고양시 일산서구 송산로334번길 247-96 (법곳동),경기도 고양시 일산서구 법곳동 1124-3,"247-96 Songsan-ro 334beon-gil, Ilsanseo-gu, Goyang-si, Gyeonggi-do",,,4128710800111240003016599,,10213,,37,126,문화정보원,,20240604,20240604
KCKRSPO23N000002044,관광명소,관광명소_촬영장소,가을동화촬영지,42,강원도,42820,고성군,4282025322,거진읍,422000000000,,강원 고성군 현내면 초도리 237-3,,4282031000,,,336803356,,,38,128,문화정보원,,20240604,20240604
KCKRSPO23N000002045,관광명소,관광명소_촬영장소,삼여전망대,48,경상남도,48220,통영시,4822035022,욕지면,,,경남 통영시 욕지면 서산리 산 8-218,,4822035000,,,,,,34,128,문화정보원,,20240604,20240604
KCKRSPO23N000002046,관광명소,관광명소_촬영장소,청풍명월촬영지,46,전라남도,46710,담양군,4671037027,금성면,467000000000,전라남도 담양군 금성면 비내동길 148,전라남도 담양군 금성면 봉서리 산51-1,"148 Binaedong-gil, Geumseong-myeon, Damyang-gun, Jeollanam-do",4671037000,,4671037027200510001002534,,57353,,35,127,문화정보원,,20240604,20240604
KCKRSPO23N000002047,관광명소,관광명소_촬영장소,제빵왕김탁구촬영지,43,충청북도,43111,청주시 상당구,4311111200,수동,431000000000,충청북도 청주시 상당구 수암로 57-1 (수동),충청북도 청주시 상당구 수동 81-35,"57-1 Suam-ro, Sangdang-gu, Cheongju-si, Chungcheongbuk-do",,,4311111200100810035053574,,28507,,36,127,문화정보원,,20240604,20240604
KCKRSPO23N000002048,관광명소,관광명소_촬영장소,해양드라마세트장,48,경상남도,48125,창원시 마산합포구,4812531023,구산면,481000000000,,경남 창원시 마산합포구 구산면 석곡리 772-1,,4812531000,,,552483711,51781,,35,128,문화정보원,,20240604,20240604
KCKRSPO23N000002049,관광명소,관광명소_촬영장소,로망스촬영지,48,경상남도,48129,창원시 진해구,4812913800,태백동,481000000000,경상남도 창원시 진해구 여좌로118번길 70 (태백동),경상남도 창원시 진해구 태백동 산52-3,"70 Yeojwa-ro 118beon-gil, Jinhae-gu, Changwon-si, Gyeongsangnam-do",4812955000,,4812913800200520003000711,,51578,,35,128,문화정보원,,20240604,20240604
KCKRSPO23N000002050,관광명소,관광명소_촬영장소,구서도역영상촬영장,45,전라북도,45190,남원시,4519038021,사매면,452000000000,전북특별자치도 남원시 사매면 서도길 32,전북특별자치도 남원시 사매면 서도리 2-4 구서도역영상촬영장,"32 Seodo-gil, Samae-myeon, Namwon-si, Jeonbuk-do",4519038000,구서도역영상촬영장,4519038021100020004044600,,55704,,35,127,문화정보원,,20240604,20240604
KCKRSPO23N000002051,관광명소,관광명소_촬영장소,온달관광지정도전촬영지,43,충청북도,43800,단양군,4380033022,영춘면,438000000000,충청북도 단양군 영춘면 온달로 23,충청북도 단양군 영춘면 하리 147 온달전시관,"23 Ondal-ro, Yeongchun-myeon, Danyang-gun, Chungcheongbuk-do",4380033000,온달전시관,4380033022101470000017891,,27020,,37,128,문화정보원,,20240604,20240604
KCKRSPO23N000002052,관광명소,관광명소_촬영장소,글로벌미디어,41,경기도,41800,연천군,4180034023,미산면,418000000000,경기도 연천군 미산면 마유로 105,경기도 연천군 미산면 백석리 90,"105 Mayu-ro, Misan-myeon, Yeoncheon-gun, Gyeonggi-do",4180034000,,4180034023100900000000001,,11045,,38,126,문화정보원,,20240604,20240604
KCKRSPO23N000002053,관광명소,관광명소_촬영장소,태양의남쪽촬영지,42,강원도,42230,삼척시,4223031034,근덕면,422000000000,강원특별자치도 삼척시 신기면 환선로 603-6,강원특별자치도 삼척시 신기면 대이리 103 신기파크,"603-6 Hwanseon-ro, Singi-myeon, Samcheok-si, Gangwon-do",4223036000,신기파크,4223036024101030000000001,,25942,,37,129,문화정보원,,20240604,20240604
KCKRSPO23N000002054,관광명소,관광명소_촬영장소,KBS촬영장,47,경상북도,47170,안동시,4717013000,성곡동,,,경북 안동시 성곡동 731,,4717055500,,,,,,36,128,문화정보원,,20240604,20240604
KCKRSPO23N000002055,관광명소,관광명소_촬영장소,아름다운시절영화촬영지,45,전라북도,45750,임실군,4575040024,덕치면,458000000000,전북특별자치도 임실군 덕치면 천담2길 286-1,전북특별자치도 임실군 덕치면 천담리 708,"286-1 Cheondam 2-gil, Deokchi-myeon, Imsil-gun, Jeonbuk-do",4575040000,,4575040024107080000105496,,55942,,35,127,문화정보원,,20240604,20240604
KCKRSPO23N000002056,관광명소,관광명소_촬영장소,동승촬영지,47,경상북도,47170,안동시,4717033023,서후면,472000000000,강원특별자치도 평창군 진부면 오대산로 374-8,강원특별자치도 평창군 진부면 동산리 63-1 월정사,"374-8 Odaesan-ro, Jinbu-myeon, Pyeongchang-gun, Gangwon-do",4276036000,월정사,4276036027100610003017163,,25318,,37,128,문화정보원,,20240604,20240604
KCKRSPO23N000002057,관광명소,관광명소_촬영장소,부산영화촬영스튜디오,26,부산광역시,26350,해운대구,2635010500,우동,264000000000,부산광역시 해운대구 해운대해변로 52 (우동),부산광역시 해운대구 우동 1393,"52 Haeundaehaebyeon-ro, Haeundae-gu, Busan",2635052500,,2635010500113930000014831,,48090,,35,129,문화정보원,,20240604,20240604
KCKRSPO23N000002058,관광명소,관광명소_촬영장소,아트서비스B동,41,경기도,41480,파주시,4148032022,탄현면,415000000000,서울특별시 강남구 선릉로90길 10 (대치동),서울특별시 강남구 대치동 889-47 샹제리제센터,"10 Seolleung-ro 90-gil, Gangnam-gu, Seoul",1168063000,샹제리제센터,1168010600108890049012467,,6192,,37,127,문화정보원,,20240604,20240604
KCKRSPO23N000002059,관광명소,관광명소_촬영장소,대장금촬영지,46,전라남도,46780,보성군,4678038024,득량면,447000000000,충청남도 금산군 부리면 도파길 40,충청남도 금산군 부리면 수통리 285-2,"40 Dopa-gil, Buri-myeon, Geumsan-gun, Chungcheongnam-do",4471033000,,4471033030102850002006680,,32756,,36,127,문화정보원,,20240604,20240604
KCKRSPO23N000002060,관광명소,관광명소_촬영장소,나주영상테마파크주몽촬영장,46,전라남도,46170,나주시,4617034023,공산면,462000000000,전라남도 나주시 공산면 덕음로 450,전라남도 나주시 공산면 신곡리 산2 주몽세트장,"450 Deogeum-ro, Gongsan-myeon, Naju-si, Jeollanam-do",4617034000,주몽세트장,4617034024200240000000001,,58289,,34,126,문화정보원,,20240604,20240604
KCKRSPO23N000002061,관광명소,관광명소_촬영장소,최참판댁,48,경상남도,48850,하동군,4885032034,악양면,489000000000,경상남도 하동군 악양면 평사리길 66-7,경상남도 하동군 악양면 평사리 483,"66-7 Pyeongsari-gil, Agyang-myeon, Hadong-gun, Gyeongsangnam-do",4885032000,,4885032034104830000017688,,52307,,35,127,문화정보원,,20240604,20240604
KCKRSPO23N000002062,관광명소,관광명소_촬영장소,자산어보촬영지,46,전라남도,46910,신안군,4691035021,도초면,,,전라남도 신안군 도초면 발매리 1356,,4691035000,,,,,,,,문화정보원,,20240604,20240604
KCKRSPO23N000002063,관광명소,관광명소_촬영장소,SBS제천촬영장,43,충청북도,43150,제천시,4315032041,청풍면,,,충북 제천시 청풍면 물태리 109-5,,4315032000,,,,,,37,128,문화정보원,,20240604,20240604
KCKRSPO23N000002064,관광명소,관광명소_촬영장소,설악씨네라마,42,강원도,42210,속초시,4221011300,장사동,422000000000,,강원 속초시 노학동 1011-60,,4221057000,,,,24801,,38,128,문화정보원,,20240604,20240604
KCKRSPO23N000002065,관광명소,관광명소_촬영장소,엽기적인그녀촬영지,26,부산광역시,26380,사하구,2638010300,하단동,415000000000,경기도 하남시 미사대로 505 (신장동),경기도 하남시 신장동 281 미사리경정장·조정카누경기장,"505 Misa-daero, Hanam-si, Gyeonggi-do",4145061000,미사리경정장·조정카누경기장,4145010600102810000010104,,12900,,37,127,문화정보원,,20240604,20240604
KCKRSPO23N000002066,관광명소,관광명소_촬영장소,전우치촬영지,41,경기도,41115,수원시 팔달구,4111512300,남창동,411000000000,경기도 수원시 팔달구 정조로 825 (남창동),경기도 수원시 팔달구 남창동 6-2 화성행궁,"825 Jeongjo-ro, Paldal-gu, Suwon-si, Gyeonggi-do",4111574000,화성행궁,4111512300100060002052093,,16258,,37,127,문화정보원,,20240604,20240604
KCKRSPO23N000002067,관광명소,관광명소_촬영장소,서동요테마파크,44,충청남도,44760,부여군,4476039026,충화면,448000000000,충청남도 부여군 충화면 충신로 616,충청남도 부여군 충화면 가화리 270,"616 Chungsin-ro, Chunghwa-myeon, Buyeo-gun, Chungcheongnam-do",4476039000,,4476039026102700000064820,,33213,,36,126,문화정보원,,20240604,20240604
KCKRSPO23N000002068,관광명소,관광명소_촬영장소,어린왕자촬영지,46,전라남도,46770,고흥군,4677033023,금산면,468000000000,전라남도 고흥군 금산면 연홍길 94,전라남도 고흥군 금산면 신전리 880-2,"94 Yeonhong-gil, Geumsan-myeon, Goheung-gun, Jeollanam-do",4677033000,,4677033023108800000069334,,59564,,34,127,문화정보원,,20240604,20240604
KCKRSPO23N000002069,관광명소,관광명소_촬영장소,가을로촬영지,46,전라남도,46710,담양군,4671033522,가사문학면,467000000000,전라남도 담양군 가사문학면 소쇄원길 17,전라남도 담양군 가사문학면 지곡리 123,"17 Soswaewon-gil, Gasamunhak-myeon, Damyang-gun, Jeollanam-do",4671033500,,4671033022101230000002154,,57392,,35,127,문화정보원,,20240604,20240604
KCKRSPO23N000002070,관광명소,관광명소_촬영장소,MBC문화동산,41,경기도,41630,양주시,4163010800,삼숭동,416000000000,경기도 양주시 만송로 394-104 (삼숭동),경기도 양주시 삼숭동 207-12,"394-104 Mansong-ro, Yangju-si, Gyeonggi-do",4163052000,,4163010700100300004001905,,11494,,37,127,문화정보원,,20240604,20240604
KCKRSPO23N000002071,관광명소,관광명소_촬영장소,레드카펫촬영장,47,경상북도,47730,의성군,4773037046,금성면,477000000000,경상북도 의성군 금성면 도경1길 18,경상북도 의성군 금성면 도경리 845,"18 Dogyeong 1-gil, Geumseong-myeon, Uiseong-gun, Gyeongsangbuk-do",4773037000,,4773037046111980001062174,,37357,,36,128,문화정보원,,20240604,20240604
KCKRSPO23N000002072,관광명소,관광명소_촬영장소,장옥정세트장,41,경기도,41285,고양시 일산동구,4128511000,지영동,413000000000,경기도 고양시 일산동구 공릉천로 411 (지영동),경기도 고양시 일산동구 지영동 213,"411 Gongneungcheon-ro, Ilsandong-gu, Goyang-si, Gyeonggi-do",4128560000,,4128511000102130000000001,,10254,,37,126,문화정보원,,20240604,20240604
